keyword,batch,is_anchor,date,timestamp,raw_index,anchor_scaled
dining table,0,True,"Aug 22 – 28, 2021",1629590400,30,1.0369
custom dining table,0,False,"Aug 22 – 28, 2021",1629590400,0,0.0
solid wood dining table,0,False,"Aug 22 – 28, 2021",1629590400,0,0.0
walnut dining table,0,False,"Aug 22 – 28, 2021",1629590400,0,0.0
live edge dining table,0,False,"Aug 22 – 28, 2021",1629590400,0,0.0
dining table,0,True,"Aug 29 – Sep 4, 2021",1630195200,31,1.0715
custom dining table,0,False,"Aug 29 – Sep 4, 2021",1630195200,0,0.0
solid wood dining table,0,False,"Aug 29 – Sep 4, 2021",1630195200,0,0.0
walnut dining table,0,False,"Aug 29 – Sep 4, 2021",1630195200,0,0.0
live edge dining table,0,False,"Aug 29 – Sep 4, 2021",1630195200,0,0.0
dining table,0,True,"Sep 5 – 11, 2021",1630800000,32,1.1061
custom dining table,0,False,"Sep 5 – 11, 2021",1630800000,0,0.0
solid wood dining table,0,False,"Sep 5 – 11, 2021",1630800000,0,0.0
walnut dining table,0,False,"Sep 5 – 11, 2021",1630800000,0,0.0
live edge dining table,0,False,"Sep 5 – 11, 2021",1630800000,0,0.0
dining table,0,True,"Sep 12 – 18, 2021",1631404800,31,1.0715
custom dining table,0,False,"Sep 12 – 18, 2021",1631404800,0,0.0
solid wood dining table,0,False,"Sep 12 – 18, 2021",1631404800,1,0.0346
walnut dining table,0,False,"Sep 12 – 18, 2021",1631404800,0,0.0
live edge dining table,0,False,"Sep 12 – 18, 2021",1631404800,0,0.0
dining table,0,True,"Sep 19 – 25, 2021",1632009600,29,1.0024
custom dining table,0,False,"Sep 19 – 25, 2021",1632009600,0,0.0
solid wood dining table,0,False,"Sep 19 – 25, 2021",1632009600,0,0.0
walnut dining table,0,False,"Sep 19 – 25, 2021",1632009600,0,0.0
live edge dining table,0,False,"Sep 19 – 25, 2021",1632009600,0,0.0
dining table,0,True,"Sep 26 – Oct 2, 2021",1632614400,30,1.0369
custom dining table,0,False,"Sep 26 – Oct 2, 2021",1632614400,0,0.0
solid wood dining table,0,False,"Sep 26 – Oct 2, 2021",1632614400,0,0.0
walnut dining table,0,False,"Sep 26 – Oct 2, 2021",1632614400,0,0.0
live edge dining table,0,False,"Sep 26 – Oct 2, 2021",1632614400,0,0.0
dining table,0,True,"Oct 3 – 9, 2021",1633219200,30,1.0369
custom dining table,0,False,"Oct 3 – 9, 2021",1633219200,0,0.0
solid wood dining table,0,False,"Oct 3 – 9, 2021",1633219200,0,0.0
walnut dining table,0,False,"Oct 3 – 9, 2021",1633219200,0,0.0
live edge dining table,0,False,"Oct 3 – 9, 2021",1633219200,0,0.0
dining table,0,True,"Oct 10 – 16, 2021",1633824000,31,1.0715
custom dining table,0,False,"Oct 10 – 16, 2021",1633824000,0,0.0
solid wood dining table,0,False,"Oct 10 – 16, 2021",1633824000,0,0.0
walnut dining table,0,False,"Oct 10 – 16, 2021",1633824000,0,0.0
live edge dining table,0,False,"Oct 10 – 16, 2021",1633824000,0,0.0
dining table,0,True,"Oct 17 – 23, 2021",1634428800,29,1.0024
custom dining table,0,False,"Oct 17 – 23, 2021",1634428800,0,0.0
solid wood dining table,0,False,"Oct 17 – 23, 2021",1634428800,0,0.0
walnut dining table,0,False,"Oct 17 – 23, 2021",1634428800,0,0.0
live edge dining table,0,False,"Oct 17 – 23, 2021",1634428800,0,0.0
dining table,0,True,"Oct 24 – 30, 2021",1635033600,28,0.9678
custom dining table,0,False,"Oct 24 – 30, 2021",1635033600,0,0.0
solid wood dining table,0,False,"Oct 24 – 30, 2021",1635033600,0,0.0
walnut dining table,0,False,"Oct 24 – 30, 2021",1635033600,0,0.0
live edge dining table,0,False,"Oct 24 – 30, 2021",1635033600,0,0.0
dining table,0,True,"Oct 31 – Nov 6, 2021",1635638400,31,1.0715
custom dining table,0,False,"Oct 31 – Nov 6, 2021",1635638400,0,0.0
solid wood dining table,0,False,"Oct 31 – Nov 6, 2021",1635638400,0,0.0
walnut dining table,0,False,"Oct 31 – Nov 6, 2021",1635638400,0,0.0
live edge dining table,0,False,"Oct 31 – Nov 6, 2021",1635638400,0,0.0
dining table,0,True,"Nov 7 – 13, 2021",1636243200,34,1.1752
custom dining table,0,False,"Nov 7 – 13, 2021",1636243200,0,0.0
solid wood dining table,0,False,"Nov 7 – 13, 2021",1636243200,0,0.0
walnut dining table,0,False,"Nov 7 – 13, 2021",1636243200,0,0.0
live edge dining table,0,False,"Nov 7 – 13, 2021",1636243200,0,0.0
dining table,0,True,"Nov 14 – 20, 2021",1636848000,34,1.1752
custom dining table,0,False,"Nov 14 – 20, 2021",1636848000,0,0.0
solid wood dining table,0,False,"Nov 14 – 20, 2021",1636848000,1,0.0346
walnut dining table,0,False,"Nov 14 – 20, 2021",1636848000,0,0.0
live edge dining table,0,False,"Nov 14 – 20, 2021",1636848000,0,0.0
dining table,0,True,"Nov 21 – 27, 2021",1637452800,37,1.2789
custom dining table,0,False,"Nov 21 – 27, 2021",1637452800,0,0.0
solid wood dining table,0,False,"Nov 21 – 27, 2021",1637452800,0,0.0
walnut dining table,0,False,"Nov 21 – 27, 2021",1637452800,0,0.0
live edge dining table,0,False,"Nov 21 – 27, 2021",1637452800,0,0.0
dining table,0,True,"Nov 28 – Dec 4, 2021",1638057600,33,1.1406
custom dining table,0,False,"Nov 28 – Dec 4, 2021",1638057600,0,0.0
solid wood dining table,0,False,"Nov 28 – Dec 4, 2021",1638057600,0,0.0
walnut dining table,0,False,"Nov 28 – Dec 4, 2021",1638057600,0,0.0
live edge dining table,0,False,"Nov 28 – Dec 4, 2021",1638057600,0,0.0
dining table,0,True,"Dec 5 – 11, 2021",1638662400,28,0.9678
custom dining table,0,False,"Dec 5 – 11, 2021",1638662400,0,0.0
solid wood dining table,0,False,"Dec 5 – 11, 2021",1638662400,0,0.0
walnut dining table,0,False,"Dec 5 – 11, 2021",1638662400,0,0.0
live edge dining table,0,False,"Dec 5 – 11, 2021",1638662400,1,0.0346
dining table,0,True,"Dec 12 – 18, 2021",1639267200,22,0.7604
custom dining table,0,False,"Dec 12 – 18, 2021",1639267200,0,0.0
solid wood dining table,0,False,"Dec 12 – 18, 2021",1639267200,0,0.0
walnut dining table,0,False,"Dec 12 – 18, 2021",1639267200,0,0.0
live edge dining table,0,False,"Dec 12 – 18, 2021",1639267200,0,0.0
dining table,0,True,"Dec 19 – 25, 2021",1639872000,24,0.8296
custom dining table,0,False,"Dec 19 – 25, 2021",1639872000,0,0.0
solid wood dining table,0,False,"Dec 19 – 25, 2021",1639872000,0,0.0
walnut dining table,0,False,"Dec 19 – 25, 2021",1639872000,0,0.0
live edge dining table,0,False,"Dec 19 – 25, 2021",1639872000,0,0.0
dining table,0,True,"Dec 26, 2021 – Jan 1, 2022",1640476800,30,1.0369
custom dining table,0,False,"Dec 26, 2021 – Jan 1, 2022",1640476800,0,0.0
solid wood dining table,0,False,"Dec 26, 2021 – Jan 1, 2022",1640476800,0,0.0
walnut dining table,0,False,"Dec 26, 2021 – Jan 1, 2022",1640476800,0,0.0
live edge dining table,0,False,"Dec 26, 2021 – Jan 1, 2022",1640476800,0,0.0
dining table,0,True,"Jan 2 – 8, 2022",1641081600,33,1.1406
custom dining table,0,False,"Jan 2 – 8, 2022",1641081600,0,0.0
solid wood dining table,0,False,"Jan 2 – 8, 2022",1641081600,0,0.0
walnut dining table,0,False,"Jan 2 – 8, 2022",1641081600,0,0.0
live edge dining table,0,False,"Jan 2 – 8, 2022",1641081600,0,0.0
dining table,0,True,"Jan 9 – 15, 2022",1641686400,30,1.0369
custom dining table,0,False,"Jan 9 – 15, 2022",1641686400,0,0.0
solid wood dining table,0,False,"Jan 9 – 15, 2022",1641686400,0,0.0
walnut dining table,0,False,"Jan 9 – 15, 2022",1641686400,0,0.0
live edge dining table,0,False,"Jan 9 – 15, 2022",1641686400,0,0.0
dining table,0,True,"Jan 16 – 22, 2022",1642291200,33,1.1406
custom dining table,0,False,"Jan 16 – 22, 2022",1642291200,0,0.0
solid wood dining table,0,False,"Jan 16 – 22, 2022",1642291200,1,0.0346
walnut dining table,0,False,"Jan 16 – 22, 2022",1642291200,0,0.0
live edge dining table,0,False,"Jan 16 – 22, 2022",1642291200,1,0.0346
dining table,0,True,"Jan 23 – 29, 2022",1642896000,31,1.0715
custom dining table,0,False,"Jan 23 – 29, 2022",1642896000,0,0.0
solid wood dining table,0,False,"Jan 23 – 29, 2022",1642896000,1,0.0346
walnut dining table,0,False,"Jan 23 – 29, 2022",1642896000,0,0.0
live edge dining table,0,False,"Jan 23 – 29, 2022",1642896000,0,0.0
dining table,0,True,"Jan 30 – Feb 5, 2022",1643500800,30,1.0369
custom dining table,0,False,"Jan 30 – Feb 5, 2022",1643500800,0,0.0
solid wood dining table,0,False,"Jan 30 – Feb 5, 2022",1643500800,0,0.0
walnut dining table,0,False,"Jan 30 – Feb 5, 2022",1643500800,1,0.0346
live edge dining table,0,False,"Jan 30 – Feb 5, 2022",1643500800,0,0.0
dining table,0,True,"Feb 6 – 12, 2022",1644105600,30,1.0369
custom dining table,0,False,"Feb 6 – 12, 2022",1644105600,0,0.0
solid wood dining table,0,False,"Feb 6 – 12, 2022",1644105600,0,0.0
walnut dining table,0,False,"Feb 6 – 12, 2022",1644105600,0,0.0
live edge dining table,0,False,"Feb 6 – 12, 2022",1644105600,0,0.0
dining table,0,True,"Feb 13 – 19, 2022",1644710400,30,1.0369
custom dining table,0,False,"Feb 13 – 19, 2022",1644710400,0,0.0
solid wood dining table,0,False,"Feb 13 – 19, 2022",1644710400,0,0.0
walnut dining table,0,False,"Feb 13 – 19, 2022",1644710400,0,0.0
live edge dining table,0,False,"Feb 13 – 19, 2022",1644710400,0,0.0
dining table,0,True,"Feb 20 – 26, 2022",1645315200,33,1.1406
custom dining table,0,False,"Feb 20 – 26, 2022",1645315200,0,0.0
solid wood dining table,0,False,"Feb 20 – 26, 2022",1645315200,0,0.0
walnut dining table,0,False,"Feb 20 – 26, 2022",1645315200,0,0.0
live edge dining table,0,False,"Feb 20 – 26, 2022",1645315200,0,0.0
dining table,0,True,"Feb 27 – Mar 5, 2022",1645920000,31,1.0715
custom dining table,0,False,"Feb 27 – Mar 5, 2022",1645920000,0,0.0
solid wood dining table,0,False,"Feb 27 – Mar 5, 2022",1645920000,0,0.0
walnut dining table,0,False,"Feb 27 – Mar 5, 2022",1645920000,1,0.0346
live edge dining table,0,False,"Feb 27 – Mar 5, 2022",1645920000,0,0.0
dining table,0,True,"Mar 6 – 12, 2022",1646524800,33,1.1406
custom dining table,0,False,"Mar 6 – 12, 2022",1646524800,0,0.0
solid wood dining table,0,False,"Mar 6 – 12, 2022",1646524800,0,0.0
walnut dining table,0,False,"Mar 6 – 12, 2022",1646524800,0,0.0
live edge dining table,0,False,"Mar 6 – 12, 2022",1646524800,0,0.0
dining table,0,True,"Mar 13 – 19, 2022",1647129600,33,1.1406
custom dining table,0,False,"Mar 13 – 19, 2022",1647129600,0,0.0
solid wood dining table,0,False,"Mar 13 – 19, 2022",1647129600,0,0.0
walnut dining table,0,False,"Mar 13 – 19, 2022",1647129600,0,0.0
live edge dining table,0,False,"Mar 13 – 19, 2022",1647129600,0,0.0
dining table,0,True,"Mar 20 – 26, 2022",1647734400,33,1.1406
custom dining table,0,False,"Mar 20 – 26, 2022",1647734400,0,0.0
solid wood dining table,0,False,"Mar 20 – 26, 2022",1647734400,1,0.0346
walnut dining table,0,False,"Mar 20 – 26, 2022",1647734400,0,0.0
live edge dining table,0,False,"Mar 20 – 26, 2022",1647734400,0,0.0
dining table,0,True,"Mar 27 – Apr 2, 2022",1648339200,29,1.0024
custom dining table,0,False,"Mar 27 – Apr 2, 2022",1648339200,0,0.0
solid wood dining table,0,False,"Mar 27 – Apr 2, 2022",1648339200,0,0.0
walnut dining table,0,False,"Mar 27 – Apr 2, 2022",1648339200,0,0.0
live edge dining table,0,False,"Mar 27 – Apr 2, 2022",1648339200,0,0.0
dining table,0,True,"Apr 3 – 9, 2022",1648944000,30,1.0369
custom dining table,0,False,"Apr 3 – 9, 2022",1648944000,0,0.0
solid wood dining table,0,False,"Apr 3 – 9, 2022",1648944000,0,0.0
walnut dining table,0,False,"Apr 3 – 9, 2022",1648944000,0,0.0
live edge dining table,0,False,"Apr 3 – 9, 2022",1648944000,0,0.0
dining table,0,True,"Apr 10 – 16, 2022",1649548800,29,1.0024
custom dining table,0,False,"Apr 10 – 16, 2022",1649548800,0,0.0
solid wood dining table,0,False,"Apr 10 – 16, 2022",1649548800,0,0.0
walnut dining table,0,False,"Apr 10 – 16, 2022",1649548800,0,0.0
live edge dining table,0,False,"Apr 10 – 16, 2022",1649548800,0,0.0
dining table,0,True,"Apr 17 – 23, 2022",1650153600,29,1.0024
custom dining table,0,False,"Apr 17 – 23, 2022",1650153600,0,0.0
solid wood dining table,0,False,"Apr 17 – 23, 2022",1650153600,0,0.0
walnut dining table,0,False,"Apr 17 – 23, 2022",1650153600,0,0.0
live edge dining table,0,False,"Apr 17 – 23, 2022",1650153600,0,0.0
dining table,0,True,"Apr 24 – 30, 2022",1650758400,30,1.0369
custom dining table,0,False,"Apr 24 – 30, 2022",1650758400,0,0.0
solid wood dining table,0,False,"Apr 24 – 30, 2022",1650758400,0,0.0
walnut dining table,0,False,"Apr 24 – 30, 2022",1650758400,0,0.0
live edge dining table,0,False,"Apr 24 – 30, 2022",1650758400,0,0.0
dining table,0,True,"May 1 – 7, 2022",1651363200,29,1.0024
custom dining table,0,False,"May 1 – 7, 2022",1651363200,0,0.0
solid wood dining table,0,False,"May 1 – 7, 2022",1651363200,0,0.0
walnut dining table,0,False,"May 1 – 7, 2022",1651363200,0,0.0
live edge dining table,0,False,"May 1 – 7, 2022",1651363200,0,0.0
dining table,0,True,"May 8 – 14, 2022",1651968000,28,0.9678
custom dining table,0,False,"May 8 – 14, 2022",1651968000,0,0.0
solid wood dining table,0,False,"May 8 – 14, 2022",1651968000,1,0.0346
walnut dining table,0,False,"May 8 – 14, 2022",1651968000,0,0.0
live edge dining table,0,False,"May 8 – 14, 2022",1651968000,0,0.0
dining table,0,True,"May 15 – 21, 2022",1652572800,29,1.0024
custom dining table,0,False,"May 15 – 21, 2022",1652572800,0,0.0
solid wood dining table,0,False,"May 15 – 21, 2022",1652572800,0,0.0
walnut dining table,0,False,"May 15 – 21, 2022",1652572800,0,0.0
live edge dining table,0,False,"May 15 – 21, 2022",1652572800,0,0.0
dining table,0,True,"May 22 – 28, 2022",1653177600,29,1.0024
custom dining table,0,False,"May 22 – 28, 2022",1653177600,0,0.0
solid wood dining table,0,False,"May 22 – 28, 2022",1653177600,1,0.0346
walnut dining table,0,False,"May 22 – 28, 2022",1653177600,0,0.0
live edge dining table,0,False,"May 22 – 28, 2022",1653177600,0,0.0
dining table,0,True,"May 29 – Jun 4, 2022",1653782400,29,1.0024
custom dining table,0,False,"May 29 – Jun 4, 2022",1653782400,0,0.0
solid wood dining table,0,False,"May 29 – Jun 4, 2022",1653782400,0,0.0
walnut dining table,0,False,"May 29 – Jun 4, 2022",1653782400,0,0.0
live edge dining table,0,False,"May 29 – Jun 4, 2022",1653782400,0,0.0
dining table,0,True,"Jun 5 – 11, 2022",1654387200,28,0.9678
custom dining table,0,False,"Jun 5 – 11, 2022",1654387200,0,0.0
solid wood dining table,0,False,"Jun 5 – 11, 2022",1654387200,0,0.0
walnut dining table,0,False,"Jun 5 – 11, 2022",1654387200,0,0.0
live edge dining table,0,False,"Jun 5 – 11, 2022",1654387200,0,0.0
dining table,0,True,"Jun 12 – 18, 2022",1654992000,26,0.8987
custom dining table,0,False,"Jun 12 – 18, 2022",1654992000,0,0.0
solid wood dining table,0,False,"Jun 12 – 18, 2022",1654992000,0,0.0
walnut dining table,0,False,"Jun 12 – 18, 2022",1654992000,0,0.0
live edge dining table,0,False,"Jun 12 – 18, 2022",1654992000,0,0.0
dining table,0,True,"Jun 19 – 25, 2022",1655596800,28,0.9678
custom dining table,0,False,"Jun 19 – 25, 2022",1655596800,0,0.0
solid wood dining table,0,False,"Jun 19 – 25, 2022",1655596800,0,0.0
walnut dining table,0,False,"Jun 19 – 25, 2022",1655596800,0,0.0
live edge dining table,0,False,"Jun 19 – 25, 2022",1655596800,0,0.0
dining table,0,True,"Jun 26 – Jul 2, 2022",1656201600,28,0.9678
custom dining table,0,False,"Jun 26 – Jul 2, 2022",1656201600,0,0.0
solid wood dining table,0,False,"Jun 26 – Jul 2, 2022",1656201600,0,0.0
walnut dining table,0,False,"Jun 26 – Jul 2, 2022",1656201600,0,0.0
live edge dining table,0,False,"Jun 26 – Jul 2, 2022",1656201600,0,0.0
dining table,0,True,"Jul 3 – 9, 2022",1656806400,30,1.0369
custom dining table,0,False,"Jul 3 – 9, 2022",1656806400,0,0.0
solid wood dining table,0,False,"Jul 3 – 9, 2022",1656806400,0,0.0
walnut dining table,0,False,"Jul 3 – 9, 2022",1656806400,0,0.0
live edge dining table,0,False,"Jul 3 – 9, 2022",1656806400,0,0.0
dining table,0,True,"Jul 10 – 16, 2022",1657411200,29,1.0024
custom dining table,0,False,"Jul 10 – 16, 2022",1657411200,0,0.0
solid wood dining table,0,False,"Jul 10 – 16, 2022",1657411200,0,0.0
walnut dining table,0,False,"Jul 10 – 16, 2022",1657411200,0,0.0
live edge dining table,0,False,"Jul 10 – 16, 2022",1657411200,0,0.0
dining table,0,True,"Jul 17 – 23, 2022",1658016000,29,1.0024
custom dining table,0,False,"Jul 17 – 23, 2022",1658016000,0,0.0
solid wood dining table,0,False,"Jul 17 – 23, 2022",1658016000,0,0.0
walnut dining table,0,False,"Jul 17 – 23, 2022",1658016000,0,0.0
live edge dining table,0,False,"Jul 17 – 23, 2022",1658016000,0,0.0
dining table,0,True,"Jul 24 – 30, 2022",1658620800,29,1.0024
custom dining table,0,False,"Jul 24 – 30, 2022",1658620800,0,0.0
solid wood dining table,0,False,"Jul 24 – 30, 2022",1658620800,0,0.0
walnut dining table,0,False,"Jul 24 – 30, 2022",1658620800,0,0.0
live edge dining table,0,False,"Jul 24 – 30, 2022",1658620800,0,0.0
dining table,0,True,"Jul 31 – Aug 6, 2022",1659225600,31,1.0715
custom dining table,0,False,"Jul 31 – Aug 6, 2022",1659225600,0,0.0
solid wood dining table,0,False,"Jul 31 – Aug 6, 2022",1659225600,1,0.0346
walnut dining table,0,False,"Jul 31 – Aug 6, 2022",1659225600,0,0.0
live edge dining table,0,False,"Jul 31 – Aug 6, 2022",1659225600,0,0.0
dining table,0,True,"Aug 7 – 13, 2022",1659830400,28,0.9678
custom dining table,0,False,"Aug 7 – 13, 2022",1659830400,0,0.0
solid wood dining table,0,False,"Aug 7 – 13, 2022",1659830400,0,0.0
walnut dining table,0,False,"Aug 7 – 13, 2022",1659830400,0,0.0
live edge dining table,0,False,"Aug 7 – 13, 2022",1659830400,0,0.0
dining table,0,True,"Aug 14 – 20, 2022",1660435200,28,0.9678
custom dining table,0,False,"Aug 14 – 20, 2022",1660435200,0,0.0
solid wood dining table,0,False,"Aug 14 – 20, 2022",1660435200,0,0.0
walnut dining table,0,False,"Aug 14 – 20, 2022",1660435200,0,0.0
live edge dining table,0,False,"Aug 14 – 20, 2022",1660435200,0,0.0
dining table,0,True,"Aug 21 – 27, 2022",1661040000,27,0.9332
custom dining table,0,False,"Aug 21 – 27, 2022",1661040000,0,0.0
solid wood dining table,0,False,"Aug 21 – 27, 2022",1661040000,0,0.0
walnut dining table,0,False,"Aug 21 – 27, 2022",1661040000,0,0.0
live edge dining table,0,False,"Aug 21 – 27, 2022",1661040000,0,0.0
dining table,0,True,"Aug 28 – Sep 3, 2022",1661644800,28,0.9678
custom dining table,0,False,"Aug 28 – Sep 3, 2022",1661644800,0,0.0
solid wood dining table,0,False,"Aug 28 – Sep 3, 2022",1661644800,0,0.0
walnut dining table,0,False,"Aug 28 – Sep 3, 2022",1661644800,0,0.0
live edge dining table,0,False,"Aug 28 – Sep 3, 2022",1661644800,0,0.0
dining table,0,True,"Sep 4 – 10, 2022",1662249600,29,1.0024
custom dining table,0,False,"Sep 4 – 10, 2022",1662249600,0,0.0
solid wood dining table,0,False,"Sep 4 – 10, 2022",1662249600,0,0.0
walnut dining table,0,False,"Sep 4 – 10, 2022",1662249600,0,0.0
live edge dining table,0,False,"Sep 4 – 10, 2022",1662249600,0,0.0
dining table,0,True,"Sep 11 – 17, 2022",1662854400,26,0.8987
custom dining table,0,False,"Sep 11 – 17, 2022",1662854400,0,0.0
solid wood dining table,0,False,"Sep 11 – 17, 2022",1662854400,0,0.0
walnut dining table,0,False,"Sep 11 – 17, 2022",1662854400,0,0.0
live edge dining table,0,False,"Sep 11 – 17, 2022",1662854400,0,0.0
dining table,0,True,"Sep 18 – 24, 2022",1663459200,25,0.8641
custom dining table,0,False,"Sep 18 – 24, 2022",1663459200,0,0.0
solid wood dining table,0,False,"Sep 18 – 24, 2022",1663459200,0,0.0
walnut dining table,0,False,"Sep 18 – 24, 2022",1663459200,0,0.0
live edge dining table,0,False,"Sep 18 – 24, 2022",1663459200,0,0.0
dining table,0,True,"Sep 25 – Oct 1, 2022",1664064000,26,0.8987
custom dining table,0,False,"Sep 25 – Oct 1, 2022",1664064000,0,0.0
solid wood dining table,0,False,"Sep 25 – Oct 1, 2022",1664064000,0,0.0
walnut dining table,0,False,"Sep 25 – Oct 1, 2022",1664064000,0,0.0
live edge dining table,0,False,"Sep 25 – Oct 1, 2022",1664064000,1,0.0346
dining table,0,True,"Oct 2 – 8, 2022",1664668800,25,0.8641
custom dining table,0,False,"Oct 2 – 8, 2022",1664668800,0,0.0
solid wood dining table,0,False,"Oct 2 – 8, 2022",1664668800,0,0.0
walnut dining table,0,False,"Oct 2 – 8, 2022",1664668800,0,0.0
live edge dining table,0,False,"Oct 2 – 8, 2022",1664668800,0,0.0
dining table,0,True,"Oct 9 – 15, 2022",1665273600,26,0.8987
custom dining table,0,False,"Oct 9 – 15, 2022",1665273600,0,0.0
solid wood dining table,0,False,"Oct 9 – 15, 2022",1665273600,0,0.0
walnut dining table,0,False,"Oct 9 – 15, 2022",1665273600,0,0.0
live edge dining table,0,False,"Oct 9 – 15, 2022",1665273600,0,0.0
dining table,0,True,"Oct 16 – 22, 2022",1665878400,26,0.8987
custom dining table,0,False,"Oct 16 – 22, 2022",1665878400,0,0.0
solid wood dining table,0,False,"Oct 16 – 22, 2022",1665878400,0,0.0
walnut dining table,0,False,"Oct 16 – 22, 2022",1665878400,0,0.0
live edge dining table,0,False,"Oct 16 – 22, 2022",1665878400,0,0.0
dining table,0,True,"Oct 23 – 29, 2022",1666483200,26,0.8987
custom dining table,0,False,"Oct 23 – 29, 2022",1666483200,0,0.0
solid wood dining table,0,False,"Oct 23 – 29, 2022",1666483200,0,0.0
walnut dining table,0,False,"Oct 23 – 29, 2022",1666483200,0,0.0
live edge dining table,0,False,"Oct 23 – 29, 2022",1666483200,0,0.0
dining table,0,True,"Oct 30 – Nov 5, 2022",1667088000,24,0.8296
custom dining table,0,False,"Oct 30 – Nov 5, 2022",1667088000,0,0.0
solid wood dining table,0,False,"Oct 30 – Nov 5, 2022",1667088000,0,0.0
walnut dining table,0,False,"Oct 30 – Nov 5, 2022",1667088000,0,0.0
live edge dining table,0,False,"Oct 30 – Nov 5, 2022",1667088000,0,0.0
dining table,0,True,"Nov 6 – 12, 2022",1667692800,29,1.0024
custom dining table,0,False,"Nov 6 – 12, 2022",1667692800,0,0.0
solid wood dining table,0,False,"Nov 6 – 12, 2022",1667692800,0,0.0
walnut dining table,0,False,"Nov 6 – 12, 2022",1667692800,0,0.0
live edge dining table,0,False,"Nov 6 – 12, 2022",1667692800,0,0.0
dining table,0,True,"Nov 13 – 19, 2022",1668297600,28,0.9678
custom dining table,0,False,"Nov 13 – 19, 2022",1668297600,0,0.0
solid wood dining table,0,False,"Nov 13 – 19, 2022",1668297600,0,0.0
walnut dining table,0,False,"Nov 13 – 19, 2022",1668297600,0,0.0
live edge dining table,0,False,"Nov 13 – 19, 2022",1668297600,0,0.0
dining table,0,True,"Nov 20 – 26, 2022",1668902400,34,1.1752
custom dining table,0,False,"Nov 20 – 26, 2022",1668902400,0,0.0
solid wood dining table,0,False,"Nov 20 – 26, 2022",1668902400,1,0.0346
walnut dining table,0,False,"Nov 20 – 26, 2022",1668902400,0,0.0
live edge dining table,0,False,"Nov 20 – 26, 2022",1668902400,0,0.0
dining table,0,True,"Nov 27 – Dec 3, 2022",1669507200,26,0.8987
custom dining table,0,False,"Nov 27 – Dec 3, 2022",1669507200,0,0.0
solid wood dining table,0,False,"Nov 27 – Dec 3, 2022",1669507200,0,0.0
walnut dining table,0,False,"Nov 27 – Dec 3, 2022",1669507200,0,0.0
live edge dining table,0,False,"Nov 27 – Dec 3, 2022",1669507200,0,0.0
dining table,0,True,"Dec 4 – 10, 2022",1670112000,23,0.795
custom dining table,0,False,"Dec 4 – 10, 2022",1670112000,0,0.0
solid wood dining table,0,False,"Dec 4 – 10, 2022",1670112000,0,0.0
walnut dining table,0,False,"Dec 4 – 10, 2022",1670112000,0,0.0
live edge dining table,0,False,"Dec 4 – 10, 2022",1670112000,0,0.0
dining table,0,True,"Dec 11 – 17, 2022",1670716800,23,0.795
custom dining table,0,False,"Dec 11 – 17, 2022",1670716800,0,0.0
solid wood dining table,0,False,"Dec 11 – 17, 2022",1670716800,0,0.0
walnut dining table,0,False,"Dec 11 – 17, 2022",1670716800,0,0.0
live edge dining table,0,False,"Dec 11 – 17, 2022",1670716800,0,0.0
dining table,0,True,"Dec 18 – 24, 2022",1671321600,21,0.7259
custom dining table,0,False,"Dec 18 – 24, 2022",1671321600,0,0.0
solid wood dining table,0,False,"Dec 18 – 24, 2022",1671321600,0,0.0
walnut dining table,0,False,"Dec 18 – 24, 2022",1671321600,0,0.0
live edge dining table,0,False,"Dec 18 – 24, 2022",1671321600,0,0.0
dining table,0,True,"Dec 25 – 31, 2022",1671926400,28,0.9678
custom dining table,0,False,"Dec 25 – 31, 2022",1671926400,0,0.0
solid wood dining table,0,False,"Dec 25 – 31, 2022",1671926400,0,0.0
walnut dining table,0,False,"Dec 25 – 31, 2022",1671926400,0,0.0
live edge dining table,0,False,"Dec 25 – 31, 2022",1671926400,0,0.0
dining table,0,True,"Jan 1 – 7, 2023",1672531200,29,1.0024
custom dining table,0,False,"Jan 1 – 7, 2023",1672531200,0,0.0
solid wood dining table,0,False,"Jan 1 – 7, 2023",1672531200,0,0.0
walnut dining table,0,False,"Jan 1 – 7, 2023",1672531200,0,0.0
live edge dining table,0,False,"Jan 1 – 7, 2023",1672531200,0,0.0
dining table,0,True,"Jan 8 – 14, 2023",1673136000,26,0.8987
custom dining table,0,False,"Jan 8 – 14, 2023",1673136000,0,0.0
solid wood dining table,0,False,"Jan 8 – 14, 2023",1673136000,0,0.0
walnut dining table,0,False,"Jan 8 – 14, 2023",1673136000,0,0.0
live edge dining table,0,False,"Jan 8 – 14, 2023",1673136000,0,0.0
dining table,0,True,"Jan 15 – 21, 2023",1673740800,25,0.8641
custom dining table,0,False,"Jan 15 – 21, 2023",1673740800,0,0.0
solid wood dining table,0,False,"Jan 15 – 21, 2023",1673740800,1,0.0346
walnut dining table,0,False,"Jan 15 – 21, 2023",1673740800,0,0.0
live edge dining table,0,False,"Jan 15 – 21, 2023",1673740800,0,0.0
dining table,0,True,"Jan 22 – 28, 2023",1674345600,25,0.8641
custom dining table,0,False,"Jan 22 – 28, 2023",1674345600,0,0.0
solid wood dining table,0,False,"Jan 22 – 28, 2023",1674345600,0,0.0
walnut dining table,0,False,"Jan 22 – 28, 2023",1674345600,0,0.0
live edge dining table,0,False,"Jan 22 – 28, 2023",1674345600,0,0.0
dining table,0,True,"Jan 29 – Feb 4, 2023",1674950400,24,0.8296
custom dining table,0,False,"Jan 29 – Feb 4, 2023",1674950400,0,0.0
solid wood dining table,0,False,"Jan 29 – Feb 4, 2023",1674950400,0,0.0
walnut dining table,0,False,"Jan 29 – Feb 4, 2023",1674950400,0,0.0
live edge dining table,0,False,"Jan 29 – Feb 4, 2023",1674950400,0,0.0
dining table,0,True,"Feb 5 – 11, 2023",1675555200,26,0.8987
custom dining table,0,False,"Feb 5 – 11, 2023",1675555200,0,0.0
solid wood dining table,0,False,"Feb 5 – 11, 2023",1675555200,0,0.0
walnut dining table,0,False,"Feb 5 – 11, 2023",1675555200,0,0.0
live edge dining table,0,False,"Feb 5 – 11, 2023",1675555200,0,0.0
dining table,0,True,"Feb 12 – 18, 2023",1676160000,23,0.795
custom dining table,0,False,"Feb 12 – 18, 2023",1676160000,0,0.0
solid wood dining table,0,False,"Feb 12 – 18, 2023",1676160000,0,0.0
walnut dining table,0,False,"Feb 12 – 18, 2023",1676160000,0,0.0
live edge dining table,0,False,"Feb 12 – 18, 2023",1676160000,0,0.0
dining table,0,True,"Feb 19 – 25, 2023",1676764800,28,0.9678
custom dining table,0,False,"Feb 19 – 25, 2023",1676764800,0,0.0
solid wood dining table,0,False,"Feb 19 – 25, 2023",1676764800,0,0.0
walnut dining table,0,False,"Feb 19 – 25, 2023",1676764800,0,0.0
live edge dining table,0,False,"Feb 19 – 25, 2023",1676764800,0,0.0
dining table,0,True,"Feb 26 – Mar 4, 2023",1677369600,24,0.8296
custom dining table,0,False,"Feb 26 – Mar 4, 2023",1677369600,0,0.0
solid wood dining table,0,False,"Feb 26 – Mar 4, 2023",1677369600,0,0.0
walnut dining table,0,False,"Feb 26 – Mar 4, 2023",1677369600,0,0.0
live edge dining table,0,False,"Feb 26 – Mar 4, 2023",1677369600,0,0.0
dining table,0,True,"Mar 5 – 11, 2023",1677974400,25,0.8641
custom dining table,0,False,"Mar 5 – 11, 2023",1677974400,0,0.0
solid wood dining table,0,False,"Mar 5 – 11, 2023",1677974400,0,0.0
walnut dining table,0,False,"Mar 5 – 11, 2023",1677974400,0,0.0
live edge dining table,0,False,"Mar 5 – 11, 2023",1677974400,0,0.0
dining table,0,True,"Mar 12 – 18, 2023",1678579200,24,0.8296
custom dining table,0,False,"Mar 12 – 18, 2023",1678579200,0,0.0
solid wood dining table,0,False,"Mar 12 – 18, 2023",1678579200,0,0.0
walnut dining table,0,False,"Mar 12 – 18, 2023",1678579200,0,0.0
live edge dining table,0,False,"Mar 12 – 18, 2023",1678579200,0,0.0
dining table,0,True,"Mar 19 – 25, 2023",1679184000,25,0.8641
custom dining table,0,False,"Mar 19 – 25, 2023",1679184000,0,0.0
solid wood dining table,0,False,"Mar 19 – 25, 2023",1679184000,0,0.0
walnut dining table,0,False,"Mar 19 – 25, 2023",1679184000,0,0.0
live edge dining table,0,False,"Mar 19 – 25, 2023",1679184000,0,0.0
dining table,0,True,"Mar 26 – Apr 1, 2023",1679788800,24,0.8296
custom dining table,0,False,"Mar 26 – Apr 1, 2023",1679788800,0,0.0
solid wood dining table,0,False,"Mar 26 – Apr 1, 2023",1679788800,0,0.0
walnut dining table,0,False,"Mar 26 – Apr 1, 2023",1679788800,0,0.0
live edge dining table,0,False,"Mar 26 – Apr 1, 2023",1679788800,0,0.0
dining table,0,True,"Apr 2 – 8, 2023",1680393600,25,0.8641
custom dining table,0,False,"Apr 2 – 8, 2023",1680393600,0,0.0
solid wood dining table,0,False,"Apr 2 – 8, 2023",1680393600,0,0.0
walnut dining table,0,False,"Apr 2 – 8, 2023",1680393600,0,0.0
live edge dining table,0,False,"Apr 2 – 8, 2023",1680393600,0,0.0
dining table,0,True,"Apr 9 – 15, 2023",1680998400,24,0.8296
custom dining table,0,False,"Apr 9 – 15, 2023",1680998400,0,0.0
solid wood dining table,0,False,"Apr 9 – 15, 2023",1680998400,0,0.0
walnut dining table,0,False,"Apr 9 – 15, 2023",1680998400,0,0.0
live edge dining table,0,False,"Apr 9 – 15, 2023",1680998400,0,0.0
dining table,0,True,"Apr 16 – 22, 2023",1681603200,24,0.8296
custom dining table,0,False,"Apr 16 – 22, 2023",1681603200,0,0.0
solid wood dining table,0,False,"Apr 16 – 22, 2023",1681603200,0,0.0
walnut dining table,0,False,"Apr 16 – 22, 2023",1681603200,0,0.0
live edge dining table,0,False,"Apr 16 – 22, 2023",1681603200,0,0.0
dining table,0,True,"Apr 23 – 29, 2023",1682208000,24,0.8296
custom dining table,0,False,"Apr 23 – 29, 2023",1682208000,0,0.0
solid wood dining table,0,False,"Apr 23 – 29, 2023",1682208000,0,0.0
walnut dining table,0,False,"Apr 23 – 29, 2023",1682208000,0,0.0
live edge dining table,0,False,"Apr 23 – 29, 2023",1682208000,0,0.0
dining table,0,True,"Apr 30 – May 6, 2023",1682812800,25,0.8641
custom dining table,0,False,"Apr 30 – May 6, 2023",1682812800,0,0.0
solid wood dining table,0,False,"Apr 30 – May 6, 2023",1682812800,0,0.0
walnut dining table,0,False,"Apr 30 – May 6, 2023",1682812800,0,0.0
live edge dining table,0,False,"Apr 30 – May 6, 2023",1682812800,0,0.0
dining table,0,True,"May 7 – 13, 2023",1683417600,24,0.8296
custom dining table,0,False,"May 7 – 13, 2023",1683417600,0,0.0
solid wood dining table,0,False,"May 7 – 13, 2023",1683417600,0,0.0
walnut dining table,0,False,"May 7 – 13, 2023",1683417600,0,0.0
live edge dining table,0,False,"May 7 – 13, 2023",1683417600,0,0.0
dining table,0,True,"May 14 – 20, 2023",1684022400,25,0.8641
custom dining table,0,False,"May 14 – 20, 2023",1684022400,0,0.0
solid wood dining table,0,False,"May 14 – 20, 2023",1684022400,0,0.0
walnut dining table,0,False,"May 14 – 20, 2023",1684022400,0,0.0
live edge dining table,0,False,"May 14 – 20, 2023",1684022400,0,0.0
dining table,0,True,"May 21 – 27, 2023",1684627200,25,0.8641
custom dining table,0,False,"May 21 – 27, 2023",1684627200,0,0.0
solid wood dining table,0,False,"May 21 – 27, 2023",1684627200,0,0.0
walnut dining table,0,False,"May 21 – 27, 2023",1684627200,0,0.0
live edge dining table,0,False,"May 21 – 27, 2023",1684627200,0,0.0
dining table,0,True,"May 28 – Jun 3, 2023",1685232000,28,0.9678
custom dining table,0,False,"May 28 – Jun 3, 2023",1685232000,0,0.0
solid wood dining table,0,False,"May 28 – Jun 3, 2023",1685232000,0,0.0
walnut dining table,0,False,"May 28 – Jun 3, 2023",1685232000,0,0.0
live edge dining table,0,False,"May 28 – Jun 3, 2023",1685232000,0,0.0
dining table,0,True,"Jun 4 – 10, 2023",1685836800,26,0.8987
custom dining table,0,False,"Jun 4 – 10, 2023",1685836800,0,0.0
solid wood dining table,0,False,"Jun 4 – 10, 2023",1685836800,0,0.0
walnut dining table,0,False,"Jun 4 – 10, 2023",1685836800,0,0.0
live edge dining table,0,False,"Jun 4 – 10, 2023",1685836800,0,0.0
dining table,0,True,"Jun 11 – 17, 2023",1686441600,26,0.8987
custom dining table,0,False,"Jun 11 – 17, 2023",1686441600,0,0.0
solid wood dining table,0,False,"Jun 11 – 17, 2023",1686441600,0,0.0
walnut dining table,0,False,"Jun 11 – 17, 2023",1686441600,0,0.0
live edge dining table,0,False,"Jun 11 – 17, 2023",1686441600,0,0.0
dining table,0,True,"Jun 18 – 24, 2023",1687046400,26,0.8987
custom dining table,0,False,"Jun 18 – 24, 2023",1687046400,0,0.0
solid wood dining table,0,False,"Jun 18 – 24, 2023",1687046400,0,0.0
walnut dining table,0,False,"Jun 18 – 24, 2023",1687046400,0,0.0
live edge dining table,0,False,"Jun 18 – 24, 2023",1687046400,0,0.0
dining table,0,True,"Jun 25 – Jul 1, 2023",1687651200,26,0.8987
custom dining table,0,False,"Jun 25 – Jul 1, 2023",1687651200,0,0.0
solid wood dining table,0,False,"Jun 25 – Jul 1, 2023",1687651200,0,0.0
walnut dining table,0,False,"Jun 25 – Jul 1, 2023",1687651200,0,0.0
live edge dining table,0,False,"Jun 25 – Jul 1, 2023",1687651200,0,0.0
dining table,0,True,"Jul 2 – 8, 2023",1688256000,28,0.9678
custom dining table,0,False,"Jul 2 – 8, 2023",1688256000,0,0.0
solid wood dining table,0,False,"Jul 2 – 8, 2023",1688256000,0,0.0
walnut dining table,0,False,"Jul 2 – 8, 2023",1688256000,0,0.0
live edge dining table,0,False,"Jul 2 – 8, 2023",1688256000,0,0.0
dining table,0,True,"Jul 9 – 15, 2023",1688860800,27,0.9332
custom dining table,0,False,"Jul 9 – 15, 2023",1688860800,0,0.0
solid wood dining table,0,False,"Jul 9 – 15, 2023",1688860800,1,0.0346
walnut dining table,0,False,"Jul 9 – 15, 2023",1688860800,0,0.0
live edge dining table,0,False,"Jul 9 – 15, 2023",1688860800,0,0.0
dining table,0,True,"Jul 16 – 22, 2023",1689465600,26,0.8987
custom dining table,0,False,"Jul 16 – 22, 2023",1689465600,0,0.0
solid wood dining table,0,False,"Jul 16 – 22, 2023",1689465600,0,0.0
walnut dining table,0,False,"Jul 16 – 22, 2023",1689465600,0,0.0
live edge dining table,0,False,"Jul 16 – 22, 2023",1689465600,0,0.0
dining table,0,True,"Jul 23 – 29, 2023",1690070400,26,0.8987
custom dining table,0,False,"Jul 23 – 29, 2023",1690070400,0,0.0
solid wood dining table,0,False,"Jul 23 – 29, 2023",1690070400,0,0.0
walnut dining table,0,False,"Jul 23 – 29, 2023",1690070400,0,0.0
live edge dining table,0,False,"Jul 23 – 29, 2023",1690070400,0,0.0
dining table,0,True,"Jul 30 – Aug 5, 2023",1690675200,24,0.8296
custom dining table,0,False,"Jul 30 – Aug 5, 2023",1690675200,0,0.0
solid wood dining table,0,False,"Jul 30 – Aug 5, 2023",1690675200,0,0.0
walnut dining table,0,False,"Jul 30 – Aug 5, 2023",1690675200,0,0.0
live edge dining table,0,False,"Jul 30 – Aug 5, 2023",1690675200,0,0.0
dining table,0,True,"Aug 6 – 12, 2023",1691280000,24,0.8296
custom dining table,0,False,"Aug 6 – 12, 2023",1691280000,0,0.0
solid wood dining table,0,False,"Aug 6 – 12, 2023",1691280000,0,0.0
walnut dining table,0,False,"Aug 6 – 12, 2023",1691280000,0,0.0
live edge dining table,0,False,"Aug 6 – 12, 2023",1691280000,0,0.0
dining table,0,True,"Aug 13 – 19, 2023",1691884800,25,0.8641
custom dining table,0,False,"Aug 13 – 19, 2023",1691884800,0,0.0
solid wood dining table,0,False,"Aug 13 – 19, 2023",1691884800,0,0.0
walnut dining table,0,False,"Aug 13 – 19, 2023",1691884800,0,0.0
live edge dining table,0,False,"Aug 13 – 19, 2023",1691884800,0,0.0
dining table,0,True,"Aug 20 – 26, 2023",1692489600,25,0.8641
custom dining table,0,False,"Aug 20 – 26, 2023",1692489600,0,0.0
solid wood dining table,0,False,"Aug 20 – 26, 2023",1692489600,1,0.0346
walnut dining table,0,False,"Aug 20 – 26, 2023",1692489600,0,0.0
live edge dining table,0,False,"Aug 20 – 26, 2023",1692489600,0,0.0
dining table,0,True,"Aug 27 – Sep 2, 2023",1693094400,26,0.8987
custom dining table,0,False,"Aug 27 – Sep 2, 2023",1693094400,0,0.0
solid wood dining table,0,False,"Aug 27 – Sep 2, 2023",1693094400,0,0.0
walnut dining table,0,False,"Aug 27 – Sep 2, 2023",1693094400,0,0.0
live edge dining table,0,False,"Aug 27 – Sep 2, 2023",1693094400,0,0.0
dining table,0,True,"Sep 3 – 9, 2023",1693699200,29,1.0024
custom dining table,0,False,"Sep 3 – 9, 2023",1693699200,0,0.0
solid wood dining table,0,False,"Sep 3 – 9, 2023",1693699200,0,0.0
walnut dining table,0,False,"Sep 3 – 9, 2023",1693699200,0,0.0
live edge dining table,0,False,"Sep 3 – 9, 2023",1693699200,0,0.0
dining table,0,True,"Sep 10 – 16, 2023",1694304000,22,0.7604
custom dining table,0,False,"Sep 10 – 16, 2023",1694304000,0,0.0
solid wood dining table,0,False,"Sep 10 – 16, 2023",1694304000,0,0.0
walnut dining table,0,False,"Sep 10 – 16, 2023",1694304000,0,0.0
live edge dining table,0,False,"Sep 10 – 16, 2023",1694304000,0,0.0
dining table,0,True,"Sep 17 – 23, 2023",1694908800,25,0.8641
custom dining table,0,False,"Sep 17 – 23, 2023",1694908800,0,0.0
solid wood dining table,0,False,"Sep 17 – 23, 2023",1694908800,0,0.0
walnut dining table,0,False,"Sep 17 – 23, 2023",1694908800,0,0.0
live edge dining table,0,False,"Sep 17 – 23, 2023",1694908800,0,0.0
dining table,0,True,"Sep 24 – 30, 2023",1695513600,25,0.8641
custom dining table,0,False,"Sep 24 – 30, 2023",1695513600,0,0.0
solid wood dining table,0,False,"Sep 24 – 30, 2023",1695513600,0,0.0
walnut dining table,0,False,"Sep 24 – 30, 2023",1695513600,0,0.0
live edge dining table,0,False,"Sep 24 – 30, 2023",1695513600,0,0.0
dining table,0,True,"Oct 1 – 7, 2023",1696118400,23,0.795
custom dining table,0,False,"Oct 1 – 7, 2023",1696118400,0,0.0
solid wood dining table,0,False,"Oct 1 – 7, 2023",1696118400,0,0.0
walnut dining table,0,False,"Oct 1 – 7, 2023",1696118400,0,0.0
live edge dining table,0,False,"Oct 1 – 7, 2023",1696118400,0,0.0
dining table,0,True,"Oct 8 – 14, 2023",1696723200,24,0.8296
custom dining table,0,False,"Oct 8 – 14, 2023",1696723200,0,0.0
solid wood dining table,0,False,"Oct 8 – 14, 2023",1696723200,0,0.0
walnut dining table,0,False,"Oct 8 – 14, 2023",1696723200,0,0.0
live edge dining table,0,False,"Oct 8 – 14, 2023",1696723200,0,0.0
dining table,0,True,"Oct 15 – 21, 2023",1697328000,24,0.8296
custom dining table,0,False,"Oct 15 – 21, 2023",1697328000,0,0.0
solid wood dining table,0,False,"Oct 15 – 21, 2023",1697328000,0,0.0
walnut dining table,0,False,"Oct 15 – 21, 2023",1697328000,0,0.0
live edge dining table,0,False,"Oct 15 – 21, 2023",1697328000,0,0.0
dining table,0,True,"Oct 22 – 28, 2023",1697932800,25,0.8641
custom dining table,0,False,"Oct 22 – 28, 2023",1697932800,0,0.0
solid wood dining table,0,False,"Oct 22 – 28, 2023",1697932800,1,0.0346
walnut dining table,0,False,"Oct 22 – 28, 2023",1697932800,0,0.0
live edge dining table,0,False,"Oct 22 – 28, 2023",1697932800,0,0.0
dining table,0,True,"Oct 29 – Nov 4, 2023",1698537600,26,0.8987
custom dining table,0,False,"Oct 29 – Nov 4, 2023",1698537600,0,0.0
solid wood dining table,0,False,"Oct 29 – Nov 4, 2023",1698537600,0,0.0
walnut dining table,0,False,"Oct 29 – Nov 4, 2023",1698537600,0,0.0
live edge dining table,0,False,"Oct 29 – Nov 4, 2023",1698537600,0,0.0
dining table,0,True,"Nov 5 – 11, 2023",1699142400,29,1.0024
custom dining table,0,False,"Nov 5 – 11, 2023",1699142400,0,0.0
solid wood dining table,0,False,"Nov 5 – 11, 2023",1699142400,0,0.0
walnut dining table,0,False,"Nov 5 – 11, 2023",1699142400,0,0.0
live edge dining table,0,False,"Nov 5 – 11, 2023",1699142400,0,0.0
dining table,0,True,"Nov 12 – 18, 2023",1699747200,28,0.9678
custom dining table,0,False,"Nov 12 – 18, 2023",1699747200,0,0.0
solid wood dining table,0,False,"Nov 12 – 18, 2023",1699747200,0,0.0
walnut dining table,0,False,"Nov 12 – 18, 2023",1699747200,0,0.0
live edge dining table,0,False,"Nov 12 – 18, 2023",1699747200,0,0.0
dining table,0,True,"Nov 19 – 25, 2023",1700352000,36,1.2443
custom dining table,0,False,"Nov 19 – 25, 2023",1700352000,0,0.0
solid wood dining table,0,False,"Nov 19 – 25, 2023",1700352000,1,0.0346
walnut dining table,0,False,"Nov 19 – 25, 2023",1700352000,1,0.0346
live edge dining table,0,False,"Nov 19 – 25, 2023",1700352000,0,0.0
dining table,0,True,"Nov 26 – Dec 2, 2023",1700956800,28,0.9678
custom dining table,0,False,"Nov 26 – Dec 2, 2023",1700956800,0,0.0
solid wood dining table,0,False,"Nov 26 – Dec 2, 2023",1700956800,1,0.0346
walnut dining table,0,False,"Nov 26 – Dec 2, 2023",1700956800,0,0.0
live edge dining table,0,False,"Nov 26 – Dec 2, 2023",1700956800,0,0.0
dining table,0,True,"Dec 3 – 9, 2023",1701561600,23,0.795
custom dining table,0,False,"Dec 3 – 9, 2023",1701561600,0,0.0
solid wood dining table,0,False,"Dec 3 – 9, 2023",1701561600,0,0.0
walnut dining table,0,False,"Dec 3 – 9, 2023",1701561600,0,0.0
live edge dining table,0,False,"Dec 3 – 9, 2023",1701561600,0,0.0
dining table,0,True,"Dec 10 – 16, 2023",1702166400,21,0.7259
custom dining table,0,False,"Dec 10 – 16, 2023",1702166400,0,0.0
solid wood dining table,0,False,"Dec 10 – 16, 2023",1702166400,0,0.0
walnut dining table,0,False,"Dec 10 – 16, 2023",1702166400,0,0.0
live edge dining table,0,False,"Dec 10 – 16, 2023",1702166400,0,0.0
dining table,0,True,"Dec 17 – 23, 2023",1702771200,21,0.7259
custom dining table,0,False,"Dec 17 – 23, 2023",1702771200,0,0.0
solid wood dining table,0,False,"Dec 17 – 23, 2023",1702771200,0,0.0
walnut dining table,0,False,"Dec 17 – 23, 2023",1702771200,0,0.0
live edge dining table,0,False,"Dec 17 – 23, 2023",1702771200,0,0.0
dining table,0,True,"Dec 24 – 30, 2023",1703376000,24,0.8296
custom dining table,0,False,"Dec 24 – 30, 2023",1703376000,0,0.0
solid wood dining table,0,False,"Dec 24 – 30, 2023",1703376000,1,0.0346
walnut dining table,0,False,"Dec 24 – 30, 2023",1703376000,0,0.0
live edge dining table,0,False,"Dec 24 – 30, 2023",1703376000,0,0.0
dining table,0,True,"Dec 31, 2023 – Jan 6, 2024",1703980800,26,0.8987
custom dining table,0,False,"Dec 31, 2023 – Jan 6, 2024",1703980800,0,0.0
solid wood dining table,0,False,"Dec 31, 2023 – Jan 6, 2024",1703980800,0,0.0
walnut dining table,0,False,"Dec 31, 2023 – Jan 6, 2024",1703980800,0,0.0
live edge dining table,0,False,"Dec 31, 2023 – Jan 6, 2024",1703980800,0,0.0
dining table,0,True,"Jan 7 – 13, 2024",1704585600,26,0.8987
custom dining table,0,False,"Jan 7 – 13, 2024",1704585600,0,0.0
solid wood dining table,0,False,"Jan 7 – 13, 2024",1704585600,0,0.0
walnut dining table,0,False,"Jan 7 – 13, 2024",1704585600,0,0.0
live edge dining table,0,False,"Jan 7 – 13, 2024",1704585600,0,0.0
dining table,0,True,"Jan 14 – 20, 2024",1705190400,24,0.8296
custom dining table,0,False,"Jan 14 – 20, 2024",1705190400,0,0.0
solid wood dining table,0,False,"Jan 14 – 20, 2024",1705190400,1,0.0346
walnut dining table,0,False,"Jan 14 – 20, 2024",1705190400,0,0.0
live edge dining table,0,False,"Jan 14 – 20, 2024",1705190400,0,0.0
dining table,0,True,"Jan 21 – 27, 2024",1705795200,26,0.8987
custom dining table,0,False,"Jan 21 – 27, 2024",1705795200,0,0.0
solid wood dining table,0,False,"Jan 21 – 27, 2024",1705795200,0,0.0
walnut dining table,0,False,"Jan 21 – 27, 2024",1705795200,0,0.0
live edge dining table,0,False,"Jan 21 – 27, 2024",1705795200,0,0.0
dining table,0,True,"Jan 28 – Feb 3, 2024",1706400000,23,0.795
custom dining table,0,False,"Jan 28 – Feb 3, 2024",1706400000,0,0.0
solid wood dining table,0,False,"Jan 28 – Feb 3, 2024",1706400000,0,0.0
walnut dining table,0,False,"Jan 28 – Feb 3, 2024",1706400000,0,0.0
live edge dining table,0,False,"Jan 28 – Feb 3, 2024",1706400000,0,0.0
dining table,0,True,"Feb 4 – 10, 2024",1707004800,22,0.7604
custom dining table,0,False,"Feb 4 – 10, 2024",1707004800,0,0.0
solid wood dining table,0,False,"Feb 4 – 10, 2024",1707004800,0,0.0
walnut dining table,0,False,"Feb 4 – 10, 2024",1707004800,0,0.0
live edge dining table,0,False,"Feb 4 – 10, 2024",1707004800,0,0.0
dining table,0,True,"Feb 11 – 17, 2024",1707609600,23,0.795
custom dining table,0,False,"Feb 11 – 17, 2024",1707609600,0,0.0
solid wood dining table,0,False,"Feb 11 – 17, 2024",1707609600,0,0.0
walnut dining table,0,False,"Feb 11 – 17, 2024",1707609600,0,0.0
live edge dining table,0,False,"Feb 11 – 17, 2024",1707609600,0,0.0
dining table,0,True,"Feb 18 – 24, 2024",1708214400,27,0.9332
custom dining table,0,False,"Feb 18 – 24, 2024",1708214400,0,0.0
solid wood dining table,0,False,"Feb 18 – 24, 2024",1708214400,0,0.0
walnut dining table,0,False,"Feb 18 – 24, 2024",1708214400,1,0.0346
live edge dining table,0,False,"Feb 18 – 24, 2024",1708214400,0,0.0
dining table,0,True,"Feb 25 – Mar 2, 2024",1708819200,24,0.8296
custom dining table,0,False,"Feb 25 – Mar 2, 2024",1708819200,0,0.0
solid wood dining table,0,False,"Feb 25 – Mar 2, 2024",1708819200,0,0.0
walnut dining table,0,False,"Feb 25 – Mar 2, 2024",1708819200,0,0.0
live edge dining table,0,False,"Feb 25 – Mar 2, 2024",1708819200,0,0.0
dining table,0,True,"Mar 3 – 9, 2024",1709424000,23,0.795
custom dining table,0,False,"Mar 3 – 9, 2024",1709424000,0,0.0
solid wood dining table,0,False,"Mar 3 – 9, 2024",1709424000,0,0.0
walnut dining table,0,False,"Mar 3 – 9, 2024",1709424000,0,0.0
live edge dining table,0,False,"Mar 3 – 9, 2024",1709424000,0,0.0
dining table,0,True,"Mar 10 – 16, 2024",1710028800,23,0.795
custom dining table,0,False,"Mar 10 – 16, 2024",1710028800,0,0.0
solid wood dining table,0,False,"Mar 10 – 16, 2024",1710028800,0,0.0
walnut dining table,0,False,"Mar 10 – 16, 2024",1710028800,0,0.0
live edge dining table,0,False,"Mar 10 – 16, 2024",1710028800,0,0.0
dining table,0,True,"Mar 17 – 23, 2024",1710633600,24,0.8296
custom dining table,0,False,"Mar 17 – 23, 2024",1710633600,0,0.0
solid wood dining table,0,False,"Mar 17 – 23, 2024",1710633600,0,0.0
walnut dining table,0,False,"Mar 17 – 23, 2024",1710633600,0,0.0
live edge dining table,0,False,"Mar 17 – 23, 2024",1710633600,0,0.0
dining table,0,True,"Mar 24 – 30, 2024",1711238400,24,0.8296
custom dining table,0,False,"Mar 24 – 30, 2024",1711238400,0,0.0
solid wood dining table,0,False,"Mar 24 – 30, 2024",1711238400,0,0.0
walnut dining table,0,False,"Mar 24 – 30, 2024",1711238400,0,0.0
live edge dining table,0,False,"Mar 24 – 30, 2024",1711238400,0,0.0
dining table,0,True,"Mar 31 – Apr 6, 2024",1711843200,25,0.8641
custom dining table,0,False,"Mar 31 – Apr 6, 2024",1711843200,0,0.0
solid wood dining table,0,False,"Mar 31 – Apr 6, 2024",1711843200,0,0.0
walnut dining table,0,False,"Mar 31 – Apr 6, 2024",1711843200,0,0.0
live edge dining table,0,False,"Mar 31 – Apr 6, 2024",1711843200,0,0.0
dining table,0,True,"Apr 7 – 13, 2024",1712448000,23,0.795
custom dining table,0,False,"Apr 7 – 13, 2024",1712448000,0,0.0
solid wood dining table,0,False,"Apr 7 – 13, 2024",1712448000,0,0.0
walnut dining table,0,False,"Apr 7 – 13, 2024",1712448000,0,0.0
live edge dining table,0,False,"Apr 7 – 13, 2024",1712448000,0,0.0
dining table,0,True,"Apr 14 – 20, 2024",1713052800,23,0.795
custom dining table,0,False,"Apr 14 – 20, 2024",1713052800,0,0.0
solid wood dining table,0,False,"Apr 14 – 20, 2024",1713052800,0,0.0
walnut dining table,0,False,"Apr 14 – 20, 2024",1713052800,0,0.0
live edge dining table,0,False,"Apr 14 – 20, 2024",1713052800,0,0.0
dining table,0,True,"Apr 21 – 27, 2024",1713657600,23,0.795
custom dining table,0,False,"Apr 21 – 27, 2024",1713657600,0,0.0
solid wood dining table,0,False,"Apr 21 – 27, 2024",1713657600,0,0.0
walnut dining table,0,False,"Apr 21 – 27, 2024",1713657600,0,0.0
live edge dining table,0,False,"Apr 21 – 27, 2024",1713657600,0,0.0
dining table,0,True,"Apr 28 – May 4, 2024",1714262400,23,0.795
custom dining table,0,False,"Apr 28 – May 4, 2024",1714262400,0,0.0
solid wood dining table,0,False,"Apr 28 – May 4, 2024",1714262400,0,0.0
walnut dining table,0,False,"Apr 28 – May 4, 2024",1714262400,0,0.0
live edge dining table,0,False,"Apr 28 – May 4, 2024",1714262400,0,0.0
dining table,0,True,"May 5 – 11, 2024",1714867200,23,0.795
custom dining table,0,False,"May 5 – 11, 2024",1714867200,0,0.0
solid wood dining table,0,False,"May 5 – 11, 2024",1714867200,0,0.0
walnut dining table,0,False,"May 5 – 11, 2024",1714867200,0,0.0
live edge dining table,0,False,"May 5 – 11, 2024",1714867200,0,0.0
dining table,0,True,"May 12 – 18, 2024",1715472000,22,0.7604
custom dining table,0,False,"May 12 – 18, 2024",1715472000,0,0.0
solid wood dining table,0,False,"May 12 – 18, 2024",1715472000,0,0.0
walnut dining table,0,False,"May 12 – 18, 2024",1715472000,0,0.0
live edge dining table,0,False,"May 12 – 18, 2024",1715472000,0,0.0
dining table,0,True,"May 19 – 25, 2024",1716076800,26,0.8987
custom dining table,0,False,"May 19 – 25, 2024",1716076800,0,0.0
solid wood dining table,0,False,"May 19 – 25, 2024",1716076800,0,0.0
walnut dining table,0,False,"May 19 – 25, 2024",1716076800,0,0.0
live edge dining table,0,False,"May 19 – 25, 2024",1716076800,0,0.0
dining table,0,True,"May 26 – Jun 1, 2024",1716681600,27,0.9332
custom dining table,0,False,"May 26 – Jun 1, 2024",1716681600,0,0.0
solid wood dining table,0,False,"May 26 – Jun 1, 2024",1716681600,0,0.0
walnut dining table,0,False,"May 26 – Jun 1, 2024",1716681600,1,0.0346
live edge dining table,0,False,"May 26 – Jun 1, 2024",1716681600,0,0.0
dining table,0,True,"Jun 2 – 8, 2024",1717286400,23,0.795
custom dining table,0,False,"Jun 2 – 8, 2024",1717286400,0,0.0
solid wood dining table,0,False,"Jun 2 – 8, 2024",1717286400,0,0.0
walnut dining table,0,False,"Jun 2 – 8, 2024",1717286400,0,0.0
live edge dining table,0,False,"Jun 2 – 8, 2024",1717286400,0,0.0
dining table,0,True,"Jun 9 – 15, 2024",1717891200,25,0.8641
custom dining table,0,False,"Jun 9 – 15, 2024",1717891200,0,0.0
solid wood dining table,0,False,"Jun 9 – 15, 2024",1717891200,0,0.0
walnut dining table,0,False,"Jun 9 – 15, 2024",1717891200,0,0.0
live edge dining table,0,False,"Jun 9 – 15, 2024",1717891200,0,0.0
dining table,0,True,"Jun 16 – 22, 2024",1718496000,23,0.795
custom dining table,0,False,"Jun 16 – 22, 2024",1718496000,0,0.0
solid wood dining table,0,False,"Jun 16 – 22, 2024",1718496000,0,0.0
walnut dining table,0,False,"Jun 16 – 22, 2024",1718496000,0,0.0
live edge dining table,0,False,"Jun 16 – 22, 2024",1718496000,0,0.0
dining table,0,True,"Jun 23 – 29, 2024",1719100800,26,0.8987
custom dining table,0,False,"Jun 23 – 29, 2024",1719100800,0,0.0
solid wood dining table,0,False,"Jun 23 – 29, 2024",1719100800,0,0.0
walnut dining table,0,False,"Jun 23 – 29, 2024",1719100800,0,0.0
live edge dining table,0,False,"Jun 23 – 29, 2024",1719100800,0,0.0
dining table,0,True,"Jun 30 – Jul 6, 2024",1719705600,30,1.0369
custom dining table,0,False,"Jun 30 – Jul 6, 2024",1719705600,0,0.0
solid wood dining table,0,False,"Jun 30 – Jul 6, 2024",1719705600,0,0.0
walnut dining table,0,False,"Jun 30 – Jul 6, 2024",1719705600,0,0.0
live edge dining table,0,False,"Jun 30 – Jul 6, 2024",1719705600,0,0.0
dining table,0,True,"Jul 7 – 13, 2024",1720310400,26,0.8987
custom dining table,0,False,"Jul 7 – 13, 2024",1720310400,0,0.0
solid wood dining table,0,False,"Jul 7 – 13, 2024",1720310400,0,0.0
walnut dining table,0,False,"Jul 7 – 13, 2024",1720310400,0,0.0
live edge dining table,0,False,"Jul 7 – 13, 2024",1720310400,0,0.0
dining table,0,True,"Jul 14 – 20, 2024",1720915200,25,0.8641
custom dining table,0,False,"Jul 14 – 20, 2024",1720915200,0,0.0
solid wood dining table,0,False,"Jul 14 – 20, 2024",1720915200,1,0.0346
walnut dining table,0,False,"Jul 14 – 20, 2024",1720915200,0,0.0
live edge dining table,0,False,"Jul 14 – 20, 2024",1720915200,0,0.0
dining table,0,True,"Jul 21 – 27, 2024",1721520000,24,0.8296
custom dining table,0,False,"Jul 21 – 27, 2024",1721520000,0,0.0
solid wood dining table,0,False,"Jul 21 – 27, 2024",1721520000,1,0.0346
walnut dining table,0,False,"Jul 21 – 27, 2024",1721520000,0,0.0
live edge dining table,0,False,"Jul 21 – 27, 2024",1721520000,0,0.0
dining table,0,True,"Jul 28 – Aug 3, 2024",1722124800,26,0.8987
custom dining table,0,False,"Jul 28 – Aug 3, 2024",1722124800,0,0.0
solid wood dining table,0,False,"Jul 28 – Aug 3, 2024",1722124800,1,0.0346
walnut dining table,0,False,"Jul 28 – Aug 3, 2024",1722124800,0,0.0
live edge dining table,0,False,"Jul 28 – Aug 3, 2024",1722124800,0,0.0
dining table,0,True,"Aug 4 – 10, 2024",1722729600,27,0.9332
custom dining table,0,False,"Aug 4 – 10, 2024",1722729600,0,0.0
solid wood dining table,0,False,"Aug 4 – 10, 2024",1722729600,1,0.0346
walnut dining table,0,False,"Aug 4 – 10, 2024",1722729600,0,0.0
live edge dining table,0,False,"Aug 4 – 10, 2024",1722729600,0,0.0
dining table,0,True,"Aug 11 – 17, 2024",1723334400,27,0.9332
custom dining table,0,False,"Aug 11 – 17, 2024",1723334400,0,0.0
solid wood dining table,0,False,"Aug 11 – 17, 2024",1723334400,0,0.0
walnut dining table,0,False,"Aug 11 – 17, 2024",1723334400,0,0.0
live edge dining table,0,False,"Aug 11 – 17, 2024",1723334400,0,0.0
dining table,0,True,"Aug 18 – 24, 2024",1723939200,28,0.9678
custom dining table,0,False,"Aug 18 – 24, 2024",1723939200,0,0.0
solid wood dining table,0,False,"Aug 18 – 24, 2024",1723939200,1,0.0346
walnut dining table,0,False,"Aug 18 – 24, 2024",1723939200,0,0.0
live edge dining table,0,False,"Aug 18 – 24, 2024",1723939200,0,0.0
dining table,0,True,"Aug 25 – 31, 2024",1724544000,28,0.9678
custom dining table,0,False,"Aug 25 – 31, 2024",1724544000,0,0.0
solid wood dining table,0,False,"Aug 25 – 31, 2024",1724544000,0,0.0
walnut dining table,0,False,"Aug 25 – 31, 2024",1724544000,1,0.0346
live edge dining table,0,False,"Aug 25 – 31, 2024",1724544000,0,0.0
dining table,0,True,"Sep 1 – 7, 2024",1725148800,28,0.9678
custom dining table,0,False,"Sep 1 – 7, 2024",1725148800,0,0.0
solid wood dining table,0,False,"Sep 1 – 7, 2024",1725148800,1,0.0346
walnut dining table,0,False,"Sep 1 – 7, 2024",1725148800,0,0.0
live edge dining table,0,False,"Sep 1 – 7, 2024",1725148800,0,0.0
dining table,0,True,"Sep 8 – 14, 2024",1725753600,24,0.8296
custom dining table,0,False,"Sep 8 – 14, 2024",1725753600,0,0.0
solid wood dining table,0,False,"Sep 8 – 14, 2024",1725753600,0,0.0
walnut dining table,0,False,"Sep 8 – 14, 2024",1725753600,0,0.0
live edge dining table,0,False,"Sep 8 – 14, 2024",1725753600,0,0.0
dining table,0,True,"Sep 15 – 21, 2024",1726358400,25,0.8641
custom dining table,0,False,"Sep 15 – 21, 2024",1726358400,0,0.0
solid wood dining table,0,False,"Sep 15 – 21, 2024",1726358400,0,0.0
walnut dining table,0,False,"Sep 15 – 21, 2024",1726358400,0,0.0
live edge dining table,0,False,"Sep 15 – 21, 2024",1726358400,0,0.0
dining table,0,True,"Sep 22 – 28, 2024",1726963200,25,0.8641
custom dining table,0,False,"Sep 22 – 28, 2024",1726963200,0,0.0
solid wood dining table,0,False,"Sep 22 – 28, 2024",1726963200,1,0.0346
walnut dining table,0,False,"Sep 22 – 28, 2024",1726963200,1,0.0346
live edge dining table,0,False,"Sep 22 – 28, 2024",1726963200,0,0.0
dining table,0,True,"Sep 29 – Oct 5, 2024",1727568000,24,0.8296
custom dining table,0,False,"Sep 29 – Oct 5, 2024",1727568000,0,0.0
solid wood dining table,0,False,"Sep 29 – Oct 5, 2024",1727568000,0,0.0
walnut dining table,0,False,"Sep 29 – Oct 5, 2024",1727568000,0,0.0
live edge dining table,0,False,"Sep 29 – Oct 5, 2024",1727568000,0,0.0
dining table,0,True,"Oct 6 – 12, 2024",1728172800,25,0.8641
custom dining table,0,False,"Oct 6 – 12, 2024",1728172800,0,0.0
solid wood dining table,0,False,"Oct 6 – 12, 2024",1728172800,0,0.0
walnut dining table,0,False,"Oct 6 – 12, 2024",1728172800,0,0.0
live edge dining table,0,False,"Oct 6 – 12, 2024",1728172800,0,0.0
dining table,0,True,"Oct 13 – 19, 2024",1728777600,25,0.8641
custom dining table,0,False,"Oct 13 – 19, 2024",1728777600,0,0.0
solid wood dining table,0,False,"Oct 13 – 19, 2024",1728777600,1,0.0346
walnut dining table,0,False,"Oct 13 – 19, 2024",1728777600,0,0.0
live edge dining table,0,False,"Oct 13 – 19, 2024",1728777600,0,0.0
dining table,0,True,"Oct 20 – 26, 2024",1729382400,25,0.8641
custom dining table,0,False,"Oct 20 – 26, 2024",1729382400,0,0.0
solid wood dining table,0,False,"Oct 20 – 26, 2024",1729382400,0,0.0
walnut dining table,0,False,"Oct 20 – 26, 2024",1729382400,0,0.0
live edge dining table,0,False,"Oct 20 – 26, 2024",1729382400,0,0.0
dining table,0,True,"Oct 27 – Nov 2, 2024",1729987200,23,0.795
custom dining table,0,False,"Oct 27 – Nov 2, 2024",1729987200,0,0.0
solid wood dining table,0,False,"Oct 27 – Nov 2, 2024",1729987200,0,0.0
walnut dining table,0,False,"Oct 27 – Nov 2, 2024",1729987200,0,0.0
live edge dining table,0,False,"Oct 27 – Nov 2, 2024",1729987200,0,0.0
dining table,0,True,"Nov 3 – 9, 2024",1730592000,26,0.8987
custom dining table,0,False,"Nov 3 – 9, 2024",1730592000,0,0.0
solid wood dining table,0,False,"Nov 3 – 9, 2024",1730592000,1,0.0346
walnut dining table,0,False,"Nov 3 – 9, 2024",1730592000,0,0.0
live edge dining table,0,False,"Nov 3 – 9, 2024",1730592000,0,0.0
dining table,0,True,"Nov 10 – 16, 2024",1731196800,29,1.0024
custom dining table,0,False,"Nov 10 – 16, 2024",1731196800,0,0.0
solid wood dining table,0,False,"Nov 10 – 16, 2024",1731196800,1,0.0346
walnut dining table,0,False,"Nov 10 – 16, 2024",1731196800,0,0.0
live edge dining table,0,False,"Nov 10 – 16, 2024",1731196800,0,0.0
dining table,0,True,"Nov 17 – 23, 2024",1731801600,30,1.0369
custom dining table,0,False,"Nov 17 – 23, 2024",1731801600,0,0.0
solid wood dining table,0,False,"Nov 17 – 23, 2024",1731801600,1,0.0346
walnut dining table,0,False,"Nov 17 – 23, 2024",1731801600,0,0.0
live edge dining table,0,False,"Nov 17 – 23, 2024",1731801600,0,0.0
dining table,0,True,"Nov 24 – 30, 2024",1732406400,34,1.1752
custom dining table,0,False,"Nov 24 – 30, 2024",1732406400,0,0.0
solid wood dining table,0,False,"Nov 24 – 30, 2024",1732406400,1,0.0346
walnut dining table,0,False,"Nov 24 – 30, 2024",1732406400,0,0.0
live edge dining table,0,False,"Nov 24 – 30, 2024",1732406400,0,0.0
dining table,0,True,"Dec 1 – 7, 2024",1733011200,27,0.9332
custom dining table,0,False,"Dec 1 – 7, 2024",1733011200,0,0.0
solid wood dining table,0,False,"Dec 1 – 7, 2024",1733011200,1,0.0346
walnut dining table,0,False,"Dec 1 – 7, 2024",1733011200,0,0.0
live edge dining table,0,False,"Dec 1 – 7, 2024",1733011200,0,0.0
dining table,0,True,"Dec 8 – 14, 2024",1733616000,23,0.795
custom dining table,0,False,"Dec 8 – 14, 2024",1733616000,0,0.0
solid wood dining table,0,False,"Dec 8 – 14, 2024",1733616000,1,0.0346
walnut dining table,0,False,"Dec 8 – 14, 2024",1733616000,0,0.0
live edge dining table,0,False,"Dec 8 – 14, 2024",1733616000,0,0.0
dining table,0,True,"Dec 15 – 21, 2024",1734220800,21,0.7259
custom dining table,0,False,"Dec 15 – 21, 2024",1734220800,0,0.0
solid wood dining table,0,False,"Dec 15 – 21, 2024",1734220800,1,0.0346
walnut dining table,0,False,"Dec 15 – 21, 2024",1734220800,0,0.0
live edge dining table,0,False,"Dec 15 – 21, 2024",1734220800,0,0.0
dining table,0,True,"Dec 22 – 28, 2024",1734825600,24,0.8296
custom dining table,0,False,"Dec 22 – 28, 2024",1734825600,0,0.0
solid wood dining table,0,False,"Dec 22 – 28, 2024",1734825600,0,0.0
walnut dining table,0,False,"Dec 22 – 28, 2024",1734825600,0,0.0
live edge dining table,0,False,"Dec 22 – 28, 2024",1734825600,0,0.0
dining table,0,True,"Dec 29, 2024 – Jan 4, 2025",1735430400,30,1.0369
custom dining table,0,False,"Dec 29, 2024 – Jan 4, 2025",1735430400,0,0.0
solid wood dining table,0,False,"Dec 29, 2024 – Jan 4, 2025",1735430400,1,0.0346
walnut dining table,0,False,"Dec 29, 2024 – Jan 4, 2025",1735430400,0,0.0
live edge dining table,0,False,"Dec 29, 2024 – Jan 4, 2025",1735430400,0,0.0
dining table,0,True,"Jan 5 – 11, 2025",1736035200,24,0.8296
custom dining table,0,False,"Jan 5 – 11, 2025",1736035200,0,0.0
solid wood dining table,0,False,"Jan 5 – 11, 2025",1736035200,1,0.0346
walnut dining table,0,False,"Jan 5 – 11, 2025",1736035200,0,0.0
live edge dining table,0,False,"Jan 5 – 11, 2025",1736035200,0,0.0
dining table,0,True,"Jan 12 – 18, 2025",1736640000,26,0.8987
custom dining table,0,False,"Jan 12 – 18, 2025",1736640000,0,0.0
solid wood dining table,0,False,"Jan 12 – 18, 2025",1736640000,1,0.0346
walnut dining table,0,False,"Jan 12 – 18, 2025",1736640000,0,0.0
live edge dining table,0,False,"Jan 12 – 18, 2025",1736640000,0,0.0
dining table,0,True,"Jan 19 – 25, 2025",1737244800,26,0.8987
custom dining table,0,False,"Jan 19 – 25, 2025",1737244800,0,0.0
solid wood dining table,0,False,"Jan 19 – 25, 2025",1737244800,1,0.0346
walnut dining table,0,False,"Jan 19 – 25, 2025",1737244800,0,0.0
live edge dining table,0,False,"Jan 19 – 25, 2025",1737244800,0,0.0
dining table,0,True,"Jan 26 – Feb 1, 2025",1737849600,23,0.795
custom dining table,0,False,"Jan 26 – Feb 1, 2025",1737849600,0,0.0
solid wood dining table,0,False,"Jan 26 – Feb 1, 2025",1737849600,1,0.0346
walnut dining table,0,False,"Jan 26 – Feb 1, 2025",1737849600,0,0.0
live edge dining table,0,False,"Jan 26 – Feb 1, 2025",1737849600,0,0.0
dining table,0,True,"Feb 2 – 8, 2025",1738454400,23,0.795
custom dining table,0,False,"Feb 2 – 8, 2025",1738454400,0,0.0
solid wood dining table,0,False,"Feb 2 – 8, 2025",1738454400,0,0.0
walnut dining table,0,False,"Feb 2 – 8, 2025",1738454400,0,0.0
live edge dining table,0,False,"Feb 2 – 8, 2025",1738454400,0,0.0
dining table,0,True,"Feb 9 – 15, 2025",1739059200,22,0.7604
custom dining table,0,False,"Feb 9 – 15, 2025",1739059200,0,0.0
solid wood dining table,0,False,"Feb 9 – 15, 2025",1739059200,0,0.0
walnut dining table,0,False,"Feb 9 – 15, 2025",1739059200,0,0.0
live edge dining table,0,False,"Feb 9 – 15, 2025",1739059200,0,0.0
dining table,0,True,"Feb 16 – 22, 2025",1739664000,27,0.9332
custom dining table,0,False,"Feb 16 – 22, 2025",1739664000,0,0.0
solid wood dining table,0,False,"Feb 16 – 22, 2025",1739664000,1,0.0346
walnut dining table,0,False,"Feb 16 – 22, 2025",1739664000,0,0.0
live edge dining table,0,False,"Feb 16 – 22, 2025",1739664000,0,0.0
dining table,0,True,"Feb 23 – Mar 1, 2025",1740268800,24,0.8296
custom dining table,0,False,"Feb 23 – Mar 1, 2025",1740268800,0,0.0
solid wood dining table,0,False,"Feb 23 – Mar 1, 2025",1740268800,0,0.0
walnut dining table,0,False,"Feb 23 – Mar 1, 2025",1740268800,0,0.0
live edge dining table,0,False,"Feb 23 – Mar 1, 2025",1740268800,0,0.0
dining table,0,True,"Mar 2 – 8, 2025",1740873600,25,0.8641
custom dining table,0,False,"Mar 2 – 8, 2025",1740873600,0,0.0
solid wood dining table,0,False,"Mar 2 – 8, 2025",1740873600,0,0.0
walnut dining table,0,False,"Mar 2 – 8, 2025",1740873600,0,0.0
live edge dining table,0,False,"Mar 2 – 8, 2025",1740873600,0,0.0
dining table,0,True,"Mar 9 – 15, 2025",1741478400,23,0.795
custom dining table,0,False,"Mar 9 – 15, 2025",1741478400,0,0.0
solid wood dining table,0,False,"Mar 9 – 15, 2025",1741478400,1,0.0346
walnut dining table,0,False,"Mar 9 – 15, 2025",1741478400,0,0.0
live edge dining table,0,False,"Mar 9 – 15, 2025",1741478400,0,0.0
dining table,0,True,"Mar 16 – 22, 2025",1742083200,27,0.9332
custom dining table,0,False,"Mar 16 – 22, 2025",1742083200,0,0.0
solid wood dining table,0,False,"Mar 16 – 22, 2025",1742083200,1,0.0346
walnut dining table,0,False,"Mar 16 – 22, 2025",1742083200,0,0.0
live edge dining table,0,False,"Mar 16 – 22, 2025",1742083200,0,0.0
dining table,0,True,"Mar 23 – 29, 2025",1742688000,23,0.795
custom dining table,0,False,"Mar 23 – 29, 2025",1742688000,0,0.0
solid wood dining table,0,False,"Mar 23 – 29, 2025",1742688000,0,0.0
walnut dining table,0,False,"Mar 23 – 29, 2025",1742688000,0,0.0
live edge dining table,0,False,"Mar 23 – 29, 2025",1742688000,0,0.0
dining table,0,True,"Mar 30 – Apr 5, 2025",1743292800,26,0.8987
custom dining table,0,False,"Mar 30 – Apr 5, 2025",1743292800,0,0.0
solid wood dining table,0,False,"Mar 30 – Apr 5, 2025",1743292800,0,0.0
walnut dining table,0,False,"Mar 30 – Apr 5, 2025",1743292800,0,0.0
live edge dining table,0,False,"Mar 30 – Apr 5, 2025",1743292800,0,0.0
dining table,0,True,"Apr 6 – 12, 2025",1743897600,25,0.8641
custom dining table,0,False,"Apr 6 – 12, 2025",1743897600,0,0.0
solid wood dining table,0,False,"Apr 6 – 12, 2025",1743897600,0,0.0
walnut dining table,0,False,"Apr 6 – 12, 2025",1743897600,0,0.0
live edge dining table,0,False,"Apr 6 – 12, 2025",1743897600,0,0.0
dining table,0,True,"Apr 13 – 19, 2025",1744502400,25,0.8641
custom dining table,0,False,"Apr 13 – 19, 2025",1744502400,0,0.0
solid wood dining table,0,False,"Apr 13 – 19, 2025",1744502400,0,0.0
walnut dining table,0,False,"Apr 13 – 19, 2025",1744502400,0,0.0
live edge dining table,0,False,"Apr 13 – 19, 2025",1744502400,0,0.0
dining table,0,True,"Apr 20 – 26, 2025",1745107200,23,0.795
custom dining table,0,False,"Apr 20 – 26, 2025",1745107200,0,0.0
solid wood dining table,0,False,"Apr 20 – 26, 2025",1745107200,0,0.0
walnut dining table,0,False,"Apr 20 – 26, 2025",1745107200,0,0.0
live edge dining table,0,False,"Apr 20 – 26, 2025",1745107200,0,0.0
dining table,0,True,"Apr 27 – May 3, 2025",1745712000,25,0.8641
custom dining table,0,False,"Apr 27 – May 3, 2025",1745712000,0,0.0
solid wood dining table,0,False,"Apr 27 – May 3, 2025",1745712000,0,0.0
walnut dining table,0,False,"Apr 27 – May 3, 2025",1745712000,0,0.0
live edge dining table,0,False,"Apr 27 – May 3, 2025",1745712000,0,0.0
dining table,0,True,"May 4 – 10, 2025",1746316800,24,0.8296
custom dining table,0,False,"May 4 – 10, 2025",1746316800,0,0.0
solid wood dining table,0,False,"May 4 – 10, 2025",1746316800,1,0.0346
walnut dining table,0,False,"May 4 – 10, 2025",1746316800,0,0.0
live edge dining table,0,False,"May 4 – 10, 2025",1746316800,0,0.0
dining table,0,True,"May 11 – 17, 2025",1746921600,22,0.7604
custom dining table,0,False,"May 11 – 17, 2025",1746921600,0,0.0
solid wood dining table,0,False,"May 11 – 17, 2025",1746921600,1,0.0346
walnut dining table,0,False,"May 11 – 17, 2025",1746921600,0,0.0
live edge dining table,0,False,"May 11 – 17, 2025",1746921600,0,0.0
dining table,0,True,"May 18 – 24, 2025",1747526400,25,0.8641
custom dining table,0,False,"May 18 – 24, 2025",1747526400,0,0.0
solid wood dining table,0,False,"May 18 – 24, 2025",1747526400,1,0.0346
walnut dining table,0,False,"May 18 – 24, 2025",1747526400,0,0.0
live edge dining table,0,False,"May 18 – 24, 2025",1747526400,0,0.0
dining table,0,True,"May 25 – 31, 2025",1748131200,28,0.9678
custom dining table,0,False,"May 25 – 31, 2025",1748131200,0,0.0
solid wood dining table,0,False,"May 25 – 31, 2025",1748131200,1,0.0346
walnut dining table,0,False,"May 25 – 31, 2025",1748131200,0,0.0
live edge dining table,0,False,"May 25 – 31, 2025",1748131200,0,0.0
dining table,0,True,"Jun 1 – 7, 2025",1748736000,25,0.8641
custom dining table,0,False,"Jun 1 – 7, 2025",1748736000,0,0.0
solid wood dining table,0,False,"Jun 1 – 7, 2025",1748736000,0,0.0
walnut dining table,0,False,"Jun 1 – 7, 2025",1748736000,0,0.0
live edge dining table,0,False,"Jun 1 – 7, 2025",1748736000,0,0.0
dining table,0,True,"Jun 8 – 14, 2025",1749340800,23,0.795
custom dining table,0,False,"Jun 8 – 14, 2025",1749340800,0,0.0
solid wood dining table,0,False,"Jun 8 – 14, 2025",1749340800,1,0.0346
walnut dining table,0,False,"Jun 8 – 14, 2025",1749340800,0,0.0
live edge dining table,0,False,"Jun 8 – 14, 2025",1749340800,0,0.0
dining table,0,True,"Jun 15 – 21, 2025",1749945600,26,0.8987
custom dining table,0,False,"Jun 15 – 21, 2025",1749945600,0,0.0
solid wood dining table,0,False,"Jun 15 – 21, 2025",1749945600,0,0.0
walnut dining table,0,False,"Jun 15 – 21, 2025",1749945600,0,0.0
live edge dining table,0,False,"Jun 15 – 21, 2025",1749945600,0,0.0
dining table,0,True,"Jun 22 – 28, 2025",1750550400,26,0.8987
custom dining table,0,False,"Jun 22 – 28, 2025",1750550400,0,0.0
solid wood dining table,0,False,"Jun 22 – 28, 2025",1750550400,1,0.0346
walnut dining table,0,False,"Jun 22 – 28, 2025",1750550400,0,0.0
live edge dining table,0,False,"Jun 22 – 28, 2025",1750550400,0,0.0
dining table,0,True,"Jun 29 – Jul 5, 2025",1751155200,29,1.0024
custom dining table,0,False,"Jun 29 – Jul 5, 2025",1751155200,0,0.0
solid wood dining table,0,False,"Jun 29 – Jul 5, 2025",1751155200,1,0.0346
walnut dining table,0,False,"Jun 29 – Jul 5, 2025",1751155200,0,0.0
live edge dining table,0,False,"Jun 29 – Jul 5, 2025",1751155200,0,0.0
dining table,0,True,"Jul 6 – 12, 2025",1751760000,29,1.0024
custom dining table,0,False,"Jul 6 – 12, 2025",1751760000,0,0.0
solid wood dining table,0,False,"Jul 6 – 12, 2025",1751760000,0,0.0
walnut dining table,0,False,"Jul 6 – 12, 2025",1751760000,0,0.0
live edge dining table,0,False,"Jul 6 – 12, 2025",1751760000,0,0.0
dining table,0,True,"Jul 13 – 19, 2025",1752364800,30,1.0369
custom dining table,0,False,"Jul 13 – 19, 2025",1752364800,0,0.0
solid wood dining table,0,False,"Jul 13 – 19, 2025",1752364800,0,0.0
walnut dining table,0,False,"Jul 13 – 19, 2025",1752364800,1,0.0346
live edge dining table,0,False,"Jul 13 – 19, 2025",1752364800,0,0.0
dining table,0,True,"Jul 20 – 26, 2025",1752969600,28,0.9678
custom dining table,0,False,"Jul 20 – 26, 2025",1752969600,0,0.0
solid wood dining table,0,False,"Jul 20 – 26, 2025",1752969600,1,0.0346
walnut dining table,0,False,"Jul 20 – 26, 2025",1752969600,0,0.0
live edge dining table,0,False,"Jul 20 – 26, 2025",1752969600,0,0.0
dining table,0,True,"Jul 27 – Aug 2, 2025",1753574400,28,0.9678
custom dining table,0,False,"Jul 27 – Aug 2, 2025",1753574400,0,0.0
solid wood dining table,0,False,"Jul 27 – Aug 2, 2025",1753574400,1,0.0346
walnut dining table,0,False,"Jul 27 – Aug 2, 2025",1753574400,0,0.0
live edge dining table,0,False,"Jul 27 – Aug 2, 2025",1753574400,0,0.0
dining table,0,True,"Aug 3 – 9, 2025",1754179200,27,0.9332
custom dining table,0,False,"Aug 3 – 9, 2025",1754179200,0,0.0
solid wood dining table,0,False,"Aug 3 – 9, 2025",1754179200,1,0.0346
walnut dining table,0,False,"Aug 3 – 9, 2025",1754179200,1,0.0346
live edge dining table,0,False,"Aug 3 – 9, 2025",1754179200,0,0.0
dining table,0,True,"Aug 10 – 16, 2025",1754784000,28,0.9678
custom dining table,0,False,"Aug 10 – 16, 2025",1754784000,0,0.0
solid wood dining table,0,False,"Aug 10 – 16, 2025",1754784000,1,0.0346
walnut dining table,0,False,"Aug 10 – 16, 2025",1754784000,0,0.0
live edge dining table,0,False,"Aug 10 – 16, 2025",1754784000,0,0.0
dining table,0,True,"Aug 17 – 23, 2025",1755388800,26,0.8987
custom dining table,0,False,"Aug 17 – 23, 2025",1755388800,0,0.0
solid wood dining table,0,False,"Aug 17 – 23, 2025",1755388800,1,0.0346
walnut dining table,0,False,"Aug 17 – 23, 2025",1755388800,0,0.0
live edge dining table,0,False,"Aug 17 – 23, 2025",1755388800,0,0.0
dining table,0,True,"Aug 24 – 30, 2025",1755993600,30,1.0369
custom dining table,0,False,"Aug 24 – 30, 2025",1755993600,0,0.0
solid wood dining table,0,False,"Aug 24 – 30, 2025",1755993600,0,0.0
walnut dining table,0,False,"Aug 24 – 30, 2025",1755993600,0,0.0
live edge dining table,0,False,"Aug 24 – 30, 2025",1755993600,0,0.0
dining table,0,True,"Aug 31 – Sep 6, 2025",1756598400,29,1.0024
custom dining table,0,False,"Aug 31 – Sep 6, 2025",1756598400,0,0.0
solid wood dining table,0,False,"Aug 31 – Sep 6, 2025",1756598400,1,0.0346
walnut dining table,0,False,"Aug 31 – Sep 6, 2025",1756598400,1,0.0346
live edge dining table,0,False,"Aug 31 – Sep 6, 2025",1756598400,0,0.0
dining table,0,True,"Sep 7 – 13, 2025",1757203200,26,0.8987
custom dining table,0,False,"Sep 7 – 13, 2025",1757203200,0,0.0
solid wood dining table,0,False,"Sep 7 – 13, 2025",1757203200,1,0.0346
walnut dining table,0,False,"Sep 7 – 13, 2025",1757203200,1,0.0346
live edge dining table,0,False,"Sep 7 – 13, 2025",1757203200,0,0.0
dining table,0,True,"Sep 14 – 20, 2025",1757808000,24,0.8296
custom dining table,0,False,"Sep 14 – 20, 2025",1757808000,0,0.0
solid wood dining table,0,False,"Sep 14 – 20, 2025",1757808000,0,0.0
walnut dining table,0,False,"Sep 14 – 20, 2025",1757808000,0,0.0
live edge dining table,0,False,"Sep 14 – 20, 2025",1757808000,0,0.0
dining table,0,True,"Sep 21 – 27, 2025",1758412800,25,0.8641
custom dining table,0,False,"Sep 21 – 27, 2025",1758412800,0,0.0
solid wood dining table,0,False,"Sep 21 – 27, 2025",1758412800,0,0.0
walnut dining table,0,False,"Sep 21 – 27, 2025",1758412800,0,0.0
live edge dining table,0,False,"Sep 21 – 27, 2025",1758412800,0,0.0
dining table,0,True,"Sep 28 – Oct 4, 2025",1759017600,25,0.8641
custom dining table,0,False,"Sep 28 – Oct 4, 2025",1759017600,0,0.0
solid wood dining table,0,False,"Sep 28 – Oct 4, 2025",1759017600,0,0.0
walnut dining table,0,False,"Sep 28 – Oct 4, 2025",1759017600,0,0.0
live edge dining table,0,False,"Sep 28 – Oct 4, 2025",1759017600,0,0.0
dining table,0,True,"Oct 5 – 11, 2025",1759622400,25,0.8641
custom dining table,0,False,"Oct 5 – 11, 2025",1759622400,0,0.0
solid wood dining table,0,False,"Oct 5 – 11, 2025",1759622400,0,0.0
walnut dining table,0,False,"Oct 5 – 11, 2025",1759622400,0,0.0
live edge dining table,0,False,"Oct 5 – 11, 2025",1759622400,0,0.0
dining table,0,True,"Oct 12 – 18, 2025",1760227200,25,0.8641
custom dining table,0,False,"Oct 12 – 18, 2025",1760227200,0,0.0
solid wood dining table,0,False,"Oct 12 – 18, 2025",1760227200,1,0.0346
walnut dining table,0,False,"Oct 12 – 18, 2025",1760227200,0,0.0
live edge dining table,0,False,"Oct 12 – 18, 2025",1760227200,0,0.0
dining table,0,True,"Oct 19 – 25, 2025",1760832000,24,0.8296
custom dining table,0,False,"Oct 19 – 25, 2025",1760832000,0,0.0
solid wood dining table,0,False,"Oct 19 – 25, 2025",1760832000,1,0.0346
walnut dining table,0,False,"Oct 19 – 25, 2025",1760832000,0,0.0
live edge dining table,0,False,"Oct 19 – 25, 2025",1760832000,0,0.0
dining table,0,True,"Oct 26 – Nov 1, 2025",1761436800,23,0.795
custom dining table,0,False,"Oct 26 – Nov 1, 2025",1761436800,0,0.0
solid wood dining table,0,False,"Oct 26 – Nov 1, 2025",1761436800,1,0.0346
walnut dining table,0,False,"Oct 26 – Nov 1, 2025",1761436800,0,0.0
live edge dining table,0,False,"Oct 26 – Nov 1, 2025",1761436800,0,0.0
dining table,0,True,"Nov 2 – 8, 2025",1762041600,28,0.9678
custom dining table,0,False,"Nov 2 – 8, 2025",1762041600,0,0.0
solid wood dining table,0,False,"Nov 2 – 8, 2025",1762041600,1,0.0346
walnut dining table,0,False,"Nov 2 – 8, 2025",1762041600,1,0.0346
live edge dining table,0,False,"Nov 2 – 8, 2025",1762041600,0,0.0
dining table,0,True,"Nov 9 – 15, 2025",1762646400,31,1.0715
custom dining table,0,False,"Nov 9 – 15, 2025",1762646400,0,0.0
solid wood dining table,0,False,"Nov 9 – 15, 2025",1762646400,1,0.0346
walnut dining table,0,False,"Nov 9 – 15, 2025",1762646400,1,0.0346
live edge dining table,0,False,"Nov 9 – 15, 2025",1762646400,0,0.0
dining table,0,True,"Nov 16 – 22, 2025",1763251200,32,1.1061
custom dining table,0,False,"Nov 16 – 22, 2025",1763251200,0,0.0
solid wood dining table,0,False,"Nov 16 – 22, 2025",1763251200,1,0.0346
walnut dining table,0,False,"Nov 16 – 22, 2025",1763251200,0,0.0
live edge dining table,0,False,"Nov 16 – 22, 2025",1763251200,0,0.0
dining table,0,True,"Nov 23 – 29, 2025",1763856000,35,1.2098
custom dining table,0,False,"Nov 23 – 29, 2025",1763856000,0,0.0
solid wood dining table,0,False,"Nov 23 – 29, 2025",1763856000,1,0.0346
walnut dining table,0,False,"Nov 23 – 29, 2025",1763856000,1,0.0346
live edge dining table,0,False,"Nov 23 – 29, 2025",1763856000,0,0.0
dining table,0,True,"Nov 30 – Dec 6, 2025",1764460800,29,1.0024
custom dining table,0,False,"Nov 30 – Dec 6, 2025",1764460800,0,0.0
solid wood dining table,0,False,"Nov 30 – Dec 6, 2025",1764460800,1,0.0346
walnut dining table,0,False,"Nov 30 – Dec 6, 2025",1764460800,0,0.0
live edge dining table,0,False,"Nov 30 – Dec 6, 2025",1764460800,0,0.0
dining table,0,True,"Dec 7 – 13, 2025",1765065600,26,0.8987
custom dining table,0,False,"Dec 7 – 13, 2025",1765065600,0,0.0
solid wood dining table,0,False,"Dec 7 – 13, 2025",1765065600,0,0.0
walnut dining table,0,False,"Dec 7 – 13, 2025",1765065600,0,0.0
live edge dining table,0,False,"Dec 7 – 13, 2025",1765065600,0,0.0
dining table,0,True,"Dec 14 – 20, 2025",1765670400,22,0.7604
custom dining table,0,False,"Dec 14 – 20, 2025",1765670400,0,0.0
solid wood dining table,0,False,"Dec 14 – 20, 2025",1765670400,1,0.0346
walnut dining table,0,False,"Dec 14 – 20, 2025",1765670400,0,0.0
live edge dining table,0,False,"Dec 14 – 20, 2025",1765670400,0,0.0
dining table,0,True,"Dec 21 – 27, 2025",1766275200,25,0.8641
custom dining table,0,False,"Dec 21 – 27, 2025",1766275200,0,0.0
solid wood dining table,0,False,"Dec 21 – 27, 2025",1766275200,0,0.0
walnut dining table,0,False,"Dec 21 – 27, 2025",1766275200,1,0.0346
live edge dining table,0,False,"Dec 21 – 27, 2025",1766275200,0,0.0
dining table,0,True,"Dec 28, 2025 – Jan 3, 2026",1766880000,30,1.0369
custom dining table,0,False,"Dec 28, 2025 – Jan 3, 2026",1766880000,0,0.0
solid wood dining table,0,False,"Dec 28, 2025 – Jan 3, 2026",1766880000,1,0.0346
walnut dining table,0,False,"Dec 28, 2025 – Jan 3, 2026",1766880000,1,0.0346
live edge dining table,0,False,"Dec 28, 2025 – Jan 3, 2026",1766880000,0,0.0
dining table,0,True,"Jan 4 – 10, 2026",1767484800,28,0.9678
custom dining table,0,False,"Jan 4 – 10, 2026",1767484800,0,0.0
solid wood dining table,0,False,"Jan 4 – 10, 2026",1767484800,1,0.0346
walnut dining table,0,False,"Jan 4 – 10, 2026",1767484800,1,0.0346
live edge dining table,0,False,"Jan 4 – 10, 2026",1767484800,0,0.0
dining table,0,True,"Jan 11 – 17, 2026",1768089600,26,0.8987
custom dining table,0,False,"Jan 11 – 17, 2026",1768089600,0,0.0
solid wood dining table,0,False,"Jan 11 – 17, 2026",1768089600,0,0.0
walnut dining table,0,False,"Jan 11 – 17, 2026",1768089600,0,0.0
live edge dining table,0,False,"Jan 11 – 17, 2026",1768089600,0,0.0
dining table,0,True,"Jan 18 – 24, 2026",1768694400,26,0.8987
custom dining table,0,False,"Jan 18 – 24, 2026",1768694400,0,0.0
solid wood dining table,0,False,"Jan 18 – 24, 2026",1768694400,0,0.0
walnut dining table,0,False,"Jan 18 – 24, 2026",1768694400,0,0.0
live edge dining table,0,False,"Jan 18 – 24, 2026",1768694400,0,0.0
dining table,0,True,"Jan 25 – 31, 2026",1769299200,24,0.8296
custom dining table,0,False,"Jan 25 – 31, 2026",1769299200,0,0.0
solid wood dining table,0,False,"Jan 25 – 31, 2026",1769299200,1,0.0346
walnut dining table,0,False,"Jan 25 – 31, 2026",1769299200,0,0.0
live edge dining table,0,False,"Jan 25 – 31, 2026",1769299200,0,0.0
dining table,0,True,"Feb 1 – 7, 2026",1769904000,26,0.8987
custom dining table,0,False,"Feb 1 – 7, 2026",1769904000,0,0.0
solid wood dining table,0,False,"Feb 1 – 7, 2026",1769904000,0,0.0
walnut dining table,0,False,"Feb 1 – 7, 2026",1769904000,0,0.0
live edge dining table,0,False,"Feb 1 – 7, 2026",1769904000,0,0.0
dining table,0,True,"Feb 8 – 14, 2026",1770508800,33,1.1406
custom dining table,0,False,"Feb 8 – 14, 2026",1770508800,1,0.0346
solid wood dining table,0,False,"Feb 8 – 14, 2026",1770508800,1,0.0346
walnut dining table,0,False,"Feb 8 – 14, 2026",1770508800,1,0.0346
live edge dining table,0,False,"Feb 8 – 14, 2026",1770508800,0,0.0
dining table,0,True,"Feb 15 – 21, 2026",1771113600,36,1.2443
custom dining table,0,False,"Feb 15 – 21, 2026",1771113600,1,0.0346
solid wood dining table,0,False,"Feb 15 – 21, 2026",1771113600,1,0.0346
walnut dining table,0,False,"Feb 15 – 21, 2026",1771113600,0,0.0
live edge dining table,0,False,"Feb 15 – 21, 2026",1771113600,0,0.0
dining table,0,True,"Feb 22 – 28, 2026",1771718400,30,1.0369
custom dining table,0,False,"Feb 22 – 28, 2026",1771718400,0,0.0
solid wood dining table,0,False,"Feb 22 – 28, 2026",1771718400,1,0.0346
walnut dining table,0,False,"Feb 22 – 28, 2026",1771718400,1,0.0346
live edge dining table,0,False,"Feb 22 – 28, 2026",1771718400,0,0.0
dining table,0,True,"Mar 1 – 7, 2026",1772323200,26,0.8987
custom dining table,0,False,"Mar 1 – 7, 2026",1772323200,0,0.0
solid wood dining table,0,False,"Mar 1 – 7, 2026",1772323200,1,0.0346
walnut dining table,0,False,"Mar 1 – 7, 2026",1772323200,1,0.0346
live edge dining table,0,False,"Mar 1 – 7, 2026",1772323200,0,0.0
dining table,0,True,"Mar 8 – 14, 2026",1772928000,30,1.0369
custom dining table,0,False,"Mar 8 – 14, 2026",1772928000,0,0.0
solid wood dining table,0,False,"Mar 8 – 14, 2026",1772928000,1,0.0346
walnut dining table,0,False,"Mar 8 – 14, 2026",1772928000,1,0.0346
live edge dining table,0,False,"Mar 8 – 14, 2026",1772928000,0,0.0
dining table,0,True,"Mar 15 – 21, 2026",1773532800,35,1.2098
custom dining table,0,False,"Mar 15 – 21, 2026",1773532800,1,0.0346
solid wood dining table,0,False,"Mar 15 – 21, 2026",1773532800,1,0.0346
walnut dining table,0,False,"Mar 15 – 21, 2026",1773532800,1,0.0346
live edge dining table,0,False,"Mar 15 – 21, 2026",1773532800,0,0.0
dining table,0,True,"Mar 22 – 28, 2026",1774137600,50,1.7282
custom dining table,0,False,"Mar 22 – 28, 2026",1774137600,1,0.0346
solid wood dining table,0,False,"Mar 22 – 28, 2026",1774137600,2,0.0691
walnut dining table,0,False,"Mar 22 – 28, 2026",1774137600,1,0.0346
live edge dining table,0,False,"Mar 22 – 28, 2026",1774137600,0,0.0
dining table,0,True,"Mar 29 – Apr 4, 2026",1774742400,69,2.385
custom dining table,0,False,"Mar 29 – Apr 4, 2026",1774742400,3,0.1037
solid wood dining table,0,False,"Mar 29 – Apr 4, 2026",1774742400,3,0.1037
walnut dining table,0,False,"Mar 29 – Apr 4, 2026",1774742400,2,0.0691
live edge dining table,0,False,"Mar 29 – Apr 4, 2026",1774742400,0,0.0
dining table,0,True,"Apr 5 – 11, 2026",1775347200,82,2.8343
custom dining table,0,False,"Apr 5 – 11, 2026",1775347200,4,0.1383
solid wood dining table,0,False,"Apr 5 – 11, 2026",1775347200,6,0.2074
walnut dining table,0,False,"Apr 5 – 11, 2026",1775347200,3,0.1037
live edge dining table,0,False,"Apr 5 – 11, 2026",1775347200,1,0.0346
dining table,0,True,"Apr 12 – 18, 2026",1775952000,100,3.4565
custom dining table,0,False,"Apr 12 – 18, 2026",1775952000,5,0.1728
solid wood dining table,0,False,"Apr 12 – 18, 2026",1775952000,5,0.1728
walnut dining table,0,False,"Apr 12 – 18, 2026",1775952000,3,0.1037
live edge dining table,0,False,"Apr 12 – 18, 2026",1775952000,1,0.0346
dining table,0,True,"Apr 19 – 25, 2026",1776556800,82,2.8343
custom dining table,0,False,"Apr 19 – 25, 2026",1776556800,3,0.1037
solid wood dining table,0,False,"Apr 19 – 25, 2026",1776556800,4,0.1383
walnut dining table,0,False,"Apr 19 – 25, 2026",1776556800,2,0.0691
live edge dining table,0,False,"Apr 19 – 25, 2026",1776556800,0,0.0
dining table,0,True,"Apr 26 – May 2, 2026",1777161600,67,2.3158
custom dining table,0,False,"Apr 26 – May 2, 2026",1777161600,3,0.1037
solid wood dining table,0,False,"Apr 26 – May 2, 2026",1777161600,3,0.1037
walnut dining table,0,False,"Apr 26 – May 2, 2026",1777161600,2,0.0691
live edge dining table,0,False,"Apr 26 – May 2, 2026",1777161600,0,0.0
dining table,0,True,"May 3 – 9, 2026",1777766400,69,2.385
custom dining table,0,False,"May 3 – 9, 2026",1777766400,2,0.0691
solid wood dining table,0,False,"May 3 – 9, 2026",1777766400,3,0.1037
walnut dining table,0,False,"May 3 – 9, 2026",1777766400,2,0.0691
live edge dining table,0,False,"May 3 – 9, 2026",1777766400,0,0.0
dining table,0,True,"May 10 – 16, 2026",1778371200,78,2.696
custom dining table,0,False,"May 10 – 16, 2026",1778371200,3,0.1037
solid wood dining table,0,False,"May 10 – 16, 2026",1778371200,4,0.1383
walnut dining table,0,False,"May 10 – 16, 2026",1778371200,2,0.0691
live edge dining table,0,False,"May 10 – 16, 2026",1778371200,0,0.0
dining table,0,True,"May 17 – 23, 2026",1778976000,72,2.4887
custom dining table,0,False,"May 17 – 23, 2026",1778976000,4,0.1383
solid wood dining table,0,False,"May 17 – 23, 2026",1778976000,5,0.1728
walnut dining table,0,False,"May 17 – 23, 2026",1778976000,3,0.1037
live edge dining table,0,False,"May 17 – 23, 2026",1778976000,1,0.0346
dining table,0,True,"May 24 – 30, 2026",1779580800,54,1.8665
custom dining table,0,False,"May 24 – 30, 2026",1779580800,2,0.0691
solid wood dining table,0,False,"May 24 – 30, 2026",1779580800,2,0.0691
walnut dining table,0,False,"May 24 – 30, 2026",1779580800,2,0.0691
live edge dining table,0,False,"May 24 – 30, 2026",1779580800,0,0.0
dining table,0,True,"May 31 – Jun 6, 2026",1780185600,50,1.7282
custom dining table,0,False,"May 31 – Jun 6, 2026",1780185600,2,0.0691
solid wood dining table,0,False,"May 31 – Jun 6, 2026",1780185600,2,0.0691
walnut dining table,0,False,"May 31 – Jun 6, 2026",1780185600,1,0.0346
live edge dining table,0,False,"May 31 – Jun 6, 2026",1780185600,0,0.0
dining table,0,True,"Jun 7 – 13, 2026",1780790400,57,1.9702
custom dining table,0,False,"Jun 7 – 13, 2026",1780790400,2,0.0691
solid wood dining table,0,False,"Jun 7 – 13, 2026",1780790400,3,0.1037
walnut dining table,0,False,"Jun 7 – 13, 2026",1780790400,2,0.0691
live edge dining table,0,False,"Jun 7 – 13, 2026",1780790400,0,0.0
dining table,0,True,"Jun 14 – 20, 2026",1781395200,53,1.8319
custom dining table,0,False,"Jun 14 – 20, 2026",1781395200,2,0.0691
solid wood dining table,0,False,"Jun 14 – 20, 2026",1781395200,2,0.0691
walnut dining table,0,False,"Jun 14 – 20, 2026",1781395200,2,0.0691
live edge dining table,0,False,"Jun 14 – 20, 2026",1781395200,0,0.0
dining table,0,True,"Jun 21 – 27, 2026",1782000000,48,1.6591
custom dining table,0,False,"Jun 21 – 27, 2026",1782000000,2,0.0691
solid wood dining table,0,False,"Jun 21 – 27, 2026",1782000000,2,0.0691
walnut dining table,0,False,"Jun 21 – 27, 2026",1782000000,2,0.0691
live edge dining table,0,False,"Jun 21 – 27, 2026",1782000000,1,0.0346
dining table,0,True,"Jun 28 – Jul 4, 2026",1782604800,39,1.348
custom dining table,0,False,"Jun 28 – Jul 4, 2026",1782604800,1,0.0346
solid wood dining table,0,False,"Jun 28 – Jul 4, 2026",1782604800,1,0.0346
walnut dining table,0,False,"Jun 28 – Jul 4, 2026",1782604800,1,0.0346
live edge dining table,0,False,"Jun 28 – Jul 4, 2026",1782604800,0,0.0
dining table,0,True,"Jul 5 – 11, 2026",1783209600,34,1.1752
custom dining table,0,False,"Jul 5 – 11, 2026",1783209600,1,0.0346
solid wood dining table,0,False,"Jul 5 – 11, 2026",1783209600,1,0.0346
walnut dining table,0,False,"Jul 5 – 11, 2026",1783209600,1,0.0346
live edge dining table,0,False,"Jul 5 – 11, 2026",1783209600,0,0.0
dining table,0,True,"Jul 12 – 18, 2026",1783814400,27,0.9332
custom dining table,0,False,"Jul 12 – 18, 2026",1783814400,0,0.0
solid wood dining table,0,False,"Jul 12 – 18, 2026",1783814400,1,0.0346
walnut dining table,0,False,"Jul 12 – 18, 2026",1783814400,1,0.0346
live edge dining table,0,False,"Jul 12 – 18, 2026",1783814400,0,0.0
dining table,0,True,"Jul 19 – 25, 2026",1784419200,25,0.8641
custom dining table,0,False,"Jul 19 – 25, 2026",1784419200,0,0.0
solid wood dining table,0,False,"Jul 19 – 25, 2026",1784419200,1,0.0346
walnut dining table,0,False,"Jul 19 – 25, 2026",1784419200,1,0.0346
live edge dining table,0,False,"Jul 19 – 25, 2026",1784419200,0,0.0
dining table,0,True,"Jul 26 – Aug 1, 2026",1785024000,26,0.8987
custom dining table,0,False,"Jul 26 – Aug 1, 2026",1785024000,0,0.0
solid wood dining table,0,False,"Jul 26 – Aug 1, 2026",1785024000,1,0.0346
walnut dining table,0,False,"Jul 26 – Aug 1, 2026",1785024000,0,0.0
live edge dining table,0,False,"Jul 26 – Aug 1, 2026",1785024000,0,0.0
dining table,0,True,"Aug 2 – 8, 2026",1785628800,28,0.9678
custom dining table,0,False,"Aug 2 – 8, 2026",1785628800,0,0.0
solid wood dining table,0,False,"Aug 2 – 8, 2026",1785628800,1,0.0346
walnut dining table,0,False,"Aug 2 – 8, 2026",1785628800,1,0.0346
live edge dining table,0,False,"Aug 2 – 8, 2026",1785628800,0,0.0
dining table,0,True,"Aug 9 – 15, 2026",1786233600,27,0.9332
custom dining table,0,False,"Aug 9 – 15, 2026",1786233600,0,0.0
solid wood dining table,0,False,"Aug 9 – 15, 2026",1786233600,0,0.0
walnut dining table,0,False,"Aug 9 – 15, 2026",1786233600,0,0.0
live edge dining table,0,False,"Aug 9 – 15, 2026",1786233600,0,0.0
dining table,0,True,"Aug 16 – 22, 2026",1786838400,28,0.9678
custom dining table,0,False,"Aug 16 – 22, 2026",1786838400,0,0.0
solid wood dining table,0,False,"Aug 16 – 22, 2026",1786838400,1,0.0346
walnut dining table,0,False,"Aug 16 – 22, 2026",1786838400,1,0.0346
live edge dining table,0,False,"Aug 16 – 22, 2026",1786838400,0,0.0
dining table,0,True,"Aug 23 – 29, 2026",1787443200,25,0.8641
custom dining table,0,False,"Aug 23 – 29, 2026",1787443200,0,0.0
solid wood dining table,0,False,"Aug 23 – 29, 2026",1787443200,1,0.0346
walnut dining table,0,False,"Aug 23 – 29, 2026",1787443200,0,0.0
live edge dining table,0,False,"Aug 23 – 29, 2026",1787443200,0,0.0
dining table,1,True,"Aug 22 – 28, 2021",1629590400,30,1.0369
custom furniture,1,False,"Aug 22 – 28, 2021",1629590400,1,0.0346
handmade dining table,1,False,"Aug 22 – 28, 2021",1629590400,0,0.0
reclaimed wood dining table,1,False,"Aug 22 – 28, 2021",1629590400,0,0.0
custom wood desk,1,False,"Aug 22 – 28, 2021",1629590400,0,0.0
dining table,1,True,"Aug 29 – Sep 4, 2021",1630195200,31,1.0715
custom furniture,1,False,"Aug 29 – Sep 4, 2021",1630195200,1,0.0346
handmade dining table,1,False,"Aug 29 – Sep 4, 2021",1630195200,0,0.0
reclaimed wood dining table,1,False,"Aug 29 – Sep 4, 2021",1630195200,0,0.0
custom wood desk,1,False,"Aug 29 – Sep 4, 2021",1630195200,0,0.0
dining table,1,True,"Sep 5 – 11, 2021",1630800000,32,1.1061
custom furniture,1,False,"Sep 5 – 11, 2021",1630800000,1,0.0346
handmade dining table,1,False,"Sep 5 – 11, 2021",1630800000,0,0.0
reclaimed wood dining table,1,False,"Sep 5 – 11, 2021",1630800000,0,0.0
custom wood desk,1,False,"Sep 5 – 11, 2021",1630800000,0,0.0
dining table,1,True,"Sep 12 – 18, 2021",1631404800,31,1.0715
custom furniture,1,False,"Sep 12 – 18, 2021",1631404800,1,0.0346
handmade dining table,1,False,"Sep 12 – 18, 2021",1631404800,0,0.0
reclaimed wood dining table,1,False,"Sep 12 – 18, 2021",1631404800,0,0.0
custom wood desk,1,False,"Sep 12 – 18, 2021",1631404800,0,0.0
dining table,1,True,"Sep 19 – 25, 2021",1632009600,29,1.0024
custom furniture,1,False,"Sep 19 – 25, 2021",1632009600,1,0.0346
handmade dining table,1,False,"Sep 19 – 25, 2021",1632009600,0,0.0
reclaimed wood dining table,1,False,"Sep 19 – 25, 2021",1632009600,0,0.0
custom wood desk,1,False,"Sep 19 – 25, 2021",1632009600,0,0.0
dining table,1,True,"Sep 26 – Oct 2, 2021",1632614400,30,1.0369
custom furniture,1,False,"Sep 26 – Oct 2, 2021",1632614400,1,0.0346
handmade dining table,1,False,"Sep 26 – Oct 2, 2021",1632614400,0,0.0
reclaimed wood dining table,1,False,"Sep 26 – Oct 2, 2021",1632614400,0,0.0
custom wood desk,1,False,"Sep 26 – Oct 2, 2021",1632614400,0,0.0
dining table,1,True,"Oct 3 – 9, 2021",1633219200,30,1.0369
custom furniture,1,False,"Oct 3 – 9, 2021",1633219200,1,0.0346
handmade dining table,1,False,"Oct 3 – 9, 2021",1633219200,0,0.0
reclaimed wood dining table,1,False,"Oct 3 – 9, 2021",1633219200,0,0.0
custom wood desk,1,False,"Oct 3 – 9, 2021",1633219200,0,0.0
dining table,1,True,"Oct 10 – 16, 2021",1633824000,31,1.0715
custom furniture,1,False,"Oct 10 – 16, 2021",1633824000,1,0.0346
handmade dining table,1,False,"Oct 10 – 16, 2021",1633824000,0,0.0
reclaimed wood dining table,1,False,"Oct 10 – 16, 2021",1633824000,0,0.0
custom wood desk,1,False,"Oct 10 – 16, 2021",1633824000,0,0.0
dining table,1,True,"Oct 17 – 23, 2021",1634428800,29,1.0024
custom furniture,1,False,"Oct 17 – 23, 2021",1634428800,1,0.0346
handmade dining table,1,False,"Oct 17 – 23, 2021",1634428800,0,0.0
reclaimed wood dining table,1,False,"Oct 17 – 23, 2021",1634428800,0,0.0
custom wood desk,1,False,"Oct 17 – 23, 2021",1634428800,0,0.0
dining table,1,True,"Oct 24 – 30, 2021",1635033600,28,0.9678
custom furniture,1,False,"Oct 24 – 30, 2021",1635033600,1,0.0346
handmade dining table,1,False,"Oct 24 – 30, 2021",1635033600,0,0.0
reclaimed wood dining table,1,False,"Oct 24 – 30, 2021",1635033600,0,0.0
custom wood desk,1,False,"Oct 24 – 30, 2021",1635033600,0,0.0
dining table,1,True,"Oct 31 – Nov 6, 2021",1635638400,31,1.0715
custom furniture,1,False,"Oct 31 – Nov 6, 2021",1635638400,1,0.0346
handmade dining table,1,False,"Oct 31 – Nov 6, 2021",1635638400,0,0.0
reclaimed wood dining table,1,False,"Oct 31 – Nov 6, 2021",1635638400,0,0.0
custom wood desk,1,False,"Oct 31 – Nov 6, 2021",1635638400,0,0.0
dining table,1,True,"Nov 7 – 13, 2021",1636243200,34,1.1752
custom furniture,1,False,"Nov 7 – 13, 2021",1636243200,1,0.0346
handmade dining table,1,False,"Nov 7 – 13, 2021",1636243200,0,0.0
reclaimed wood dining table,1,False,"Nov 7 – 13, 2021",1636243200,0,0.0
custom wood desk,1,False,"Nov 7 – 13, 2021",1636243200,0,0.0
dining table,1,True,"Nov 14 – 20, 2021",1636848000,34,1.1752
custom furniture,1,False,"Nov 14 – 20, 2021",1636848000,1,0.0346
handmade dining table,1,False,"Nov 14 – 20, 2021",1636848000,0,0.0
reclaimed wood dining table,1,False,"Nov 14 – 20, 2021",1636848000,0,0.0
custom wood desk,1,False,"Nov 14 – 20, 2021",1636848000,0,0.0
dining table,1,True,"Nov 21 – 27, 2021",1637452800,37,1.2789
custom furniture,1,False,"Nov 21 – 27, 2021",1637452800,1,0.0346
handmade dining table,1,False,"Nov 21 – 27, 2021",1637452800,0,0.0
reclaimed wood dining table,1,False,"Nov 21 – 27, 2021",1637452800,0,0.0
custom wood desk,1,False,"Nov 21 – 27, 2021",1637452800,0,0.0
dining table,1,True,"Nov 28 – Dec 4, 2021",1638057600,33,1.1406
custom furniture,1,False,"Nov 28 – Dec 4, 2021",1638057600,1,0.0346
handmade dining table,1,False,"Nov 28 – Dec 4, 2021",1638057600,0,0.0
reclaimed wood dining table,1,False,"Nov 28 – Dec 4, 2021",1638057600,0,0.0
custom wood desk,1,False,"Nov 28 – Dec 4, 2021",1638057600,0,0.0
dining table,1,True,"Dec 5 – 11, 2021",1638662400,28,0.9678
custom furniture,1,False,"Dec 5 – 11, 2021",1638662400,1,0.0346
handmade dining table,1,False,"Dec 5 – 11, 2021",1638662400,0,0.0
reclaimed wood dining table,1,False,"Dec 5 – 11, 2021",1638662400,0,0.0
custom wood desk,1,False,"Dec 5 – 11, 2021",1638662400,0,0.0
dining table,1,True,"Dec 12 – 18, 2021",1639267200,22,0.7604
custom furniture,1,False,"Dec 12 – 18, 2021",1639267200,1,0.0346
handmade dining table,1,False,"Dec 12 – 18, 2021",1639267200,0,0.0
reclaimed wood dining table,1,False,"Dec 12 – 18, 2021",1639267200,0,0.0
custom wood desk,1,False,"Dec 12 – 18, 2021",1639267200,0,0.0
dining table,1,True,"Dec 19 – 25, 2021",1639872000,24,0.8296
custom furniture,1,False,"Dec 19 – 25, 2021",1639872000,1,0.0346
handmade dining table,1,False,"Dec 19 – 25, 2021",1639872000,0,0.0
reclaimed wood dining table,1,False,"Dec 19 – 25, 2021",1639872000,0,0.0
custom wood desk,1,False,"Dec 19 – 25, 2021",1639872000,0,0.0
dining table,1,True,"Dec 26, 2021 – Jan 1, 2022",1640476800,30,1.0369
custom furniture,1,False,"Dec 26, 2021 – Jan 1, 2022",1640476800,1,0.0346
handmade dining table,1,False,"Dec 26, 2021 – Jan 1, 2022",1640476800,0,0.0
reclaimed wood dining table,1,False,"Dec 26, 2021 – Jan 1, 2022",1640476800,0,0.0
custom wood desk,1,False,"Dec 26, 2021 – Jan 1, 2022",1640476800,0,0.0
dining table,1,True,"Jan 2 – 8, 2022",1641081600,33,1.1406
custom furniture,1,False,"Jan 2 – 8, 2022",1641081600,1,0.0346
handmade dining table,1,False,"Jan 2 – 8, 2022",1641081600,0,0.0
reclaimed wood dining table,1,False,"Jan 2 – 8, 2022",1641081600,0,0.0
custom wood desk,1,False,"Jan 2 – 8, 2022",1641081600,0,0.0
dining table,1,True,"Jan 9 – 15, 2022",1641686400,30,1.0369
custom furniture,1,False,"Jan 9 – 15, 2022",1641686400,2,0.0691
handmade dining table,1,False,"Jan 9 – 15, 2022",1641686400,0,0.0
reclaimed wood dining table,1,False,"Jan 9 – 15, 2022",1641686400,0,0.0
custom wood desk,1,False,"Jan 9 – 15, 2022",1641686400,0,0.0
dining table,1,True,"Jan 16 – 22, 2022",1642291200,33,1.1406
custom furniture,1,False,"Jan 16 – 22, 2022",1642291200,1,0.0346
handmade dining table,1,False,"Jan 16 – 22, 2022",1642291200,0,0.0
reclaimed wood dining table,1,False,"Jan 16 – 22, 2022",1642291200,0,0.0
custom wood desk,1,False,"Jan 16 – 22, 2022",1642291200,0,0.0
dining table,1,True,"Jan 23 – 29, 2022",1642896000,31,1.0715
custom furniture,1,False,"Jan 23 – 29, 2022",1642896000,1,0.0346
handmade dining table,1,False,"Jan 23 – 29, 2022",1642896000,0,0.0
reclaimed wood dining table,1,False,"Jan 23 – 29, 2022",1642896000,0,0.0
custom wood desk,1,False,"Jan 23 – 29, 2022",1642896000,0,0.0
dining table,1,True,"Jan 30 – Feb 5, 2022",1643500800,30,1.0369
custom furniture,1,False,"Jan 30 – Feb 5, 2022",1643500800,1,0.0346
handmade dining table,1,False,"Jan 30 – Feb 5, 2022",1643500800,0,0.0
reclaimed wood dining table,1,False,"Jan 30 – Feb 5, 2022",1643500800,0,0.0
custom wood desk,1,False,"Jan 30 – Feb 5, 2022",1643500800,0,0.0
dining table,1,True,"Feb 6 – 12, 2022",1644105600,30,1.0369
custom furniture,1,False,"Feb 6 – 12, 2022",1644105600,1,0.0346
handmade dining table,1,False,"Feb 6 – 12, 2022",1644105600,0,0.0
reclaimed wood dining table,1,False,"Feb 6 – 12, 2022",1644105600,0,0.0
custom wood desk,1,False,"Feb 6 – 12, 2022",1644105600,0,0.0
dining table,1,True,"Feb 13 – 19, 2022",1644710400,30,1.0369
custom furniture,1,False,"Feb 13 – 19, 2022",1644710400,1,0.0346
handmade dining table,1,False,"Feb 13 – 19, 2022",1644710400,0,0.0
reclaimed wood dining table,1,False,"Feb 13 – 19, 2022",1644710400,0,0.0
custom wood desk,1,False,"Feb 13 – 19, 2022",1644710400,0,0.0
dining table,1,True,"Feb 20 – 26, 2022",1645315200,33,1.1406
custom furniture,1,False,"Feb 20 – 26, 2022",1645315200,1,0.0346
handmade dining table,1,False,"Feb 20 – 26, 2022",1645315200,0,0.0
reclaimed wood dining table,1,False,"Feb 20 – 26, 2022",1645315200,0,0.0
custom wood desk,1,False,"Feb 20 – 26, 2022",1645315200,0,0.0
dining table,1,True,"Feb 27 – Mar 5, 2022",1645920000,31,1.0715
custom furniture,1,False,"Feb 27 – Mar 5, 2022",1645920000,1,0.0346
handmade dining table,1,False,"Feb 27 – Mar 5, 2022",1645920000,0,0.0
reclaimed wood dining table,1,False,"Feb 27 – Mar 5, 2022",1645920000,0,0.0
custom wood desk,1,False,"Feb 27 – Mar 5, 2022",1645920000,0,0.0
dining table,1,True,"Mar 6 – 12, 2022",1646524800,33,1.1406
custom furniture,1,False,"Mar 6 – 12, 2022",1646524800,1,0.0346
handmade dining table,1,False,"Mar 6 – 12, 2022",1646524800,0,0.0
reclaimed wood dining table,1,False,"Mar 6 – 12, 2022",1646524800,0,0.0
custom wood desk,1,False,"Mar 6 – 12, 2022",1646524800,0,0.0
dining table,1,True,"Mar 13 – 19, 2022",1647129600,33,1.1406
custom furniture,1,False,"Mar 13 – 19, 2022",1647129600,1,0.0346
handmade dining table,1,False,"Mar 13 – 19, 2022",1647129600,0,0.0
reclaimed wood dining table,1,False,"Mar 13 – 19, 2022",1647129600,0,0.0
custom wood desk,1,False,"Mar 13 – 19, 2022",1647129600,0,0.0
dining table,1,True,"Mar 20 – 26, 2022",1647734400,33,1.1406
custom furniture,1,False,"Mar 20 – 26, 2022",1647734400,1,0.0346
handmade dining table,1,False,"Mar 20 – 26, 2022",1647734400,0,0.0
reclaimed wood dining table,1,False,"Mar 20 – 26, 2022",1647734400,0,0.0
custom wood desk,1,False,"Mar 20 – 26, 2022",1647734400,0,0.0
dining table,1,True,"Mar 27 – Apr 2, 2022",1648339200,29,1.0024
custom furniture,1,False,"Mar 27 – Apr 2, 2022",1648339200,1,0.0346
handmade dining table,1,False,"Mar 27 – Apr 2, 2022",1648339200,0,0.0
reclaimed wood dining table,1,False,"Mar 27 – Apr 2, 2022",1648339200,0,0.0
custom wood desk,1,False,"Mar 27 – Apr 2, 2022",1648339200,0,0.0
dining table,1,True,"Apr 3 – 9, 2022",1648944000,30,1.0369
custom furniture,1,False,"Apr 3 – 9, 2022",1648944000,1,0.0346
handmade dining table,1,False,"Apr 3 – 9, 2022",1648944000,0,0.0
reclaimed wood dining table,1,False,"Apr 3 – 9, 2022",1648944000,0,0.0
custom wood desk,1,False,"Apr 3 – 9, 2022",1648944000,0,0.0
dining table,1,True,"Apr 10 – 16, 2022",1649548800,29,1.0024
custom furniture,1,False,"Apr 10 – 16, 2022",1649548800,1,0.0346
handmade dining table,1,False,"Apr 10 – 16, 2022",1649548800,0,0.0
reclaimed wood dining table,1,False,"Apr 10 – 16, 2022",1649548800,0,0.0
custom wood desk,1,False,"Apr 10 – 16, 2022",1649548800,0,0.0
dining table,1,True,"Apr 17 – 23, 2022",1650153600,29,1.0024
custom furniture,1,False,"Apr 17 – 23, 2022",1650153600,1,0.0346
handmade dining table,1,False,"Apr 17 – 23, 2022",1650153600,0,0.0
reclaimed wood dining table,1,False,"Apr 17 – 23, 2022",1650153600,0,0.0
custom wood desk,1,False,"Apr 17 – 23, 2022",1650153600,0,0.0
dining table,1,True,"Apr 24 – 30, 2022",1650758400,30,1.0369
custom furniture,1,False,"Apr 24 – 30, 2022",1650758400,1,0.0346
handmade dining table,1,False,"Apr 24 – 30, 2022",1650758400,0,0.0
reclaimed wood dining table,1,False,"Apr 24 – 30, 2022",1650758400,0,0.0
custom wood desk,1,False,"Apr 24 – 30, 2022",1650758400,0,0.0
dining table,1,True,"May 1 – 7, 2022",1651363200,29,1.0024
custom furniture,1,False,"May 1 – 7, 2022",1651363200,1,0.0346
handmade dining table,1,False,"May 1 – 7, 2022",1651363200,0,0.0
reclaimed wood dining table,1,False,"May 1 – 7, 2022",1651363200,0,0.0
custom wood desk,1,False,"May 1 – 7, 2022",1651363200,0,0.0
dining table,1,True,"May 8 – 14, 2022",1651968000,28,0.9678
custom furniture,1,False,"May 8 – 14, 2022",1651968000,1,0.0346
handmade dining table,1,False,"May 8 – 14, 2022",1651968000,0,0.0
reclaimed wood dining table,1,False,"May 8 – 14, 2022",1651968000,0,0.0
custom wood desk,1,False,"May 8 – 14, 2022",1651968000,0,0.0
dining table,1,True,"May 15 – 21, 2022",1652572800,29,1.0024
custom furniture,1,False,"May 15 – 21, 2022",1652572800,1,0.0346
handmade dining table,1,False,"May 15 – 21, 2022",1652572800,0,0.0
reclaimed wood dining table,1,False,"May 15 – 21, 2022",1652572800,0,0.0
custom wood desk,1,False,"May 15 – 21, 2022",1652572800,0,0.0
dining table,1,True,"May 22 – 28, 2022",1653177600,29,1.0024
custom furniture,1,False,"May 22 – 28, 2022",1653177600,1,0.0346
handmade dining table,1,False,"May 22 – 28, 2022",1653177600,0,0.0
reclaimed wood dining table,1,False,"May 22 – 28, 2022",1653177600,0,0.0
custom wood desk,1,False,"May 22 – 28, 2022",1653177600,0,0.0
dining table,1,True,"May 29 – Jun 4, 2022",1653782400,29,1.0024
custom furniture,1,False,"May 29 – Jun 4, 2022",1653782400,1,0.0346
handmade dining table,1,False,"May 29 – Jun 4, 2022",1653782400,1,0.0346
reclaimed wood dining table,1,False,"May 29 – Jun 4, 2022",1653782400,0,0.0
custom wood desk,1,False,"May 29 – Jun 4, 2022",1653782400,0,0.0
dining table,1,True,"Jun 5 – 11, 2022",1654387200,28,0.9678
custom furniture,1,False,"Jun 5 – 11, 2022",1654387200,1,0.0346
handmade dining table,1,False,"Jun 5 – 11, 2022",1654387200,0,0.0
reclaimed wood dining table,1,False,"Jun 5 – 11, 2022",1654387200,0,0.0
custom wood desk,1,False,"Jun 5 – 11, 2022",1654387200,0,0.0
dining table,1,True,"Jun 12 – 18, 2022",1654992000,26,0.8987
custom furniture,1,False,"Jun 12 – 18, 2022",1654992000,1,0.0346
handmade dining table,1,False,"Jun 12 – 18, 2022",1654992000,0,0.0
reclaimed wood dining table,1,False,"Jun 12 – 18, 2022",1654992000,0,0.0
custom wood desk,1,False,"Jun 12 – 18, 2022",1654992000,0,0.0
dining table,1,True,"Jun 19 – 25, 2022",1655596800,28,0.9678
custom furniture,1,False,"Jun 19 – 25, 2022",1655596800,1,0.0346
handmade dining table,1,False,"Jun 19 – 25, 2022",1655596800,0,0.0
reclaimed wood dining table,1,False,"Jun 19 – 25, 2022",1655596800,0,0.0
custom wood desk,1,False,"Jun 19 – 25, 2022",1655596800,0,0.0
dining table,1,True,"Jun 26 – Jul 2, 2022",1656201600,28,0.9678
custom furniture,1,False,"Jun 26 – Jul 2, 2022",1656201600,1,0.0346
handmade dining table,1,False,"Jun 26 – Jul 2, 2022",1656201600,0,0.0
reclaimed wood dining table,1,False,"Jun 26 – Jul 2, 2022",1656201600,0,0.0
custom wood desk,1,False,"Jun 26 – Jul 2, 2022",1656201600,0,0.0
dining table,1,True,"Jul 3 – 9, 2022",1656806400,30,1.0369
custom furniture,1,False,"Jul 3 – 9, 2022",1656806400,1,0.0346
handmade dining table,1,False,"Jul 3 – 9, 2022",1656806400,0,0.0
reclaimed wood dining table,1,False,"Jul 3 – 9, 2022",1656806400,0,0.0
custom wood desk,1,False,"Jul 3 – 9, 2022",1656806400,0,0.0
dining table,1,True,"Jul 10 – 16, 2022",1657411200,29,1.0024
custom furniture,1,False,"Jul 10 – 16, 2022",1657411200,1,0.0346
handmade dining table,1,False,"Jul 10 – 16, 2022",1657411200,0,0.0
reclaimed wood dining table,1,False,"Jul 10 – 16, 2022",1657411200,0,0.0
custom wood desk,1,False,"Jul 10 – 16, 2022",1657411200,0,0.0
dining table,1,True,"Jul 17 – 23, 2022",1658016000,29,1.0024
custom furniture,1,False,"Jul 17 – 23, 2022",1658016000,1,0.0346
handmade dining table,1,False,"Jul 17 – 23, 2022",1658016000,0,0.0
reclaimed wood dining table,1,False,"Jul 17 – 23, 2022",1658016000,0,0.0
custom wood desk,1,False,"Jul 17 – 23, 2022",1658016000,0,0.0
dining table,1,True,"Jul 24 – 30, 2022",1658620800,29,1.0024
custom furniture,1,False,"Jul 24 – 30, 2022",1658620800,1,0.0346
handmade dining table,1,False,"Jul 24 – 30, 2022",1658620800,0,0.0
reclaimed wood dining table,1,False,"Jul 24 – 30, 2022",1658620800,0,0.0
custom wood desk,1,False,"Jul 24 – 30, 2022",1658620800,0,0.0
dining table,1,True,"Jul 31 – Aug 6, 2022",1659225600,31,1.0715
custom furniture,1,False,"Jul 31 – Aug 6, 2022",1659225600,1,0.0346
handmade dining table,1,False,"Jul 31 – Aug 6, 2022",1659225600,0,0.0
reclaimed wood dining table,1,False,"Jul 31 – Aug 6, 2022",1659225600,0,0.0
custom wood desk,1,False,"Jul 31 – Aug 6, 2022",1659225600,0,0.0
dining table,1,True,"Aug 7 – 13, 2022",1659830400,28,0.9678
custom furniture,1,False,"Aug 7 – 13, 2022",1659830400,1,0.0346
handmade dining table,1,False,"Aug 7 – 13, 2022",1659830400,0,0.0
reclaimed wood dining table,1,False,"Aug 7 – 13, 2022",1659830400,0,0.0
custom wood desk,1,False,"Aug 7 – 13, 2022",1659830400,0,0.0
dining table,1,True,"Aug 14 – 20, 2022",1660435200,28,0.9678
custom furniture,1,False,"Aug 14 – 20, 2022",1660435200,1,0.0346
handmade dining table,1,False,"Aug 14 – 20, 2022",1660435200,0,0.0
reclaimed wood dining table,1,False,"Aug 14 – 20, 2022",1660435200,0,0.0
custom wood desk,1,False,"Aug 14 – 20, 2022",1660435200,0,0.0
dining table,1,True,"Aug 21 – 27, 2022",1661040000,27,0.9332
custom furniture,1,False,"Aug 21 – 27, 2022",1661040000,1,0.0346
handmade dining table,1,False,"Aug 21 – 27, 2022",1661040000,0,0.0
reclaimed wood dining table,1,False,"Aug 21 – 27, 2022",1661040000,0,0.0
custom wood desk,1,False,"Aug 21 – 27, 2022",1661040000,0,0.0
dining table,1,True,"Aug 28 – Sep 3, 2022",1661644800,28,0.9678
custom furniture,1,False,"Aug 28 – Sep 3, 2022",1661644800,1,0.0346
handmade dining table,1,False,"Aug 28 – Sep 3, 2022",1661644800,0,0.0
reclaimed wood dining table,1,False,"Aug 28 – Sep 3, 2022",1661644800,0,0.0
custom wood desk,1,False,"Aug 28 – Sep 3, 2022",1661644800,0,0.0
dining table,1,True,"Sep 4 – 10, 2022",1662249600,29,1.0024
custom furniture,1,False,"Sep 4 – 10, 2022",1662249600,1,0.0346
handmade dining table,1,False,"Sep 4 – 10, 2022",1662249600,0,0.0
reclaimed wood dining table,1,False,"Sep 4 – 10, 2022",1662249600,0,0.0
custom wood desk,1,False,"Sep 4 – 10, 2022",1662249600,0,0.0
dining table,1,True,"Sep 11 – 17, 2022",1662854400,26,0.8987
custom furniture,1,False,"Sep 11 – 17, 2022",1662854400,1,0.0346
handmade dining table,1,False,"Sep 11 – 17, 2022",1662854400,0,0.0
reclaimed wood dining table,1,False,"Sep 11 – 17, 2022",1662854400,0,0.0
custom wood desk,1,False,"Sep 11 – 17, 2022",1662854400,0,0.0
dining table,1,True,"Sep 18 – 24, 2022",1663459200,25,0.8641
custom furniture,1,False,"Sep 18 – 24, 2022",1663459200,1,0.0346
handmade dining table,1,False,"Sep 18 – 24, 2022",1663459200,0,0.0
reclaimed wood dining table,1,False,"Sep 18 – 24, 2022",1663459200,0,0.0
custom wood desk,1,False,"Sep 18 – 24, 2022",1663459200,0,0.0
dining table,1,True,"Sep 25 – Oct 1, 2022",1664064000,26,0.8987
custom furniture,1,False,"Sep 25 – Oct 1, 2022",1664064000,1,0.0346
handmade dining table,1,False,"Sep 25 – Oct 1, 2022",1664064000,0,0.0
reclaimed wood dining table,1,False,"Sep 25 – Oct 1, 2022",1664064000,0,0.0
custom wood desk,1,False,"Sep 25 – Oct 1, 2022",1664064000,0,0.0
dining table,1,True,"Oct 2 – 8, 2022",1664668800,25,0.8641
custom furniture,1,False,"Oct 2 – 8, 2022",1664668800,1,0.0346
handmade dining table,1,False,"Oct 2 – 8, 2022",1664668800,0,0.0
reclaimed wood dining table,1,False,"Oct 2 – 8, 2022",1664668800,0,0.0
custom wood desk,1,False,"Oct 2 – 8, 2022",1664668800,0,0.0
dining table,1,True,"Oct 9 – 15, 2022",1665273600,26,0.8987
custom furniture,1,False,"Oct 9 – 15, 2022",1665273600,1,0.0346
handmade dining table,1,False,"Oct 9 – 15, 2022",1665273600,0,0.0
reclaimed wood dining table,1,False,"Oct 9 – 15, 2022",1665273600,0,0.0
custom wood desk,1,False,"Oct 9 – 15, 2022",1665273600,0,0.0
dining table,1,True,"Oct 16 – 22, 2022",1665878400,26,0.8987
custom furniture,1,False,"Oct 16 – 22, 2022",1665878400,1,0.0346
handmade dining table,1,False,"Oct 16 – 22, 2022",1665878400,0,0.0
reclaimed wood dining table,1,False,"Oct 16 – 22, 2022",1665878400,0,0.0
custom wood desk,1,False,"Oct 16 – 22, 2022",1665878400,0,0.0
dining table,1,True,"Oct 23 – 29, 2022",1666483200,26,0.8987
custom furniture,1,False,"Oct 23 – 29, 2022",1666483200,1,0.0346
handmade dining table,1,False,"Oct 23 – 29, 2022",1666483200,0,0.0
reclaimed wood dining table,1,False,"Oct 23 – 29, 2022",1666483200,0,0.0
custom wood desk,1,False,"Oct 23 – 29, 2022",1666483200,0,0.0
dining table,1,True,"Oct 30 – Nov 5, 2022",1667088000,24,0.8296
custom furniture,1,False,"Oct 30 – Nov 5, 2022",1667088000,1,0.0346
handmade dining table,1,False,"Oct 30 – Nov 5, 2022",1667088000,0,0.0
reclaimed wood dining table,1,False,"Oct 30 – Nov 5, 2022",1667088000,0,0.0
custom wood desk,1,False,"Oct 30 – Nov 5, 2022",1667088000,0,0.0
dining table,1,True,"Nov 6 – 12, 2022",1667692800,29,1.0024
custom furniture,1,False,"Nov 6 – 12, 2022",1667692800,1,0.0346
handmade dining table,1,False,"Nov 6 – 12, 2022",1667692800,0,0.0
reclaimed wood dining table,1,False,"Nov 6 – 12, 2022",1667692800,0,0.0
custom wood desk,1,False,"Nov 6 – 12, 2022",1667692800,0,0.0
dining table,1,True,"Nov 13 – 19, 2022",1668297600,28,0.9678
custom furniture,1,False,"Nov 13 – 19, 2022",1668297600,1,0.0346
handmade dining table,1,False,"Nov 13 – 19, 2022",1668297600,0,0.0
reclaimed wood dining table,1,False,"Nov 13 – 19, 2022",1668297600,0,0.0
custom wood desk,1,False,"Nov 13 – 19, 2022",1668297600,0,0.0
dining table,1,True,"Nov 20 – 26, 2022",1668902400,34,1.1752
custom furniture,1,False,"Nov 20 – 26, 2022",1668902400,1,0.0346
handmade dining table,1,False,"Nov 20 – 26, 2022",1668902400,0,0.0
reclaimed wood dining table,1,False,"Nov 20 – 26, 2022",1668902400,0,0.0
custom wood desk,1,False,"Nov 20 – 26, 2022",1668902400,0,0.0
dining table,1,True,"Nov 27 – Dec 3, 2022",1669507200,26,0.8987
custom furniture,1,False,"Nov 27 – Dec 3, 2022",1669507200,1,0.0346
handmade dining table,1,False,"Nov 27 – Dec 3, 2022",1669507200,0,0.0
reclaimed wood dining table,1,False,"Nov 27 – Dec 3, 2022",1669507200,0,0.0
custom wood desk,1,False,"Nov 27 – Dec 3, 2022",1669507200,0,0.0
dining table,1,True,"Dec 4 – 10, 2022",1670112000,23,0.795
custom furniture,1,False,"Dec 4 – 10, 2022",1670112000,1,0.0346
handmade dining table,1,False,"Dec 4 – 10, 2022",1670112000,0,0.0
reclaimed wood dining table,1,False,"Dec 4 – 10, 2022",1670112000,0,0.0
custom wood desk,1,False,"Dec 4 – 10, 2022",1670112000,0,0.0
dining table,1,True,"Dec 11 – 17, 2022",1670716800,23,0.795
custom furniture,1,False,"Dec 11 – 17, 2022",1670716800,1,0.0346
handmade dining table,1,False,"Dec 11 – 17, 2022",1670716800,0,0.0
reclaimed wood dining table,1,False,"Dec 11 – 17, 2022",1670716800,0,0.0
custom wood desk,1,False,"Dec 11 – 17, 2022",1670716800,0,0.0
dining table,1,True,"Dec 18 – 24, 2022",1671321600,21,0.7259
custom furniture,1,False,"Dec 18 – 24, 2022",1671321600,0,0.0
handmade dining table,1,False,"Dec 18 – 24, 2022",1671321600,0,0.0
reclaimed wood dining table,1,False,"Dec 18 – 24, 2022",1671321600,0,0.0
custom wood desk,1,False,"Dec 18 – 24, 2022",1671321600,0,0.0
dining table,1,True,"Dec 25 – 31, 2022",1671926400,28,0.9678
custom furniture,1,False,"Dec 25 – 31, 2022",1671926400,1,0.0346
handmade dining table,1,False,"Dec 25 – 31, 2022",1671926400,0,0.0
reclaimed wood dining table,1,False,"Dec 25 – 31, 2022",1671926400,0,0.0
custom wood desk,1,False,"Dec 25 – 31, 2022",1671926400,0,0.0
dining table,1,True,"Jan 1 – 7, 2023",1672531200,29,1.0024
custom furniture,1,False,"Jan 1 – 7, 2023",1672531200,1,0.0346
handmade dining table,1,False,"Jan 1 – 7, 2023",1672531200,0,0.0
reclaimed wood dining table,1,False,"Jan 1 – 7, 2023",1672531200,0,0.0
custom wood desk,1,False,"Jan 1 – 7, 2023",1672531200,0,0.0
dining table,1,True,"Jan 8 – 14, 2023",1673136000,26,0.8987
custom furniture,1,False,"Jan 8 – 14, 2023",1673136000,1,0.0346
handmade dining table,1,False,"Jan 8 – 14, 2023",1673136000,0,0.0
reclaimed wood dining table,1,False,"Jan 8 – 14, 2023",1673136000,0,0.0
custom wood desk,1,False,"Jan 8 – 14, 2023",1673136000,0,0.0
dining table,1,True,"Jan 15 – 21, 2023",1673740800,25,0.8641
custom furniture,1,False,"Jan 15 – 21, 2023",1673740800,1,0.0346
handmade dining table,1,False,"Jan 15 – 21, 2023",1673740800,0,0.0
reclaimed wood dining table,1,False,"Jan 15 – 21, 2023",1673740800,0,0.0
custom wood desk,1,False,"Jan 15 – 21, 2023",1673740800,0,0.0
dining table,1,True,"Jan 22 – 28, 2023",1674345600,25,0.8641
custom furniture,1,False,"Jan 22 – 28, 2023",1674345600,1,0.0346
handmade dining table,1,False,"Jan 22 – 28, 2023",1674345600,0,0.0
reclaimed wood dining table,1,False,"Jan 22 – 28, 2023",1674345600,0,0.0
custom wood desk,1,False,"Jan 22 – 28, 2023",1674345600,0,0.0
dining table,1,True,"Jan 29 – Feb 4, 2023",1674950400,24,0.8296
custom furniture,1,False,"Jan 29 – Feb 4, 2023",1674950400,1,0.0346
handmade dining table,1,False,"Jan 29 – Feb 4, 2023",1674950400,0,0.0
reclaimed wood dining table,1,False,"Jan 29 – Feb 4, 2023",1674950400,0,0.0
custom wood desk,1,False,"Jan 29 – Feb 4, 2023",1674950400,0,0.0
dining table,1,True,"Feb 5 – 11, 2023",1675555200,26,0.8987
custom furniture,1,False,"Feb 5 – 11, 2023",1675555200,1,0.0346
handmade dining table,1,False,"Feb 5 – 11, 2023",1675555200,0,0.0
reclaimed wood dining table,1,False,"Feb 5 – 11, 2023",1675555200,0,0.0
custom wood desk,1,False,"Feb 5 – 11, 2023",1675555200,0,0.0
dining table,1,True,"Feb 12 – 18, 2023",1676160000,23,0.795
custom furniture,1,False,"Feb 12 – 18, 2023",1676160000,1,0.0346
handmade dining table,1,False,"Feb 12 – 18, 2023",1676160000,0,0.0
reclaimed wood dining table,1,False,"Feb 12 – 18, 2023",1676160000,0,0.0
custom wood desk,1,False,"Feb 12 – 18, 2023",1676160000,0,0.0
dining table,1,True,"Feb 19 – 25, 2023",1676764800,28,0.9678
custom furniture,1,False,"Feb 19 – 25, 2023",1676764800,1,0.0346
handmade dining table,1,False,"Feb 19 – 25, 2023",1676764800,0,0.0
reclaimed wood dining table,1,False,"Feb 19 – 25, 2023",1676764800,0,0.0
custom wood desk,1,False,"Feb 19 – 25, 2023",1676764800,0,0.0
dining table,1,True,"Feb 26 – Mar 4, 2023",1677369600,24,0.8296
custom furniture,1,False,"Feb 26 – Mar 4, 2023",1677369600,1,0.0346
handmade dining table,1,False,"Feb 26 – Mar 4, 2023",1677369600,0,0.0
reclaimed wood dining table,1,False,"Feb 26 – Mar 4, 2023",1677369600,0,0.0
custom wood desk,1,False,"Feb 26 – Mar 4, 2023",1677369600,0,0.0
dining table,1,True,"Mar 5 – 11, 2023",1677974400,25,0.8641
custom furniture,1,False,"Mar 5 – 11, 2023",1677974400,1,0.0346
handmade dining table,1,False,"Mar 5 – 11, 2023",1677974400,0,0.0
reclaimed wood dining table,1,False,"Mar 5 – 11, 2023",1677974400,0,0.0
custom wood desk,1,False,"Mar 5 – 11, 2023",1677974400,0,0.0
dining table,1,True,"Mar 12 – 18, 2023",1678579200,24,0.8296
custom furniture,1,False,"Mar 12 – 18, 2023",1678579200,1,0.0346
handmade dining table,1,False,"Mar 12 – 18, 2023",1678579200,0,0.0
reclaimed wood dining table,1,False,"Mar 12 – 18, 2023",1678579200,0,0.0
custom wood desk,1,False,"Mar 12 – 18, 2023",1678579200,0,0.0
dining table,1,True,"Mar 19 – 25, 2023",1679184000,25,0.8641
custom furniture,1,False,"Mar 19 – 25, 2023",1679184000,1,0.0346
handmade dining table,1,False,"Mar 19 – 25, 2023",1679184000,0,0.0
reclaimed wood dining table,1,False,"Mar 19 – 25, 2023",1679184000,0,0.0
custom wood desk,1,False,"Mar 19 – 25, 2023",1679184000,0,0.0
dining table,1,True,"Mar 26 – Apr 1, 2023",1679788800,24,0.8296
custom furniture,1,False,"Mar 26 – Apr 1, 2023",1679788800,1,0.0346
handmade dining table,1,False,"Mar 26 – Apr 1, 2023",1679788800,0,0.0
reclaimed wood dining table,1,False,"Mar 26 – Apr 1, 2023",1679788800,0,0.0
custom wood desk,1,False,"Mar 26 – Apr 1, 2023",1679788800,0,0.0
dining table,1,True,"Apr 2 – 8, 2023",1680393600,25,0.8641
custom furniture,1,False,"Apr 2 – 8, 2023",1680393600,1,0.0346
handmade dining table,1,False,"Apr 2 – 8, 2023",1680393600,0,0.0
reclaimed wood dining table,1,False,"Apr 2 – 8, 2023",1680393600,0,0.0
custom wood desk,1,False,"Apr 2 – 8, 2023",1680393600,0,0.0
dining table,1,True,"Apr 9 – 15, 2023",1680998400,24,0.8296
custom furniture,1,False,"Apr 9 – 15, 2023",1680998400,1,0.0346
handmade dining table,1,False,"Apr 9 – 15, 2023",1680998400,0,0.0
reclaimed wood dining table,1,False,"Apr 9 – 15, 2023",1680998400,0,0.0
custom wood desk,1,False,"Apr 9 – 15, 2023",1680998400,0,0.0
dining table,1,True,"Apr 16 – 22, 2023",1681603200,24,0.8296
custom furniture,1,False,"Apr 16 – 22, 2023",1681603200,1,0.0346
handmade dining table,1,False,"Apr 16 – 22, 2023",1681603200,0,0.0
reclaimed wood dining table,1,False,"Apr 16 – 22, 2023",1681603200,0,0.0
custom wood desk,1,False,"Apr 16 – 22, 2023",1681603200,0,0.0
dining table,1,True,"Apr 23 – 29, 2023",1682208000,24,0.8296
custom furniture,1,False,"Apr 23 – 29, 2023",1682208000,1,0.0346
handmade dining table,1,False,"Apr 23 – 29, 2023",1682208000,0,0.0
reclaimed wood dining table,1,False,"Apr 23 – 29, 2023",1682208000,0,0.0
custom wood desk,1,False,"Apr 23 – 29, 2023",1682208000,0,0.0
dining table,1,True,"Apr 30 – May 6, 2023",1682812800,25,0.8641
custom furniture,1,False,"Apr 30 – May 6, 2023",1682812800,1,0.0346
handmade dining table,1,False,"Apr 30 – May 6, 2023",1682812800,0,0.0
reclaimed wood dining table,1,False,"Apr 30 – May 6, 2023",1682812800,0,0.0
custom wood desk,1,False,"Apr 30 – May 6, 2023",1682812800,0,0.0
dining table,1,True,"May 7 – 13, 2023",1683417600,24,0.8296
custom furniture,1,False,"May 7 – 13, 2023",1683417600,1,0.0346
handmade dining table,1,False,"May 7 – 13, 2023",1683417600,0,0.0
reclaimed wood dining table,1,False,"May 7 – 13, 2023",1683417600,0,0.0
custom wood desk,1,False,"May 7 – 13, 2023",1683417600,0,0.0
dining table,1,True,"May 14 – 20, 2023",1684022400,25,0.8641
custom furniture,1,False,"May 14 – 20, 2023",1684022400,1,0.0346
handmade dining table,1,False,"May 14 – 20, 2023",1684022400,0,0.0
reclaimed wood dining table,1,False,"May 14 – 20, 2023",1684022400,0,0.0
custom wood desk,1,False,"May 14 – 20, 2023",1684022400,0,0.0
dining table,1,True,"May 21 – 27, 2023",1684627200,25,0.8641
custom furniture,1,False,"May 21 – 27, 2023",1684627200,1,0.0346
handmade dining table,1,False,"May 21 – 27, 2023",1684627200,0,0.0
reclaimed wood dining table,1,False,"May 21 – 27, 2023",1684627200,0,0.0
custom wood desk,1,False,"May 21 – 27, 2023",1684627200,0,0.0
dining table,1,True,"May 28 – Jun 3, 2023",1685232000,28,0.9678
custom furniture,1,False,"May 28 – Jun 3, 2023",1685232000,1,0.0346
handmade dining table,1,False,"May 28 – Jun 3, 2023",1685232000,0,0.0
reclaimed wood dining table,1,False,"May 28 – Jun 3, 2023",1685232000,0,0.0
custom wood desk,1,False,"May 28 – Jun 3, 2023",1685232000,0,0.0
dining table,1,True,"Jun 4 – 10, 2023",1685836800,26,0.8987
custom furniture,1,False,"Jun 4 – 10, 2023",1685836800,1,0.0346
handmade dining table,1,False,"Jun 4 – 10, 2023",1685836800,0,0.0
reclaimed wood dining table,1,False,"Jun 4 – 10, 2023",1685836800,0,0.0
custom wood desk,1,False,"Jun 4 – 10, 2023",1685836800,0,0.0
dining table,1,True,"Jun 11 – 17, 2023",1686441600,26,0.8987
custom furniture,1,False,"Jun 11 – 17, 2023",1686441600,1,0.0346
handmade dining table,1,False,"Jun 11 – 17, 2023",1686441600,0,0.0
reclaimed wood dining table,1,False,"Jun 11 – 17, 2023",1686441600,0,0.0
custom wood desk,1,False,"Jun 11 – 17, 2023",1686441600,0,0.0
dining table,1,True,"Jun 18 – 24, 2023",1687046400,26,0.8987
custom furniture,1,False,"Jun 18 – 24, 2023",1687046400,1,0.0346
handmade dining table,1,False,"Jun 18 – 24, 2023",1687046400,0,0.0
reclaimed wood dining table,1,False,"Jun 18 – 24, 2023",1687046400,0,0.0
custom wood desk,1,False,"Jun 18 – 24, 2023",1687046400,0,0.0
dining table,1,True,"Jun 25 – Jul 1, 2023",1687651200,26,0.8987
custom furniture,1,False,"Jun 25 – Jul 1, 2023",1687651200,1,0.0346
handmade dining table,1,False,"Jun 25 – Jul 1, 2023",1687651200,0,0.0
reclaimed wood dining table,1,False,"Jun 25 – Jul 1, 2023",1687651200,0,0.0
custom wood desk,1,False,"Jun 25 – Jul 1, 2023",1687651200,0,0.0
dining table,1,True,"Jul 2 – 8, 2023",1688256000,28,0.9678
custom furniture,1,False,"Jul 2 – 8, 2023",1688256000,1,0.0346
handmade dining table,1,False,"Jul 2 – 8, 2023",1688256000,0,0.0
reclaimed wood dining table,1,False,"Jul 2 – 8, 2023",1688256000,0,0.0
custom wood desk,1,False,"Jul 2 – 8, 2023",1688256000,0,0.0
dining table,1,True,"Jul 9 – 15, 2023",1688860800,27,0.9332
custom furniture,1,False,"Jul 9 – 15, 2023",1688860800,1,0.0346
handmade dining table,1,False,"Jul 9 – 15, 2023",1688860800,0,0.0
reclaimed wood dining table,1,False,"Jul 9 – 15, 2023",1688860800,0,0.0
custom wood desk,1,False,"Jul 9 – 15, 2023",1688860800,0,0.0
dining table,1,True,"Jul 16 – 22, 2023",1689465600,26,0.8987
custom furniture,1,False,"Jul 16 – 22, 2023",1689465600,1,0.0346
handmade dining table,1,False,"Jul 16 – 22, 2023",1689465600,0,0.0
reclaimed wood dining table,1,False,"Jul 16 – 22, 2023",1689465600,0,0.0
custom wood desk,1,False,"Jul 16 – 22, 2023",1689465600,0,0.0
dining table,1,True,"Jul 23 – 29, 2023",1690070400,26,0.8987
custom furniture,1,False,"Jul 23 – 29, 2023",1690070400,1,0.0346
handmade dining table,1,False,"Jul 23 – 29, 2023",1690070400,0,0.0
reclaimed wood dining table,1,False,"Jul 23 – 29, 2023",1690070400,0,0.0
custom wood desk,1,False,"Jul 23 – 29, 2023",1690070400,0,0.0
dining table,1,True,"Jul 30 – Aug 5, 2023",1690675200,24,0.8296
custom furniture,1,False,"Jul 30 – Aug 5, 2023",1690675200,1,0.0346
handmade dining table,1,False,"Jul 30 – Aug 5, 2023",1690675200,0,0.0
reclaimed wood dining table,1,False,"Jul 30 – Aug 5, 2023",1690675200,0,0.0
custom wood desk,1,False,"Jul 30 – Aug 5, 2023",1690675200,0,0.0
dining table,1,True,"Aug 6 – 12, 2023",1691280000,24,0.8296
custom furniture,1,False,"Aug 6 – 12, 2023",1691280000,1,0.0346
handmade dining table,1,False,"Aug 6 – 12, 2023",1691280000,0,0.0
reclaimed wood dining table,1,False,"Aug 6 – 12, 2023",1691280000,0,0.0
custom wood desk,1,False,"Aug 6 – 12, 2023",1691280000,0,0.0
dining table,1,True,"Aug 13 – 19, 2023",1691884800,25,0.8641
custom furniture,1,False,"Aug 13 – 19, 2023",1691884800,1,0.0346
handmade dining table,1,False,"Aug 13 – 19, 2023",1691884800,0,0.0
reclaimed wood dining table,1,False,"Aug 13 – 19, 2023",1691884800,0,0.0
custom wood desk,1,False,"Aug 13 – 19, 2023",1691884800,0,0.0
dining table,1,True,"Aug 20 – 26, 2023",1692489600,25,0.8641
custom furniture,1,False,"Aug 20 – 26, 2023",1692489600,1,0.0346
handmade dining table,1,False,"Aug 20 – 26, 2023",1692489600,0,0.0
reclaimed wood dining table,1,False,"Aug 20 – 26, 2023",1692489600,0,0.0
custom wood desk,1,False,"Aug 20 – 26, 2023",1692489600,0,0.0
dining table,1,True,"Aug 27 – Sep 2, 2023",1693094400,26,0.8987
custom furniture,1,False,"Aug 27 – Sep 2, 2023",1693094400,1,0.0346
handmade dining table,1,False,"Aug 27 – Sep 2, 2023",1693094400,0,0.0
reclaimed wood dining table,1,False,"Aug 27 – Sep 2, 2023",1693094400,0,0.0
custom wood desk,1,False,"Aug 27 – Sep 2, 2023",1693094400,0,0.0
dining table,1,True,"Sep 3 – 9, 2023",1693699200,29,1.0024
custom furniture,1,False,"Sep 3 – 9, 2023",1693699200,1,0.0346
handmade dining table,1,False,"Sep 3 – 9, 2023",1693699200,0,0.0
reclaimed wood dining table,1,False,"Sep 3 – 9, 2023",1693699200,0,0.0
custom wood desk,1,False,"Sep 3 – 9, 2023",1693699200,0,0.0
dining table,1,True,"Sep 10 – 16, 2023",1694304000,22,0.7604
custom furniture,1,False,"Sep 10 – 16, 2023",1694304000,1,0.0346
handmade dining table,1,False,"Sep 10 – 16, 2023",1694304000,0,0.0
reclaimed wood dining table,1,False,"Sep 10 – 16, 2023",1694304000,0,0.0
custom wood desk,1,False,"Sep 10 – 16, 2023",1694304000,0,0.0
dining table,1,True,"Sep 17 – 23, 2023",1694908800,25,0.8641
custom furniture,1,False,"Sep 17 – 23, 2023",1694908800,1,0.0346
handmade dining table,1,False,"Sep 17 – 23, 2023",1694908800,0,0.0
reclaimed wood dining table,1,False,"Sep 17 – 23, 2023",1694908800,0,0.0
custom wood desk,1,False,"Sep 17 – 23, 2023",1694908800,0,0.0
dining table,1,True,"Sep 24 – 30, 2023",1695513600,25,0.8641
custom furniture,1,False,"Sep 24 – 30, 2023",1695513600,1,0.0346
handmade dining table,1,False,"Sep 24 – 30, 2023",1695513600,0,0.0
reclaimed wood dining table,1,False,"Sep 24 – 30, 2023",1695513600,0,0.0
custom wood desk,1,False,"Sep 24 – 30, 2023",1695513600,0,0.0
dining table,1,True,"Oct 1 – 7, 2023",1696118400,23,0.795
custom furniture,1,False,"Oct 1 – 7, 2023",1696118400,0,0.0
handmade dining table,1,False,"Oct 1 – 7, 2023",1696118400,0,0.0
reclaimed wood dining table,1,False,"Oct 1 – 7, 2023",1696118400,0,0.0
custom wood desk,1,False,"Oct 1 – 7, 2023",1696118400,0,0.0
dining table,1,True,"Oct 8 – 14, 2023",1696723200,24,0.8296
custom furniture,1,False,"Oct 8 – 14, 2023",1696723200,0,0.0
handmade dining table,1,False,"Oct 8 – 14, 2023",1696723200,0,0.0
reclaimed wood dining table,1,False,"Oct 8 – 14, 2023",1696723200,0,0.0
custom wood desk,1,False,"Oct 8 – 14, 2023",1696723200,0,0.0
dining table,1,True,"Oct 15 – 21, 2023",1697328000,24,0.8296
custom furniture,1,False,"Oct 15 – 21, 2023",1697328000,1,0.0346
handmade dining table,1,False,"Oct 15 – 21, 2023",1697328000,0,0.0
reclaimed wood dining table,1,False,"Oct 15 – 21, 2023",1697328000,0,0.0
custom wood desk,1,False,"Oct 15 – 21, 2023",1697328000,0,0.0
dining table,1,True,"Oct 22 – 28, 2023",1697932800,25,0.8641
custom furniture,1,False,"Oct 22 – 28, 2023",1697932800,1,0.0346
handmade dining table,1,False,"Oct 22 – 28, 2023",1697932800,0,0.0
reclaimed wood dining table,1,False,"Oct 22 – 28, 2023",1697932800,0,0.0
custom wood desk,1,False,"Oct 22 – 28, 2023",1697932800,0,0.0
dining table,1,True,"Oct 29 – Nov 4, 2023",1698537600,26,0.8987
custom furniture,1,False,"Oct 29 – Nov 4, 2023",1698537600,0,0.0
handmade dining table,1,False,"Oct 29 – Nov 4, 2023",1698537600,0,0.0
reclaimed wood dining table,1,False,"Oct 29 – Nov 4, 2023",1698537600,0,0.0
custom wood desk,1,False,"Oct 29 – Nov 4, 2023",1698537600,0,0.0
dining table,1,True,"Nov 5 – 11, 2023",1699142400,29,1.0024
custom furniture,1,False,"Nov 5 – 11, 2023",1699142400,1,0.0346
handmade dining table,1,False,"Nov 5 – 11, 2023",1699142400,0,0.0
reclaimed wood dining table,1,False,"Nov 5 – 11, 2023",1699142400,0,0.0
custom wood desk,1,False,"Nov 5 – 11, 2023",1699142400,0,0.0
dining table,1,True,"Nov 12 – 18, 2023",1699747200,28,0.9678
custom furniture,1,False,"Nov 12 – 18, 2023",1699747200,1,0.0346
handmade dining table,1,False,"Nov 12 – 18, 2023",1699747200,0,0.0
reclaimed wood dining table,1,False,"Nov 12 – 18, 2023",1699747200,0,0.0
custom wood desk,1,False,"Nov 12 – 18, 2023",1699747200,0,0.0
dining table,1,True,"Nov 19 – 25, 2023",1700352000,36,1.2443
custom furniture,1,False,"Nov 19 – 25, 2023",1700352000,1,0.0346
handmade dining table,1,False,"Nov 19 – 25, 2023",1700352000,0,0.0
reclaimed wood dining table,1,False,"Nov 19 – 25, 2023",1700352000,0,0.0
custom wood desk,1,False,"Nov 19 – 25, 2023",1700352000,0,0.0
dining table,1,True,"Nov 26 – Dec 2, 2023",1700956800,28,0.9678
custom furniture,1,False,"Nov 26 – Dec 2, 2023",1700956800,1,0.0346
handmade dining table,1,False,"Nov 26 – Dec 2, 2023",1700956800,0,0.0
reclaimed wood dining table,1,False,"Nov 26 – Dec 2, 2023",1700956800,0,0.0
custom wood desk,1,False,"Nov 26 – Dec 2, 2023",1700956800,0,0.0
dining table,1,True,"Dec 3 – 9, 2023",1701561600,23,0.795
custom furniture,1,False,"Dec 3 – 9, 2023",1701561600,1,0.0346
handmade dining table,1,False,"Dec 3 – 9, 2023",1701561600,0,0.0
reclaimed wood dining table,1,False,"Dec 3 – 9, 2023",1701561600,0,0.0
custom wood desk,1,False,"Dec 3 – 9, 2023",1701561600,0,0.0
dining table,1,True,"Dec 10 – 16, 2023",1702166400,21,0.7259
custom furniture,1,False,"Dec 10 – 16, 2023",1702166400,1,0.0346
handmade dining table,1,False,"Dec 10 – 16, 2023",1702166400,0,0.0
reclaimed wood dining table,1,False,"Dec 10 – 16, 2023",1702166400,0,0.0
custom wood desk,1,False,"Dec 10 – 16, 2023",1702166400,0,0.0
dining table,1,True,"Dec 17 – 23, 2023",1702771200,21,0.7259
custom furniture,1,False,"Dec 17 – 23, 2023",1702771200,1,0.0346
handmade dining table,1,False,"Dec 17 – 23, 2023",1702771200,0,0.0
reclaimed wood dining table,1,False,"Dec 17 – 23, 2023",1702771200,0,0.0
custom wood desk,1,False,"Dec 17 – 23, 2023",1702771200,0,0.0
dining table,1,True,"Dec 24 – 30, 2023",1703376000,24,0.8296
custom furniture,1,False,"Dec 24 – 30, 2023",1703376000,1,0.0346
handmade dining table,1,False,"Dec 24 – 30, 2023",1703376000,0,0.0
reclaimed wood dining table,1,False,"Dec 24 – 30, 2023",1703376000,0,0.0
custom wood desk,1,False,"Dec 24 – 30, 2023",1703376000,0,0.0
dining table,1,True,"Dec 31, 2023 – Jan 6, 2024",1703980800,26,0.8987
custom furniture,1,False,"Dec 31, 2023 – Jan 6, 2024",1703980800,1,0.0346
handmade dining table,1,False,"Dec 31, 2023 – Jan 6, 2024",1703980800,0,0.0
reclaimed wood dining table,1,False,"Dec 31, 2023 – Jan 6, 2024",1703980800,0,0.0
custom wood desk,1,False,"Dec 31, 2023 – Jan 6, 2024",1703980800,0,0.0
dining table,1,True,"Jan 7 – 13, 2024",1704585600,26,0.8987
custom furniture,1,False,"Jan 7 – 13, 2024",1704585600,1,0.0346
handmade dining table,1,False,"Jan 7 – 13, 2024",1704585600,0,0.0
reclaimed wood dining table,1,False,"Jan 7 – 13, 2024",1704585600,0,0.0
custom wood desk,1,False,"Jan 7 – 13, 2024",1704585600,0,0.0
dining table,1,True,"Jan 14 – 20, 2024",1705190400,24,0.8296
custom furniture,1,False,"Jan 14 – 20, 2024",1705190400,1,0.0346
handmade dining table,1,False,"Jan 14 – 20, 2024",1705190400,0,0.0
reclaimed wood dining table,1,False,"Jan 14 – 20, 2024",1705190400,0,0.0
custom wood desk,1,False,"Jan 14 – 20, 2024",1705190400,0,0.0
dining table,1,True,"Jan 21 – 27, 2024",1705795200,26,0.8987
custom furniture,1,False,"Jan 21 – 27, 2024",1705795200,1,0.0346
handmade dining table,1,False,"Jan 21 – 27, 2024",1705795200,0,0.0
reclaimed wood dining table,1,False,"Jan 21 – 27, 2024",1705795200,0,0.0
custom wood desk,1,False,"Jan 21 – 27, 2024",1705795200,0,0.0
dining table,1,True,"Jan 28 – Feb 3, 2024",1706400000,23,0.795
custom furniture,1,False,"Jan 28 – Feb 3, 2024",1706400000,1,0.0346
handmade dining table,1,False,"Jan 28 – Feb 3, 2024",1706400000,0,0.0
reclaimed wood dining table,1,False,"Jan 28 – Feb 3, 2024",1706400000,0,0.0
custom wood desk,1,False,"Jan 28 – Feb 3, 2024",1706400000,0,0.0
dining table,1,True,"Feb 4 – 10, 2024",1707004800,22,0.7604
custom furniture,1,False,"Feb 4 – 10, 2024",1707004800,1,0.0346
handmade dining table,1,False,"Feb 4 – 10, 2024",1707004800,0,0.0
reclaimed wood dining table,1,False,"Feb 4 – 10, 2024",1707004800,0,0.0
custom wood desk,1,False,"Feb 4 – 10, 2024",1707004800,0,0.0
dining table,1,True,"Feb 11 – 17, 2024",1707609600,23,0.795
custom furniture,1,False,"Feb 11 – 17, 2024",1707609600,1,0.0346
handmade dining table,1,False,"Feb 11 – 17, 2024",1707609600,0,0.0
reclaimed wood dining table,1,False,"Feb 11 – 17, 2024",1707609600,0,0.0
custom wood desk,1,False,"Feb 11 – 17, 2024",1707609600,0,0.0
dining table,1,True,"Feb 18 – 24, 2024",1708214400,27,0.9332
custom furniture,1,False,"Feb 18 – 24, 2024",1708214400,1,0.0346
handmade dining table,1,False,"Feb 18 – 24, 2024",1708214400,0,0.0
reclaimed wood dining table,1,False,"Feb 18 – 24, 2024",1708214400,0,0.0
custom wood desk,1,False,"Feb 18 – 24, 2024",1708214400,0,0.0
dining table,1,True,"Feb 25 – Mar 2, 2024",1708819200,24,0.8296
custom furniture,1,False,"Feb 25 – Mar 2, 2024",1708819200,1,0.0346
handmade dining table,1,False,"Feb 25 – Mar 2, 2024",1708819200,0,0.0
reclaimed wood dining table,1,False,"Feb 25 – Mar 2, 2024",1708819200,0,0.0
custom wood desk,1,False,"Feb 25 – Mar 2, 2024",1708819200,0,0.0
dining table,1,True,"Mar 3 – 9, 2024",1709424000,23,0.795
custom furniture,1,False,"Mar 3 – 9, 2024",1709424000,1,0.0346
handmade dining table,1,False,"Mar 3 – 9, 2024",1709424000,0,0.0
reclaimed wood dining table,1,False,"Mar 3 – 9, 2024",1709424000,0,0.0
custom wood desk,1,False,"Mar 3 – 9, 2024",1709424000,0,0.0
dining table,1,True,"Mar 10 – 16, 2024",1710028800,23,0.795
custom furniture,1,False,"Mar 10 – 16, 2024",1710028800,1,0.0346
handmade dining table,1,False,"Mar 10 – 16, 2024",1710028800,0,0.0
reclaimed wood dining table,1,False,"Mar 10 – 16, 2024",1710028800,0,0.0
custom wood desk,1,False,"Mar 10 – 16, 2024",1710028800,0,0.0
dining table,1,True,"Mar 17 – 23, 2024",1710633600,24,0.8296
custom furniture,1,False,"Mar 17 – 23, 2024",1710633600,1,0.0346
handmade dining table,1,False,"Mar 17 – 23, 2024",1710633600,0,0.0
reclaimed wood dining table,1,False,"Mar 17 – 23, 2024",1710633600,0,0.0
custom wood desk,1,False,"Mar 17 – 23, 2024",1710633600,0,0.0
dining table,1,True,"Mar 24 – 30, 2024",1711238400,24,0.8296
custom furniture,1,False,"Mar 24 – 30, 2024",1711238400,1,0.0346
handmade dining table,1,False,"Mar 24 – 30, 2024",1711238400,0,0.0
reclaimed wood dining table,1,False,"Mar 24 – 30, 2024",1711238400,0,0.0
custom wood desk,1,False,"Mar 24 – 30, 2024",1711238400,0,0.0
dining table,1,True,"Mar 31 – Apr 6, 2024",1711843200,25,0.8641
custom furniture,1,False,"Mar 31 – Apr 6, 2024",1711843200,1,0.0346
handmade dining table,1,False,"Mar 31 – Apr 6, 2024",1711843200,0,0.0
reclaimed wood dining table,1,False,"Mar 31 – Apr 6, 2024",1711843200,0,0.0
custom wood desk,1,False,"Mar 31 – Apr 6, 2024",1711843200,0,0.0
dining table,1,True,"Apr 7 – 13, 2024",1712448000,23,0.795
custom furniture,1,False,"Apr 7 – 13, 2024",1712448000,1,0.0346
handmade dining table,1,False,"Apr 7 – 13, 2024",1712448000,0,0.0
reclaimed wood dining table,1,False,"Apr 7 – 13, 2024",1712448000,0,0.0
custom wood desk,1,False,"Apr 7 – 13, 2024",1712448000,0,0.0
dining table,1,True,"Apr 14 – 20, 2024",1713052800,23,0.795
custom furniture,1,False,"Apr 14 – 20, 2024",1713052800,1,0.0346
handmade dining table,1,False,"Apr 14 – 20, 2024",1713052800,0,0.0
reclaimed wood dining table,1,False,"Apr 14 – 20, 2024",1713052800,0,0.0
custom wood desk,1,False,"Apr 14 – 20, 2024",1713052800,0,0.0
dining table,1,True,"Apr 21 – 27, 2024",1713657600,23,0.795
custom furniture,1,False,"Apr 21 – 27, 2024",1713657600,1,0.0346
handmade dining table,1,False,"Apr 21 – 27, 2024",1713657600,0,0.0
reclaimed wood dining table,1,False,"Apr 21 – 27, 2024",1713657600,0,0.0
custom wood desk,1,False,"Apr 21 – 27, 2024",1713657600,0,0.0
dining table,1,True,"Apr 28 – May 4, 2024",1714262400,23,0.795
custom furniture,1,False,"Apr 28 – May 4, 2024",1714262400,1,0.0346
handmade dining table,1,False,"Apr 28 – May 4, 2024",1714262400,0,0.0
reclaimed wood dining table,1,False,"Apr 28 – May 4, 2024",1714262400,0,0.0
custom wood desk,1,False,"Apr 28 – May 4, 2024",1714262400,0,0.0
dining table,1,True,"May 5 – 11, 2024",1714867200,23,0.795
custom furniture,1,False,"May 5 – 11, 2024",1714867200,1,0.0346
handmade dining table,1,False,"May 5 – 11, 2024",1714867200,0,0.0
reclaimed wood dining table,1,False,"May 5 – 11, 2024",1714867200,0,0.0
custom wood desk,1,False,"May 5 – 11, 2024",1714867200,0,0.0
dining table,1,True,"May 12 – 18, 2024",1715472000,22,0.7604
custom furniture,1,False,"May 12 – 18, 2024",1715472000,1,0.0346
handmade dining table,1,False,"May 12 – 18, 2024",1715472000,0,0.0
reclaimed wood dining table,1,False,"May 12 – 18, 2024",1715472000,0,0.0
custom wood desk,1,False,"May 12 – 18, 2024",1715472000,0,0.0
dining table,1,True,"May 19 – 25, 2024",1716076800,26,0.8987
custom furniture,1,False,"May 19 – 25, 2024",1716076800,1,0.0346
handmade dining table,1,False,"May 19 – 25, 2024",1716076800,0,0.0
reclaimed wood dining table,1,False,"May 19 – 25, 2024",1716076800,0,0.0
custom wood desk,1,False,"May 19 – 25, 2024",1716076800,0,0.0
dining table,1,True,"May 26 – Jun 1, 2024",1716681600,27,0.9332
custom furniture,1,False,"May 26 – Jun 1, 2024",1716681600,1,0.0346
handmade dining table,1,False,"May 26 – Jun 1, 2024",1716681600,0,0.0
reclaimed wood dining table,1,False,"May 26 – Jun 1, 2024",1716681600,0,0.0
custom wood desk,1,False,"May 26 – Jun 1, 2024",1716681600,0,0.0
dining table,1,True,"Jun 2 – 8, 2024",1717286400,23,0.795
custom furniture,1,False,"Jun 2 – 8, 2024",1717286400,1,0.0346
handmade dining table,1,False,"Jun 2 – 8, 2024",1717286400,0,0.0
reclaimed wood dining table,1,False,"Jun 2 – 8, 2024",1717286400,0,0.0
custom wood desk,1,False,"Jun 2 – 8, 2024",1717286400,0,0.0
dining table,1,True,"Jun 9 – 15, 2024",1717891200,25,0.8641
custom furniture,1,False,"Jun 9 – 15, 2024",1717891200,1,0.0346
handmade dining table,1,False,"Jun 9 – 15, 2024",1717891200,0,0.0
reclaimed wood dining table,1,False,"Jun 9 – 15, 2024",1717891200,0,0.0
custom wood desk,1,False,"Jun 9 – 15, 2024",1717891200,0,0.0
dining table,1,True,"Jun 16 – 22, 2024",1718496000,23,0.795
custom furniture,1,False,"Jun 16 – 22, 2024",1718496000,1,0.0346
handmade dining table,1,False,"Jun 16 – 22, 2024",1718496000,0,0.0
reclaimed wood dining table,1,False,"Jun 16 – 22, 2024",1718496000,0,0.0
custom wood desk,1,False,"Jun 16 – 22, 2024",1718496000,0,0.0
dining table,1,True,"Jun 23 – 29, 2024",1719100800,26,0.8987
custom furniture,1,False,"Jun 23 – 29, 2024",1719100800,1,0.0346
handmade dining table,1,False,"Jun 23 – 29, 2024",1719100800,0,0.0
reclaimed wood dining table,1,False,"Jun 23 – 29, 2024",1719100800,0,0.0
custom wood desk,1,False,"Jun 23 – 29, 2024",1719100800,0,0.0
dining table,1,True,"Jun 30 – Jul 6, 2024",1719705600,30,1.0369
custom furniture,1,False,"Jun 30 – Jul 6, 2024",1719705600,1,0.0346
handmade dining table,1,False,"Jun 30 – Jul 6, 2024",1719705600,0,0.0
reclaimed wood dining table,1,False,"Jun 30 – Jul 6, 2024",1719705600,0,0.0
custom wood desk,1,False,"Jun 30 – Jul 6, 2024",1719705600,0,0.0
dining table,1,True,"Jul 7 – 13, 2024",1720310400,26,0.8987
custom furniture,1,False,"Jul 7 – 13, 2024",1720310400,1,0.0346
handmade dining table,1,False,"Jul 7 – 13, 2024",1720310400,0,0.0
reclaimed wood dining table,1,False,"Jul 7 – 13, 2024",1720310400,0,0.0
custom wood desk,1,False,"Jul 7 – 13, 2024",1720310400,0,0.0
dining table,1,True,"Jul 14 – 20, 2024",1720915200,25,0.8641
custom furniture,1,False,"Jul 14 – 20, 2024",1720915200,1,0.0346
handmade dining table,1,False,"Jul 14 – 20, 2024",1720915200,0,0.0
reclaimed wood dining table,1,False,"Jul 14 – 20, 2024",1720915200,0,0.0
custom wood desk,1,False,"Jul 14 – 20, 2024",1720915200,0,0.0
dining table,1,True,"Jul 21 – 27, 2024",1721520000,24,0.8296
custom furniture,1,False,"Jul 21 – 27, 2024",1721520000,1,0.0346
handmade dining table,1,False,"Jul 21 – 27, 2024",1721520000,0,0.0
reclaimed wood dining table,1,False,"Jul 21 – 27, 2024",1721520000,0,0.0
custom wood desk,1,False,"Jul 21 – 27, 2024",1721520000,0,0.0
dining table,1,True,"Jul 28 – Aug 3, 2024",1722124800,26,0.8987
custom furniture,1,False,"Jul 28 – Aug 3, 2024",1722124800,1,0.0346
handmade dining table,1,False,"Jul 28 – Aug 3, 2024",1722124800,0,0.0
reclaimed wood dining table,1,False,"Jul 28 – Aug 3, 2024",1722124800,0,0.0
custom wood desk,1,False,"Jul 28 – Aug 3, 2024",1722124800,0,0.0
dining table,1,True,"Aug 4 – 10, 2024",1722729600,27,0.9332
custom furniture,1,False,"Aug 4 – 10, 2024",1722729600,1,0.0346
handmade dining table,1,False,"Aug 4 – 10, 2024",1722729600,0,0.0
reclaimed wood dining table,1,False,"Aug 4 – 10, 2024",1722729600,0,0.0
custom wood desk,1,False,"Aug 4 – 10, 2024",1722729600,0,0.0
dining table,1,True,"Aug 11 – 17, 2024",1723334400,27,0.9332
custom furniture,1,False,"Aug 11 – 17, 2024",1723334400,1,0.0346
handmade dining table,1,False,"Aug 11 – 17, 2024",1723334400,0,0.0
reclaimed wood dining table,1,False,"Aug 11 – 17, 2024",1723334400,0,0.0
custom wood desk,1,False,"Aug 11 – 17, 2024",1723334400,0,0.0
dining table,1,True,"Aug 18 – 24, 2024",1723939200,28,0.9678
custom furniture,1,False,"Aug 18 – 24, 2024",1723939200,1,0.0346
handmade dining table,1,False,"Aug 18 – 24, 2024",1723939200,0,0.0
reclaimed wood dining table,1,False,"Aug 18 – 24, 2024",1723939200,0,0.0
custom wood desk,1,False,"Aug 18 – 24, 2024",1723939200,0,0.0
dining table,1,True,"Aug 25 – 31, 2024",1724544000,28,0.9678
custom furniture,1,False,"Aug 25 – 31, 2024",1724544000,1,0.0346
handmade dining table,1,False,"Aug 25 – 31, 2024",1724544000,0,0.0
reclaimed wood dining table,1,False,"Aug 25 – 31, 2024",1724544000,0,0.0
custom wood desk,1,False,"Aug 25 – 31, 2024",1724544000,0,0.0
dining table,1,True,"Sep 1 – 7, 2024",1725148800,28,0.9678
custom furniture,1,False,"Sep 1 – 7, 2024",1725148800,1,0.0346
handmade dining table,1,False,"Sep 1 – 7, 2024",1725148800,0,0.0
reclaimed wood dining table,1,False,"Sep 1 – 7, 2024",1725148800,0,0.0
custom wood desk,1,False,"Sep 1 – 7, 2024",1725148800,0,0.0
dining table,1,True,"Sep 8 – 14, 2024",1725753600,24,0.8296
custom furniture,1,False,"Sep 8 – 14, 2024",1725753600,1,0.0346
handmade dining table,1,False,"Sep 8 – 14, 2024",1725753600,0,0.0
reclaimed wood dining table,1,False,"Sep 8 – 14, 2024",1725753600,0,0.0
custom wood desk,1,False,"Sep 8 – 14, 2024",1725753600,0,0.0
dining table,1,True,"Sep 15 – 21, 2024",1726358400,25,0.8641
custom furniture,1,False,"Sep 15 – 21, 2024",1726358400,1,0.0346
handmade dining table,1,False,"Sep 15 – 21, 2024",1726358400,0,0.0
reclaimed wood dining table,1,False,"Sep 15 – 21, 2024",1726358400,0,0.0
custom wood desk,1,False,"Sep 15 – 21, 2024",1726358400,0,0.0
dining table,1,True,"Sep 22 – 28, 2024",1726963200,25,0.8641
custom furniture,1,False,"Sep 22 – 28, 2024",1726963200,1,0.0346
handmade dining table,1,False,"Sep 22 – 28, 2024",1726963200,0,0.0
reclaimed wood dining table,1,False,"Sep 22 – 28, 2024",1726963200,0,0.0
custom wood desk,1,False,"Sep 22 – 28, 2024",1726963200,0,0.0
dining table,1,True,"Sep 29 – Oct 5, 2024",1727568000,24,0.8296
custom furniture,1,False,"Sep 29 – Oct 5, 2024",1727568000,1,0.0346
handmade dining table,1,False,"Sep 29 – Oct 5, 2024",1727568000,0,0.0
reclaimed wood dining table,1,False,"Sep 29 – Oct 5, 2024",1727568000,0,0.0
custom wood desk,1,False,"Sep 29 – Oct 5, 2024",1727568000,0,0.0
dining table,1,True,"Oct 6 – 12, 2024",1728172800,25,0.8641
custom furniture,1,False,"Oct 6 – 12, 2024",1728172800,1,0.0346
handmade dining table,1,False,"Oct 6 – 12, 2024",1728172800,0,0.0
reclaimed wood dining table,1,False,"Oct 6 – 12, 2024",1728172800,0,0.0
custom wood desk,1,False,"Oct 6 – 12, 2024",1728172800,0,0.0
dining table,1,True,"Oct 13 – 19, 2024",1728777600,25,0.8641
custom furniture,1,False,"Oct 13 – 19, 2024",1728777600,1,0.0346
handmade dining table,1,False,"Oct 13 – 19, 2024",1728777600,0,0.0
reclaimed wood dining table,1,False,"Oct 13 – 19, 2024",1728777600,0,0.0
custom wood desk,1,False,"Oct 13 – 19, 2024",1728777600,0,0.0
dining table,1,True,"Oct 20 – 26, 2024",1729382400,25,0.8641
custom furniture,1,False,"Oct 20 – 26, 2024",1729382400,1,0.0346
handmade dining table,1,False,"Oct 20 – 26, 2024",1729382400,0,0.0
reclaimed wood dining table,1,False,"Oct 20 – 26, 2024",1729382400,0,0.0
custom wood desk,1,False,"Oct 20 – 26, 2024",1729382400,0,0.0
dining table,1,True,"Oct 27 – Nov 2, 2024",1729987200,23,0.795
custom furniture,1,False,"Oct 27 – Nov 2, 2024",1729987200,1,0.0346
handmade dining table,1,False,"Oct 27 – Nov 2, 2024",1729987200,0,0.0
reclaimed wood dining table,1,False,"Oct 27 – Nov 2, 2024",1729987200,0,0.0
custom wood desk,1,False,"Oct 27 – Nov 2, 2024",1729987200,0,0.0
dining table,1,True,"Nov 3 – 9, 2024",1730592000,26,0.8987
custom furniture,1,False,"Nov 3 – 9, 2024",1730592000,1,0.0346
handmade dining table,1,False,"Nov 3 – 9, 2024",1730592000,0,0.0
reclaimed wood dining table,1,False,"Nov 3 – 9, 2024",1730592000,0,0.0
custom wood desk,1,False,"Nov 3 – 9, 2024",1730592000,0,0.0
dining table,1,True,"Nov 10 – 16, 2024",1731196800,29,1.0024
custom furniture,1,False,"Nov 10 – 16, 2024",1731196800,1,0.0346
handmade dining table,1,False,"Nov 10 – 16, 2024",1731196800,0,0.0
reclaimed wood dining table,1,False,"Nov 10 – 16, 2024",1731196800,0,0.0
custom wood desk,1,False,"Nov 10 – 16, 2024",1731196800,0,0.0
dining table,1,True,"Nov 17 – 23, 2024",1731801600,30,1.0369
custom furniture,1,False,"Nov 17 – 23, 2024",1731801600,1,0.0346
handmade dining table,1,False,"Nov 17 – 23, 2024",1731801600,0,0.0
reclaimed wood dining table,1,False,"Nov 17 – 23, 2024",1731801600,0,0.0
custom wood desk,1,False,"Nov 17 – 23, 2024",1731801600,0,0.0
dining table,1,True,"Nov 24 – 30, 2024",1732406400,34,1.1752
custom furniture,1,False,"Nov 24 – 30, 2024",1732406400,1,0.0346
handmade dining table,1,False,"Nov 24 – 30, 2024",1732406400,0,0.0
reclaimed wood dining table,1,False,"Nov 24 – 30, 2024",1732406400,0,0.0
custom wood desk,1,False,"Nov 24 – 30, 2024",1732406400,0,0.0
dining table,1,True,"Dec 1 – 7, 2024",1733011200,27,0.9332
custom furniture,1,False,"Dec 1 – 7, 2024",1733011200,1,0.0346
handmade dining table,1,False,"Dec 1 – 7, 2024",1733011200,0,0.0
reclaimed wood dining table,1,False,"Dec 1 – 7, 2024",1733011200,0,0.0
custom wood desk,1,False,"Dec 1 – 7, 2024",1733011200,0,0.0
dining table,1,True,"Dec 8 – 14, 2024",1733616000,23,0.795
custom furniture,1,False,"Dec 8 – 14, 2024",1733616000,1,0.0346
handmade dining table,1,False,"Dec 8 – 14, 2024",1733616000,0,0.0
reclaimed wood dining table,1,False,"Dec 8 – 14, 2024",1733616000,0,0.0
custom wood desk,1,False,"Dec 8 – 14, 2024",1733616000,0,0.0
dining table,1,True,"Dec 15 – 21, 2024",1734220800,21,0.7259
custom furniture,1,False,"Dec 15 – 21, 2024",1734220800,1,0.0346
handmade dining table,1,False,"Dec 15 – 21, 2024",1734220800,0,0.0
reclaimed wood dining table,1,False,"Dec 15 – 21, 2024",1734220800,0,0.0
custom wood desk,1,False,"Dec 15 – 21, 2024",1734220800,0,0.0
dining table,1,True,"Dec 22 – 28, 2024",1734825600,24,0.8296
custom furniture,1,False,"Dec 22 – 28, 2024",1734825600,1,0.0346
handmade dining table,1,False,"Dec 22 – 28, 2024",1734825600,0,0.0
reclaimed wood dining table,1,False,"Dec 22 – 28, 2024",1734825600,0,0.0
custom wood desk,1,False,"Dec 22 – 28, 2024",1734825600,0,0.0
dining table,1,True,"Dec 29, 2024 – Jan 4, 2025",1735430400,30,1.0369
custom furniture,1,False,"Dec 29, 2024 – Jan 4, 2025",1735430400,1,0.0346
handmade dining table,1,False,"Dec 29, 2024 – Jan 4, 2025",1735430400,0,0.0
reclaimed wood dining table,1,False,"Dec 29, 2024 – Jan 4, 2025",1735430400,0,0.0
custom wood desk,1,False,"Dec 29, 2024 – Jan 4, 2025",1735430400,0,0.0
dining table,1,True,"Jan 5 – 11, 2025",1736035200,24,0.8296
custom furniture,1,False,"Jan 5 – 11, 2025",1736035200,1,0.0346
handmade dining table,1,False,"Jan 5 – 11, 2025",1736035200,0,0.0
reclaimed wood dining table,1,False,"Jan 5 – 11, 2025",1736035200,0,0.0
custom wood desk,1,False,"Jan 5 – 11, 2025",1736035200,0,0.0
dining table,1,True,"Jan 12 – 18, 2025",1736640000,26,0.8987
custom furniture,1,False,"Jan 12 – 18, 2025",1736640000,1,0.0346
handmade dining table,1,False,"Jan 12 – 18, 2025",1736640000,0,0.0
reclaimed wood dining table,1,False,"Jan 12 – 18, 2025",1736640000,0,0.0
custom wood desk,1,False,"Jan 12 – 18, 2025",1736640000,0,0.0
dining table,1,True,"Jan 19 – 25, 2025",1737244800,26,0.8987
custom furniture,1,False,"Jan 19 – 25, 2025",1737244800,1,0.0346
handmade dining table,1,False,"Jan 19 – 25, 2025",1737244800,0,0.0
reclaimed wood dining table,1,False,"Jan 19 – 25, 2025",1737244800,0,0.0
custom wood desk,1,False,"Jan 19 – 25, 2025",1737244800,0,0.0
dining table,1,True,"Jan 26 – Feb 1, 2025",1737849600,23,0.795
custom furniture,1,False,"Jan 26 – Feb 1, 2025",1737849600,1,0.0346
handmade dining table,1,False,"Jan 26 – Feb 1, 2025",1737849600,0,0.0
reclaimed wood dining table,1,False,"Jan 26 – Feb 1, 2025",1737849600,0,0.0
custom wood desk,1,False,"Jan 26 – Feb 1, 2025",1737849600,0,0.0
dining table,1,True,"Feb 2 – 8, 2025",1738454400,23,0.795
custom furniture,1,False,"Feb 2 – 8, 2025",1738454400,1,0.0346
handmade dining table,1,False,"Feb 2 – 8, 2025",1738454400,0,0.0
reclaimed wood dining table,1,False,"Feb 2 – 8, 2025",1738454400,0,0.0
custom wood desk,1,False,"Feb 2 – 8, 2025",1738454400,0,0.0
dining table,1,True,"Feb 9 – 15, 2025",1739059200,22,0.7604
custom furniture,1,False,"Feb 9 – 15, 2025",1739059200,1,0.0346
handmade dining table,1,False,"Feb 9 – 15, 2025",1739059200,0,0.0
reclaimed wood dining table,1,False,"Feb 9 – 15, 2025",1739059200,0,0.0
custom wood desk,1,False,"Feb 9 – 15, 2025",1739059200,0,0.0
dining table,1,True,"Feb 16 – 22, 2025",1739664000,27,0.9332
custom furniture,1,False,"Feb 16 – 22, 2025",1739664000,1,0.0346
handmade dining table,1,False,"Feb 16 – 22, 2025",1739664000,0,0.0
reclaimed wood dining table,1,False,"Feb 16 – 22, 2025",1739664000,0,0.0
custom wood desk,1,False,"Feb 16 – 22, 2025",1739664000,0,0.0
dining table,1,True,"Feb 23 – Mar 1, 2025",1740268800,24,0.8296
custom furniture,1,False,"Feb 23 – Mar 1, 2025",1740268800,1,0.0346
handmade dining table,1,False,"Feb 23 – Mar 1, 2025",1740268800,0,0.0
reclaimed wood dining table,1,False,"Feb 23 – Mar 1, 2025",1740268800,0,0.0
custom wood desk,1,False,"Feb 23 – Mar 1, 2025",1740268800,0,0.0
dining table,1,True,"Mar 2 – 8, 2025",1740873600,25,0.8641
custom furniture,1,False,"Mar 2 – 8, 2025",1740873600,1,0.0346
handmade dining table,1,False,"Mar 2 – 8, 2025",1740873600,0,0.0
reclaimed wood dining table,1,False,"Mar 2 – 8, 2025",1740873600,0,0.0
custom wood desk,1,False,"Mar 2 – 8, 2025",1740873600,0,0.0
dining table,1,True,"Mar 9 – 15, 2025",1741478400,23,0.795
custom furniture,1,False,"Mar 9 – 15, 2025",1741478400,1,0.0346
handmade dining table,1,False,"Mar 9 – 15, 2025",1741478400,0,0.0
reclaimed wood dining table,1,False,"Mar 9 – 15, 2025",1741478400,0,0.0
custom wood desk,1,False,"Mar 9 – 15, 2025",1741478400,0,0.0
dining table,1,True,"Mar 16 – 22, 2025",1742083200,27,0.9332
custom furniture,1,False,"Mar 16 – 22, 2025",1742083200,1,0.0346
handmade dining table,1,False,"Mar 16 – 22, 2025",1742083200,0,0.0
reclaimed wood dining table,1,False,"Mar 16 – 22, 2025",1742083200,0,0.0
custom wood desk,1,False,"Mar 16 – 22, 2025",1742083200,0,0.0
dining table,1,True,"Mar 23 – 29, 2025",1742688000,23,0.795
custom furniture,1,False,"Mar 23 – 29, 2025",1742688000,1,0.0346
handmade dining table,1,False,"Mar 23 – 29, 2025",1742688000,0,0.0
reclaimed wood dining table,1,False,"Mar 23 – 29, 2025",1742688000,0,0.0
custom wood desk,1,False,"Mar 23 – 29, 2025",1742688000,0,0.0
dining table,1,True,"Mar 30 – Apr 5, 2025",1743292800,26,0.8987
custom furniture,1,False,"Mar 30 – Apr 5, 2025",1743292800,1,0.0346
handmade dining table,1,False,"Mar 30 – Apr 5, 2025",1743292800,0,0.0
reclaimed wood dining table,1,False,"Mar 30 – Apr 5, 2025",1743292800,0,0.0
custom wood desk,1,False,"Mar 30 – Apr 5, 2025",1743292800,0,0.0
dining table,1,True,"Apr 6 – 12, 2025",1743897600,25,0.8641
custom furniture,1,False,"Apr 6 – 12, 2025",1743897600,1,0.0346
handmade dining table,1,False,"Apr 6 – 12, 2025",1743897600,0,0.0
reclaimed wood dining table,1,False,"Apr 6 – 12, 2025",1743897600,0,0.0
custom wood desk,1,False,"Apr 6 – 12, 2025",1743897600,0,0.0
dining table,1,True,"Apr 13 – 19, 2025",1744502400,25,0.8641
custom furniture,1,False,"Apr 13 – 19, 2025",1744502400,1,0.0346
handmade dining table,1,False,"Apr 13 – 19, 2025",1744502400,0,0.0
reclaimed wood dining table,1,False,"Apr 13 – 19, 2025",1744502400,0,0.0
custom wood desk,1,False,"Apr 13 – 19, 2025",1744502400,0,0.0
dining table,1,True,"Apr 20 – 26, 2025",1745107200,23,0.795
custom furniture,1,False,"Apr 20 – 26, 2025",1745107200,1,0.0346
handmade dining table,1,False,"Apr 20 – 26, 2025",1745107200,0,0.0
reclaimed wood dining table,1,False,"Apr 20 – 26, 2025",1745107200,0,0.0
custom wood desk,1,False,"Apr 20 – 26, 2025",1745107200,0,0.0
dining table,1,True,"Apr 27 – May 3, 2025",1745712000,25,0.8641
custom furniture,1,False,"Apr 27 – May 3, 2025",1745712000,1,0.0346
handmade dining table,1,False,"Apr 27 – May 3, 2025",1745712000,0,0.0
reclaimed wood dining table,1,False,"Apr 27 – May 3, 2025",1745712000,0,0.0
custom wood desk,1,False,"Apr 27 – May 3, 2025",1745712000,0,0.0
dining table,1,True,"May 4 – 10, 2025",1746316800,24,0.8296
custom furniture,1,False,"May 4 – 10, 2025",1746316800,1,0.0346
handmade dining table,1,False,"May 4 – 10, 2025",1746316800,0,0.0
reclaimed wood dining table,1,False,"May 4 – 10, 2025",1746316800,0,0.0
custom wood desk,1,False,"May 4 – 10, 2025",1746316800,0,0.0
dining table,1,True,"May 11 – 17, 2025",1746921600,22,0.7604
custom furniture,1,False,"May 11 – 17, 2025",1746921600,1,0.0346
handmade dining table,1,False,"May 11 – 17, 2025",1746921600,0,0.0
reclaimed wood dining table,1,False,"May 11 – 17, 2025",1746921600,0,0.0
custom wood desk,1,False,"May 11 – 17, 2025",1746921600,0,0.0
dining table,1,True,"May 18 – 24, 2025",1747526400,25,0.8641
custom furniture,1,False,"May 18 – 24, 2025",1747526400,1,0.0346
handmade dining table,1,False,"May 18 – 24, 2025",1747526400,0,0.0
reclaimed wood dining table,1,False,"May 18 – 24, 2025",1747526400,0,0.0
custom wood desk,1,False,"May 18 – 24, 2025",1747526400,0,0.0
dining table,1,True,"May 25 – 31, 2025",1748131200,28,0.9678
custom furniture,1,False,"May 25 – 31, 2025",1748131200,1,0.0346
handmade dining table,1,False,"May 25 – 31, 2025",1748131200,0,0.0
reclaimed wood dining table,1,False,"May 25 – 31, 2025",1748131200,0,0.0
custom wood desk,1,False,"May 25 – 31, 2025",1748131200,0,0.0
dining table,1,True,"Jun 1 – 7, 2025",1748736000,25,0.8641
custom furniture,1,False,"Jun 1 – 7, 2025",1748736000,1,0.0346
handmade dining table,1,False,"Jun 1 – 7, 2025",1748736000,0,0.0
reclaimed wood dining table,1,False,"Jun 1 – 7, 2025",1748736000,0,0.0
custom wood desk,1,False,"Jun 1 – 7, 2025",1748736000,0,0.0
dining table,1,True,"Jun 8 – 14, 2025",1749340800,23,0.795
custom furniture,1,False,"Jun 8 – 14, 2025",1749340800,1,0.0346
handmade dining table,1,False,"Jun 8 – 14, 2025",1749340800,0,0.0
reclaimed wood dining table,1,False,"Jun 8 – 14, 2025",1749340800,0,0.0
custom wood desk,1,False,"Jun 8 – 14, 2025",1749340800,0,0.0
dining table,1,True,"Jun 15 – 21, 2025",1749945600,26,0.8987
custom furniture,1,False,"Jun 15 – 21, 2025",1749945600,1,0.0346
handmade dining table,1,False,"Jun 15 – 21, 2025",1749945600,0,0.0
reclaimed wood dining table,1,False,"Jun 15 – 21, 2025",1749945600,0,0.0
custom wood desk,1,False,"Jun 15 – 21, 2025",1749945600,0,0.0
dining table,1,True,"Jun 22 – 28, 2025",1750550400,26,0.8987
custom furniture,1,False,"Jun 22 – 28, 2025",1750550400,1,0.0346
handmade dining table,1,False,"Jun 22 – 28, 2025",1750550400,0,0.0
reclaimed wood dining table,1,False,"Jun 22 – 28, 2025",1750550400,0,0.0
custom wood desk,1,False,"Jun 22 – 28, 2025",1750550400,0,0.0
dining table,1,True,"Jun 29 – Jul 5, 2025",1751155200,29,1.0024
custom furniture,1,False,"Jun 29 – Jul 5, 2025",1751155200,1,0.0346
handmade dining table,1,False,"Jun 29 – Jul 5, 2025",1751155200,0,0.0
reclaimed wood dining table,1,False,"Jun 29 – Jul 5, 2025",1751155200,0,0.0
custom wood desk,1,False,"Jun 29 – Jul 5, 2025",1751155200,0,0.0
dining table,1,True,"Jul 6 – 12, 2025",1751760000,29,1.0024
custom furniture,1,False,"Jul 6 – 12, 2025",1751760000,1,0.0346
handmade dining table,1,False,"Jul 6 – 12, 2025",1751760000,0,0.0
reclaimed wood dining table,1,False,"Jul 6 – 12, 2025",1751760000,0,0.0
custom wood desk,1,False,"Jul 6 – 12, 2025",1751760000,0,0.0
dining table,1,True,"Jul 13 – 19, 2025",1752364800,30,1.0369
custom furniture,1,False,"Jul 13 – 19, 2025",1752364800,1,0.0346
handmade dining table,1,False,"Jul 13 – 19, 2025",1752364800,0,0.0
reclaimed wood dining table,1,False,"Jul 13 – 19, 2025",1752364800,0,0.0
custom wood desk,1,False,"Jul 13 – 19, 2025",1752364800,0,0.0
dining table,1,True,"Jul 20 – 26, 2025",1752969600,28,0.9678
custom furniture,1,False,"Jul 20 – 26, 2025",1752969600,1,0.0346
handmade dining table,1,False,"Jul 20 – 26, 2025",1752969600,0,0.0
reclaimed wood dining table,1,False,"Jul 20 – 26, 2025",1752969600,0,0.0
custom wood desk,1,False,"Jul 20 – 26, 2025",1752969600,0,0.0
dining table,1,True,"Jul 27 – Aug 2, 2025",1753574400,28,0.9678
custom furniture,1,False,"Jul 27 – Aug 2, 2025",1753574400,1,0.0346
handmade dining table,1,False,"Jul 27 – Aug 2, 2025",1753574400,0,0.0
reclaimed wood dining table,1,False,"Jul 27 – Aug 2, 2025",1753574400,0,0.0
custom wood desk,1,False,"Jul 27 – Aug 2, 2025",1753574400,0,0.0
dining table,1,True,"Aug 3 – 9, 2025",1754179200,27,0.9332
custom furniture,1,False,"Aug 3 – 9, 2025",1754179200,1,0.0346
handmade dining table,1,False,"Aug 3 – 9, 2025",1754179200,0,0.0
reclaimed wood dining table,1,False,"Aug 3 – 9, 2025",1754179200,0,0.0
custom wood desk,1,False,"Aug 3 – 9, 2025",1754179200,0,0.0
dining table,1,True,"Aug 10 – 16, 2025",1754784000,28,0.9678
custom furniture,1,False,"Aug 10 – 16, 2025",1754784000,1,0.0346
handmade dining table,1,False,"Aug 10 – 16, 2025",1754784000,0,0.0
reclaimed wood dining table,1,False,"Aug 10 – 16, 2025",1754784000,0,0.0
custom wood desk,1,False,"Aug 10 – 16, 2025",1754784000,0,0.0
dining table,1,True,"Aug 17 – 23, 2025",1755388800,26,0.8987
custom furniture,1,False,"Aug 17 – 23, 2025",1755388800,1,0.0346
handmade dining table,1,False,"Aug 17 – 23, 2025",1755388800,0,0.0
reclaimed wood dining table,1,False,"Aug 17 – 23, 2025",1755388800,0,0.0
custom wood desk,1,False,"Aug 17 – 23, 2025",1755388800,0,0.0
dining table,1,True,"Aug 24 – 30, 2025",1755993600,30,1.0369
custom furniture,1,False,"Aug 24 – 30, 2025",1755993600,1,0.0346
handmade dining table,1,False,"Aug 24 – 30, 2025",1755993600,0,0.0
reclaimed wood dining table,1,False,"Aug 24 – 30, 2025",1755993600,0,0.0
custom wood desk,1,False,"Aug 24 – 30, 2025",1755993600,0,0.0
dining table,1,True,"Aug 31 – Sep 6, 2025",1756598400,29,1.0024
custom furniture,1,False,"Aug 31 – Sep 6, 2025",1756598400,1,0.0346
handmade dining table,1,False,"Aug 31 – Sep 6, 2025",1756598400,0,0.0
reclaimed wood dining table,1,False,"Aug 31 – Sep 6, 2025",1756598400,0,0.0
custom wood desk,1,False,"Aug 31 – Sep 6, 2025",1756598400,0,0.0
dining table,1,True,"Sep 7 – 13, 2025",1757203200,26,0.8987
custom furniture,1,False,"Sep 7 – 13, 2025",1757203200,1,0.0346
handmade dining table,1,False,"Sep 7 – 13, 2025",1757203200,0,0.0
reclaimed wood dining table,1,False,"Sep 7 – 13, 2025",1757203200,0,0.0
custom wood desk,1,False,"Sep 7 – 13, 2025",1757203200,0,0.0
dining table,1,True,"Sep 14 – 20, 2025",1757808000,24,0.8296
custom furniture,1,False,"Sep 14 – 20, 2025",1757808000,1,0.0346
handmade dining table,1,False,"Sep 14 – 20, 2025",1757808000,0,0.0
reclaimed wood dining table,1,False,"Sep 14 – 20, 2025",1757808000,0,0.0
custom wood desk,1,False,"Sep 14 – 20, 2025",1757808000,0,0.0
dining table,1,True,"Sep 21 – 27, 2025",1758412800,25,0.8641
custom furniture,1,False,"Sep 21 – 27, 2025",1758412800,1,0.0346
handmade dining table,1,False,"Sep 21 – 27, 2025",1758412800,0,0.0
reclaimed wood dining table,1,False,"Sep 21 – 27, 2025",1758412800,0,0.0
custom wood desk,1,False,"Sep 21 – 27, 2025",1758412800,0,0.0
dining table,1,True,"Sep 28 – Oct 4, 2025",1759017600,25,0.8641
custom furniture,1,False,"Sep 28 – Oct 4, 2025",1759017600,1,0.0346
handmade dining table,1,False,"Sep 28 – Oct 4, 2025",1759017600,0,0.0
reclaimed wood dining table,1,False,"Sep 28 – Oct 4, 2025",1759017600,0,0.0
custom wood desk,1,False,"Sep 28 – Oct 4, 2025",1759017600,0,0.0
dining table,1,True,"Oct 5 – 11, 2025",1759622400,25,0.8641
custom furniture,1,False,"Oct 5 – 11, 2025",1759622400,1,0.0346
handmade dining table,1,False,"Oct 5 – 11, 2025",1759622400,0,0.0
reclaimed wood dining table,1,False,"Oct 5 – 11, 2025",1759622400,0,0.0
custom wood desk,1,False,"Oct 5 – 11, 2025",1759622400,0,0.0
dining table,1,True,"Oct 12 – 18, 2025",1760227200,25,0.8641
custom furniture,1,False,"Oct 12 – 18, 2025",1760227200,1,0.0346
handmade dining table,1,False,"Oct 12 – 18, 2025",1760227200,0,0.0
reclaimed wood dining table,1,False,"Oct 12 – 18, 2025",1760227200,0,0.0
custom wood desk,1,False,"Oct 12 – 18, 2025",1760227200,0,0.0
dining table,1,True,"Oct 19 – 25, 2025",1760832000,24,0.8296
custom furniture,1,False,"Oct 19 – 25, 2025",1760832000,1,0.0346
handmade dining table,1,False,"Oct 19 – 25, 2025",1760832000,0,0.0
reclaimed wood dining table,1,False,"Oct 19 – 25, 2025",1760832000,0,0.0
custom wood desk,1,False,"Oct 19 – 25, 2025",1760832000,0,0.0
dining table,1,True,"Oct 26 – Nov 1, 2025",1761436800,23,0.795
custom furniture,1,False,"Oct 26 – Nov 1, 2025",1761436800,1,0.0346
handmade dining table,1,False,"Oct 26 – Nov 1, 2025",1761436800,0,0.0
reclaimed wood dining table,1,False,"Oct 26 – Nov 1, 2025",1761436800,0,0.0
custom wood desk,1,False,"Oct 26 – Nov 1, 2025",1761436800,0,0.0
dining table,1,True,"Nov 2 – 8, 2025",1762041600,28,0.9678
custom furniture,1,False,"Nov 2 – 8, 2025",1762041600,1,0.0346
handmade dining table,1,False,"Nov 2 – 8, 2025",1762041600,0,0.0
reclaimed wood dining table,1,False,"Nov 2 – 8, 2025",1762041600,0,0.0
custom wood desk,1,False,"Nov 2 – 8, 2025",1762041600,0,0.0
dining table,1,True,"Nov 9 – 15, 2025",1762646400,31,1.0715
custom furniture,1,False,"Nov 9 – 15, 2025",1762646400,1,0.0346
handmade dining table,1,False,"Nov 9 – 15, 2025",1762646400,0,0.0
reclaimed wood dining table,1,False,"Nov 9 – 15, 2025",1762646400,0,0.0
custom wood desk,1,False,"Nov 9 – 15, 2025",1762646400,0,0.0
dining table,1,True,"Nov 16 – 22, 2025",1763251200,32,1.1061
custom furniture,1,False,"Nov 16 – 22, 2025",1763251200,2,0.0691
handmade dining table,1,False,"Nov 16 – 22, 2025",1763251200,0,0.0
reclaimed wood dining table,1,False,"Nov 16 – 22, 2025",1763251200,0,0.0
custom wood desk,1,False,"Nov 16 – 22, 2025",1763251200,0,0.0
dining table,1,True,"Nov 23 – 29, 2025",1763856000,35,1.2098
custom furniture,1,False,"Nov 23 – 29, 2025",1763856000,1,0.0346
handmade dining table,1,False,"Nov 23 – 29, 2025",1763856000,0,0.0
reclaimed wood dining table,1,False,"Nov 23 – 29, 2025",1763856000,0,0.0
custom wood desk,1,False,"Nov 23 – 29, 2025",1763856000,0,0.0
dining table,1,True,"Nov 30 – Dec 6, 2025",1764460800,29,1.0024
custom furniture,1,False,"Nov 30 – Dec 6, 2025",1764460800,1,0.0346
handmade dining table,1,False,"Nov 30 – Dec 6, 2025",1764460800,0,0.0
reclaimed wood dining table,1,False,"Nov 30 – Dec 6, 2025",1764460800,0,0.0
custom wood desk,1,False,"Nov 30 – Dec 6, 2025",1764460800,0,0.0
dining table,1,True,"Dec 7 – 13, 2025",1765065600,26,0.8987
custom furniture,1,False,"Dec 7 – 13, 2025",1765065600,2,0.0691
handmade dining table,1,False,"Dec 7 – 13, 2025",1765065600,0,0.0
reclaimed wood dining table,1,False,"Dec 7 – 13, 2025",1765065600,0,0.0
custom wood desk,1,False,"Dec 7 – 13, 2025",1765065600,0,0.0
dining table,1,True,"Dec 14 – 20, 2025",1765670400,22,0.7604
custom furniture,1,False,"Dec 14 – 20, 2025",1765670400,1,0.0346
handmade dining table,1,False,"Dec 14 – 20, 2025",1765670400,0,0.0
reclaimed wood dining table,1,False,"Dec 14 – 20, 2025",1765670400,0,0.0
custom wood desk,1,False,"Dec 14 – 20, 2025",1765670400,0,0.0
dining table,1,True,"Dec 21 – 27, 2025",1766275200,25,0.8641
custom furniture,1,False,"Dec 21 – 27, 2025",1766275200,2,0.0691
handmade dining table,1,False,"Dec 21 – 27, 2025",1766275200,0,0.0
reclaimed wood dining table,1,False,"Dec 21 – 27, 2025",1766275200,0,0.0
custom wood desk,1,False,"Dec 21 – 27, 2025",1766275200,0,0.0
dining table,1,True,"Dec 28, 2025 – Jan 3, 2026",1766880000,30,1.0369
custom furniture,1,False,"Dec 28, 2025 – Jan 3, 2026",1766880000,2,0.0691
handmade dining table,1,False,"Dec 28, 2025 – Jan 3, 2026",1766880000,0,0.0
reclaimed wood dining table,1,False,"Dec 28, 2025 – Jan 3, 2026",1766880000,0,0.0
custom wood desk,1,False,"Dec 28, 2025 – Jan 3, 2026",1766880000,0,0.0
dining table,1,True,"Jan 4 – 10, 2026",1767484800,28,0.9678
custom furniture,1,False,"Jan 4 – 10, 2026",1767484800,1,0.0346
handmade dining table,1,False,"Jan 4 – 10, 2026",1767484800,0,0.0
reclaimed wood dining table,1,False,"Jan 4 – 10, 2026",1767484800,0,0.0
custom wood desk,1,False,"Jan 4 – 10, 2026",1767484800,0,0.0
dining table,1,True,"Jan 11 – 17, 2026",1768089600,26,0.8987
custom furniture,1,False,"Jan 11 – 17, 2026",1768089600,1,0.0346
handmade dining table,1,False,"Jan 11 – 17, 2026",1768089600,0,0.0
reclaimed wood dining table,1,False,"Jan 11 – 17, 2026",1768089600,0,0.0
custom wood desk,1,False,"Jan 11 – 17, 2026",1768089600,0,0.0
dining table,1,True,"Jan 18 – 24, 2026",1768694400,26,0.8987
custom furniture,1,False,"Jan 18 – 24, 2026",1768694400,2,0.0691
handmade dining table,1,False,"Jan 18 – 24, 2026",1768694400,0,0.0
reclaimed wood dining table,1,False,"Jan 18 – 24, 2026",1768694400,0,0.0
custom wood desk,1,False,"Jan 18 – 24, 2026",1768694400,0,0.0
dining table,1,True,"Jan 25 – 31, 2026",1769299200,24,0.8296
custom furniture,1,False,"Jan 25 – 31, 2026",1769299200,2,0.0691
handmade dining table,1,False,"Jan 25 – 31, 2026",1769299200,0,0.0
reclaimed wood dining table,1,False,"Jan 25 – 31, 2026",1769299200,0,0.0
custom wood desk,1,False,"Jan 25 – 31, 2026",1769299200,0,0.0
dining table,1,True,"Feb 1 – 7, 2026",1769904000,26,0.8987
custom furniture,1,False,"Feb 1 – 7, 2026",1769904000,2,0.0691
handmade dining table,1,False,"Feb 1 – 7, 2026",1769904000,0,0.0
reclaimed wood dining table,1,False,"Feb 1 – 7, 2026",1769904000,0,0.0
custom wood desk,1,False,"Feb 1 – 7, 2026",1769904000,0,0.0
dining table,1,True,"Feb 8 – 14, 2026",1770508800,33,1.1406
custom furniture,1,False,"Feb 8 – 14, 2026",1770508800,2,0.0691
handmade dining table,1,False,"Feb 8 – 14, 2026",1770508800,0,0.0
reclaimed wood dining table,1,False,"Feb 8 – 14, 2026",1770508800,0,0.0
custom wood desk,1,False,"Feb 8 – 14, 2026",1770508800,0,0.0
dining table,1,True,"Feb 15 – 21, 2026",1771113600,36,1.2443
custom furniture,1,False,"Feb 15 – 21, 2026",1771113600,3,0.1037
handmade dining table,1,False,"Feb 15 – 21, 2026",1771113600,0,0.0
reclaimed wood dining table,1,False,"Feb 15 – 21, 2026",1771113600,0,0.0
custom wood desk,1,False,"Feb 15 – 21, 2026",1771113600,0,0.0
dining table,1,True,"Feb 22 – 28, 2026",1771718400,30,1.0369
custom furniture,1,False,"Feb 22 – 28, 2026",1771718400,3,0.1037
handmade dining table,1,False,"Feb 22 – 28, 2026",1771718400,0,0.0
reclaimed wood dining table,1,False,"Feb 22 – 28, 2026",1771718400,0,0.0
custom wood desk,1,False,"Feb 22 – 28, 2026",1771718400,0,0.0
dining table,1,True,"Mar 1 – 7, 2026",1772323200,26,0.8987
custom furniture,1,False,"Mar 1 – 7, 2026",1772323200,2,0.0691
handmade dining table,1,False,"Mar 1 – 7, 2026",1772323200,0,0.0
reclaimed wood dining table,1,False,"Mar 1 – 7, 2026",1772323200,0,0.0
custom wood desk,1,False,"Mar 1 – 7, 2026",1772323200,0,0.0
dining table,1,True,"Mar 8 – 14, 2026",1772928000,30,1.0369
custom furniture,1,False,"Mar 8 – 14, 2026",1772928000,2,0.0691
handmade dining table,1,False,"Mar 8 – 14, 2026",1772928000,0,0.0
reclaimed wood dining table,1,False,"Mar 8 – 14, 2026",1772928000,0,0.0
custom wood desk,1,False,"Mar 8 – 14, 2026",1772928000,0,0.0
dining table,1,True,"Mar 15 – 21, 2026",1773532800,35,1.2098
custom furniture,1,False,"Mar 15 – 21, 2026",1773532800,3,0.1037
handmade dining table,1,False,"Mar 15 – 21, 2026",1773532800,0,0.0
reclaimed wood dining table,1,False,"Mar 15 – 21, 2026",1773532800,0,0.0
custom wood desk,1,False,"Mar 15 – 21, 2026",1773532800,0,0.0
dining table,1,True,"Mar 22 – 28, 2026",1774137600,50,1.7282
custom furniture,1,False,"Mar 22 – 28, 2026",1774137600,4,0.1383
handmade dining table,1,False,"Mar 22 – 28, 2026",1774137600,0,0.0
reclaimed wood dining table,1,False,"Mar 22 – 28, 2026",1774137600,0,0.0
custom wood desk,1,False,"Mar 22 – 28, 2026",1774137600,1,0.0346
dining table,1,True,"Mar 29 – Apr 4, 2026",1774742400,69,2.385
custom furniture,1,False,"Mar 29 – Apr 4, 2026",1774742400,7,0.242
handmade dining table,1,False,"Mar 29 – Apr 4, 2026",1774742400,1,0.0346
reclaimed wood dining table,1,False,"Mar 29 – Apr 4, 2026",1774742400,0,0.0
custom wood desk,1,False,"Mar 29 – Apr 4, 2026",1774742400,1,0.0346
dining table,1,True,"Apr 5 – 11, 2026",1775347200,82,2.8343
custom furniture,1,False,"Apr 5 – 11, 2026",1775347200,9,0.3111
handmade dining table,1,False,"Apr 5 – 11, 2026",1775347200,1,0.0346
reclaimed wood dining table,1,False,"Apr 5 – 11, 2026",1775347200,0,0.0
custom wood desk,1,False,"Apr 5 – 11, 2026",1775347200,2,0.0691
dining table,1,True,"Apr 12 – 18, 2026",1775952000,100,3.4565
custom furniture,1,False,"Apr 12 – 18, 2026",1775952000,10,0.3456
handmade dining table,1,False,"Apr 12 – 18, 2026",1775952000,2,0.0691
reclaimed wood dining table,1,False,"Apr 12 – 18, 2026",1775952000,0,0.0
custom wood desk,1,False,"Apr 12 – 18, 2026",1775952000,2,0.0691
dining table,1,True,"Apr 19 – 25, 2026",1776556800,82,2.8343
custom furniture,1,False,"Apr 19 – 25, 2026",1776556800,8,0.2765
handmade dining table,1,False,"Apr 19 – 25, 2026",1776556800,1,0.0346
reclaimed wood dining table,1,False,"Apr 19 – 25, 2026",1776556800,0,0.0
custom wood desk,1,False,"Apr 19 – 25, 2026",1776556800,2,0.0691
dining table,1,True,"Apr 26 – May 2, 2026",1777161600,67,2.3158
custom furniture,1,False,"Apr 26 – May 2, 2026",1777161600,6,0.2074
handmade dining table,1,False,"Apr 26 – May 2, 2026",1777161600,1,0.0346
reclaimed wood dining table,1,False,"Apr 26 – May 2, 2026",1777161600,0,0.0
custom wood desk,1,False,"Apr 26 – May 2, 2026",1777161600,1,0.0346
dining table,1,True,"May 3 – 9, 2026",1777766400,69,2.385
custom furniture,1,False,"May 3 – 9, 2026",1777766400,5,0.1728
handmade dining table,1,False,"May 3 – 9, 2026",1777766400,1,0.0346
reclaimed wood dining table,1,False,"May 3 – 9, 2026",1777766400,0,0.0
custom wood desk,1,False,"May 3 – 9, 2026",1777766400,1,0.0346
dining table,1,True,"May 10 – 16, 2026",1778371200,78,2.696
custom furniture,1,False,"May 10 – 16, 2026",1778371200,9,0.3111
handmade dining table,1,False,"May 10 – 16, 2026",1778371200,1,0.0346
reclaimed wood dining table,1,False,"May 10 – 16, 2026",1778371200,0,0.0
custom wood desk,1,False,"May 10 – 16, 2026",1778371200,1,0.0346
dining table,1,True,"May 17 – 23, 2026",1778976000,72,2.4887
custom furniture,1,False,"May 17 – 23, 2026",1778976000,8,0.2765
handmade dining table,1,False,"May 17 – 23, 2026",1778976000,1,0.0346
reclaimed wood dining table,1,False,"May 17 – 23, 2026",1778976000,0,0.0
custom wood desk,1,False,"May 17 – 23, 2026",1778976000,1,0.0346
dining table,1,True,"May 24 – 30, 2026",1779580800,54,1.8665
custom furniture,1,False,"May 24 – 30, 2026",1779580800,6,0.2074
handmade dining table,1,False,"May 24 – 30, 2026",1779580800,0,0.0
reclaimed wood dining table,1,False,"May 24 – 30, 2026",1779580800,0,0.0
custom wood desk,1,False,"May 24 – 30, 2026",1779580800,0,0.0
dining table,1,True,"May 31 – Jun 6, 2026",1780185600,50,1.7282
custom furniture,1,False,"May 31 – Jun 6, 2026",1780185600,6,0.2074
handmade dining table,1,False,"May 31 – Jun 6, 2026",1780185600,0,0.0
reclaimed wood dining table,1,False,"May 31 – Jun 6, 2026",1780185600,0,0.0
custom wood desk,1,False,"May 31 – Jun 6, 2026",1780185600,1,0.0346
dining table,1,True,"Jun 7 – 13, 2026",1780790400,57,1.9702
custom furniture,1,False,"Jun 7 – 13, 2026",1780790400,7,0.242
handmade dining table,1,False,"Jun 7 – 13, 2026",1780790400,0,0.0
reclaimed wood dining table,1,False,"Jun 7 – 13, 2026",1780790400,0,0.0
custom wood desk,1,False,"Jun 7 – 13, 2026",1780790400,1,0.0346
dining table,1,True,"Jun 14 – 20, 2026",1781395200,53,1.8319
custom furniture,1,False,"Jun 14 – 20, 2026",1781395200,7,0.242
handmade dining table,1,False,"Jun 14 – 20, 2026",1781395200,0,0.0
reclaimed wood dining table,1,False,"Jun 14 – 20, 2026",1781395200,0,0.0
custom wood desk,1,False,"Jun 14 – 20, 2026",1781395200,1,0.0346
dining table,1,True,"Jun 21 – 27, 2026",1782000000,48,1.6591
custom furniture,1,False,"Jun 21 – 27, 2026",1782000000,5,0.1728
handmade dining table,1,False,"Jun 21 – 27, 2026",1782000000,0,0.0
reclaimed wood dining table,1,False,"Jun 21 – 27, 2026",1782000000,0,0.0
custom wood desk,1,False,"Jun 21 – 27, 2026",1782000000,1,0.0346
dining table,1,True,"Jun 28 – Jul 4, 2026",1782604800,39,1.348
custom furniture,1,False,"Jun 28 – Jul 4, 2026",1782604800,4,0.1383
handmade dining table,1,False,"Jun 28 – Jul 4, 2026",1782604800,0,0.0
reclaimed wood dining table,1,False,"Jun 28 – Jul 4, 2026",1782604800,0,0.0
custom wood desk,1,False,"Jun 28 – Jul 4, 2026",1782604800,0,0.0
dining table,1,True,"Jul 5 – 11, 2026",1783209600,34,1.1752
custom furniture,1,False,"Jul 5 – 11, 2026",1783209600,4,0.1383
handmade dining table,1,False,"Jul 5 – 11, 2026",1783209600,0,0.0
reclaimed wood dining table,1,False,"Jul 5 – 11, 2026",1783209600,0,0.0
custom wood desk,1,False,"Jul 5 – 11, 2026",1783209600,0,0.0
dining table,1,True,"Jul 12 – 18, 2026",1783814400,27,0.9332
custom furniture,1,False,"Jul 12 – 18, 2026",1783814400,2,0.0691
handmade dining table,1,False,"Jul 12 – 18, 2026",1783814400,0,0.0
reclaimed wood dining table,1,False,"Jul 12 – 18, 2026",1783814400,0,0.0
custom wood desk,1,False,"Jul 12 – 18, 2026",1783814400,0,0.0
dining table,1,True,"Jul 19 – 25, 2026",1784419200,25,0.8641
custom furniture,1,False,"Jul 19 – 25, 2026",1784419200,1,0.0346
handmade dining table,1,False,"Jul 19 – 25, 2026",1784419200,0,0.0
reclaimed wood dining table,1,False,"Jul 19 – 25, 2026",1784419200,0,0.0
custom wood desk,1,False,"Jul 19 – 25, 2026",1784419200,0,0.0
dining table,1,True,"Jul 26 – Aug 1, 2026",1785024000,26,0.8987
custom furniture,1,False,"Jul 26 – Aug 1, 2026",1785024000,1,0.0346
handmade dining table,1,False,"Jul 26 – Aug 1, 2026",1785024000,0,0.0
reclaimed wood dining table,1,False,"Jul 26 – Aug 1, 2026",1785024000,0,0.0
custom wood desk,1,False,"Jul 26 – Aug 1, 2026",1785024000,0,0.0
dining table,1,True,"Aug 2 – 8, 2026",1785628800,28,0.9678
custom furniture,1,False,"Aug 2 – 8, 2026",1785628800,2,0.0691
handmade dining table,1,False,"Aug 2 – 8, 2026",1785628800,0,0.0
reclaimed wood dining table,1,False,"Aug 2 – 8, 2026",1785628800,0,0.0
custom wood desk,1,False,"Aug 2 – 8, 2026",1785628800,0,0.0
dining table,1,True,"Aug 9 – 15, 2026",1786233600,27,0.9332
custom furniture,1,False,"Aug 9 – 15, 2026",1786233600,2,0.0691
handmade dining table,1,False,"Aug 9 – 15, 2026",1786233600,0,0.0
reclaimed wood dining table,1,False,"Aug 9 – 15, 2026",1786233600,0,0.0
custom wood desk,1,False,"Aug 9 – 15, 2026",1786233600,0,0.0
dining table,1,True,"Aug 16 – 22, 2026",1786838400,28,0.9678
custom furniture,1,False,"Aug 16 – 22, 2026",1786838400,1,0.0346
handmade dining table,1,False,"Aug 16 – 22, 2026",1786838400,0,0.0
reclaimed wood dining table,1,False,"Aug 16 – 22, 2026",1786838400,0,0.0
custom wood desk,1,False,"Aug 16 – 22, 2026",1786838400,0,0.0
dining table,1,True,"Aug 23 – 29, 2026",1787443200,25,0.8641
custom furniture,1,False,"Aug 23 – 29, 2026",1787443200,1,0.0346
handmade dining table,1,False,"Aug 23 – 29, 2026",1787443200,0,0.0
reclaimed wood dining table,1,False,"Aug 23 – 29, 2026",1787443200,0,0.0
custom wood desk,1,False,"Aug 23 – 29, 2026",1787443200,0,0.0
dining table,2,True,"Aug 22 – 28, 2021",1629590400,30,1.0369
made to order furniture,2,False,"Aug 22 – 28, 2021",1629590400,0,0.0
white oak dining table,2,False,"Aug 22 – 28, 2021",1629590400,0,0.0
farmhouse dining table,2,False,"Aug 22 – 28, 2021",1629590400,1,0.0346
extendable dining table,2,False,"Aug 22 – 28, 2021",1629590400,1,0.0346
dining table,2,True,"Aug 29 – Sep 4, 2021",1630195200,31,1.0715
made to order furniture,2,False,"Aug 29 – Sep 4, 2021",1630195200,0,0.0
white oak dining table,2,False,"Aug 29 – Sep 4, 2021",1630195200,0,0.0
farmhouse dining table,2,False,"Aug 29 – Sep 4, 2021",1630195200,1,0.0346
extendable dining table,2,False,"Aug 29 – Sep 4, 2021",1630195200,1,0.0346
dining table,2,True,"Sep 5 – 11, 2021",1630800000,32,1.1061
made to order furniture,2,False,"Sep 5 – 11, 2021",1630800000,0,0.0
white oak dining table,2,False,"Sep 5 – 11, 2021",1630800000,0,0.0
farmhouse dining table,2,False,"Sep 5 – 11, 2021",1630800000,1,0.0346
extendable dining table,2,False,"Sep 5 – 11, 2021",1630800000,1,0.0346
dining table,2,True,"Sep 12 – 18, 2021",1631404800,31,1.0715
made to order furniture,2,False,"Sep 12 – 18, 2021",1631404800,0,0.0
white oak dining table,2,False,"Sep 12 – 18, 2021",1631404800,0,0.0
farmhouse dining table,2,False,"Sep 12 – 18, 2021",1631404800,0,0.0
extendable dining table,2,False,"Sep 12 – 18, 2021",1631404800,1,0.0346
dining table,2,True,"Sep 19 – 25, 2021",1632009600,29,1.0024
made to order furniture,2,False,"Sep 19 – 25, 2021",1632009600,0,0.0
white oak dining table,2,False,"Sep 19 – 25, 2021",1632009600,0,0.0
farmhouse dining table,2,False,"Sep 19 – 25, 2021",1632009600,1,0.0346
extendable dining table,2,False,"Sep 19 – 25, 2021",1632009600,1,0.0346
dining table,2,True,"Sep 26 – Oct 2, 2021",1632614400,30,1.0369
made to order furniture,2,False,"Sep 26 – Oct 2, 2021",1632614400,0,0.0
white oak dining table,2,False,"Sep 26 – Oct 2, 2021",1632614400,0,0.0
farmhouse dining table,2,False,"Sep 26 – Oct 2, 2021",1632614400,1,0.0346
extendable dining table,2,False,"Sep 26 – Oct 2, 2021",1632614400,1,0.0346
dining table,2,True,"Oct 3 – 9, 2021",1633219200,30,1.0369
made to order furniture,2,False,"Oct 3 – 9, 2021",1633219200,0,0.0
white oak dining table,2,False,"Oct 3 – 9, 2021",1633219200,0,0.0
farmhouse dining table,2,False,"Oct 3 – 9, 2021",1633219200,1,0.0346
extendable dining table,2,False,"Oct 3 – 9, 2021",1633219200,1,0.0346
dining table,2,True,"Oct 10 – 16, 2021",1633824000,31,1.0715
made to order furniture,2,False,"Oct 10 – 16, 2021",1633824000,0,0.0
white oak dining table,2,False,"Oct 10 – 16, 2021",1633824000,0,0.0
farmhouse dining table,2,False,"Oct 10 – 16, 2021",1633824000,1,0.0346
extendable dining table,2,False,"Oct 10 – 16, 2021",1633824000,1,0.0346
dining table,2,True,"Oct 17 – 23, 2021",1634428800,29,1.0024
made to order furniture,2,False,"Oct 17 – 23, 2021",1634428800,0,0.0
white oak dining table,2,False,"Oct 17 – 23, 2021",1634428800,0,0.0
farmhouse dining table,2,False,"Oct 17 – 23, 2021",1634428800,1,0.0346
extendable dining table,2,False,"Oct 17 – 23, 2021",1634428800,1,0.0346
dining table,2,True,"Oct 24 – 30, 2021",1635033600,28,0.9678
made to order furniture,2,False,"Oct 24 – 30, 2021",1635033600,0,0.0
white oak dining table,2,False,"Oct 24 – 30, 2021",1635033600,0,0.0
farmhouse dining table,2,False,"Oct 24 – 30, 2021",1635033600,0,0.0
extendable dining table,2,False,"Oct 24 – 30, 2021",1635033600,1,0.0346
dining table,2,True,"Oct 31 – Nov 6, 2021",1635638400,31,1.0715
made to order furniture,2,False,"Oct 31 – Nov 6, 2021",1635638400,0,0.0
white oak dining table,2,False,"Oct 31 – Nov 6, 2021",1635638400,0,0.0
farmhouse dining table,2,False,"Oct 31 – Nov 6, 2021",1635638400,1,0.0346
extendable dining table,2,False,"Oct 31 – Nov 6, 2021",1635638400,1,0.0346
dining table,2,True,"Nov 7 – 13, 2021",1636243200,34,1.1752
made to order furniture,2,False,"Nov 7 – 13, 2021",1636243200,0,0.0
white oak dining table,2,False,"Nov 7 – 13, 2021",1636243200,0,0.0
farmhouse dining table,2,False,"Nov 7 – 13, 2021",1636243200,1,0.0346
extendable dining table,2,False,"Nov 7 – 13, 2021",1636243200,1,0.0346
dining table,2,True,"Nov 14 – 20, 2021",1636848000,34,1.1752
made to order furniture,2,False,"Nov 14 – 20, 2021",1636848000,0,0.0
white oak dining table,2,False,"Nov 14 – 20, 2021",1636848000,0,0.0
farmhouse dining table,2,False,"Nov 14 – 20, 2021",1636848000,1,0.0346
extendable dining table,2,False,"Nov 14 – 20, 2021",1636848000,1,0.0346
dining table,2,True,"Nov 21 – 27, 2021",1637452800,37,1.2789
made to order furniture,2,False,"Nov 21 – 27, 2021",1637452800,0,0.0
white oak dining table,2,False,"Nov 21 – 27, 2021",1637452800,0,0.0
farmhouse dining table,2,False,"Nov 21 – 27, 2021",1637452800,1,0.0346
extendable dining table,2,False,"Nov 21 – 27, 2021",1637452800,1,0.0346
dining table,2,True,"Nov 28 – Dec 4, 2021",1638057600,33,1.1406
made to order furniture,2,False,"Nov 28 – Dec 4, 2021",1638057600,0,0.0
white oak dining table,2,False,"Nov 28 – Dec 4, 2021",1638057600,0,0.0
farmhouse dining table,2,False,"Nov 28 – Dec 4, 2021",1638057600,1,0.0346
extendable dining table,2,False,"Nov 28 – Dec 4, 2021",1638057600,1,0.0346
dining table,2,True,"Dec 5 – 11, 2021",1638662400,28,0.9678
made to order furniture,2,False,"Dec 5 – 11, 2021",1638662400,0,0.0
white oak dining table,2,False,"Dec 5 – 11, 2021",1638662400,0,0.0
farmhouse dining table,2,False,"Dec 5 – 11, 2021",1638662400,1,0.0346
extendable dining table,2,False,"Dec 5 – 11, 2021",1638662400,1,0.0346
dining table,2,True,"Dec 12 – 18, 2021",1639267200,22,0.7604
made to order furniture,2,False,"Dec 12 – 18, 2021",1639267200,0,0.0
white oak dining table,2,False,"Dec 12 – 18, 2021",1639267200,0,0.0
farmhouse dining table,2,False,"Dec 12 – 18, 2021",1639267200,0,0.0
extendable dining table,2,False,"Dec 12 – 18, 2021",1639267200,1,0.0346
dining table,2,True,"Dec 19 – 25, 2021",1639872000,24,0.8296
made to order furniture,2,False,"Dec 19 – 25, 2021",1639872000,0,0.0
white oak dining table,2,False,"Dec 19 – 25, 2021",1639872000,0,0.0
farmhouse dining table,2,False,"Dec 19 – 25, 2021",1639872000,1,0.0346
extendable dining table,2,False,"Dec 19 – 25, 2021",1639872000,0,0.0
dining table,2,True,"Dec 26, 2021 – Jan 1, 2022",1640476800,30,1.0369
made to order furniture,2,False,"Dec 26, 2021 – Jan 1, 2022",1640476800,0,0.0
white oak dining table,2,False,"Dec 26, 2021 – Jan 1, 2022",1640476800,0,0.0
farmhouse dining table,2,False,"Dec 26, 2021 – Jan 1, 2022",1640476800,1,0.0346
extendable dining table,2,False,"Dec 26, 2021 – Jan 1, 2022",1640476800,1,0.0346
dining table,2,True,"Jan 2 – 8, 2022",1641081600,33,1.1406
made to order furniture,2,False,"Jan 2 – 8, 2022",1641081600,0,0.0
white oak dining table,2,False,"Jan 2 – 8, 2022",1641081600,0,0.0
farmhouse dining table,2,False,"Jan 2 – 8, 2022",1641081600,0,0.0
extendable dining table,2,False,"Jan 2 – 8, 2022",1641081600,1,0.0346
dining table,2,True,"Jan 9 – 15, 2022",1641686400,30,1.0369
made to order furniture,2,False,"Jan 9 – 15, 2022",1641686400,0,0.0
white oak dining table,2,False,"Jan 9 – 15, 2022",1641686400,0,0.0
farmhouse dining table,2,False,"Jan 9 – 15, 2022",1641686400,1,0.0346
extendable dining table,2,False,"Jan 9 – 15, 2022",1641686400,1,0.0346
dining table,2,True,"Jan 16 – 22, 2022",1642291200,33,1.1406
made to order furniture,2,False,"Jan 16 – 22, 2022",1642291200,0,0.0
white oak dining table,2,False,"Jan 16 – 22, 2022",1642291200,0,0.0
farmhouse dining table,2,False,"Jan 16 – 22, 2022",1642291200,1,0.0346
extendable dining table,2,False,"Jan 16 – 22, 2022",1642291200,1,0.0346
dining table,2,True,"Jan 23 – 29, 2022",1642896000,31,1.0715
made to order furniture,2,False,"Jan 23 – 29, 2022",1642896000,0,0.0
white oak dining table,2,False,"Jan 23 – 29, 2022",1642896000,0,0.0
farmhouse dining table,2,False,"Jan 23 – 29, 2022",1642896000,1,0.0346
extendable dining table,2,False,"Jan 23 – 29, 2022",1642896000,1,0.0346
dining table,2,True,"Jan 30 – Feb 5, 2022",1643500800,30,1.0369
made to order furniture,2,False,"Jan 30 – Feb 5, 2022",1643500800,0,0.0
white oak dining table,2,False,"Jan 30 – Feb 5, 2022",1643500800,0,0.0
farmhouse dining table,2,False,"Jan 30 – Feb 5, 2022",1643500800,1,0.0346
extendable dining table,2,False,"Jan 30 – Feb 5, 2022",1643500800,1,0.0346
dining table,2,True,"Feb 6 – 12, 2022",1644105600,30,1.0369
made to order furniture,2,False,"Feb 6 – 12, 2022",1644105600,0,0.0
white oak dining table,2,False,"Feb 6 – 12, 2022",1644105600,0,0.0
farmhouse dining table,2,False,"Feb 6 – 12, 2022",1644105600,1,0.0346
extendable dining table,2,False,"Feb 6 – 12, 2022",1644105600,1,0.0346
dining table,2,True,"Feb 13 – 19, 2022",1644710400,30,1.0369
made to order furniture,2,False,"Feb 13 – 19, 2022",1644710400,0,0.0
white oak dining table,2,False,"Feb 13 – 19, 2022",1644710400,0,0.0
farmhouse dining table,2,False,"Feb 13 – 19, 2022",1644710400,0,0.0
extendable dining table,2,False,"Feb 13 – 19, 2022",1644710400,1,0.0346
dining table,2,True,"Feb 20 – 26, 2022",1645315200,33,1.1406
made to order furniture,2,False,"Feb 20 – 26, 2022",1645315200,0,0.0
white oak dining table,2,False,"Feb 20 – 26, 2022",1645315200,0,0.0
farmhouse dining table,2,False,"Feb 20 – 26, 2022",1645315200,1,0.0346
extendable dining table,2,False,"Feb 20 – 26, 2022",1645315200,1,0.0346
dining table,2,True,"Feb 27 – Mar 5, 2022",1645920000,31,1.0715
made to order furniture,2,False,"Feb 27 – Mar 5, 2022",1645920000,0,0.0
white oak dining table,2,False,"Feb 27 – Mar 5, 2022",1645920000,0,0.0
farmhouse dining table,2,False,"Feb 27 – Mar 5, 2022",1645920000,1,0.0346
extendable dining table,2,False,"Feb 27 – Mar 5, 2022",1645920000,1,0.0346
dining table,2,True,"Mar 6 – 12, 2022",1646524800,33,1.1406
made to order furniture,2,False,"Mar 6 – 12, 2022",1646524800,0,0.0
white oak dining table,2,False,"Mar 6 – 12, 2022",1646524800,0,0.0
farmhouse dining table,2,False,"Mar 6 – 12, 2022",1646524800,1,0.0346
extendable dining table,2,False,"Mar 6 – 12, 2022",1646524800,1,0.0346
dining table,2,True,"Mar 13 – 19, 2022",1647129600,33,1.1406
made to order furniture,2,False,"Mar 13 – 19, 2022",1647129600,0,0.0
white oak dining table,2,False,"Mar 13 – 19, 2022",1647129600,0,0.0
farmhouse dining table,2,False,"Mar 13 – 19, 2022",1647129600,1,0.0346
extendable dining table,2,False,"Mar 13 – 19, 2022",1647129600,1,0.0346
dining table,2,True,"Mar 20 – 26, 2022",1647734400,33,1.1406
made to order furniture,2,False,"Mar 20 – 26, 2022",1647734400,0,0.0
white oak dining table,2,False,"Mar 20 – 26, 2022",1647734400,0,0.0
farmhouse dining table,2,False,"Mar 20 – 26, 2022",1647734400,1,0.0346
extendable dining table,2,False,"Mar 20 – 26, 2022",1647734400,1,0.0346
dining table,2,True,"Mar 27 – Apr 2, 2022",1648339200,29,1.0024
made to order furniture,2,False,"Mar 27 – Apr 2, 2022",1648339200,0,0.0
white oak dining table,2,False,"Mar 27 – Apr 2, 2022",1648339200,0,0.0
farmhouse dining table,2,False,"Mar 27 – Apr 2, 2022",1648339200,0,0.0
extendable dining table,2,False,"Mar 27 – Apr 2, 2022",1648339200,1,0.0346
dining table,2,True,"Apr 3 – 9, 2022",1648944000,30,1.0369
made to order furniture,2,False,"Apr 3 – 9, 2022",1648944000,0,0.0
white oak dining table,2,False,"Apr 3 – 9, 2022",1648944000,0,0.0
farmhouse dining table,2,False,"Apr 3 – 9, 2022",1648944000,1,0.0346
extendable dining table,2,False,"Apr 3 – 9, 2022",1648944000,1,0.0346
dining table,2,True,"Apr 10 – 16, 2022",1649548800,29,1.0024
made to order furniture,2,False,"Apr 10 – 16, 2022",1649548800,0,0.0
white oak dining table,2,False,"Apr 10 – 16, 2022",1649548800,0,0.0
farmhouse dining table,2,False,"Apr 10 – 16, 2022",1649548800,0,0.0
extendable dining table,2,False,"Apr 10 – 16, 2022",1649548800,1,0.0346
dining table,2,True,"Apr 17 – 23, 2022",1650153600,29,1.0024
made to order furniture,2,False,"Apr 17 – 23, 2022",1650153600,0,0.0
white oak dining table,2,False,"Apr 17 – 23, 2022",1650153600,0,0.0
farmhouse dining table,2,False,"Apr 17 – 23, 2022",1650153600,0,0.0
extendable dining table,2,False,"Apr 17 – 23, 2022",1650153600,1,0.0346
dining table,2,True,"Apr 24 – 30, 2022",1650758400,30,1.0369
made to order furniture,2,False,"Apr 24 – 30, 2022",1650758400,0,0.0
white oak dining table,2,False,"Apr 24 – 30, 2022",1650758400,0,0.0
farmhouse dining table,2,False,"Apr 24 – 30, 2022",1650758400,1,0.0346
extendable dining table,2,False,"Apr 24 – 30, 2022",1650758400,1,0.0346
dining table,2,True,"May 1 – 7, 2022",1651363200,29,1.0024
made to order furniture,2,False,"May 1 – 7, 2022",1651363200,0,0.0
white oak dining table,2,False,"May 1 – 7, 2022",1651363200,0,0.0
farmhouse dining table,2,False,"May 1 – 7, 2022",1651363200,1,0.0346
extendable dining table,2,False,"May 1 – 7, 2022",1651363200,1,0.0346
dining table,2,True,"May 8 – 14, 2022",1651968000,28,0.9678
made to order furniture,2,False,"May 8 – 14, 2022",1651968000,0,0.0
white oak dining table,2,False,"May 8 – 14, 2022",1651968000,0,0.0
farmhouse dining table,2,False,"May 8 – 14, 2022",1651968000,1,0.0346
extendable dining table,2,False,"May 8 – 14, 2022",1651968000,1,0.0346
dining table,2,True,"May 15 – 21, 2022",1652572800,29,1.0024
made to order furniture,2,False,"May 15 – 21, 2022",1652572800,0,0.0
white oak dining table,2,False,"May 15 – 21, 2022",1652572800,0,0.0
farmhouse dining table,2,False,"May 15 – 21, 2022",1652572800,1,0.0346
extendable dining table,2,False,"May 15 – 21, 2022",1652572800,1,0.0346
dining table,2,True,"May 22 – 28, 2022",1653177600,29,1.0024
made to order furniture,2,False,"May 22 – 28, 2022",1653177600,0,0.0
white oak dining table,2,False,"May 22 – 28, 2022",1653177600,0,0.0
farmhouse dining table,2,False,"May 22 – 28, 2022",1653177600,0,0.0
extendable dining table,2,False,"May 22 – 28, 2022",1653177600,1,0.0346
dining table,2,True,"May 29 – Jun 4, 2022",1653782400,29,1.0024
made to order furniture,2,False,"May 29 – Jun 4, 2022",1653782400,0,0.0
white oak dining table,2,False,"May 29 – Jun 4, 2022",1653782400,0,0.0
farmhouse dining table,2,False,"May 29 – Jun 4, 2022",1653782400,1,0.0346
extendable dining table,2,False,"May 29 – Jun 4, 2022",1653782400,1,0.0346
dining table,2,True,"Jun 5 – 11, 2022",1654387200,28,0.9678
made to order furniture,2,False,"Jun 5 – 11, 2022",1654387200,0,0.0
white oak dining table,2,False,"Jun 5 – 11, 2022",1654387200,0,0.0
farmhouse dining table,2,False,"Jun 5 – 11, 2022",1654387200,1,0.0346
extendable dining table,2,False,"Jun 5 – 11, 2022",1654387200,1,0.0346
dining table,2,True,"Jun 12 – 18, 2022",1654992000,26,0.8987
made to order furniture,2,False,"Jun 12 – 18, 2022",1654992000,0,0.0
white oak dining table,2,False,"Jun 12 – 18, 2022",1654992000,0,0.0
farmhouse dining table,2,False,"Jun 12 – 18, 2022",1654992000,0,0.0
extendable dining table,2,False,"Jun 12 – 18, 2022",1654992000,1,0.0346
dining table,2,True,"Jun 19 – 25, 2022",1655596800,28,0.9678
made to order furniture,2,False,"Jun 19 – 25, 2022",1655596800,0,0.0
white oak dining table,2,False,"Jun 19 – 25, 2022",1655596800,0,0.0
farmhouse dining table,2,False,"Jun 19 – 25, 2022",1655596800,1,0.0346
extendable dining table,2,False,"Jun 19 – 25, 2022",1655596800,1,0.0346
dining table,2,True,"Jun 26 – Jul 2, 2022",1656201600,28,0.9678
made to order furniture,2,False,"Jun 26 – Jul 2, 2022",1656201600,0,0.0
white oak dining table,2,False,"Jun 26 – Jul 2, 2022",1656201600,0,0.0
farmhouse dining table,2,False,"Jun 26 – Jul 2, 2022",1656201600,0,0.0
extendable dining table,2,False,"Jun 26 – Jul 2, 2022",1656201600,1,0.0346
dining table,2,True,"Jul 3 – 9, 2022",1656806400,30,1.0369
made to order furniture,2,False,"Jul 3 – 9, 2022",1656806400,0,0.0
white oak dining table,2,False,"Jul 3 – 9, 2022",1656806400,0,0.0
farmhouse dining table,2,False,"Jul 3 – 9, 2022",1656806400,1,0.0346
extendable dining table,2,False,"Jul 3 – 9, 2022",1656806400,1,0.0346
dining table,2,True,"Jul 10 – 16, 2022",1657411200,29,1.0024
made to order furniture,2,False,"Jul 10 – 16, 2022",1657411200,0,0.0
white oak dining table,2,False,"Jul 10 – 16, 2022",1657411200,0,0.0
farmhouse dining table,2,False,"Jul 10 – 16, 2022",1657411200,1,0.0346
extendable dining table,2,False,"Jul 10 – 16, 2022",1657411200,1,0.0346
dining table,2,True,"Jul 17 – 23, 2022",1658016000,29,1.0024
made to order furniture,2,False,"Jul 17 – 23, 2022",1658016000,0,0.0
white oak dining table,2,False,"Jul 17 – 23, 2022",1658016000,0,0.0
farmhouse dining table,2,False,"Jul 17 – 23, 2022",1658016000,1,0.0346
extendable dining table,2,False,"Jul 17 – 23, 2022",1658016000,1,0.0346
dining table,2,True,"Jul 24 – 30, 2022",1658620800,29,1.0024
made to order furniture,2,False,"Jul 24 – 30, 2022",1658620800,0,0.0
white oak dining table,2,False,"Jul 24 – 30, 2022",1658620800,0,0.0
farmhouse dining table,2,False,"Jul 24 – 30, 2022",1658620800,0,0.0
extendable dining table,2,False,"Jul 24 – 30, 2022",1658620800,1,0.0346
dining table,2,True,"Jul 31 – Aug 6, 2022",1659225600,31,1.0715
made to order furniture,2,False,"Jul 31 – Aug 6, 2022",1659225600,0,0.0
white oak dining table,2,False,"Jul 31 – Aug 6, 2022",1659225600,0,0.0
farmhouse dining table,2,False,"Jul 31 – Aug 6, 2022",1659225600,0,0.0
extendable dining table,2,False,"Jul 31 – Aug 6, 2022",1659225600,1,0.0346
dining table,2,True,"Aug 7 – 13, 2022",1659830400,28,0.9678
made to order furniture,2,False,"Aug 7 – 13, 2022",1659830400,0,0.0
white oak dining table,2,False,"Aug 7 – 13, 2022",1659830400,0,0.0
farmhouse dining table,2,False,"Aug 7 – 13, 2022",1659830400,0,0.0
extendable dining table,2,False,"Aug 7 – 13, 2022",1659830400,1,0.0346
dining table,2,True,"Aug 14 – 20, 2022",1660435200,28,0.9678
made to order furniture,2,False,"Aug 14 – 20, 2022",1660435200,0,0.0
white oak dining table,2,False,"Aug 14 – 20, 2022",1660435200,0,0.0
farmhouse dining table,2,False,"Aug 14 – 20, 2022",1660435200,1,0.0346
extendable dining table,2,False,"Aug 14 – 20, 2022",1660435200,1,0.0346
dining table,2,True,"Aug 21 – 27, 2022",1661040000,27,0.9332
made to order furniture,2,False,"Aug 21 – 27, 2022",1661040000,0,0.0
white oak dining table,2,False,"Aug 21 – 27, 2022",1661040000,0,0.0
farmhouse dining table,2,False,"Aug 21 – 27, 2022",1661040000,0,0.0
extendable dining table,2,False,"Aug 21 – 27, 2022",1661040000,1,0.0346
dining table,2,True,"Aug 28 – Sep 3, 2022",1661644800,28,0.9678
made to order furniture,2,False,"Aug 28 – Sep 3, 2022",1661644800,0,0.0
white oak dining table,2,False,"Aug 28 – Sep 3, 2022",1661644800,0,0.0
farmhouse dining table,2,False,"Aug 28 – Sep 3, 2022",1661644800,0,0.0
extendable dining table,2,False,"Aug 28 – Sep 3, 2022",1661644800,1,0.0346
dining table,2,True,"Sep 4 – 10, 2022",1662249600,29,1.0024
made to order furniture,2,False,"Sep 4 – 10, 2022",1662249600,0,0.0
white oak dining table,2,False,"Sep 4 – 10, 2022",1662249600,0,0.0
farmhouse dining table,2,False,"Sep 4 – 10, 2022",1662249600,1,0.0346
extendable dining table,2,False,"Sep 4 – 10, 2022",1662249600,1,0.0346
dining table,2,True,"Sep 11 – 17, 2022",1662854400,26,0.8987
made to order furniture,2,False,"Sep 11 – 17, 2022",1662854400,0,0.0
white oak dining table,2,False,"Sep 11 – 17, 2022",1662854400,0,0.0
farmhouse dining table,2,False,"Sep 11 – 17, 2022",1662854400,1,0.0346
extendable dining table,2,False,"Sep 11 – 17, 2022",1662854400,0,0.0
dining table,2,True,"Sep 18 – 24, 2022",1663459200,25,0.8641
made to order furniture,2,False,"Sep 18 – 24, 2022",1663459200,0,0.0
white oak dining table,2,False,"Sep 18 – 24, 2022",1663459200,0,0.0
farmhouse dining table,2,False,"Sep 18 – 24, 2022",1663459200,0,0.0
extendable dining table,2,False,"Sep 18 – 24, 2022",1663459200,1,0.0346
dining table,2,True,"Sep 25 – Oct 1, 2022",1664064000,26,0.8987
made to order furniture,2,False,"Sep 25 – Oct 1, 2022",1664064000,0,0.0
white oak dining table,2,False,"Sep 25 – Oct 1, 2022",1664064000,0,0.0
farmhouse dining table,2,False,"Sep 25 – Oct 1, 2022",1664064000,0,0.0
extendable dining table,2,False,"Sep 25 – Oct 1, 2022",1664064000,1,0.0346
dining table,2,True,"Oct 2 – 8, 2022",1664668800,25,0.8641
made to order furniture,2,False,"Oct 2 – 8, 2022",1664668800,0,0.0
white oak dining table,2,False,"Oct 2 – 8, 2022",1664668800,0,0.0
farmhouse dining table,2,False,"Oct 2 – 8, 2022",1664668800,0,0.0
extendable dining table,2,False,"Oct 2 – 8, 2022",1664668800,1,0.0346
dining table,2,True,"Oct 9 – 15, 2022",1665273600,26,0.8987
made to order furniture,2,False,"Oct 9 – 15, 2022",1665273600,0,0.0
white oak dining table,2,False,"Oct 9 – 15, 2022",1665273600,0,0.0
farmhouse dining table,2,False,"Oct 9 – 15, 2022",1665273600,0,0.0
extendable dining table,2,False,"Oct 9 – 15, 2022",1665273600,0,0.0
dining table,2,True,"Oct 16 – 22, 2022",1665878400,26,0.8987
made to order furniture,2,False,"Oct 16 – 22, 2022",1665878400,0,0.0
white oak dining table,2,False,"Oct 16 – 22, 2022",1665878400,0,0.0
farmhouse dining table,2,False,"Oct 16 – 22, 2022",1665878400,0,0.0
extendable dining table,2,False,"Oct 16 – 22, 2022",1665878400,1,0.0346
dining table,2,True,"Oct 23 – 29, 2022",1666483200,26,0.8987
made to order furniture,2,False,"Oct 23 – 29, 2022",1666483200,0,0.0
white oak dining table,2,False,"Oct 23 – 29, 2022",1666483200,0,0.0
farmhouse dining table,2,False,"Oct 23 – 29, 2022",1666483200,0,0.0
extendable dining table,2,False,"Oct 23 – 29, 2022",1666483200,1,0.0346
dining table,2,True,"Oct 30 – Nov 5, 2022",1667088000,24,0.8296
made to order furniture,2,False,"Oct 30 – Nov 5, 2022",1667088000,0,0.0
white oak dining table,2,False,"Oct 30 – Nov 5, 2022",1667088000,0,0.0
farmhouse dining table,2,False,"Oct 30 – Nov 5, 2022",1667088000,0,0.0
extendable dining table,2,False,"Oct 30 – Nov 5, 2022",1667088000,1,0.0346
dining table,2,True,"Nov 6 – 12, 2022",1667692800,29,1.0024
made to order furniture,2,False,"Nov 6 – 12, 2022",1667692800,0,0.0
white oak dining table,2,False,"Nov 6 – 12, 2022",1667692800,0,0.0
farmhouse dining table,2,False,"Nov 6 – 12, 2022",1667692800,1,0.0346
extendable dining table,2,False,"Nov 6 – 12, 2022",1667692800,1,0.0346
dining table,2,True,"Nov 13 – 19, 2022",1668297600,28,0.9678
made to order furniture,2,False,"Nov 13 – 19, 2022",1668297600,0,0.0
white oak dining table,2,False,"Nov 13 – 19, 2022",1668297600,0,0.0
farmhouse dining table,2,False,"Nov 13 – 19, 2022",1668297600,0,0.0
extendable dining table,2,False,"Nov 13 – 19, 2022",1668297600,1,0.0346
dining table,2,True,"Nov 20 – 26, 2022",1668902400,34,1.1752
made to order furniture,2,False,"Nov 20 – 26, 2022",1668902400,0,0.0
white oak dining table,2,False,"Nov 20 – 26, 2022",1668902400,0,0.0
farmhouse dining table,2,False,"Nov 20 – 26, 2022",1668902400,1,0.0346
extendable dining table,2,False,"Nov 20 – 26, 2022",1668902400,1,0.0346
dining table,2,True,"Nov 27 – Dec 3, 2022",1669507200,26,0.8987
made to order furniture,2,False,"Nov 27 – Dec 3, 2022",1669507200,0,0.0
white oak dining table,2,False,"Nov 27 – Dec 3, 2022",1669507200,0,0.0
farmhouse dining table,2,False,"Nov 27 – Dec 3, 2022",1669507200,0,0.0
extendable dining table,2,False,"Nov 27 – Dec 3, 2022",1669507200,1,0.0346
dining table,2,True,"Dec 4 – 10, 2022",1670112000,23,0.795
made to order furniture,2,False,"Dec 4 – 10, 2022",1670112000,0,0.0
white oak dining table,2,False,"Dec 4 – 10, 2022",1670112000,0,0.0
farmhouse dining table,2,False,"Dec 4 – 10, 2022",1670112000,1,0.0346
extendable dining table,2,False,"Dec 4 – 10, 2022",1670112000,1,0.0346
dining table,2,True,"Dec 11 – 17, 2022",1670716800,23,0.795
made to order furniture,2,False,"Dec 11 – 17, 2022",1670716800,0,0.0
white oak dining table,2,False,"Dec 11 – 17, 2022",1670716800,0,0.0
farmhouse dining table,2,False,"Dec 11 – 17, 2022",1670716800,0,0.0
extendable dining table,2,False,"Dec 11 – 17, 2022",1670716800,1,0.0346
dining table,2,True,"Dec 18 – 24, 2022",1671321600,21,0.7259
made to order furniture,2,False,"Dec 18 – 24, 2022",1671321600,0,0.0
white oak dining table,2,False,"Dec 18 – 24, 2022",1671321600,0,0.0
farmhouse dining table,2,False,"Dec 18 – 24, 2022",1671321600,0,0.0
extendable dining table,2,False,"Dec 18 – 24, 2022",1671321600,1,0.0346
dining table,2,True,"Dec 25 – 31, 2022",1671926400,28,0.9678
made to order furniture,2,False,"Dec 25 – 31, 2022",1671926400,0,0.0
white oak dining table,2,False,"Dec 25 – 31, 2022",1671926400,0,0.0
farmhouse dining table,2,False,"Dec 25 – 31, 2022",1671926400,0,0.0
extendable dining table,2,False,"Dec 25 – 31, 2022",1671926400,1,0.0346
dining table,2,True,"Jan 1 – 7, 2023",1672531200,29,1.0024
made to order furniture,2,False,"Jan 1 – 7, 2023",1672531200,0,0.0
white oak dining table,2,False,"Jan 1 – 7, 2023",1672531200,0,0.0
farmhouse dining table,2,False,"Jan 1 – 7, 2023",1672531200,0,0.0
extendable dining table,2,False,"Jan 1 – 7, 2023",1672531200,1,0.0346
dining table,2,True,"Jan 8 – 14, 2023",1673136000,26,0.8987
made to order furniture,2,False,"Jan 8 – 14, 2023",1673136000,0,0.0
white oak dining table,2,False,"Jan 8 – 14, 2023",1673136000,0,0.0
farmhouse dining table,2,False,"Jan 8 – 14, 2023",1673136000,0,0.0
extendable dining table,2,False,"Jan 8 – 14, 2023",1673136000,1,0.0346
dining table,2,True,"Jan 15 – 21, 2023",1673740800,25,0.8641
made to order furniture,2,False,"Jan 15 – 21, 2023",1673740800,0,0.0
white oak dining table,2,False,"Jan 15 – 21, 2023",1673740800,0,0.0
farmhouse dining table,2,False,"Jan 15 – 21, 2023",1673740800,0,0.0
extendable dining table,2,False,"Jan 15 – 21, 2023",1673740800,1,0.0346
dining table,2,True,"Jan 22 – 28, 2023",1674345600,25,0.8641
made to order furniture,2,False,"Jan 22 – 28, 2023",1674345600,0,0.0
white oak dining table,2,False,"Jan 22 – 28, 2023",1674345600,0,0.0
farmhouse dining table,2,False,"Jan 22 – 28, 2023",1674345600,1,0.0346
extendable dining table,2,False,"Jan 22 – 28, 2023",1674345600,1,0.0346
dining table,2,True,"Jan 29 – Feb 4, 2023",1674950400,24,0.8296
made to order furniture,2,False,"Jan 29 – Feb 4, 2023",1674950400,0,0.0
white oak dining table,2,False,"Jan 29 – Feb 4, 2023",1674950400,0,0.0
farmhouse dining table,2,False,"Jan 29 – Feb 4, 2023",1674950400,0,0.0
extendable dining table,2,False,"Jan 29 – Feb 4, 2023",1674950400,1,0.0346
dining table,2,True,"Feb 5 – 11, 2023",1675555200,26,0.8987
made to order furniture,2,False,"Feb 5 – 11, 2023",1675555200,0,0.0
white oak dining table,2,False,"Feb 5 – 11, 2023",1675555200,0,0.0
farmhouse dining table,2,False,"Feb 5 – 11, 2023",1675555200,0,0.0
extendable dining table,2,False,"Feb 5 – 11, 2023",1675555200,1,0.0346
dining table,2,True,"Feb 12 – 18, 2023",1676160000,23,0.795
made to order furniture,2,False,"Feb 12 – 18, 2023",1676160000,0,0.0
white oak dining table,2,False,"Feb 12 – 18, 2023",1676160000,0,0.0
farmhouse dining table,2,False,"Feb 12 – 18, 2023",1676160000,0,0.0
extendable dining table,2,False,"Feb 12 – 18, 2023",1676160000,1,0.0346
dining table,2,True,"Feb 19 – 25, 2023",1676764800,28,0.9678
made to order furniture,2,False,"Feb 19 – 25, 2023",1676764800,0,0.0
white oak dining table,2,False,"Feb 19 – 25, 2023",1676764800,0,0.0
farmhouse dining table,2,False,"Feb 19 – 25, 2023",1676764800,0,0.0
extendable dining table,2,False,"Feb 19 – 25, 2023",1676764800,1,0.0346
dining table,2,True,"Feb 26 – Mar 4, 2023",1677369600,24,0.8296
made to order furniture,2,False,"Feb 26 – Mar 4, 2023",1677369600,0,0.0
white oak dining table,2,False,"Feb 26 – Mar 4, 2023",1677369600,0,0.0
farmhouse dining table,2,False,"Feb 26 – Mar 4, 2023",1677369600,0,0.0
extendable dining table,2,False,"Feb 26 – Mar 4, 2023",1677369600,1,0.0346
dining table,2,True,"Mar 5 – 11, 2023",1677974400,25,0.8641
made to order furniture,2,False,"Mar 5 – 11, 2023",1677974400,0,0.0
white oak dining table,2,False,"Mar 5 – 11, 2023",1677974400,0,0.0
farmhouse dining table,2,False,"Mar 5 – 11, 2023",1677974400,0,0.0
extendable dining table,2,False,"Mar 5 – 11, 2023",1677974400,1,0.0346
dining table,2,True,"Mar 12 – 18, 2023",1678579200,24,0.8296
made to order furniture,2,False,"Mar 12 – 18, 2023",1678579200,0,0.0
white oak dining table,2,False,"Mar 12 – 18, 2023",1678579200,0,0.0
farmhouse dining table,2,False,"Mar 12 – 18, 2023",1678579200,0,0.0
extendable dining table,2,False,"Mar 12 – 18, 2023",1678579200,1,0.0346
dining table,2,True,"Mar 19 – 25, 2023",1679184000,25,0.8641
made to order furniture,2,False,"Mar 19 – 25, 2023",1679184000,0,0.0
white oak dining table,2,False,"Mar 19 – 25, 2023",1679184000,0,0.0
farmhouse dining table,2,False,"Mar 19 – 25, 2023",1679184000,0,0.0
extendable dining table,2,False,"Mar 19 – 25, 2023",1679184000,1,0.0346
dining table,2,True,"Mar 26 – Apr 1, 2023",1679788800,24,0.8296
made to order furniture,2,False,"Mar 26 – Apr 1, 2023",1679788800,0,0.0
white oak dining table,2,False,"Mar 26 – Apr 1, 2023",1679788800,0,0.0
farmhouse dining table,2,False,"Mar 26 – Apr 1, 2023",1679788800,0,0.0
extendable dining table,2,False,"Mar 26 – Apr 1, 2023",1679788800,1,0.0346
dining table,2,True,"Apr 2 – 8, 2023",1680393600,25,0.8641
made to order furniture,2,False,"Apr 2 – 8, 2023",1680393600,0,0.0
white oak dining table,2,False,"Apr 2 – 8, 2023",1680393600,0,0.0
farmhouse dining table,2,False,"Apr 2 – 8, 2023",1680393600,0,0.0
extendable dining table,2,False,"Apr 2 – 8, 2023",1680393600,1,0.0346
dining table,2,True,"Apr 9 – 15, 2023",1680998400,24,0.8296
made to order furniture,2,False,"Apr 9 – 15, 2023",1680998400,0,0.0
white oak dining table,2,False,"Apr 9 – 15, 2023",1680998400,0,0.0
farmhouse dining table,2,False,"Apr 9 – 15, 2023",1680998400,0,0.0
extendable dining table,2,False,"Apr 9 – 15, 2023",1680998400,0,0.0
dining table,2,True,"Apr 16 – 22, 2023",1681603200,24,0.8296
made to order furniture,2,False,"Apr 16 – 22, 2023",1681603200,0,0.0
white oak dining table,2,False,"Apr 16 – 22, 2023",1681603200,0,0.0
farmhouse dining table,2,False,"Apr 16 – 22, 2023",1681603200,0,0.0
extendable dining table,2,False,"Apr 16 – 22, 2023",1681603200,1,0.0346
dining table,2,True,"Apr 23 – 29, 2023",1682208000,24,0.8296
made to order furniture,2,False,"Apr 23 – 29, 2023",1682208000,0,0.0
white oak dining table,2,False,"Apr 23 – 29, 2023",1682208000,0,0.0
farmhouse dining table,2,False,"Apr 23 – 29, 2023",1682208000,0,0.0
extendable dining table,2,False,"Apr 23 – 29, 2023",1682208000,1,0.0346
dining table,2,True,"Apr 30 – May 6, 2023",1682812800,25,0.8641
made to order furniture,2,False,"Apr 30 – May 6, 2023",1682812800,0,0.0
white oak dining table,2,False,"Apr 30 – May 6, 2023",1682812800,0,0.0
farmhouse dining table,2,False,"Apr 30 – May 6, 2023",1682812800,0,0.0
extendable dining table,2,False,"Apr 30 – May 6, 2023",1682812800,1,0.0346
dining table,2,True,"May 7 – 13, 2023",1683417600,24,0.8296
made to order furniture,2,False,"May 7 – 13, 2023",1683417600,0,0.0
white oak dining table,2,False,"May 7 – 13, 2023",1683417600,0,0.0
farmhouse dining table,2,False,"May 7 – 13, 2023",1683417600,0,0.0
extendable dining table,2,False,"May 7 – 13, 2023",1683417600,1,0.0346
dining table,2,True,"May 14 – 20, 2023",1684022400,25,0.8641
made to order furniture,2,False,"May 14 – 20, 2023",1684022400,0,0.0
white oak dining table,2,False,"May 14 – 20, 2023",1684022400,0,0.0
farmhouse dining table,2,False,"May 14 – 20, 2023",1684022400,0,0.0
extendable dining table,2,False,"May 14 – 20, 2023",1684022400,1,0.0346
dining table,2,True,"May 21 – 27, 2023",1684627200,25,0.8641
made to order furniture,2,False,"May 21 – 27, 2023",1684627200,0,0.0
white oak dining table,2,False,"May 21 – 27, 2023",1684627200,0,0.0
farmhouse dining table,2,False,"May 21 – 27, 2023",1684627200,0,0.0
extendable dining table,2,False,"May 21 – 27, 2023",1684627200,1,0.0346
dining table,2,True,"May 28 – Jun 3, 2023",1685232000,28,0.9678
made to order furniture,2,False,"May 28 – Jun 3, 2023",1685232000,0,0.0
white oak dining table,2,False,"May 28 – Jun 3, 2023",1685232000,0,0.0
farmhouse dining table,2,False,"May 28 – Jun 3, 2023",1685232000,0,0.0
extendable dining table,2,False,"May 28 – Jun 3, 2023",1685232000,1,0.0346
dining table,2,True,"Jun 4 – 10, 2023",1685836800,26,0.8987
made to order furniture,2,False,"Jun 4 – 10, 2023",1685836800,0,0.0
white oak dining table,2,False,"Jun 4 – 10, 2023",1685836800,0,0.0
farmhouse dining table,2,False,"Jun 4 – 10, 2023",1685836800,0,0.0
extendable dining table,2,False,"Jun 4 – 10, 2023",1685836800,1,0.0346
dining table,2,True,"Jun 11 – 17, 2023",1686441600,26,0.8987
made to order furniture,2,False,"Jun 11 – 17, 2023",1686441600,0,0.0
white oak dining table,2,False,"Jun 11 – 17, 2023",1686441600,0,0.0
farmhouse dining table,2,False,"Jun 11 – 17, 2023",1686441600,0,0.0
extendable dining table,2,False,"Jun 11 – 17, 2023",1686441600,1,0.0346
dining table,2,True,"Jun 18 – 24, 2023",1687046400,26,0.8987
made to order furniture,2,False,"Jun 18 – 24, 2023",1687046400,0,0.0
white oak dining table,2,False,"Jun 18 – 24, 2023",1687046400,0,0.0
farmhouse dining table,2,False,"Jun 18 – 24, 2023",1687046400,0,0.0
extendable dining table,2,False,"Jun 18 – 24, 2023",1687046400,0,0.0
dining table,2,True,"Jun 25 – Jul 1, 2023",1687651200,26,0.8987
made to order furniture,2,False,"Jun 25 – Jul 1, 2023",1687651200,0,0.0
white oak dining table,2,False,"Jun 25 – Jul 1, 2023",1687651200,0,0.0
farmhouse dining table,2,False,"Jun 25 – Jul 1, 2023",1687651200,0,0.0
extendable dining table,2,False,"Jun 25 – Jul 1, 2023",1687651200,1,0.0346
dining table,2,True,"Jul 2 – 8, 2023",1688256000,28,0.9678
made to order furniture,2,False,"Jul 2 – 8, 2023",1688256000,0,0.0
white oak dining table,2,False,"Jul 2 – 8, 2023",1688256000,0,0.0
farmhouse dining table,2,False,"Jul 2 – 8, 2023",1688256000,0,0.0
extendable dining table,2,False,"Jul 2 – 8, 2023",1688256000,1,0.0346
dining table,2,True,"Jul 9 – 15, 2023",1688860800,27,0.9332
made to order furniture,2,False,"Jul 9 – 15, 2023",1688860800,0,0.0
white oak dining table,2,False,"Jul 9 – 15, 2023",1688860800,0,0.0
farmhouse dining table,2,False,"Jul 9 – 15, 2023",1688860800,0,0.0
extendable dining table,2,False,"Jul 9 – 15, 2023",1688860800,1,0.0346
dining table,2,True,"Jul 16 – 22, 2023",1689465600,26,0.8987
made to order furniture,2,False,"Jul 16 – 22, 2023",1689465600,0,0.0
white oak dining table,2,False,"Jul 16 – 22, 2023",1689465600,0,0.0
farmhouse dining table,2,False,"Jul 16 – 22, 2023",1689465600,1,0.0346
extendable dining table,2,False,"Jul 16 – 22, 2023",1689465600,1,0.0346
dining table,2,True,"Jul 23 – 29, 2023",1690070400,26,0.8987
made to order furniture,2,False,"Jul 23 – 29, 2023",1690070400,0,0.0
white oak dining table,2,False,"Jul 23 – 29, 2023",1690070400,0,0.0
farmhouse dining table,2,False,"Jul 23 – 29, 2023",1690070400,0,0.0
extendable dining table,2,False,"Jul 23 – 29, 2023",1690070400,1,0.0346
dining table,2,True,"Jul 30 – Aug 5, 2023",1690675200,24,0.8296
made to order furniture,2,False,"Jul 30 – Aug 5, 2023",1690675200,0,0.0
white oak dining table,2,False,"Jul 30 – Aug 5, 2023",1690675200,0,0.0
farmhouse dining table,2,False,"Jul 30 – Aug 5, 2023",1690675200,0,0.0
extendable dining table,2,False,"Jul 30 – Aug 5, 2023",1690675200,1,0.0346
dining table,2,True,"Aug 6 – 12, 2023",1691280000,24,0.8296
made to order furniture,2,False,"Aug 6 – 12, 2023",1691280000,0,0.0
white oak dining table,2,False,"Aug 6 – 12, 2023",1691280000,0,0.0
farmhouse dining table,2,False,"Aug 6 – 12, 2023",1691280000,0,0.0
extendable dining table,2,False,"Aug 6 – 12, 2023",1691280000,1,0.0346
dining table,2,True,"Aug 13 – 19, 2023",1691884800,25,0.8641
made to order furniture,2,False,"Aug 13 – 19, 2023",1691884800,0,0.0
white oak dining table,2,False,"Aug 13 – 19, 2023",1691884800,0,0.0
farmhouse dining table,2,False,"Aug 13 – 19, 2023",1691884800,0,0.0
extendable dining table,2,False,"Aug 13 – 19, 2023",1691884800,1,0.0346
dining table,2,True,"Aug 20 – 26, 2023",1692489600,25,0.8641
made to order furniture,2,False,"Aug 20 – 26, 2023",1692489600,0,0.0
white oak dining table,2,False,"Aug 20 – 26, 2023",1692489600,0,0.0
farmhouse dining table,2,False,"Aug 20 – 26, 2023",1692489600,0,0.0
extendable dining table,2,False,"Aug 20 – 26, 2023",1692489600,1,0.0346
dining table,2,True,"Aug 27 – Sep 2, 2023",1693094400,26,0.8987
made to order furniture,2,False,"Aug 27 – Sep 2, 2023",1693094400,0,0.0
white oak dining table,2,False,"Aug 27 – Sep 2, 2023",1693094400,0,0.0
farmhouse dining table,2,False,"Aug 27 – Sep 2, 2023",1693094400,0,0.0
extendable dining table,2,False,"Aug 27 – Sep 2, 2023",1693094400,1,0.0346
dining table,2,True,"Sep 3 – 9, 2023",1693699200,29,1.0024
made to order furniture,2,False,"Sep 3 – 9, 2023",1693699200,0,0.0
white oak dining table,2,False,"Sep 3 – 9, 2023",1693699200,0,0.0
farmhouse dining table,2,False,"Sep 3 – 9, 2023",1693699200,0,0.0
extendable dining table,2,False,"Sep 3 – 9, 2023",1693699200,1,0.0346
dining table,2,True,"Sep 10 – 16, 2023",1694304000,22,0.7604
made to order furniture,2,False,"Sep 10 – 16, 2023",1694304000,0,0.0
white oak dining table,2,False,"Sep 10 – 16, 2023",1694304000,0,0.0
farmhouse dining table,2,False,"Sep 10 – 16, 2023",1694304000,0,0.0
extendable dining table,2,False,"Sep 10 – 16, 2023",1694304000,1,0.0346
dining table,2,True,"Sep 17 – 23, 2023",1694908800,25,0.8641
made to order furniture,2,False,"Sep 17 – 23, 2023",1694908800,0,0.0
white oak dining table,2,False,"Sep 17 – 23, 2023",1694908800,0,0.0
farmhouse dining table,2,False,"Sep 17 – 23, 2023",1694908800,0,0.0
extendable dining table,2,False,"Sep 17 – 23, 2023",1694908800,1,0.0346
dining table,2,True,"Sep 24 – 30, 2023",1695513600,25,0.8641
made to order furniture,2,False,"Sep 24 – 30, 2023",1695513600,0,0.0
white oak dining table,2,False,"Sep 24 – 30, 2023",1695513600,0,0.0
farmhouse dining table,2,False,"Sep 24 – 30, 2023",1695513600,0,0.0
extendable dining table,2,False,"Sep 24 – 30, 2023",1695513600,1,0.0346
dining table,2,True,"Oct 1 – 7, 2023",1696118400,23,0.795
made to order furniture,2,False,"Oct 1 – 7, 2023",1696118400,0,0.0
white oak dining table,2,False,"Oct 1 – 7, 2023",1696118400,0,0.0
farmhouse dining table,2,False,"Oct 1 – 7, 2023",1696118400,0,0.0
extendable dining table,2,False,"Oct 1 – 7, 2023",1696118400,1,0.0346
dining table,2,True,"Oct 8 – 14, 2023",1696723200,24,0.8296
made to order furniture,2,False,"Oct 8 – 14, 2023",1696723200,0,0.0
white oak dining table,2,False,"Oct 8 – 14, 2023",1696723200,0,0.0
farmhouse dining table,2,False,"Oct 8 – 14, 2023",1696723200,1,0.0346
extendable dining table,2,False,"Oct 8 – 14, 2023",1696723200,1,0.0346
dining table,2,True,"Oct 15 – 21, 2023",1697328000,24,0.8296
made to order furniture,2,False,"Oct 15 – 21, 2023",1697328000,0,0.0
white oak dining table,2,False,"Oct 15 – 21, 2023",1697328000,0,0.0
farmhouse dining table,2,False,"Oct 15 – 21, 2023",1697328000,0,0.0
extendable dining table,2,False,"Oct 15 – 21, 2023",1697328000,1,0.0346
dining table,2,True,"Oct 22 – 28, 2023",1697932800,25,0.8641
made to order furniture,2,False,"Oct 22 – 28, 2023",1697932800,0,0.0
white oak dining table,2,False,"Oct 22 – 28, 2023",1697932800,0,0.0
farmhouse dining table,2,False,"Oct 22 – 28, 2023",1697932800,0,0.0
extendable dining table,2,False,"Oct 22 – 28, 2023",1697932800,1,0.0346
dining table,2,True,"Oct 29 – Nov 4, 2023",1698537600,26,0.8987
made to order furniture,2,False,"Oct 29 – Nov 4, 2023",1698537600,0,0.0
white oak dining table,2,False,"Oct 29 – Nov 4, 2023",1698537600,0,0.0
farmhouse dining table,2,False,"Oct 29 – Nov 4, 2023",1698537600,0,0.0
extendable dining table,2,False,"Oct 29 – Nov 4, 2023",1698537600,1,0.0346
dining table,2,True,"Nov 5 – 11, 2023",1699142400,29,1.0024
made to order furniture,2,False,"Nov 5 – 11, 2023",1699142400,0,0.0
white oak dining table,2,False,"Nov 5 – 11, 2023",1699142400,0,0.0
farmhouse dining table,2,False,"Nov 5 – 11, 2023",1699142400,0,0.0
extendable dining table,2,False,"Nov 5 – 11, 2023",1699142400,1,0.0346
dining table,2,True,"Nov 12 – 18, 2023",1699747200,28,0.9678
made to order furniture,2,False,"Nov 12 – 18, 2023",1699747200,0,0.0
white oak dining table,2,False,"Nov 12 – 18, 2023",1699747200,0,0.0
farmhouse dining table,2,False,"Nov 12 – 18, 2023",1699747200,0,0.0
extendable dining table,2,False,"Nov 12 – 18, 2023",1699747200,1,0.0346
dining table,2,True,"Nov 19 – 25, 2023",1700352000,36,1.2443
made to order furniture,2,False,"Nov 19 – 25, 2023",1700352000,0,0.0
white oak dining table,2,False,"Nov 19 – 25, 2023",1700352000,0,0.0
farmhouse dining table,2,False,"Nov 19 – 25, 2023",1700352000,1,0.0346
extendable dining table,2,False,"Nov 19 – 25, 2023",1700352000,2,0.0691
dining table,2,True,"Nov 26 – Dec 2, 2023",1700956800,28,0.9678
made to order furniture,2,False,"Nov 26 – Dec 2, 2023",1700956800,0,0.0
white oak dining table,2,False,"Nov 26 – Dec 2, 2023",1700956800,0,0.0
farmhouse dining table,2,False,"Nov 26 – Dec 2, 2023",1700956800,0,0.0
extendable dining table,2,False,"Nov 26 – Dec 2, 2023",1700956800,1,0.0346
dining table,2,True,"Dec 3 – 9, 2023",1701561600,23,0.795
made to order furniture,2,False,"Dec 3 – 9, 2023",1701561600,0,0.0
white oak dining table,2,False,"Dec 3 – 9, 2023",1701561600,0,0.0
farmhouse dining table,2,False,"Dec 3 – 9, 2023",1701561600,0,0.0
extendable dining table,2,False,"Dec 3 – 9, 2023",1701561600,1,0.0346
dining table,2,True,"Dec 10 – 16, 2023",1702166400,21,0.7259
made to order furniture,2,False,"Dec 10 – 16, 2023",1702166400,0,0.0
white oak dining table,2,False,"Dec 10 – 16, 2023",1702166400,0,0.0
farmhouse dining table,2,False,"Dec 10 – 16, 2023",1702166400,0,0.0
extendable dining table,2,False,"Dec 10 – 16, 2023",1702166400,1,0.0346
dining table,2,True,"Dec 17 – 23, 2023",1702771200,21,0.7259
made to order furniture,2,False,"Dec 17 – 23, 2023",1702771200,0,0.0
white oak dining table,2,False,"Dec 17 – 23, 2023",1702771200,0,0.0
farmhouse dining table,2,False,"Dec 17 – 23, 2023",1702771200,0,0.0
extendable dining table,2,False,"Dec 17 – 23, 2023",1702771200,1,0.0346
dining table,2,True,"Dec 24 – 30, 2023",1703376000,24,0.8296
made to order furniture,2,False,"Dec 24 – 30, 2023",1703376000,0,0.0
white oak dining table,2,False,"Dec 24 – 30, 2023",1703376000,0,0.0
farmhouse dining table,2,False,"Dec 24 – 30, 2023",1703376000,0,0.0
extendable dining table,2,False,"Dec 24 – 30, 2023",1703376000,1,0.0346
dining table,2,True,"Dec 31, 2023 – Jan 6, 2024",1703980800,26,0.8987
made to order furniture,2,False,"Dec 31, 2023 – Jan 6, 2024",1703980800,0,0.0
white oak dining table,2,False,"Dec 31, 2023 – Jan 6, 2024",1703980800,0,0.0
farmhouse dining table,2,False,"Dec 31, 2023 – Jan 6, 2024",1703980800,0,0.0
extendable dining table,2,False,"Dec 31, 2023 – Jan 6, 2024",1703980800,1,0.0346
dining table,2,True,"Jan 7 – 13, 2024",1704585600,26,0.8987
made to order furniture,2,False,"Jan 7 – 13, 2024",1704585600,0,0.0
white oak dining table,2,False,"Jan 7 – 13, 2024",1704585600,0,0.0
farmhouse dining table,2,False,"Jan 7 – 13, 2024",1704585600,0,0.0
extendable dining table,2,False,"Jan 7 – 13, 2024",1704585600,1,0.0346
dining table,2,True,"Jan 14 – 20, 2024",1705190400,24,0.8296
made to order furniture,2,False,"Jan 14 – 20, 2024",1705190400,0,0.0
white oak dining table,2,False,"Jan 14 – 20, 2024",1705190400,0,0.0
farmhouse dining table,2,False,"Jan 14 – 20, 2024",1705190400,0,0.0
extendable dining table,2,False,"Jan 14 – 20, 2024",1705190400,1,0.0346
dining table,2,True,"Jan 21 – 27, 2024",1705795200,26,0.8987
made to order furniture,2,False,"Jan 21 – 27, 2024",1705795200,0,0.0
white oak dining table,2,False,"Jan 21 – 27, 2024",1705795200,0,0.0
farmhouse dining table,2,False,"Jan 21 – 27, 2024",1705795200,0,0.0
extendable dining table,2,False,"Jan 21 – 27, 2024",1705795200,1,0.0346
dining table,2,True,"Jan 28 – Feb 3, 2024",1706400000,23,0.795
made to order furniture,2,False,"Jan 28 – Feb 3, 2024",1706400000,0,0.0
white oak dining table,2,False,"Jan 28 – Feb 3, 2024",1706400000,0,0.0
farmhouse dining table,2,False,"Jan 28 – Feb 3, 2024",1706400000,0,0.0
extendable dining table,2,False,"Jan 28 – Feb 3, 2024",1706400000,1,0.0346
dining table,2,True,"Feb 4 – 10, 2024",1707004800,22,0.7604
made to order furniture,2,False,"Feb 4 – 10, 2024",1707004800,0,0.0
white oak dining table,2,False,"Feb 4 – 10, 2024",1707004800,0,0.0
farmhouse dining table,2,False,"Feb 4 – 10, 2024",1707004800,0,0.0
extendable dining table,2,False,"Feb 4 – 10, 2024",1707004800,1,0.0346
dining table,2,True,"Feb 11 – 17, 2024",1707609600,23,0.795
made to order furniture,2,False,"Feb 11 – 17, 2024",1707609600,0,0.0
white oak dining table,2,False,"Feb 11 – 17, 2024",1707609600,0,0.0
farmhouse dining table,2,False,"Feb 11 – 17, 2024",1707609600,0,0.0
extendable dining table,2,False,"Feb 11 – 17, 2024",1707609600,1,0.0346
dining table,2,True,"Feb 18 – 24, 2024",1708214400,27,0.9332
made to order furniture,2,False,"Feb 18 – 24, 2024",1708214400,0,0.0
white oak dining table,2,False,"Feb 18 – 24, 2024",1708214400,0,0.0
farmhouse dining table,2,False,"Feb 18 – 24, 2024",1708214400,0,0.0
extendable dining table,2,False,"Feb 18 – 24, 2024",1708214400,1,0.0346
dining table,2,True,"Feb 25 – Mar 2, 2024",1708819200,24,0.8296
made to order furniture,2,False,"Feb 25 – Mar 2, 2024",1708819200,0,0.0
white oak dining table,2,False,"Feb 25 – Mar 2, 2024",1708819200,0,0.0
farmhouse dining table,2,False,"Feb 25 – Mar 2, 2024",1708819200,0,0.0
extendable dining table,2,False,"Feb 25 – Mar 2, 2024",1708819200,1,0.0346
dining table,2,True,"Mar 3 – 9, 2024",1709424000,23,0.795
made to order furniture,2,False,"Mar 3 – 9, 2024",1709424000,0,0.0
white oak dining table,2,False,"Mar 3 – 9, 2024",1709424000,0,0.0
farmhouse dining table,2,False,"Mar 3 – 9, 2024",1709424000,0,0.0
extendable dining table,2,False,"Mar 3 – 9, 2024",1709424000,1,0.0346
dining table,2,True,"Mar 10 – 16, 2024",1710028800,23,0.795
made to order furniture,2,False,"Mar 10 – 16, 2024",1710028800,0,0.0
white oak dining table,2,False,"Mar 10 – 16, 2024",1710028800,0,0.0
farmhouse dining table,2,False,"Mar 10 – 16, 2024",1710028800,0,0.0
extendable dining table,2,False,"Mar 10 – 16, 2024",1710028800,1,0.0346
dining table,2,True,"Mar 17 – 23, 2024",1710633600,24,0.8296
made to order furniture,2,False,"Mar 17 – 23, 2024",1710633600,0,0.0
white oak dining table,2,False,"Mar 17 – 23, 2024",1710633600,0,0.0
farmhouse dining table,2,False,"Mar 17 – 23, 2024",1710633600,0,0.0
extendable dining table,2,False,"Mar 17 – 23, 2024",1710633600,1,0.0346
dining table,2,True,"Mar 24 – 30, 2024",1711238400,24,0.8296
made to order furniture,2,False,"Mar 24 – 30, 2024",1711238400,0,0.0
white oak dining table,2,False,"Mar 24 – 30, 2024",1711238400,0,0.0
farmhouse dining table,2,False,"Mar 24 – 30, 2024",1711238400,0,0.0
extendable dining table,2,False,"Mar 24 – 30, 2024",1711238400,1,0.0346
dining table,2,True,"Mar 31 – Apr 6, 2024",1711843200,25,0.8641
made to order furniture,2,False,"Mar 31 – Apr 6, 2024",1711843200,0,0.0
white oak dining table,2,False,"Mar 31 – Apr 6, 2024",1711843200,0,0.0
farmhouse dining table,2,False,"Mar 31 – Apr 6, 2024",1711843200,0,0.0
extendable dining table,2,False,"Mar 31 – Apr 6, 2024",1711843200,1,0.0346
dining table,2,True,"Apr 7 – 13, 2024",1712448000,23,0.795
made to order furniture,2,False,"Apr 7 – 13, 2024",1712448000,0,0.0
white oak dining table,2,False,"Apr 7 – 13, 2024",1712448000,0,0.0
farmhouse dining table,2,False,"Apr 7 – 13, 2024",1712448000,0,0.0
extendable dining table,2,False,"Apr 7 – 13, 2024",1712448000,1,0.0346
dining table,2,True,"Apr 14 – 20, 2024",1713052800,23,0.795
made to order furniture,2,False,"Apr 14 – 20, 2024",1713052800,0,0.0
white oak dining table,2,False,"Apr 14 – 20, 2024",1713052800,0,0.0
farmhouse dining table,2,False,"Apr 14 – 20, 2024",1713052800,0,0.0
extendable dining table,2,False,"Apr 14 – 20, 2024",1713052800,1,0.0346
dining table,2,True,"Apr 21 – 27, 2024",1713657600,23,0.795
made to order furniture,2,False,"Apr 21 – 27, 2024",1713657600,0,0.0
white oak dining table,2,False,"Apr 21 – 27, 2024",1713657600,0,0.0
farmhouse dining table,2,False,"Apr 21 – 27, 2024",1713657600,0,0.0
extendable dining table,2,False,"Apr 21 – 27, 2024",1713657600,1,0.0346
dining table,2,True,"Apr 28 – May 4, 2024",1714262400,23,0.795
made to order furniture,2,False,"Apr 28 – May 4, 2024",1714262400,0,0.0
white oak dining table,2,False,"Apr 28 – May 4, 2024",1714262400,0,0.0
farmhouse dining table,2,False,"Apr 28 – May 4, 2024",1714262400,0,0.0
extendable dining table,2,False,"Apr 28 – May 4, 2024",1714262400,1,0.0346
dining table,2,True,"May 5 – 11, 2024",1714867200,23,0.795
made to order furniture,2,False,"May 5 – 11, 2024",1714867200,0,0.0
white oak dining table,2,False,"May 5 – 11, 2024",1714867200,0,0.0
farmhouse dining table,2,False,"May 5 – 11, 2024",1714867200,0,0.0
extendable dining table,2,False,"May 5 – 11, 2024",1714867200,1,0.0346
dining table,2,True,"May 12 – 18, 2024",1715472000,22,0.7604
made to order furniture,2,False,"May 12 – 18, 2024",1715472000,0,0.0
white oak dining table,2,False,"May 12 – 18, 2024",1715472000,0,0.0
farmhouse dining table,2,False,"May 12 – 18, 2024",1715472000,0,0.0
extendable dining table,2,False,"May 12 – 18, 2024",1715472000,1,0.0346
dining table,2,True,"May 19 – 25, 2024",1716076800,26,0.8987
made to order furniture,2,False,"May 19 – 25, 2024",1716076800,0,0.0
white oak dining table,2,False,"May 19 – 25, 2024",1716076800,0,0.0
farmhouse dining table,2,False,"May 19 – 25, 2024",1716076800,0,0.0
extendable dining table,2,False,"May 19 – 25, 2024",1716076800,1,0.0346
dining table,2,True,"May 26 – Jun 1, 2024",1716681600,27,0.9332
made to order furniture,2,False,"May 26 – Jun 1, 2024",1716681600,0,0.0
white oak dining table,2,False,"May 26 – Jun 1, 2024",1716681600,0,0.0
farmhouse dining table,2,False,"May 26 – Jun 1, 2024",1716681600,0,0.0
extendable dining table,2,False,"May 26 – Jun 1, 2024",1716681600,1,0.0346
dining table,2,True,"Jun 2 – 8, 2024",1717286400,23,0.795
made to order furniture,2,False,"Jun 2 – 8, 2024",1717286400,0,0.0
white oak dining table,2,False,"Jun 2 – 8, 2024",1717286400,0,0.0
farmhouse dining table,2,False,"Jun 2 – 8, 2024",1717286400,0,0.0
extendable dining table,2,False,"Jun 2 – 8, 2024",1717286400,1,0.0346
dining table,2,True,"Jun 9 – 15, 2024",1717891200,25,0.8641
made to order furniture,2,False,"Jun 9 – 15, 2024",1717891200,0,0.0
white oak dining table,2,False,"Jun 9 – 15, 2024",1717891200,0,0.0
farmhouse dining table,2,False,"Jun 9 – 15, 2024",1717891200,0,0.0
extendable dining table,2,False,"Jun 9 – 15, 2024",1717891200,1,0.0346
dining table,2,True,"Jun 16 – 22, 2024",1718496000,23,0.795
made to order furniture,2,False,"Jun 16 – 22, 2024",1718496000,0,0.0
white oak dining table,2,False,"Jun 16 – 22, 2024",1718496000,0,0.0
farmhouse dining table,2,False,"Jun 16 – 22, 2024",1718496000,0,0.0
extendable dining table,2,False,"Jun 16 – 22, 2024",1718496000,1,0.0346
dining table,2,True,"Jun 23 – 29, 2024",1719100800,26,0.8987
made to order furniture,2,False,"Jun 23 – 29, 2024",1719100800,0,0.0
white oak dining table,2,False,"Jun 23 – 29, 2024",1719100800,0,0.0
farmhouse dining table,2,False,"Jun 23 – 29, 2024",1719100800,0,0.0
extendable dining table,2,False,"Jun 23 – 29, 2024",1719100800,1,0.0346
dining table,2,True,"Jun 30 – Jul 6, 2024",1719705600,30,1.0369
made to order furniture,2,False,"Jun 30 – Jul 6, 2024",1719705600,0,0.0
white oak dining table,2,False,"Jun 30 – Jul 6, 2024",1719705600,0,0.0
farmhouse dining table,2,False,"Jun 30 – Jul 6, 2024",1719705600,0,0.0
extendable dining table,2,False,"Jun 30 – Jul 6, 2024",1719705600,2,0.0691
dining table,2,True,"Jul 7 – 13, 2024",1720310400,26,0.8987
made to order furniture,2,False,"Jul 7 – 13, 2024",1720310400,0,0.0
white oak dining table,2,False,"Jul 7 – 13, 2024",1720310400,0,0.0
farmhouse dining table,2,False,"Jul 7 – 13, 2024",1720310400,0,0.0
extendable dining table,2,False,"Jul 7 – 13, 2024",1720310400,1,0.0346
dining table,2,True,"Jul 14 – 20, 2024",1720915200,25,0.8641
made to order furniture,2,False,"Jul 14 – 20, 2024",1720915200,0,0.0
white oak dining table,2,False,"Jul 14 – 20, 2024",1720915200,0,0.0
farmhouse dining table,2,False,"Jul 14 – 20, 2024",1720915200,1,0.0346
extendable dining table,2,False,"Jul 14 – 20, 2024",1720915200,1,0.0346
dining table,2,True,"Jul 21 – 27, 2024",1721520000,24,0.8296
made to order furniture,2,False,"Jul 21 – 27, 2024",1721520000,0,0.0
white oak dining table,2,False,"Jul 21 – 27, 2024",1721520000,0,0.0
farmhouse dining table,2,False,"Jul 21 – 27, 2024",1721520000,0,0.0
extendable dining table,2,False,"Jul 21 – 27, 2024",1721520000,1,0.0346
dining table,2,True,"Jul 28 – Aug 3, 2024",1722124800,26,0.8987
made to order furniture,2,False,"Jul 28 – Aug 3, 2024",1722124800,0,0.0
white oak dining table,2,False,"Jul 28 – Aug 3, 2024",1722124800,0,0.0
farmhouse dining table,2,False,"Jul 28 – Aug 3, 2024",1722124800,0,0.0
extendable dining table,2,False,"Jul 28 – Aug 3, 2024",1722124800,1,0.0346
dining table,2,True,"Aug 4 – 10, 2024",1722729600,27,0.9332
made to order furniture,2,False,"Aug 4 – 10, 2024",1722729600,0,0.0
white oak dining table,2,False,"Aug 4 – 10, 2024",1722729600,0,0.0
farmhouse dining table,2,False,"Aug 4 – 10, 2024",1722729600,0,0.0
extendable dining table,2,False,"Aug 4 – 10, 2024",1722729600,1,0.0346
dining table,2,True,"Aug 11 – 17, 2024",1723334400,27,0.9332
made to order furniture,2,False,"Aug 11 – 17, 2024",1723334400,0,0.0
white oak dining table,2,False,"Aug 11 – 17, 2024",1723334400,0,0.0
farmhouse dining table,2,False,"Aug 11 – 17, 2024",1723334400,0,0.0
extendable dining table,2,False,"Aug 11 – 17, 2024",1723334400,1,0.0346
dining table,2,True,"Aug 18 – 24, 2024",1723939200,28,0.9678
made to order furniture,2,False,"Aug 18 – 24, 2024",1723939200,0,0.0
white oak dining table,2,False,"Aug 18 – 24, 2024",1723939200,0,0.0
farmhouse dining table,2,False,"Aug 18 – 24, 2024",1723939200,1,0.0346
extendable dining table,2,False,"Aug 18 – 24, 2024",1723939200,1,0.0346
dining table,2,True,"Aug 25 – 31, 2024",1724544000,28,0.9678
made to order furniture,2,False,"Aug 25 – 31, 2024",1724544000,0,0.0
white oak dining table,2,False,"Aug 25 – 31, 2024",1724544000,0,0.0
farmhouse dining table,2,False,"Aug 25 – 31, 2024",1724544000,1,0.0346
extendable dining table,2,False,"Aug 25 – 31, 2024",1724544000,1,0.0346
dining table,2,True,"Sep 1 – 7, 2024",1725148800,28,0.9678
made to order furniture,2,False,"Sep 1 – 7, 2024",1725148800,0,0.0
white oak dining table,2,False,"Sep 1 – 7, 2024",1725148800,0,0.0
farmhouse dining table,2,False,"Sep 1 – 7, 2024",1725148800,0,0.0
extendable dining table,2,False,"Sep 1 – 7, 2024",1725148800,1,0.0346
dining table,2,True,"Sep 8 – 14, 2024",1725753600,24,0.8296
made to order furniture,2,False,"Sep 8 – 14, 2024",1725753600,0,0.0
white oak dining table,2,False,"Sep 8 – 14, 2024",1725753600,0,0.0
farmhouse dining table,2,False,"Sep 8 – 14, 2024",1725753600,0,0.0
extendable dining table,2,False,"Sep 8 – 14, 2024",1725753600,1,0.0346
dining table,2,True,"Sep 15 – 21, 2024",1726358400,25,0.8641
made to order furniture,2,False,"Sep 15 – 21, 2024",1726358400,0,0.0
white oak dining table,2,False,"Sep 15 – 21, 2024",1726358400,0,0.0
farmhouse dining table,2,False,"Sep 15 – 21, 2024",1726358400,1,0.0346
extendable dining table,2,False,"Sep 15 – 21, 2024",1726358400,1,0.0346
dining table,2,True,"Sep 22 – 28, 2024",1726963200,25,0.8641
made to order furniture,2,False,"Sep 22 – 28, 2024",1726963200,0,0.0
white oak dining table,2,False,"Sep 22 – 28, 2024",1726963200,0,0.0
farmhouse dining table,2,False,"Sep 22 – 28, 2024",1726963200,1,0.0346
extendable dining table,2,False,"Sep 22 – 28, 2024",1726963200,1,0.0346
dining table,2,True,"Sep 29 – Oct 5, 2024",1727568000,24,0.8296
made to order furniture,2,False,"Sep 29 – Oct 5, 2024",1727568000,0,0.0
white oak dining table,2,False,"Sep 29 – Oct 5, 2024",1727568000,0,0.0
farmhouse dining table,2,False,"Sep 29 – Oct 5, 2024",1727568000,0,0.0
extendable dining table,2,False,"Sep 29 – Oct 5, 2024",1727568000,1,0.0346
dining table,2,True,"Oct 6 – 12, 2024",1728172800,25,0.8641
made to order furniture,2,False,"Oct 6 – 12, 2024",1728172800,0,0.0
white oak dining table,2,False,"Oct 6 – 12, 2024",1728172800,0,0.0
farmhouse dining table,2,False,"Oct 6 – 12, 2024",1728172800,1,0.0346
extendable dining table,2,False,"Oct 6 – 12, 2024",1728172800,1,0.0346
dining table,2,True,"Oct 13 – 19, 2024",1728777600,25,0.8641
made to order furniture,2,False,"Oct 13 – 19, 2024",1728777600,0,0.0
white oak dining table,2,False,"Oct 13 – 19, 2024",1728777600,0,0.0
farmhouse dining table,2,False,"Oct 13 – 19, 2024",1728777600,0,0.0
extendable dining table,2,False,"Oct 13 – 19, 2024",1728777600,1,0.0346
dining table,2,True,"Oct 20 – 26, 2024",1729382400,25,0.8641
made to order furniture,2,False,"Oct 20 – 26, 2024",1729382400,0,0.0
white oak dining table,2,False,"Oct 20 – 26, 2024",1729382400,0,0.0
farmhouse dining table,2,False,"Oct 20 – 26, 2024",1729382400,1,0.0346
extendable dining table,2,False,"Oct 20 – 26, 2024",1729382400,1,0.0346
dining table,2,True,"Oct 27 – Nov 2, 2024",1729987200,23,0.795
made to order furniture,2,False,"Oct 27 – Nov 2, 2024",1729987200,0,0.0
white oak dining table,2,False,"Oct 27 – Nov 2, 2024",1729987200,0,0.0
farmhouse dining table,2,False,"Oct 27 – Nov 2, 2024",1729987200,0,0.0
extendable dining table,2,False,"Oct 27 – Nov 2, 2024",1729987200,1,0.0346
dining table,2,True,"Nov 3 – 9, 2024",1730592000,26,0.8987
made to order furniture,2,False,"Nov 3 – 9, 2024",1730592000,0,0.0
white oak dining table,2,False,"Nov 3 – 9, 2024",1730592000,0,0.0
farmhouse dining table,2,False,"Nov 3 – 9, 2024",1730592000,1,0.0346
extendable dining table,2,False,"Nov 3 – 9, 2024",1730592000,1,0.0346
dining table,2,True,"Nov 10 – 16, 2024",1731196800,29,1.0024
made to order furniture,2,False,"Nov 10 – 16, 2024",1731196800,0,0.0
white oak dining table,2,False,"Nov 10 – 16, 2024",1731196800,0,0.0
farmhouse dining table,2,False,"Nov 10 – 16, 2024",1731196800,0,0.0
extendable dining table,2,False,"Nov 10 – 16, 2024",1731196800,1,0.0346
dining table,2,True,"Nov 17 – 23, 2024",1731801600,30,1.0369
made to order furniture,2,False,"Nov 17 – 23, 2024",1731801600,0,0.0
white oak dining table,2,False,"Nov 17 – 23, 2024",1731801600,0,0.0
farmhouse dining table,2,False,"Nov 17 – 23, 2024",1731801600,0,0.0
extendable dining table,2,False,"Nov 17 – 23, 2024",1731801600,2,0.0691
dining table,2,True,"Nov 24 – 30, 2024",1732406400,34,1.1752
made to order furniture,2,False,"Nov 24 – 30, 2024",1732406400,0,0.0
white oak dining table,2,False,"Nov 24 – 30, 2024",1732406400,0,0.0
farmhouse dining table,2,False,"Nov 24 – 30, 2024",1732406400,0,0.0
extendable dining table,2,False,"Nov 24 – 30, 2024",1732406400,2,0.0691
dining table,2,True,"Dec 1 – 7, 2024",1733011200,27,0.9332
made to order furniture,2,False,"Dec 1 – 7, 2024",1733011200,0,0.0
white oak dining table,2,False,"Dec 1 – 7, 2024",1733011200,0,0.0
farmhouse dining table,2,False,"Dec 1 – 7, 2024",1733011200,0,0.0
extendable dining table,2,False,"Dec 1 – 7, 2024",1733011200,1,0.0346
dining table,2,True,"Dec 8 – 14, 2024",1733616000,23,0.795
made to order furniture,2,False,"Dec 8 – 14, 2024",1733616000,0,0.0
white oak dining table,2,False,"Dec 8 – 14, 2024",1733616000,0,0.0
farmhouse dining table,2,False,"Dec 8 – 14, 2024",1733616000,0,0.0
extendable dining table,2,False,"Dec 8 – 14, 2024",1733616000,1,0.0346
dining table,2,True,"Dec 15 – 21, 2024",1734220800,21,0.7259
made to order furniture,2,False,"Dec 15 – 21, 2024",1734220800,0,0.0
white oak dining table,2,False,"Dec 15 – 21, 2024",1734220800,0,0.0
farmhouse dining table,2,False,"Dec 15 – 21, 2024",1734220800,0,0.0
extendable dining table,2,False,"Dec 15 – 21, 2024",1734220800,1,0.0346
dining table,2,True,"Dec 22 – 28, 2024",1734825600,24,0.8296
made to order furniture,2,False,"Dec 22 – 28, 2024",1734825600,0,0.0
white oak dining table,2,False,"Dec 22 – 28, 2024",1734825600,0,0.0
farmhouse dining table,2,False,"Dec 22 – 28, 2024",1734825600,1,0.0346
extendable dining table,2,False,"Dec 22 – 28, 2024",1734825600,1,0.0346
dining table,2,True,"Dec 29, 2024 – Jan 4, 2025",1735430400,30,1.0369
made to order furniture,2,False,"Dec 29, 2024 – Jan 4, 2025",1735430400,0,0.0
white oak dining table,2,False,"Dec 29, 2024 – Jan 4, 2025",1735430400,0,0.0
farmhouse dining table,2,False,"Dec 29, 2024 – Jan 4, 2025",1735430400,0,0.0
extendable dining table,2,False,"Dec 29, 2024 – Jan 4, 2025",1735430400,2,0.0691
dining table,2,True,"Jan 5 – 11, 2025",1736035200,24,0.8296
made to order furniture,2,False,"Jan 5 – 11, 2025",1736035200,0,0.0
white oak dining table,2,False,"Jan 5 – 11, 2025",1736035200,0,0.0
farmhouse dining table,2,False,"Jan 5 – 11, 2025",1736035200,1,0.0346
extendable dining table,2,False,"Jan 5 – 11, 2025",1736035200,1,0.0346
dining table,2,True,"Jan 12 – 18, 2025",1736640000,26,0.8987
made to order furniture,2,False,"Jan 12 – 18, 2025",1736640000,0,0.0
white oak dining table,2,False,"Jan 12 – 18, 2025",1736640000,0,0.0
farmhouse dining table,2,False,"Jan 12 – 18, 2025",1736640000,1,0.0346
extendable dining table,2,False,"Jan 12 – 18, 2025",1736640000,1,0.0346
dining table,2,True,"Jan 19 – 25, 2025",1737244800,26,0.8987
made to order furniture,2,False,"Jan 19 – 25, 2025",1737244800,0,0.0
white oak dining table,2,False,"Jan 19 – 25, 2025",1737244800,0,0.0
farmhouse dining table,2,False,"Jan 19 – 25, 2025",1737244800,1,0.0346
extendable dining table,2,False,"Jan 19 – 25, 2025",1737244800,1,0.0346
dining table,2,True,"Jan 26 – Feb 1, 2025",1737849600,23,0.795
made to order furniture,2,False,"Jan 26 – Feb 1, 2025",1737849600,0,0.0
white oak dining table,2,False,"Jan 26 – Feb 1, 2025",1737849600,0,0.0
farmhouse dining table,2,False,"Jan 26 – Feb 1, 2025",1737849600,0,0.0
extendable dining table,2,False,"Jan 26 – Feb 1, 2025",1737849600,1,0.0346
dining table,2,True,"Feb 2 – 8, 2025",1738454400,23,0.795
made to order furniture,2,False,"Feb 2 – 8, 2025",1738454400,0,0.0
white oak dining table,2,False,"Feb 2 – 8, 2025",1738454400,0,0.0
farmhouse dining table,2,False,"Feb 2 – 8, 2025",1738454400,0,0.0
extendable dining table,2,False,"Feb 2 – 8, 2025",1738454400,1,0.0346
dining table,2,True,"Feb 9 – 15, 2025",1739059200,22,0.7604
made to order furniture,2,False,"Feb 9 – 15, 2025",1739059200,0,0.0
white oak dining table,2,False,"Feb 9 – 15, 2025",1739059200,0,0.0
farmhouse dining table,2,False,"Feb 9 – 15, 2025",1739059200,0,0.0
extendable dining table,2,False,"Feb 9 – 15, 2025",1739059200,1,0.0346
dining table,2,True,"Feb 16 – 22, 2025",1739664000,27,0.9332
made to order furniture,2,False,"Feb 16 – 22, 2025",1739664000,0,0.0
white oak dining table,2,False,"Feb 16 – 22, 2025",1739664000,0,0.0
farmhouse dining table,2,False,"Feb 16 – 22, 2025",1739664000,0,0.0
extendable dining table,2,False,"Feb 16 – 22, 2025",1739664000,1,0.0346
dining table,2,True,"Feb 23 – Mar 1, 2025",1740268800,24,0.8296
made to order furniture,2,False,"Feb 23 – Mar 1, 2025",1740268800,0,0.0
white oak dining table,2,False,"Feb 23 – Mar 1, 2025",1740268800,0,0.0
farmhouse dining table,2,False,"Feb 23 – Mar 1, 2025",1740268800,0,0.0
extendable dining table,2,False,"Feb 23 – Mar 1, 2025",1740268800,1,0.0346
dining table,2,True,"Mar 2 – 8, 2025",1740873600,25,0.8641
made to order furniture,2,False,"Mar 2 – 8, 2025",1740873600,0,0.0
white oak dining table,2,False,"Mar 2 – 8, 2025",1740873600,0,0.0
farmhouse dining table,2,False,"Mar 2 – 8, 2025",1740873600,0,0.0
extendable dining table,2,False,"Mar 2 – 8, 2025",1740873600,1,0.0346
dining table,2,True,"Mar 9 – 15, 2025",1741478400,23,0.795
made to order furniture,2,False,"Mar 9 – 15, 2025",1741478400,0,0.0
white oak dining table,2,False,"Mar 9 – 15, 2025",1741478400,0,0.0
farmhouse dining table,2,False,"Mar 9 – 15, 2025",1741478400,0,0.0
extendable dining table,2,False,"Mar 9 – 15, 2025",1741478400,1,0.0346
dining table,2,True,"Mar 16 – 22, 2025",1742083200,27,0.9332
made to order furniture,2,False,"Mar 16 – 22, 2025",1742083200,0,0.0
white oak dining table,2,False,"Mar 16 – 22, 2025",1742083200,0,0.0
farmhouse dining table,2,False,"Mar 16 – 22, 2025",1742083200,0,0.0
extendable dining table,2,False,"Mar 16 – 22, 2025",1742083200,1,0.0346
dining table,2,True,"Mar 23 – 29, 2025",1742688000,23,0.795
made to order furniture,2,False,"Mar 23 – 29, 2025",1742688000,0,0.0
white oak dining table,2,False,"Mar 23 – 29, 2025",1742688000,0,0.0
farmhouse dining table,2,False,"Mar 23 – 29, 2025",1742688000,0,0.0
extendable dining table,2,False,"Mar 23 – 29, 2025",1742688000,1,0.0346
dining table,2,True,"Mar 30 – Apr 5, 2025",1743292800,26,0.8987
made to order furniture,2,False,"Mar 30 – Apr 5, 2025",1743292800,0,0.0
white oak dining table,2,False,"Mar 30 – Apr 5, 2025",1743292800,0,0.0
farmhouse dining table,2,False,"Mar 30 – Apr 5, 2025",1743292800,0,0.0
extendable dining table,2,False,"Mar 30 – Apr 5, 2025",1743292800,1,0.0346
dining table,2,True,"Apr 6 – 12, 2025",1743897600,25,0.8641
made to order furniture,2,False,"Apr 6 – 12, 2025",1743897600,0,0.0
white oak dining table,2,False,"Apr 6 – 12, 2025",1743897600,0,0.0
farmhouse dining table,2,False,"Apr 6 – 12, 2025",1743897600,0,0.0
extendable dining table,2,False,"Apr 6 – 12, 2025",1743897600,1,0.0346
dining table,2,True,"Apr 13 – 19, 2025",1744502400,25,0.8641
made to order furniture,2,False,"Apr 13 – 19, 2025",1744502400,0,0.0
white oak dining table,2,False,"Apr 13 – 19, 2025",1744502400,0,0.0
farmhouse dining table,2,False,"Apr 13 – 19, 2025",1744502400,0,0.0
extendable dining table,2,False,"Apr 13 – 19, 2025",1744502400,1,0.0346
dining table,2,True,"Apr 20 – 26, 2025",1745107200,23,0.795
made to order furniture,2,False,"Apr 20 – 26, 2025",1745107200,0,0.0
white oak dining table,2,False,"Apr 20 – 26, 2025",1745107200,0,0.0
farmhouse dining table,2,False,"Apr 20 – 26, 2025",1745107200,0,0.0
extendable dining table,2,False,"Apr 20 – 26, 2025",1745107200,1,0.0346
dining table,2,True,"Apr 27 – May 3, 2025",1745712000,25,0.8641
made to order furniture,2,False,"Apr 27 – May 3, 2025",1745712000,0,0.0
white oak dining table,2,False,"Apr 27 – May 3, 2025",1745712000,0,0.0
farmhouse dining table,2,False,"Apr 27 – May 3, 2025",1745712000,0,0.0
extendable dining table,2,False,"Apr 27 – May 3, 2025",1745712000,1,0.0346
dining table,2,True,"May 4 – 10, 2025",1746316800,24,0.8296
made to order furniture,2,False,"May 4 – 10, 2025",1746316800,0,0.0
white oak dining table,2,False,"May 4 – 10, 2025",1746316800,0,0.0
farmhouse dining table,2,False,"May 4 – 10, 2025",1746316800,0,0.0
extendable dining table,2,False,"May 4 – 10, 2025",1746316800,1,0.0346
dining table,2,True,"May 11 – 17, 2025",1746921600,22,0.7604
made to order furniture,2,False,"May 11 – 17, 2025",1746921600,0,0.0
white oak dining table,2,False,"May 11 – 17, 2025",1746921600,0,0.0
farmhouse dining table,2,False,"May 11 – 17, 2025",1746921600,0,0.0
extendable dining table,2,False,"May 11 – 17, 2025",1746921600,1,0.0346
dining table,2,True,"May 18 – 24, 2025",1747526400,25,0.8641
made to order furniture,2,False,"May 18 – 24, 2025",1747526400,0,0.0
white oak dining table,2,False,"May 18 – 24, 2025",1747526400,0,0.0
farmhouse dining table,2,False,"May 18 – 24, 2025",1747526400,0,0.0
extendable dining table,2,False,"May 18 – 24, 2025",1747526400,1,0.0346
dining table,2,True,"May 25 – 31, 2025",1748131200,28,0.9678
made to order furniture,2,False,"May 25 – 31, 2025",1748131200,0,0.0
white oak dining table,2,False,"May 25 – 31, 2025",1748131200,0,0.0
farmhouse dining table,2,False,"May 25 – 31, 2025",1748131200,0,0.0
extendable dining table,2,False,"May 25 – 31, 2025",1748131200,1,0.0346
dining table,2,True,"Jun 1 – 7, 2025",1748736000,25,0.8641
made to order furniture,2,False,"Jun 1 – 7, 2025",1748736000,0,0.0
white oak dining table,2,False,"Jun 1 – 7, 2025",1748736000,0,0.0
farmhouse dining table,2,False,"Jun 1 – 7, 2025",1748736000,0,0.0
extendable dining table,2,False,"Jun 1 – 7, 2025",1748736000,1,0.0346
dining table,2,True,"Jun 8 – 14, 2025",1749340800,23,0.795
made to order furniture,2,False,"Jun 8 – 14, 2025",1749340800,0,0.0
white oak dining table,2,False,"Jun 8 – 14, 2025",1749340800,0,0.0
farmhouse dining table,2,False,"Jun 8 – 14, 2025",1749340800,0,0.0
extendable dining table,2,False,"Jun 8 – 14, 2025",1749340800,1,0.0346
dining table,2,True,"Jun 15 – 21, 2025",1749945600,26,0.8987
made to order furniture,2,False,"Jun 15 – 21, 2025",1749945600,0,0.0
white oak dining table,2,False,"Jun 15 – 21, 2025",1749945600,0,0.0
farmhouse dining table,2,False,"Jun 15 – 21, 2025",1749945600,0,0.0
extendable dining table,2,False,"Jun 15 – 21, 2025",1749945600,1,0.0346
dining table,2,True,"Jun 22 – 28, 2025",1750550400,26,0.8987
made to order furniture,2,False,"Jun 22 – 28, 2025",1750550400,0,0.0
white oak dining table,2,False,"Jun 22 – 28, 2025",1750550400,0,0.0
farmhouse dining table,2,False,"Jun 22 – 28, 2025",1750550400,0,0.0
extendable dining table,2,False,"Jun 22 – 28, 2025",1750550400,1,0.0346
dining table,2,True,"Jun 29 – Jul 5, 2025",1751155200,29,1.0024
made to order furniture,2,False,"Jun 29 – Jul 5, 2025",1751155200,0,0.0
white oak dining table,2,False,"Jun 29 – Jul 5, 2025",1751155200,0,0.0
farmhouse dining table,2,False,"Jun 29 – Jul 5, 2025",1751155200,0,0.0
extendable dining table,2,False,"Jun 29 – Jul 5, 2025",1751155200,1,0.0346
dining table,2,True,"Jul 6 – 12, 2025",1751760000,29,1.0024
made to order furniture,2,False,"Jul 6 – 12, 2025",1751760000,0,0.0
white oak dining table,2,False,"Jul 6 – 12, 2025",1751760000,0,0.0
farmhouse dining table,2,False,"Jul 6 – 12, 2025",1751760000,0,0.0
extendable dining table,2,False,"Jul 6 – 12, 2025",1751760000,1,0.0346
dining table,2,True,"Jul 13 – 19, 2025",1752364800,30,1.0369
made to order furniture,2,False,"Jul 13 – 19, 2025",1752364800,0,0.0
white oak dining table,2,False,"Jul 13 – 19, 2025",1752364800,0,0.0
farmhouse dining table,2,False,"Jul 13 – 19, 2025",1752364800,0,0.0
extendable dining table,2,False,"Jul 13 – 19, 2025",1752364800,1,0.0346
dining table,2,True,"Jul 20 – 26, 2025",1752969600,28,0.9678
made to order furniture,2,False,"Jul 20 – 26, 2025",1752969600,0,0.0
white oak dining table,2,False,"Jul 20 – 26, 2025",1752969600,0,0.0
farmhouse dining table,2,False,"Jul 20 – 26, 2025",1752969600,0,0.0
extendable dining table,2,False,"Jul 20 – 26, 2025",1752969600,1,0.0346
dining table,2,True,"Jul 27 – Aug 2, 2025",1753574400,28,0.9678
made to order furniture,2,False,"Jul 27 – Aug 2, 2025",1753574400,0,0.0
white oak dining table,2,False,"Jul 27 – Aug 2, 2025",1753574400,0,0.0
farmhouse dining table,2,False,"Jul 27 – Aug 2, 2025",1753574400,1,0.0346
extendable dining table,2,False,"Jul 27 – Aug 2, 2025",1753574400,2,0.0691
dining table,2,True,"Aug 3 – 9, 2025",1754179200,27,0.9332
made to order furniture,2,False,"Aug 3 – 9, 2025",1754179200,0,0.0
white oak dining table,2,False,"Aug 3 – 9, 2025",1754179200,0,0.0
farmhouse dining table,2,False,"Aug 3 – 9, 2025",1754179200,0,0.0
extendable dining table,2,False,"Aug 3 – 9, 2025",1754179200,1,0.0346
dining table,2,True,"Aug 10 – 16, 2025",1754784000,28,0.9678
made to order furniture,2,False,"Aug 10 – 16, 2025",1754784000,0,0.0
white oak dining table,2,False,"Aug 10 – 16, 2025",1754784000,0,0.0
farmhouse dining table,2,False,"Aug 10 – 16, 2025",1754784000,1,0.0346
extendable dining table,2,False,"Aug 10 – 16, 2025",1754784000,1,0.0346
dining table,2,True,"Aug 17 – 23, 2025",1755388800,26,0.8987
made to order furniture,2,False,"Aug 17 – 23, 2025",1755388800,0,0.0
white oak dining table,2,False,"Aug 17 – 23, 2025",1755388800,0,0.0
farmhouse dining table,2,False,"Aug 17 – 23, 2025",1755388800,0,0.0
extendable dining table,2,False,"Aug 17 – 23, 2025",1755388800,1,0.0346
dining table,2,True,"Aug 24 – 30, 2025",1755993600,30,1.0369
made to order furniture,2,False,"Aug 24 – 30, 2025",1755993600,0,0.0
white oak dining table,2,False,"Aug 24 – 30, 2025",1755993600,0,0.0
farmhouse dining table,2,False,"Aug 24 – 30, 2025",1755993600,0,0.0
extendable dining table,2,False,"Aug 24 – 30, 2025",1755993600,1,0.0346
dining table,2,True,"Aug 31 – Sep 6, 2025",1756598400,29,1.0024
made to order furniture,2,False,"Aug 31 – Sep 6, 2025",1756598400,0,0.0
white oak dining table,2,False,"Aug 31 – Sep 6, 2025",1756598400,0,0.0
farmhouse dining table,2,False,"Aug 31 – Sep 6, 2025",1756598400,0,0.0
extendable dining table,2,False,"Aug 31 – Sep 6, 2025",1756598400,1,0.0346
dining table,2,True,"Sep 7 – 13, 2025",1757203200,26,0.8987
made to order furniture,2,False,"Sep 7 – 13, 2025",1757203200,0,0.0
white oak dining table,2,False,"Sep 7 – 13, 2025",1757203200,0,0.0
farmhouse dining table,2,False,"Sep 7 – 13, 2025",1757203200,0,0.0
extendable dining table,2,False,"Sep 7 – 13, 2025",1757203200,1,0.0346
dining table,2,True,"Sep 14 – 20, 2025",1757808000,24,0.8296
made to order furniture,2,False,"Sep 14 – 20, 2025",1757808000,0,0.0
white oak dining table,2,False,"Sep 14 – 20, 2025",1757808000,0,0.0
farmhouse dining table,2,False,"Sep 14 – 20, 2025",1757808000,0,0.0
extendable dining table,2,False,"Sep 14 – 20, 2025",1757808000,1,0.0346
dining table,2,True,"Sep 21 – 27, 2025",1758412800,25,0.8641
made to order furniture,2,False,"Sep 21 – 27, 2025",1758412800,0,0.0
white oak dining table,2,False,"Sep 21 – 27, 2025",1758412800,0,0.0
farmhouse dining table,2,False,"Sep 21 – 27, 2025",1758412800,0,0.0
extendable dining table,2,False,"Sep 21 – 27, 2025",1758412800,1,0.0346
dining table,2,True,"Sep 28 – Oct 4, 2025",1759017600,25,0.8641
made to order furniture,2,False,"Sep 28 – Oct 4, 2025",1759017600,0,0.0
white oak dining table,2,False,"Sep 28 – Oct 4, 2025",1759017600,0,0.0
farmhouse dining table,2,False,"Sep 28 – Oct 4, 2025",1759017600,0,0.0
extendable dining table,2,False,"Sep 28 – Oct 4, 2025",1759017600,1,0.0346
dining table,2,True,"Oct 5 – 11, 2025",1759622400,25,0.8641
made to order furniture,2,False,"Oct 5 – 11, 2025",1759622400,0,0.0
white oak dining table,2,False,"Oct 5 – 11, 2025",1759622400,0,0.0
farmhouse dining table,2,False,"Oct 5 – 11, 2025",1759622400,0,0.0
extendable dining table,2,False,"Oct 5 – 11, 2025",1759622400,1,0.0346
dining table,2,True,"Oct 12 – 18, 2025",1760227200,25,0.8641
made to order furniture,2,False,"Oct 12 – 18, 2025",1760227200,0,0.0
white oak dining table,2,False,"Oct 12 – 18, 2025",1760227200,0,0.0
farmhouse dining table,2,False,"Oct 12 – 18, 2025",1760227200,0,0.0
extendable dining table,2,False,"Oct 12 – 18, 2025",1760227200,1,0.0346
dining table,2,True,"Oct 19 – 25, 2025",1760832000,24,0.8296
made to order furniture,2,False,"Oct 19 – 25, 2025",1760832000,0,0.0
white oak dining table,2,False,"Oct 19 – 25, 2025",1760832000,0,0.0
farmhouse dining table,2,False,"Oct 19 – 25, 2025",1760832000,0,0.0
extendable dining table,2,False,"Oct 19 – 25, 2025",1760832000,1,0.0346
dining table,2,True,"Oct 26 – Nov 1, 2025",1761436800,23,0.795
made to order furniture,2,False,"Oct 26 – Nov 1, 2025",1761436800,0,0.0
white oak dining table,2,False,"Oct 26 – Nov 1, 2025",1761436800,0,0.0
farmhouse dining table,2,False,"Oct 26 – Nov 1, 2025",1761436800,0,0.0
extendable dining table,2,False,"Oct 26 – Nov 1, 2025",1761436800,1,0.0346
dining table,2,True,"Nov 2 – 8, 2025",1762041600,28,0.9678
made to order furniture,2,False,"Nov 2 – 8, 2025",1762041600,0,0.0
white oak dining table,2,False,"Nov 2 – 8, 2025",1762041600,0,0.0
farmhouse dining table,2,False,"Nov 2 – 8, 2025",1762041600,1,0.0346
extendable dining table,2,False,"Nov 2 – 8, 2025",1762041600,1,0.0346
dining table,2,True,"Nov 9 – 15, 2025",1762646400,31,1.0715
made to order furniture,2,False,"Nov 9 – 15, 2025",1762646400,0,0.0
white oak dining table,2,False,"Nov 9 – 15, 2025",1762646400,0,0.0
farmhouse dining table,2,False,"Nov 9 – 15, 2025",1762646400,1,0.0346
extendable dining table,2,False,"Nov 9 – 15, 2025",1762646400,2,0.0691
dining table,2,True,"Nov 16 – 22, 2025",1763251200,32,1.1061
made to order furniture,2,False,"Nov 16 – 22, 2025",1763251200,0,0.0
white oak dining table,2,False,"Nov 16 – 22, 2025",1763251200,0,0.0
farmhouse dining table,2,False,"Nov 16 – 22, 2025",1763251200,1,0.0346
extendable dining table,2,False,"Nov 16 – 22, 2025",1763251200,2,0.0691
dining table,2,True,"Nov 23 – 29, 2025",1763856000,35,1.2098
made to order furniture,2,False,"Nov 23 – 29, 2025",1763856000,0,0.0
white oak dining table,2,False,"Nov 23 – 29, 2025",1763856000,0,0.0
farmhouse dining table,2,False,"Nov 23 – 29, 2025",1763856000,1,0.0346
extendable dining table,2,False,"Nov 23 – 29, 2025",1763856000,2,0.0691
dining table,2,True,"Nov 30 – Dec 6, 2025",1764460800,29,1.0024
made to order furniture,2,False,"Nov 30 – Dec 6, 2025",1764460800,0,0.0
white oak dining table,2,False,"Nov 30 – Dec 6, 2025",1764460800,0,0.0
farmhouse dining table,2,False,"Nov 30 – Dec 6, 2025",1764460800,0,0.0
extendable dining table,2,False,"Nov 30 – Dec 6, 2025",1764460800,1,0.0346
dining table,2,True,"Dec 7 – 13, 2025",1765065600,26,0.8987
made to order furniture,2,False,"Dec 7 – 13, 2025",1765065600,0,0.0
white oak dining table,2,False,"Dec 7 – 13, 2025",1765065600,0,0.0
farmhouse dining table,2,False,"Dec 7 – 13, 2025",1765065600,0,0.0
extendable dining table,2,False,"Dec 7 – 13, 2025",1765065600,2,0.0691
dining table,2,True,"Dec 14 – 20, 2025",1765670400,22,0.7604
made to order furniture,2,False,"Dec 14 – 20, 2025",1765670400,0,0.0
white oak dining table,2,False,"Dec 14 – 20, 2025",1765670400,0,0.0
farmhouse dining table,2,False,"Dec 14 – 20, 2025",1765670400,1,0.0346
extendable dining table,2,False,"Dec 14 – 20, 2025",1765670400,1,0.0346
dining table,2,True,"Dec 21 – 27, 2025",1766275200,25,0.8641
made to order furniture,2,False,"Dec 21 – 27, 2025",1766275200,0,0.0
white oak dining table,2,False,"Dec 21 – 27, 2025",1766275200,0,0.0
farmhouse dining table,2,False,"Dec 21 – 27, 2025",1766275200,0,0.0
extendable dining table,2,False,"Dec 21 – 27, 2025",1766275200,1,0.0346
dining table,2,True,"Dec 28, 2025 – Jan 3, 2026",1766880000,30,1.0369
made to order furniture,2,False,"Dec 28, 2025 – Jan 3, 2026",1766880000,0,0.0
white oak dining table,2,False,"Dec 28, 2025 – Jan 3, 2026",1766880000,0,0.0
farmhouse dining table,2,False,"Dec 28, 2025 – Jan 3, 2026",1766880000,1,0.0346
extendable dining table,2,False,"Dec 28, 2025 – Jan 3, 2026",1766880000,2,0.0691
dining table,2,True,"Jan 4 – 10, 2026",1767484800,28,0.9678
made to order furniture,2,False,"Jan 4 – 10, 2026",1767484800,0,0.0
white oak dining table,2,False,"Jan 4 – 10, 2026",1767484800,0,0.0
farmhouse dining table,2,False,"Jan 4 – 10, 2026",1767484800,0,0.0
extendable dining table,2,False,"Jan 4 – 10, 2026",1767484800,1,0.0346
dining table,2,True,"Jan 11 – 17, 2026",1768089600,26,0.8987
made to order furniture,2,False,"Jan 11 – 17, 2026",1768089600,0,0.0
white oak dining table,2,False,"Jan 11 – 17, 2026",1768089600,0,0.0
farmhouse dining table,2,False,"Jan 11 – 17, 2026",1768089600,0,0.0
extendable dining table,2,False,"Jan 11 – 17, 2026",1768089600,1,0.0346
dining table,2,True,"Jan 18 – 24, 2026",1768694400,26,0.8987
made to order furniture,2,False,"Jan 18 – 24, 2026",1768694400,0,0.0
white oak dining table,2,False,"Jan 18 – 24, 2026",1768694400,0,0.0
farmhouse dining table,2,False,"Jan 18 – 24, 2026",1768694400,1,0.0346
extendable dining table,2,False,"Jan 18 – 24, 2026",1768694400,1,0.0346
dining table,2,True,"Jan 25 – 31, 2026",1769299200,24,0.8296
made to order furniture,2,False,"Jan 25 – 31, 2026",1769299200,0,0.0
white oak dining table,2,False,"Jan 25 – 31, 2026",1769299200,0,0.0
farmhouse dining table,2,False,"Jan 25 – 31, 2026",1769299200,0,0.0
extendable dining table,2,False,"Jan 25 – 31, 2026",1769299200,1,0.0346
dining table,2,True,"Feb 1 – 7, 2026",1769904000,26,0.8987
made to order furniture,2,False,"Feb 1 – 7, 2026",1769904000,0,0.0
white oak dining table,2,False,"Feb 1 – 7, 2026",1769904000,0,0.0
farmhouse dining table,2,False,"Feb 1 – 7, 2026",1769904000,0,0.0
extendable dining table,2,False,"Feb 1 – 7, 2026",1769904000,1,0.0346
dining table,2,True,"Feb 8 – 14, 2026",1770508800,33,1.1406
made to order furniture,2,False,"Feb 8 – 14, 2026",1770508800,0,0.0
white oak dining table,2,False,"Feb 8 – 14, 2026",1770508800,0,0.0
farmhouse dining table,2,False,"Feb 8 – 14, 2026",1770508800,1,0.0346
extendable dining table,2,False,"Feb 8 – 14, 2026",1770508800,1,0.0346
dining table,2,True,"Feb 15 – 21, 2026",1771113600,36,1.2443
made to order furniture,2,False,"Feb 15 – 21, 2026",1771113600,0,0.0
white oak dining table,2,False,"Feb 15 – 21, 2026",1771113600,0,0.0
farmhouse dining table,2,False,"Feb 15 – 21, 2026",1771113600,1,0.0346
extendable dining table,2,False,"Feb 15 – 21, 2026",1771113600,1,0.0346
dining table,2,True,"Feb 22 – 28, 2026",1771718400,30,1.0369
made to order furniture,2,False,"Feb 22 – 28, 2026",1771718400,0,0.0
white oak dining table,2,False,"Feb 22 – 28, 2026",1771718400,0,0.0
farmhouse dining table,2,False,"Feb 22 – 28, 2026",1771718400,1,0.0346
extendable dining table,2,False,"Feb 22 – 28, 2026",1771718400,1,0.0346
dining table,2,True,"Mar 1 – 7, 2026",1772323200,26,0.8987
made to order furniture,2,False,"Mar 1 – 7, 2026",1772323200,0,0.0
white oak dining table,2,False,"Mar 1 – 7, 2026",1772323200,0,0.0
farmhouse dining table,2,False,"Mar 1 – 7, 2026",1772323200,0,0.0
extendable dining table,2,False,"Mar 1 – 7, 2026",1772323200,1,0.0346
dining table,2,True,"Mar 8 – 14, 2026",1772928000,30,1.0369
made to order furniture,2,False,"Mar 8 – 14, 2026",1772928000,0,0.0
white oak dining table,2,False,"Mar 8 – 14, 2026",1772928000,0,0.0
farmhouse dining table,2,False,"Mar 8 – 14, 2026",1772928000,0,0.0
extendable dining table,2,False,"Mar 8 – 14, 2026",1772928000,1,0.0346
dining table,2,True,"Mar 15 – 21, 2026",1773532800,35,1.2098
made to order furniture,2,False,"Mar 15 – 21, 2026",1773532800,0,0.0
white oak dining table,2,False,"Mar 15 – 21, 2026",1773532800,0,0.0
farmhouse dining table,2,False,"Mar 15 – 21, 2026",1773532800,1,0.0346
extendable dining table,2,False,"Mar 15 – 21, 2026",1773532800,2,0.0691
dining table,2,True,"Mar 22 – 28, 2026",1774137600,50,1.7282
made to order furniture,2,False,"Mar 22 – 28, 2026",1774137600,0,0.0
white oak dining table,2,False,"Mar 22 – 28, 2026",1774137600,0,0.0
farmhouse dining table,2,False,"Mar 22 – 28, 2026",1774137600,3,0.1037
extendable dining table,2,False,"Mar 22 – 28, 2026",1774137600,3,0.1037
dining table,2,True,"Mar 29 – Apr 4, 2026",1774742400,69,2.385
made to order furniture,2,False,"Mar 29 – Apr 4, 2026",1774742400,0,0.0
white oak dining table,2,False,"Mar 29 – Apr 4, 2026",1774742400,0,0.0
farmhouse dining table,2,False,"Mar 29 – Apr 4, 2026",1774742400,5,0.1728
extendable dining table,2,False,"Mar 29 – Apr 4, 2026",1774742400,6,0.2074
dining table,2,True,"Apr 5 – 11, 2026",1775347200,82,2.8343
made to order furniture,2,False,"Apr 5 – 11, 2026",1775347200,0,0.0
white oak dining table,2,False,"Apr 5 – 11, 2026",1775347200,1,0.0346
farmhouse dining table,2,False,"Apr 5 – 11, 2026",1775347200,6,0.2074
extendable dining table,2,False,"Apr 5 – 11, 2026",1775347200,8,0.2765
dining table,2,True,"Apr 12 – 18, 2026",1775952000,100,3.4565
made to order furniture,2,False,"Apr 12 – 18, 2026",1775952000,0,0.0
white oak dining table,2,False,"Apr 12 – 18, 2026",1775952000,1,0.0346
farmhouse dining table,2,False,"Apr 12 – 18, 2026",1775952000,8,0.2765
extendable dining table,2,False,"Apr 12 – 18, 2026",1775952000,10,0.3456
dining table,2,True,"Apr 19 – 25, 2026",1776556800,82,2.8343
made to order furniture,2,False,"Apr 19 – 25, 2026",1776556800,0,0.0
white oak dining table,2,False,"Apr 19 – 25, 2026",1776556800,0,0.0
farmhouse dining table,2,False,"Apr 19 – 25, 2026",1776556800,6,0.2074
extendable dining table,2,False,"Apr 19 – 25, 2026",1776556800,8,0.2765
dining table,2,True,"Apr 26 – May 2, 2026",1777161600,67,2.3158
made to order furniture,2,False,"Apr 26 – May 2, 2026",1777161600,0,0.0
white oak dining table,2,False,"Apr 26 – May 2, 2026",1777161600,0,0.0
farmhouse dining table,2,False,"Apr 26 – May 2, 2026",1777161600,5,0.1728
extendable dining table,2,False,"Apr 26 – May 2, 2026",1777161600,5,0.1728
dining table,2,True,"May 3 – 9, 2026",1777766400,69,2.385
made to order furniture,2,False,"May 3 – 9, 2026",1777766400,0,0.0
white oak dining table,2,False,"May 3 – 9, 2026",1777766400,0,0.0
farmhouse dining table,2,False,"May 3 – 9, 2026",1777766400,4,0.1383
extendable dining table,2,False,"May 3 – 9, 2026",1777766400,5,0.1728
dining table,2,True,"May 10 – 16, 2026",1778371200,78,2.696
made to order furniture,2,False,"May 10 – 16, 2026",1778371200,0,0.0
white oak dining table,2,False,"May 10 – 16, 2026",1778371200,1,0.0346
farmhouse dining table,2,False,"May 10 – 16, 2026",1778371200,6,0.2074
extendable dining table,2,False,"May 10 – 16, 2026",1778371200,7,0.242
dining table,2,True,"May 17 – 23, 2026",1778976000,72,2.4887
made to order furniture,2,False,"May 17 – 23, 2026",1778976000,0,0.0
white oak dining table,2,False,"May 17 – 23, 2026",1778976000,1,0.0346
farmhouse dining table,2,False,"May 17 – 23, 2026",1778976000,4,0.1383
extendable dining table,2,False,"May 17 – 23, 2026",1778976000,8,0.2765
dining table,2,True,"May 24 – 30, 2026",1779580800,54,1.8665
made to order furniture,2,False,"May 24 – 30, 2026",1779580800,0,0.0
white oak dining table,2,False,"May 24 – 30, 2026",1779580800,0,0.0
farmhouse dining table,2,False,"May 24 – 30, 2026",1779580800,2,0.0691
extendable dining table,2,False,"May 24 – 30, 2026",1779580800,5,0.1728
dining table,2,True,"May 31 – Jun 6, 2026",1780185600,50,1.7282
made to order furniture,2,False,"May 31 – Jun 6, 2026",1780185600,0,0.0
white oak dining table,2,False,"May 31 – Jun 6, 2026",1780185600,1,0.0346
farmhouse dining table,2,False,"May 31 – Jun 6, 2026",1780185600,2,0.0691
extendable dining table,2,False,"May 31 – Jun 6, 2026",1780185600,5,0.1728
dining table,2,True,"Jun 7 – 13, 2026",1780790400,57,1.9702
made to order furniture,2,False,"Jun 7 – 13, 2026",1780790400,0,0.0
white oak dining table,2,False,"Jun 7 – 13, 2026",1780790400,1,0.0346
farmhouse dining table,2,False,"Jun 7 – 13, 2026",1780790400,3,0.1037
extendable dining table,2,False,"Jun 7 – 13, 2026",1780790400,6,0.2074
dining table,2,True,"Jun 14 – 20, 2026",1781395200,53,1.8319
made to order furniture,2,False,"Jun 14 – 20, 2026",1781395200,0,0.0
white oak dining table,2,False,"Jun 14 – 20, 2026",1781395200,1,0.0346
farmhouse dining table,2,False,"Jun 14 – 20, 2026",1781395200,3,0.1037
extendable dining table,2,False,"Jun 14 – 20, 2026",1781395200,5,0.1728
dining table,2,True,"Jun 21 – 27, 2026",1782000000,48,1.6591
made to order furniture,2,False,"Jun 21 – 27, 2026",1782000000,0,0.0
white oak dining table,2,False,"Jun 21 – 27, 2026",1782000000,0,0.0
farmhouse dining table,2,False,"Jun 21 – 27, 2026",1782000000,2,0.0691
extendable dining table,2,False,"Jun 21 – 27, 2026",1782000000,5,0.1728
dining table,2,True,"Jun 28 – Jul 4, 2026",1782604800,39,1.348
made to order furniture,2,False,"Jun 28 – Jul 4, 2026",1782604800,0,0.0
white oak dining table,2,False,"Jun 28 – Jul 4, 2026",1782604800,0,0.0
farmhouse dining table,2,False,"Jun 28 – Jul 4, 2026",1782604800,1,0.0346
extendable dining table,2,False,"Jun 28 – Jul 4, 2026",1782604800,3,0.1037
dining table,2,True,"Jul 5 – 11, 2026",1783209600,34,1.1752
made to order furniture,2,False,"Jul 5 – 11, 2026",1783209600,0,0.0
white oak dining table,2,False,"Jul 5 – 11, 2026",1783209600,0,0.0
farmhouse dining table,2,False,"Jul 5 – 11, 2026",1783209600,1,0.0346
extendable dining table,2,False,"Jul 5 – 11, 2026",1783209600,2,0.0691
dining table,2,True,"Jul 12 – 18, 2026",1783814400,27,0.9332
made to order furniture,2,False,"Jul 12 – 18, 2026",1783814400,0,0.0
white oak dining table,2,False,"Jul 12 – 18, 2026",1783814400,0,0.0
farmhouse dining table,2,False,"Jul 12 – 18, 2026",1783814400,0,0.0
extendable dining table,2,False,"Jul 12 – 18, 2026",1783814400,2,0.0691
dining table,2,True,"Jul 19 – 25, 2026",1784419200,25,0.8641
made to order furniture,2,False,"Jul 19 – 25, 2026",1784419200,0,0.0
white oak dining table,2,False,"Jul 19 – 25, 2026",1784419200,0,0.0
farmhouse dining table,2,False,"Jul 19 – 25, 2026",1784419200,0,0.0
extendable dining table,2,False,"Jul 19 – 25, 2026",1784419200,1,0.0346
dining table,2,True,"Jul 26 – Aug 1, 2026",1785024000,26,0.8987
made to order furniture,2,False,"Jul 26 – Aug 1, 2026",1785024000,0,0.0
white oak dining table,2,False,"Jul 26 – Aug 1, 2026",1785024000,0,0.0
farmhouse dining table,2,False,"Jul 26 – Aug 1, 2026",1785024000,0,0.0
extendable dining table,2,False,"Jul 26 – Aug 1, 2026",1785024000,1,0.0346
dining table,2,True,"Aug 2 – 8, 2026",1785628800,28,0.9678
made to order furniture,2,False,"Aug 2 – 8, 2026",1785628800,0,0.0
white oak dining table,2,False,"Aug 2 – 8, 2026",1785628800,0,0.0
farmhouse dining table,2,False,"Aug 2 – 8, 2026",1785628800,0,0.0
extendable dining table,2,False,"Aug 2 – 8, 2026",1785628800,1,0.0346
dining table,2,True,"Aug 9 – 15, 2026",1786233600,27,0.9332
made to order furniture,2,False,"Aug 9 – 15, 2026",1786233600,0,0.0
white oak dining table,2,False,"Aug 9 – 15, 2026",1786233600,0,0.0
farmhouse dining table,2,False,"Aug 9 – 15, 2026",1786233600,0,0.0
extendable dining table,2,False,"Aug 9 – 15, 2026",1786233600,1,0.0346
dining table,2,True,"Aug 16 – 22, 2026",1786838400,28,0.9678
made to order furniture,2,False,"Aug 16 – 22, 2026",1786838400,0,0.0
white oak dining table,2,False,"Aug 16 – 22, 2026",1786838400,0,0.0
farmhouse dining table,2,False,"Aug 16 – 22, 2026",1786838400,0,0.0
extendable dining table,2,False,"Aug 16 – 22, 2026",1786838400,1,0.0346
dining table,2,True,"Aug 23 – 29, 2026",1787443200,25,0.8641
made to order furniture,2,False,"Aug 23 – 29, 2026",1787443200,0,0.0
white oak dining table,2,False,"Aug 23 – 29, 2026",1787443200,0,0.0
farmhouse dining table,2,False,"Aug 23 – 29, 2026",1787443200,0,0.0
extendable dining table,2,False,"Aug 23 – 29, 2026",1787443200,1,0.0346
