ISO-10303-21;
HEADER;
FILE_DESCRIPTION(('Open CASCADE Model'),'2;1');
FILE_NAME('Open CASCADE Shape Model','2026-09-13T13:44:16',('Author'),(
    'Open CASCADE'),'Open CASCADE STEP processor 7.9','Open CASCADE 7.9'
  ,'Unknown');
FILE_SCHEMA(('AUTOMOTIVE_DESIGN { 1 0 10303 214 1 1 1 1 }'));
ENDSEC;
DATA;
#1 = APPLICATION_PROTOCOL_DEFINITION('international standard',
  'automotive_design',2000,#2);
#2 = APPLICATION_CONTEXT(
  'core data for automotive mechanical design processes');
#3 = SHAPE_DEFINITION_REPRESENTATION(#4,#10);
#4 = PRODUCT_DEFINITION_SHAPE('','',#5);
#5 = PRODUCT_DEFINITION('design','',#6,#9);
#6 = PRODUCT_DEFINITION_FORMATION('','',#7);
#7 = PRODUCT('tray','tray','',(#8));
#8 = PRODUCT_CONTEXT('',#2,'mechanical');
#9 = PRODUCT_DEFINITION_CONTEXT('part definition',#2,'design');
#10 = ADVANCED_BREP_SHAPE_REPRESENTATION('',(#11,#15),#11965);
#11 = AXIS2_PLACEMENT_3D('',#12,#13,#14);
#12 = CARTESIAN_POINT('',(0.,0.,0.));
#13 = DIRECTION('',(0.,0.,1.));
#14 = DIRECTION('',(1.,0.,-0.));
#15 = MANIFOLD_SOLID_BREP('',#16);
#16 = CLOSED_SHELL('',(#17,#1915,#2090,#2139,#2186,#3736,#3785,#3834,
    #3861,#3910,#3959,#3986,#4035,#4084,#4111,#4160,#4209,#4236,#4285,
    #4334,#4361,#4410,#4459,#4486,#4535,#4584,#4611,#4659,#4709,#4757,
    #6334,#6383,#6432,#6459,#6508,#6557,#6584,#6633,#6682,#6709,#6758,
    #6807,#6834,#6883,#6932,#6959,#7008,#7057,#7084,#7133,#7182,#7209,
    #7258,#7305,#7421,#7501,#7550,#7577,#8769,#8818,#8845,#8852,#8859,
    #8866,#8873,#8880,#8887,#8894,#8901,#9190,#9239,#9355,#9404,#9453,
    #9480,#9507,#9534,#9583,#9632,#9659,#9708,#9757,#9784,#9833,#9882,
    #9909,#9958,#10007,#10034,#10083,#10132,#10159,#10208,#10257,#10284,
    #10333,#10382,#10409,#10416,#10423,#10430,#10437,#10444,#10451,
    #10458,#10465,#10472,#10521,#10548,#10597,#10646,#10673,#10722,
    #10771,#10798,#10847,#10896,#10923,#10972,#11021,#11048,#11097,
    #11146,#11173,#11222,#11271,#11298,#11347,#11396,#11423,#11450,
    #11499,#11615,#11664,#11713,#11740,#11767,#11774,#11824,#11831,
    #11838,#11845,#11852,#11859,#11866,#11873,#11881,#11888,#11895,
    #11902,#11909,#11916,#11923,#11930,#11937,#11944,#11951,#11958));
#17 = ADVANCED_FACE('',(#18),#32,.F.);
#18 = FACE_BOUND('',#19,.F.);
#19 = EDGE_LOOP('',(#20,#55,#83,#111,#139,#167,#195,#223,#251,#279,#307,
    #335,#358,#386,#414,#442,#465,#493,#521,#549,#572,#600,#628,#656,
    #679,#707,#735,#763,#786,#814,#842,#870,#893,#921,#949,#977,#1000,
    #1028,#1056,#1084,#1112,#1140,#1168,#1196,#1219,#1247,#1275,#1303,
    #1326,#1354,#1382,#1410,#1433,#1461,#1489,#1517,#1540,#1568,#1596,
    #1624,#1647,#1675,#1703,#1731,#1754,#1782,#1810,#1838,#1861,#1889));
#20 = ORIENTED_EDGE('',*,*,#21,.F.);
#21 = EDGE_CURVE('',#22,#24,#26,.T.);
#22 = VERTEX_POINT('',#23);
#23 = CARTESIAN_POINT('',(-35.8,-40.,4.));
#24 = VERTEX_POINT('',#25);
#25 = CARTESIAN_POINT('',(-35.8,-40.,5.6));
#26 = SURFACE_CURVE('',#27,(#31,#43),.PCURVE_S1.);
#27 = LINE('',#28,#29);
#28 = CARTESIAN_POINT('',(-35.8,-40.,0.));
#29 = VECTOR('',#30,1.);
#30 = DIRECTION('',(0.,0.,1.));
#31 = PCURVE('',#32,#37);
#32 = PLANE('',#33);
#33 = AXIS2_PLACEMENT_3D('',#34,#35,#36);
#34 = CARTESIAN_POINT('',(-35.8,-40.,0.));
#35 = DIRECTION('',(1.,0.,-0.));
#36 = DIRECTION('',(0.,0.,1.));
#37 = DEFINITIONAL_REPRESENTATION('',(#38),#42);
#38 = LINE('',#39,#40);
#39 = CARTESIAN_POINT('',(0.,0.));
#40 = VECTOR('',#41,1.);
#41 = DIRECTION('',(1.,0.));
#42 = ( GEOMETRIC_REPRESENTATION_CONTEXT(2) 
PARAMETRIC_REPRESENTATION_CONTEXT() REPRESENTATION_CONTEXT('2D SPACE',''
  ) );
#43 = PCURVE('',#44,#49);
#44 = PLANE('',#45);
#45 = AXIS2_PLACEMENT_3D('',#46,#47,#48);
#46 = CARTESIAN_POINT('',(-35.8,-40.,0.));
#47 = DIRECTION('',(-0.,1.,0.));
#48 = DIRECTION('',(0.,0.,1.));
#49 = DEFINITIONAL_REPRESENTATION('',(#50),#54);
#50 = LINE('',#51,#52);
#51 = CARTESIAN_POINT('',(0.,0.));
#52 = VECTOR('',#53,1.);
#53 = DIRECTION('',(1.,0.));
#54 = ( GEOMETRIC_REPRESENTATION_CONTEXT(2) 
PARAMETRIC_REPRESENTATION_CONTEXT() REPRESENTATION_CONTEXT('2D SPACE',''
  ) );
#55 = ORIENTED_EDGE('',*,*,#56,.F.);
#56 = EDGE_CURVE('',#57,#22,#59,.T.);
#57 = VERTEX_POINT('',#58);
#58 = CARTESIAN_POINT('',(-35.8,-52.,4.));
#59 = SURFACE_CURVE('',#60,(#64,#71),.PCURVE_S1.);
#60 = LINE('',#61,#62);
#61 = CARTESIAN_POINT('',(-35.8,-52.,4.));
#62 = VECTOR('',#63,1.);
#63 = DIRECTION('',(-0.,1.,0.));
#64 = PCURVE('',#32,#65);
#65 = DEFINITIONAL_REPRESENTATION('',(#66),#70);
#66 = LINE('',#67,#68);
#67 = CARTESIAN_POINT('',(4.,12.));
#68 = VECTOR('',#69,1.);
#69 = DIRECTION('',(0.,-1.));
#70 = ( GEOMETRIC_REPRESENTATION_CONTEXT(2) 
PARAMETRIC_REPRESENTATION_CONTEXT() REPRESENTATION_CONTEXT('2D SPACE',''
  ) );
#71 = PCURVE('',#72,#77);
#72 = PLANE('',#73);
#73 = AXIS2_PLACEMENT_3D('',#74,#75,#76);
#74 = CARTESIAN_POINT('',(-35.8,-52.,4.));
#75 = DIRECTION('',(0.,0.,1.));
#76 = DIRECTION('',(1.,0.,-0.));
#77 = DEFINITIONAL_REPRESENTATION('',(#78),#82);
#78 = LINE('',#79,#80);
#79 = CARTESIAN_POINT('',(0.,0.));
#80 = VECTOR('',#81,1.);
#81 = DIRECTION('',(0.,1.));
#82 = ( GEOMETRIC_REPRESENTATION_CONTEXT(2) 
PARAMETRIC_REPRESENTATION_CONTEXT() REPRESENTATION_CONTEXT('2D SPACE',''
  ) );
#83 = ORIENTED_EDGE('',*,*,#84,.F.);
#84 = EDGE_CURVE('',#85,#57,#87,.T.);
#85 = VERTEX_POINT('',#86);
#86 = CARTESIAN_POINT('',(-35.8,-52.,0.));
#87 = SURFACE_CURVE('',#88,(#92,#99),.PCURVE_S1.);
#88 = LINE('',#89,#90);
#89 = CARTESIAN_POINT('',(-35.8,-52.,0.));
#90 = VECTOR('',#91,1.);
#91 = DIRECTION('',(0.,0.,1.));
#92 = PCURVE('',#32,#93);
#93 = DEFINITIONAL_REPRESENTATION('',(#94),#98);
#94 = LINE('',#95,#96);
#95 = CARTESIAN_POINT('',(0.,12.));
#96 = VECTOR('',#97,1.);
#97 = DIRECTION('',(1.,0.));
#98 = ( GEOMETRIC_REPRESENTATION_CONTEXT(2) 
PARAMETRIC_REPRESENTATION_CONTEXT() REPRESENTATION_CONTEXT('2D SPACE',''
  ) );
#99 = PCURVE('',#100,#105);
#100 = PLANE('',#101);
#101 = AXIS2_PLACEMENT_3D('',#102,#103,#104);
#102 = CARTESIAN_POINT('',(-35.8,-52.,0.));
#103 = DIRECTION('',(-0.,1.,0.));
#104 = DIRECTION('',(0.,0.,1.));
#105 = DEFINITIONAL_REPRESENTATION('',(#106),#110);
#106 = LINE('',#107,#108);
#107 = CARTESIAN_POINT('',(0.,0.));
#108 = VECTOR('',#109,1.);
#109 = DIRECTION('',(1.,0.));
#110 = ( GEOMETRIC_REPRESENTATION_CONTEXT(2) 
PARAMETRIC_REPRESENTATION_CONTEXT() REPRESENTATION_CONTEXT('2D SPACE',''
  ) );
#111 = ORIENTED_EDGE('',*,*,#112,.F.);
#112 = EDGE_CURVE('',#113,#85,#115,.T.);
#113 = VERTEX_POINT('',#114);
#114 = CARTESIAN_POINT('',(-35.8,40.,0.));
#115 = SURFACE_CURVE('',#116,(#120,#127),.PCURVE_S1.);
#116 = LINE('',#117,#118);
#117 = CARTESIAN_POINT('',(-35.8,40.,0.));
#118 = VECTOR('',#119,1.);
#119 = DIRECTION('',(0.,-1.,0.));
#120 = PCURVE('',#32,#121);
#121 = DEFINITIONAL_REPRESENTATION('',(#122),#126);
#122 = LINE('',#123,#124);
#123 = CARTESIAN_POINT('',(0.,-80.));
#124 = VECTOR('',#125,1.);
#125 = DIRECTION('',(0.,1.));
#126 = ( GEOMETRIC_REPRESENTATION_CONTEXT(2) 
PARAMETRIC_REPRESENTATION_CONTEXT() REPRESENTATION_CONTEXT('2D SPACE',''
  ) );
#127 = PCURVE('',#128,#133);
#128 = PLANE('',#129);
#129 = AXIS2_PLACEMENT_3D('',#130,#131,#132);
#130 = CARTESIAN_POINT('',(-35.8,-40.,0.));
#131 = DIRECTION('',(0.,0.,1.));
#132 = DIRECTION('',(1.,0.,-0.));
#133 = DEFINITIONAL_REPRESENTATION('',(#134),#138);
#134 = LINE('',#135,#136);
#135 = CARTESIAN_POINT('',(0.,80.));
#136 = VECTOR('',#137,1.);
#137 = DIRECTION('',(0.,-1.));
#138 = ( GEOMETRIC_REPRESENTATION_CONTEXT(2) 
PARAMETRIC_REPRESENTATION_CONTEXT() REPRESENTATION_CONTEXT('2D SPACE',''
  ) );
#139 = ORIENTED_EDGE('',*,*,#140,.T.);
#140 = EDGE_CURVE('',#113,#141,#143,.T.);
#141 = VERTEX_POINT('',#142);
#142 = CARTESIAN_POINT('',(-35.8,40.,5.6));
#143 = SURFACE_CURVE('',#144,(#148,#155),.PCURVE_S1.);
#144 = LINE('',#145,#146);
#145 = CARTESIAN_POINT('',(-35.8,40.,0.));
#146 = VECTOR('',#147,1.);
#147 = DIRECTION('',(0.,0.,1.));
#148 = PCURVE('',#32,#149);
#149 = DEFINITIONAL_REPRESENTATION('',(#150),#154);
#150 = LINE('',#151,#152);
#151 = CARTESIAN_POINT('',(0.,-80.));
#152 = VECTOR('',#153,1.);
#153 = DIRECTION('',(1.,0.));
#154 = ( GEOMETRIC_REPRESENTATION_CONTEXT(2) 
PARAMETRIC_REPRESENTATION_CONTEXT() REPRESENTATION_CONTEXT('2D SPACE',''
  ) );
#155 = PCURVE('',#156,#161);
#156 = PLANE('',#157);
#157 = AXIS2_PLACEMENT_3D('',#158,#159,#160);
#158 = CARTESIAN_POINT('',(-35.8,40.,0.));
#159 = DIRECTION('',(-0.,1.,0.));
#160 = DIRECTION('',(0.,0.,1.));
#161 = DEFINITIONAL_REPRESENTATION('',(#162),#166);
#162 = LINE('',#163,#164);
#163 = CARTESIAN_POINT('',(0.,0.));
#164 = VECTOR('',#165,1.);
#165 = DIRECTION('',(1.,0.));
#166 = ( GEOMETRIC_REPRESENTATION_CONTEXT(2) 
PARAMETRIC_REPRESENTATION_CONTEXT() REPRESENTATION_CONTEXT('2D SPACE',''
  ) );
#167 = ORIENTED_EDGE('',*,*,#168,.F.);
#168 = EDGE_CURVE('',#169,#141,#171,.T.);
#169 = VERTEX_POINT('',#170);
#170 = CARTESIAN_POINT('',(-35.8,39.7,5.6));
#171 = SURFACE_CURVE('',#172,(#176,#183),.PCURVE_S1.);
#172 = LINE('',#173,#174);
#173 = CARTESIAN_POINT('',(-35.8,39.7,5.6));
#174 = VECTOR('',#175,1.);
#175 = DIRECTION('',(-0.,1.,0.));
#176 = PCURVE('',#32,#177);
#177 = DEFINITIONAL_REPRESENTATION('',(#178),#182);
#178 = LINE('',#179,#180);
#179 = CARTESIAN_POINT('',(5.6,-79.7));
#180 = VECTOR('',#181,1.);
#181 = DIRECTION('',(0.,-1.));
#182 = ( GEOMETRIC_REPRESENTATION_CONTEXT(2) 
PARAMETRIC_REPRESENTATION_CONTEXT() REPRESENTATION_CONTEXT('2D SPACE',''
  ) );
#183 = PCURVE('',#184,#189);
#184 = PLANE('',#185);
#185 = AXIS2_PLACEMENT_3D('',#186,#187,#188);
#186 = CARTESIAN_POINT('',(-35.8,39.7,5.6));
#187 = DIRECTION('',(0.,0.,1.));
#188 = DIRECTION('',(1.,0.,-0.));
#189 = DEFINITIONAL_REPRESENTATION('',(#190),#194);
#190 = LINE('',#191,#192);
#191 = CARTESIAN_POINT('',(0.,0.));
#192 = VECTOR('',#193,1.);
#193 = DIRECTION('',(0.,1.));
#194 = ( GEOMETRIC_REPRESENTATION_CONTEXT(2) 
PARAMETRIC_REPRESENTATION_CONTEXT() REPRESENTATION_CONTEXT('2D SPACE',''
  ) );
#195 = ORIENTED_EDGE('',*,*,#196,.T.);
#196 = EDGE_CURVE('',#169,#197,#199,.T.);
#197 = VERTEX_POINT('',#198);
#198 = CARTESIAN_POINT('',(-35.8,39.7,6.));
#199 = SURFACE_CURVE('',#200,(#204,#211),.PCURVE_S1.);
#200 = LINE('',#201,#202);
#201 = CARTESIAN_POINT('',(-35.8,39.7,5.6));
#202 = VECTOR('',#203,1.);
#203 = DIRECTION('',(0.,0.,1.));
#204 = PCURVE('',#32,#205);
#205 = DEFINITIONAL_REPRESENTATION('',(#206),#210);
#206 = LINE('',#207,#208);
#207 = CARTESIAN_POINT('',(5.6,-79.7));
#208 = VECTOR('',#209,1.);
#209 = DIRECTION('',(1.,0.));
#210 = ( GEOMETRIC_REPRESENTATION_CONTEXT(2) 
PARAMETRIC_REPRESENTATION_CONTEXT() REPRESENTATION_CONTEXT('2D SPACE',''
  ) );
#211 = PCURVE('',#212,#217);
#212 = PLANE('',#213);
#213 = AXIS2_PLACEMENT_3D('',#214,#215,#216);
#214 = CARTESIAN_POINT('',(-35.8,39.7,5.6));
#215 = DIRECTION('',(-0.,1.,0.));
#216 = DIRECTION('',(0.,0.,1.));
#217 = DEFINITIONAL_REPRESENTATION('',(#218),#222);
#218 = LINE('',#219,#220);
#219 = CARTESIAN_POINT('',(0.,0.));
#220 = VECTOR('',#221,1.);
#221 = DIRECTION('',(1.,0.));
#222 = ( GEOMETRIC_REPRESENTATION_CONTEXT(2) 
PARAMETRIC_REPRESENTATION_CONTEXT() REPRESENTATION_CONTEXT('2D SPACE',''
  ) );
#223 = ORIENTED_EDGE('',*,*,#224,.F.);
#224 = EDGE_CURVE('',#225,#197,#227,.T.);
#225 = VERTEX_POINT('',#226);
#226 = CARTESIAN_POINT('',(-35.8,35.3,6.));
#227 = SURFACE_CURVE('',#228,(#232,#239),.PCURVE_S1.);
#228 = LINE('',#229,#230);
#229 = CARTESIAN_POINT('',(-35.8,-40.,6.));
#230 = VECTOR('',#231,1.);
#231 = DIRECTION('',(-0.,1.,0.));
#232 = PCURVE('',#32,#233);
#233 = DEFINITIONAL_REPRESENTATION('',(#234),#238);
#234 = LINE('',#235,#236);
#235 = CARTESIAN_POINT('',(6.,0.));
#236 = VECTOR('',#237,1.);
#237 = DIRECTION('',(0.,-1.));
#238 = ( GEOMETRIC_REPRESENTATION_CONTEXT(2) 
PARAMETRIC_REPRESENTATION_CONTEXT() REPRESENTATION_CONTEXT('2D SPACE',''
  ) );
#239 = PCURVE('',#240,#245);
#240 = PLANE('',#241);
#241 = AXIS2_PLACEMENT_3D('',#242,#243,#244);
#242 = CARTESIAN_POINT('',(-35.8,-40.,6.));
#243 = DIRECTION('',(0.,0.,1.));
#244 = DIRECTION('',(1.,0.,-0.));
#245 = DEFINITIONAL_REPRESENTATION('',(#246),#250);
#246 = LINE('',#247,#248);
#247 = CARTESIAN_POINT('',(0.,0.));
#248 = VECTOR('',#249,1.);
#249 = DIRECTION('',(0.,1.));
#250 = ( GEOMETRIC_REPRESENTATION_CONTEXT(2) 
PARAMETRIC_REPRESENTATION_CONTEXT() REPRESENTATION_CONTEXT('2D SPACE',''
  ) );
#251 = ORIENTED_EDGE('',*,*,#252,.F.);
#252 = EDGE_CURVE('',#253,#225,#255,.T.);
#253 = VERTEX_POINT('',#254);
#254 = CARTESIAN_POINT('',(-35.8,35.3,5.6));
#255 = SURFACE_CURVE('',#256,(#260,#267),.PCURVE_S1.);
#256 = LINE('',#257,#258);
#257 = CARTESIAN_POINT('',(-35.8,35.3,5.6));
#258 = VECTOR('',#259,1.);
#259 = DIRECTION('',(0.,0.,1.));
#260 = PCURVE('',#32,#261);
#261 = DEFINITIONAL_REPRESENTATION('',(#262),#266);
#262 = LINE('',#263,#264);
#263 = CARTESIAN_POINT('',(5.6,-75.3));
#264 = VECTOR('',#265,1.);
#265 = DIRECTION('',(1.,0.));
#266 = ( GEOMETRIC_REPRESENTATION_CONTEXT(2) 
PARAMETRIC_REPRESENTATION_CONTEXT() REPRESENTATION_CONTEXT('2D SPACE',''
  ) );
#267 = PCURVE('',#268,#273);
#268 = PLANE('',#269);
#269 = AXIS2_PLACEMENT_3D('',#270,#271,#272);
#270 = CARTESIAN_POINT('',(-35.8,35.3,5.6));
#271 = DIRECTION('',(-0.,1.,0.));
#272 = DIRECTION('',(0.,0.,1.));
#273 = DEFINITIONAL_REPRESENTATION('',(#274),#278);
#274 = LINE('',#275,#276);
#275 = CARTESIAN_POINT('',(0.,0.));
#276 = VECTOR('',#277,1.);
#277 = DIRECTION('',(1.,0.));
#278 = ( GEOMETRIC_REPRESENTATION_CONTEXT(2) 
PARAMETRIC_REPRESENTATION_CONTEXT() REPRESENTATION_CONTEXT('2D SPACE',''
  ) );
#279 = ORIENTED_EDGE('',*,*,#280,.F.);
#280 = EDGE_CURVE('',#281,#253,#283,.T.);
#281 = VERTEX_POINT('',#282);
#282 = CARTESIAN_POINT('',(-35.8,34.7,5.6));
#283 = SURFACE_CURVE('',#284,(#288,#295),.PCURVE_S1.);
#284 = LINE('',#285,#286);
#285 = CARTESIAN_POINT('',(-35.8,34.7,5.6));
#286 = VECTOR('',#287,1.);
#287 = DIRECTION('',(-0.,1.,0.));
#288 = PCURVE('',#32,#289);
#289 = DEFINITIONAL_REPRESENTATION('',(#290),#294);
#290 = LINE('',#291,#292);
#291 = CARTESIAN_POINT('',(5.6,-74.7));
#292 = VECTOR('',#293,1.);
#293 = DIRECTION('',(0.,-1.));
#294 = ( GEOMETRIC_REPRESENTATION_CONTEXT(2) 
PARAMETRIC_REPRESENTATION_CONTEXT() REPRESENTATION_CONTEXT('2D SPACE',''
  ) );
#295 = PCURVE('',#296,#301);
#296 = PLANE('',#297);
#297 = AXIS2_PLACEMENT_3D('',#298,#299,#300);
#298 = CARTESIAN_POINT('',(-35.8,34.7,5.6));
#299 = DIRECTION('',(0.,0.,1.));
#300 = DIRECTION('',(1.,0.,-0.));
#301 = DEFINITIONAL_REPRESENTATION('',(#302),#306);
#302 = LINE('',#303,#304);
#303 = CARTESIAN_POINT('',(0.,0.));
#304 = VECTOR('',#305,1.);
#305 = DIRECTION('',(0.,1.));
#306 = ( GEOMETRIC_REPRESENTATION_CONTEXT(2) 
PARAMETRIC_REPRESENTATION_CONTEXT() REPRESENTATION_CONTEXT('2D SPACE',''
  ) );
#307 = ORIENTED_EDGE('',*,*,#308,.T.);
#308 = EDGE_CURVE('',#281,#309,#311,.T.);
#309 = VERTEX_POINT('',#310);
#310 = CARTESIAN_POINT('',(-35.8,34.7,6.));
#311 = SURFACE_CURVE('',#312,(#316,#323),.PCURVE_S1.);
#312 = LINE('',#313,#314);
#313 = CARTESIAN_POINT('',(-35.8,34.7,5.6));
#314 = VECTOR('',#315,1.);
#315 = DIRECTION('',(0.,0.,1.));
#316 = PCURVE('',#32,#317);
#317 = DEFINITIONAL_REPRESENTATION('',(#318),#322);
#318 = LINE('',#319,#320);
#319 = CARTESIAN_POINT('',(5.6,-74.7));
#320 = VECTOR('',#321,1.);
#321 = DIRECTION('',(1.,0.));
#322 = ( GEOMETRIC_REPRESENTATION_CONTEXT(2) 
PARAMETRIC_REPRESENTATION_CONTEXT() REPRESENTATION_CONTEXT('2D SPACE',''
  ) );
#323 = PCURVE('',#324,#329);
#324 = PLANE('',#325);
#325 = AXIS2_PLACEMENT_3D('',#326,#327,#328);
#326 = CARTESIAN_POINT('',(-35.8,34.7,5.6));
#327 = DIRECTION('',(-0.,1.,0.));
#328 = DIRECTION('',(0.,0.,1.));
#329 = DEFINITIONAL_REPRESENTATION('',(#330),#334);
#330 = LINE('',#331,#332);
#331 = CARTESIAN_POINT('',(0.,0.));
#332 = VECTOR('',#333,1.);
#333 = DIRECTION('',(1.,0.));
#334 = ( GEOMETRIC_REPRESENTATION_CONTEXT(2) 
PARAMETRIC_REPRESENTATION_CONTEXT() REPRESENTATION_CONTEXT('2D SPACE',''
  ) );
#335 = ORIENTED_EDGE('',*,*,#336,.F.);
#336 = EDGE_CURVE('',#337,#309,#339,.T.);
#337 = VERTEX_POINT('',#338);
#338 = CARTESIAN_POINT('',(-35.8,30.3,6.));
#339 = SURFACE_CURVE('',#340,(#344,#351),.PCURVE_S1.);
#340 = LINE('',#341,#342);
#341 = CARTESIAN_POINT('',(-35.8,-40.,6.));
#342 = VECTOR('',#343,1.);
#343 = DIRECTION('',(-0.,1.,0.));
#344 = PCURVE('',#32,#345);
#345 = DEFINITIONAL_REPRESENTATION('',(#346),#350);
#346 = LINE('',#347,#348);
#347 = CARTESIAN_POINT('',(6.,0.));
#348 = VECTOR('',#349,1.);
#349 = DIRECTION('',(0.,-1.));
#350 = ( GEOMETRIC_REPRESENTATION_CONTEXT(2) 
PARAMETRIC_REPRESENTATION_CONTEXT() REPRESENTATION_CONTEXT('2D SPACE',''
  ) );
#351 = PCURVE('',#240,#352);
#352 = DEFINITIONAL_REPRESENTATION('',(#353),#357);
#353 = LINE('',#354,#355);
#354 = CARTESIAN_POINT('',(0.,0.));
#355 = VECTOR('',#356,1.);
#356 = DIRECTION('',(0.,1.));
#357 = ( GEOMETRIC_REPRESENTATION_CONTEXT(2) 
PARAMETRIC_REPRESENTATION_CONTEXT() REPRESENTATION_CONTEXT('2D SPACE',''
  ) );
#358 = ORIENTED_EDGE('',*,*,#359,.F.);
#359 = EDGE_CURVE('',#360,#337,#362,.T.);
#360 = VERTEX_POINT('',#361);
#361 = CARTESIAN_POINT('',(-35.8,30.3,5.6));
#362 = SURFACE_CURVE('',#363,(#367,#374),.PCURVE_S1.);
#363 = LINE('',#364,#365);
#364 = CARTESIAN_POINT('',(-35.8,30.3,5.6));
#365 = VECTOR('',#366,1.);
#366 = DIRECTION('',(0.,0.,1.));
#367 = PCURVE('',#32,#368);
#368 = DEFINITIONAL_REPRESENTATION('',(#369),#373);
#369 = LINE('',#370,#371);
#370 = CARTESIAN_POINT('',(5.6,-70.3));
#371 = VECTOR('',#372,1.);
#372 = DIRECTION('',(1.,0.));
#373 = ( GEOMETRIC_REPRESENTATION_CONTEXT(2) 
PARAMETRIC_REPRESENTATION_CONTEXT() REPRESENTATION_CONTEXT('2D SPACE',''
  ) );
#374 = PCURVE('',#375,#380);
#375 = PLANE('',#376);
#376 = AXIS2_PLACEMENT_3D('',#377,#378,#379);
#377 = CARTESIAN_POINT('',(-35.8,30.3,5.6));
#378 = DIRECTION('',(-0.,1.,0.));
#379 = DIRECTION('',(0.,0.,1.));
#380 = DEFINITIONAL_REPRESENTATION('',(#381),#385);
#381 = LINE('',#382,#383);
#382 = CARTESIAN_POINT('',(0.,0.));
#383 = VECTOR('',#384,1.);
#384 = DIRECTION('',(1.,0.));
#385 = ( GEOMETRIC_REPRESENTATION_CONTEXT(2) 
PARAMETRIC_REPRESENTATION_CONTEXT() REPRESENTATION_CONTEXT('2D SPACE',''
  ) );
#386 = ORIENTED_EDGE('',*,*,#387,.F.);
#387 = EDGE_CURVE('',#388,#360,#390,.T.);
#388 = VERTEX_POINT('',#389);
#389 = CARTESIAN_POINT('',(-35.8,29.7,5.6));
#390 = SURFACE_CURVE('',#391,(#395,#402),.PCURVE_S1.);
#391 = LINE('',#392,#393);
#392 = CARTESIAN_POINT('',(-35.8,29.7,5.6));
#393 = VECTOR('',#394,1.);
#394 = DIRECTION('',(-0.,1.,0.));
#395 = PCURVE('',#32,#396);
#396 = DEFINITIONAL_REPRESENTATION('',(#397),#401);
#397 = LINE('',#398,#399);
#398 = CARTESIAN_POINT('',(5.6,-69.7));
#399 = VECTOR('',#400,1.);
#400 = DIRECTION('',(0.,-1.));
#401 = ( GEOMETRIC_REPRESENTATION_CONTEXT(2) 
PARAMETRIC_REPRESENTATION_CONTEXT() REPRESENTATION_CONTEXT('2D SPACE',''
  ) );
#402 = PCURVE('',#403,#408);
#403 = PLANE('',#404);
#404 = AXIS2_PLACEMENT_3D('',#405,#406,#407);
#405 = CARTESIAN_POINT('',(-35.8,29.7,5.6));
#406 = DIRECTION('',(0.,0.,1.));
#407 = DIRECTION('',(1.,0.,-0.));
#408 = DEFINITIONAL_REPRESENTATION('',(#409),#413);
#409 = LINE('',#410,#411);
#410 = CARTESIAN_POINT('',(0.,0.));
#411 = VECTOR('',#412,1.);
#412 = DIRECTION('',(0.,1.));
#413 = ( GEOMETRIC_REPRESENTATION_CONTEXT(2) 
PARAMETRIC_REPRESENTATION_CONTEXT() REPRESENTATION_CONTEXT('2D SPACE',''
  ) );
#414 = ORIENTED_EDGE('',*,*,#415,.T.);
#415 = EDGE_CURVE('',#388,#416,#418,.T.);
#416 = VERTEX_POINT('',#417);
#417 = CARTESIAN_POINT('',(-35.8,29.7,6.));
#418 = SURFACE_CURVE('',#419,(#423,#430),.PCURVE_S1.);
#419 = LINE('',#420,#421);
#420 = CARTESIAN_POINT('',(-35.8,29.7,5.6));
#421 = VECTOR('',#422,1.);
#422 = DIRECTION('',(0.,0.,1.));
#423 = PCURVE('',#32,#424);
#424 = DEFINITIONAL_REPRESENTATION('',(#425),#429);
#425 = LINE('',#426,#427);
#426 = CARTESIAN_POINT('',(5.6,-69.7));
#427 = VECTOR('',#428,1.);
#428 = DIRECTION('',(1.,0.));
#429 = ( GEOMETRIC_REPRESENTATION_CONTEXT(2) 
PARAMETRIC_REPRESENTATION_CONTEXT() REPRESENTATION_CONTEXT('2D SPACE',''
  ) );
#430 = PCURVE('',#431,#436);
#431 = PLANE('',#432);
#432 = AXIS2_PLACEMENT_3D('',#433,#434,#435);
#433 = CARTESIAN_POINT('',(-35.8,29.7,5.6));
#434 = DIRECTION('',(-0.,1.,0.));
#435 = DIRECTION('',(0.,0.,1.));
#436 = DEFINITIONAL_REPRESENTATION('',(#437),#441);
#437 = LINE('',#438,#439);
#438 = CARTESIAN_POINT('',(0.,0.));
#439 = VECTOR('',#440,1.);
#440 = DIRECTION('',(1.,0.));
#441 = ( GEOMETRIC_REPRESENTATION_CONTEXT(2) 
PARAMETRIC_REPRESENTATION_CONTEXT() REPRESENTATION_CONTEXT('2D SPACE',''
  ) );
#442 = ORIENTED_EDGE('',*,*,#443,.F.);
#443 = EDGE_CURVE('',#444,#416,#446,.T.);
#444 = VERTEX_POINT('',#445);
#445 = CARTESIAN_POINT('',(-35.8,25.3,6.));
#446 = SURFACE_CURVE('',#447,(#451,#458),.PCURVE_S1.);
#447 = LINE('',#448,#449);
#448 = CARTESIAN_POINT('',(-35.8,-40.,6.));
#449 = VECTOR('',#450,1.);
#450 = DIRECTION('',(-0.,1.,0.));
#451 = PCURVE('',#32,#452);
#452 = DEFINITIONAL_REPRESENTATION('',(#453),#457);
#453 = LINE('',#454,#455);
#454 = CARTESIAN_POINT('',(6.,0.));
#455 = VECTOR('',#456,1.);
#456 = DIRECTION('',(0.,-1.));
#457 = ( GEOMETRIC_REPRESENTATION_CONTEXT(2) 
PARAMETRIC_REPRESENTATION_CONTEXT() REPRESENTATION_CONTEXT('2D SPACE',''
  ) );
#458 = PCURVE('',#240,#459);
#459 = DEFINITIONAL_REPRESENTATION('',(#460),#464);
#460 = LINE('',#461,#462);
#461 = CARTESIAN_POINT('',(0.,0.));
#462 = VECTOR('',#463,1.);
#463 = DIRECTION('',(0.,1.));
#464 = ( GEOMETRIC_REPRESENTATION_CONTEXT(2) 
PARAMETRIC_REPRESENTATION_CONTEXT() REPRESENTATION_CONTEXT('2D SPACE',''
  ) );
#465 = ORIENTED_EDGE('',*,*,#466,.F.);
#466 = EDGE_CURVE('',#467,#444,#469,.T.);
#467 = VERTEX_POINT('',#468);
#468 = CARTESIAN_POINT('',(-35.8,25.3,5.6));
#469 = SURFACE_CURVE('',#470,(#474,#481),.PCURVE_S1.);
#470 = LINE('',#471,#472);
#471 = CARTESIAN_POINT('',(-35.8,25.3,5.6));
#472 = VECTOR('',#473,1.);
#473 = DIRECTION('',(0.,0.,1.));
#474 = PCURVE('',#32,#475);
#475 = DEFINITIONAL_REPRESENTATION('',(#476),#480);
#476 = LINE('',#477,#478);
#477 = CARTESIAN_POINT('',(5.6,-65.3));
#478 = VECTOR('',#479,1.);
#479 = DIRECTION('',(1.,0.));
#480 = ( GEOMETRIC_REPRESENTATION_CONTEXT(2) 
PARAMETRIC_REPRESENTATION_CONTEXT() REPRESENTATION_CONTEXT('2D SPACE',''
  ) );
#481 = PCURVE('',#482,#487);
#482 = PLANE('',#483);
#483 = AXIS2_PLACEMENT_3D('',#484,#485,#486);
#484 = CARTESIAN_POINT('',(-35.8,25.3,5.6));
#485 = DIRECTION('',(-0.,1.,0.));
#486 = DIRECTION('',(0.,0.,1.));
#487 = DEFINITIONAL_REPRESENTATION('',(#488),#492);
#488 = LINE('',#489,#490);
#489 = CARTESIAN_POINT('',(0.,0.));
#490 = VECTOR('',#491,1.);
#491 = DIRECTION('',(1.,0.));
#492 = ( GEOMETRIC_REPRESENTATION_CONTEXT(2) 
PARAMETRIC_REPRESENTATION_CONTEXT() REPRESENTATION_CONTEXT('2D SPACE',''
  ) );
#493 = ORIENTED_EDGE('',*,*,#494,.F.);
#494 = EDGE_CURVE('',#495,#467,#497,.T.);
#495 = VERTEX_POINT('',#496);
#496 = CARTESIAN_POINT('',(-35.8,24.7,5.6));
#497 = SURFACE_CURVE('',#498,(#502,#509),.PCURVE_S1.);
#498 = LINE('',#499,#500);
#499 = CARTESIAN_POINT('',(-35.8,24.7,5.6));
#500 = VECTOR('',#501,1.);
#501 = DIRECTION('',(-0.,1.,0.));
#502 = PCURVE('',#32,#503);
#503 = DEFINITIONAL_REPRESENTATION('',(#504),#508);
#504 = LINE('',#505,#506);
#505 = CARTESIAN_POINT('',(5.6,-64.7));
#506 = VECTOR('',#507,1.);
#507 = DIRECTION('',(0.,-1.));
#508 = ( GEOMETRIC_REPRESENTATION_CONTEXT(2) 
PARAMETRIC_REPRESENTATION_CONTEXT() REPRESENTATION_CONTEXT('2D SPACE',''
  ) );
#509 = PCURVE('',#510,#515);
#510 = PLANE('',#511);
#511 = AXIS2_PLACEMENT_3D('',#512,#513,#514);
#512 = CARTESIAN_POINT('',(-35.8,24.7,5.6));
#513 = DIRECTION('',(0.,0.,1.));
#514 = DIRECTION('',(1.,0.,-0.));
#515 = DEFINITIONAL_REPRESENTATION('',(#516),#520);
#516 = LINE('',#517,#518);
#517 = CARTESIAN_POINT('',(0.,0.));
#518 = VECTOR('',#519,1.);
#519 = DIRECTION('',(0.,1.));
#520 = ( GEOMETRIC_REPRESENTATION_CONTEXT(2) 
PARAMETRIC_REPRESENTATION_CONTEXT() REPRESENTATION_CONTEXT('2D SPACE',''
  ) );
#521 = ORIENTED_EDGE('',*,*,#522,.T.);
#522 = EDGE_CURVE('',#495,#523,#525,.T.);
#523 = VERTEX_POINT('',#524);
#524 = CARTESIAN_POINT('',(-35.8,24.7,6.));
#525 = SURFACE_CURVE('',#526,(#530,#537),.PCURVE_S1.);
#526 = LINE('',#527,#528);
#527 = CARTESIAN_POINT('',(-35.8,24.7,5.6));
#528 = VECTOR('',#529,1.);
#529 = DIRECTION('',(0.,0.,1.));
#530 = PCURVE('',#32,#531);
#531 = DEFINITIONAL_REPRESENTATION('',(#532),#536);
#532 = LINE('',#533,#534);
#533 = CARTESIAN_POINT('',(5.6,-64.7));
#534 = VECTOR('',#535,1.);
#535 = DIRECTION('',(1.,0.));
#536 = ( GEOMETRIC_REPRESENTATION_CONTEXT(2) 
PARAMETRIC_REPRESENTATION_CONTEXT() REPRESENTATION_CONTEXT('2D SPACE',''
  ) );
#537 = PCURVE('',#538,#543);
#538 = PLANE('',#539);
#539 = AXIS2_PLACEMENT_3D('',#540,#541,#542);
#540 = CARTESIAN_POINT('',(-35.8,24.7,5.6));
#541 = DIRECTION('',(-0.,1.,0.));
#542 = DIRECTION('',(0.,0.,1.));
#543 = DEFINITIONAL_REPRESENTATION('',(#544),#548);
#544 = LINE('',#545,#546);
#545 = CARTESIAN_POINT('',(0.,0.));
#546 = VECTOR('',#547,1.);
#547 = DIRECTION('',(1.,0.));
#548 = ( GEOMETRIC_REPRESENTATION_CONTEXT(2) 
PARAMETRIC_REPRESENTATION_CONTEXT() REPRESENTATION_CONTEXT('2D SPACE',''
  ) );
#549 = ORIENTED_EDGE('',*,*,#550,.F.);
#550 = EDGE_CURVE('',#551,#523,#553,.T.);
#551 = VERTEX_POINT('',#552);
#552 = CARTESIAN_POINT('',(-35.8,20.3,6.));
#553 = SURFACE_CURVE('',#554,(#558,#565),.PCURVE_S1.);
#554 = LINE('',#555,#556);
#555 = CARTESIAN_POINT('',(-35.8,-40.,6.));
#556 = VECTOR('',#557,1.);
#557 = DIRECTION('',(-0.,1.,0.));
#558 = PCURVE('',#32,#559);
#559 = DEFINITIONAL_REPRESENTATION('',(#560),#564);
#560 = LINE('',#561,#562);
#561 = CARTESIAN_POINT('',(6.,0.));
#562 = VECTOR('',#563,1.);
#563 = DIRECTION('',(0.,-1.));
#564 = ( GEOMETRIC_REPRESENTATION_CONTEXT(2) 
PARAMETRIC_REPRESENTATION_CONTEXT() REPRESENTATION_CONTEXT('2D SPACE',''
  ) );
#565 = PCURVE('',#240,#566);
#566 = DEFINITIONAL_REPRESENTATION('',(#567),#571);
#567 = LINE('',#568,#569);
#568 = CARTESIAN_POINT('',(0.,0.));
#569 = VECTOR('',#570,1.);
#570 = DIRECTION('',(0.,1.));
#571 = ( GEOMETRIC_REPRESENTATION_CONTEXT(2) 
PARAMETRIC_REPRESENTATION_CONTEXT() REPRESENTATION_CONTEXT('2D SPACE',''
  ) );
#572 = ORIENTED_EDGE('',*,*,#573,.F.);
#573 = EDGE_CURVE('',#574,#551,#576,.T.);
#574 = VERTEX_POINT('',#575);
#575 = CARTESIAN_POINT('',(-35.8,20.3,5.6));
#576 = SURFACE_CURVE('',#577,(#581,#588),.PCURVE_S1.);
#577 = LINE('',#578,#579);
#578 = CARTESIAN_POINT('',(-35.8,20.3,5.6));
#579 = VECTOR('',#580,1.);
#580 = DIRECTION('',(0.,0.,1.));
#581 = PCURVE('',#32,#582);
#582 = DEFINITIONAL_REPRESENTATION('',(#583),#587);
#583 = LINE('',#584,#585);
#584 = CARTESIAN_POINT('',(5.6,-60.3));
#585 = VECTOR('',#586,1.);
#586 = DIRECTION('',(1.,0.));
#587 = ( GEOMETRIC_REPRESENTATION_CONTEXT(2) 
PARAMETRIC_REPRESENTATION_CONTEXT() REPRESENTATION_CONTEXT('2D SPACE',''
  ) );
#588 = PCURVE('',#589,#594);
#589 = PLANE('',#590);
#590 = AXIS2_PLACEMENT_3D('',#591,#592,#593);
#591 = CARTESIAN_POINT('',(-35.8,20.3,5.6));
#592 = DIRECTION('',(-0.,1.,0.));
#593 = DIRECTION('',(0.,0.,1.));
#594 = DEFINITIONAL_REPRESENTATION('',(#595),#599);
#595 = LINE('',#596,#597);
#596 = CARTESIAN_POINT('',(0.,0.));
#597 = VECTOR('',#598,1.);
#598 = DIRECTION('',(1.,0.));
#599 = ( GEOMETRIC_REPRESENTATION_CONTEXT(2) 
PARAMETRIC_REPRESENTATION_CONTEXT() REPRESENTATION_CONTEXT('2D SPACE',''
  ) );
#600 = ORIENTED_EDGE('',*,*,#601,.F.);
#601 = EDGE_CURVE('',#602,#574,#604,.T.);
#602 = VERTEX_POINT('',#603);
#603 = CARTESIAN_POINT('',(-35.8,19.7,5.6));
#604 = SURFACE_CURVE('',#605,(#609,#616),.PCURVE_S1.);
#605 = LINE('',#606,#607);
#606 = CARTESIAN_POINT('',(-35.8,19.7,5.6));
#607 = VECTOR('',#608,1.);
#608 = DIRECTION('',(-0.,1.,0.));
#609 = PCURVE('',#32,#610);
#610 = DEFINITIONAL_REPRESENTATION('',(#611),#615);
#611 = LINE('',#612,#613);
#612 = CARTESIAN_POINT('',(5.6,-59.7));
#613 = VECTOR('',#614,1.);
#614 = DIRECTION('',(0.,-1.));
#615 = ( GEOMETRIC_REPRESENTATION_CONTEXT(2) 
PARAMETRIC_REPRESENTATION_CONTEXT() REPRESENTATION_CONTEXT('2D SPACE',''
  ) );
#616 = PCURVE('',#617,#622);
#617 = PLANE('',#618);
#618 = AXIS2_PLACEMENT_3D('',#619,#620,#621);
#619 = CARTESIAN_POINT('',(-35.8,19.7,5.6));
#620 = DIRECTION('',(0.,0.,1.));
#621 = DIRECTION('',(1.,0.,-0.));
#622 = DEFINITIONAL_REPRESENTATION('',(#623),#627);
#623 = LINE('',#624,#625);
#624 = CARTESIAN_POINT('',(0.,0.));
#625 = VECTOR('',#626,1.);
#626 = DIRECTION('',(0.,1.));
#627 = ( GEOMETRIC_REPRESENTATION_CONTEXT(2) 
PARAMETRIC_REPRESENTATION_CONTEXT() REPRESENTATION_CONTEXT('2D SPACE',''
  ) );
#628 = ORIENTED_EDGE('',*,*,#629,.T.);
#629 = EDGE_CURVE('',#602,#630,#632,.T.);
#630 = VERTEX_POINT('',#631);
#631 = CARTESIAN_POINT('',(-35.8,19.7,6.));
#632 = SURFACE_CURVE('',#633,(#637,#644),.PCURVE_S1.);
#633 = LINE('',#634,#635);
#634 = CARTESIAN_POINT('',(-35.8,19.7,5.6));
#635 = VECTOR('',#636,1.);
#636 = DIRECTION('',(0.,0.,1.));
#637 = PCURVE('',#32,#638);
#638 = DEFINITIONAL_REPRESENTATION('',(#639),#643);
#639 = LINE('',#640,#641);
#640 = CARTESIAN_POINT('',(5.6,-59.7));
#641 = VECTOR('',#642,1.);
#642 = DIRECTION('',(1.,0.));
#643 = ( GEOMETRIC_REPRESENTATION_CONTEXT(2) 
PARAMETRIC_REPRESENTATION_CONTEXT() REPRESENTATION_CONTEXT('2D SPACE',''
  ) );
#644 = PCURVE('',#645,#650);
#645 = PLANE('',#646);
#646 = AXIS2_PLACEMENT_3D('',#647,#648,#649);
#647 = CARTESIAN_POINT('',(-35.8,19.7,5.6));
#648 = DIRECTION('',(-0.,1.,0.));
#649 = DIRECTION('',(0.,0.,1.));
#650 = DEFINITIONAL_REPRESENTATION('',(#651),#655);
#651 = LINE('',#652,#653);
#652 = CARTESIAN_POINT('',(0.,0.));
#653 = VECTOR('',#654,1.);
#654 = DIRECTION('',(1.,0.));
#655 = ( GEOMETRIC_REPRESENTATION_CONTEXT(2) 
PARAMETRIC_REPRESENTATION_CONTEXT() REPRESENTATION_CONTEXT('2D SPACE',''
  ) );
#656 = ORIENTED_EDGE('',*,*,#657,.F.);
#657 = EDGE_CURVE('',#658,#630,#660,.T.);
#658 = VERTEX_POINT('',#659);
#659 = CARTESIAN_POINT('',(-35.8,15.3,6.));
#660 = SURFACE_CURVE('',#661,(#665,#672),.PCURVE_S1.);
#661 = LINE('',#662,#663);
#662 = CARTESIAN_POINT('',(-35.8,-40.,6.));
#663 = VECTOR('',#664,1.);
#664 = DIRECTION('',(-0.,1.,0.));
#665 = PCURVE('',#32,#666);
#666 = DEFINITIONAL_REPRESENTATION('',(#667),#671);
#667 = LINE('',#668,#669);
#668 = CARTESIAN_POINT('',(6.,0.));
#669 = VECTOR('',#670,1.);
#670 = DIRECTION('',(0.,-1.));
#671 = ( GEOMETRIC_REPRESENTATION_CONTEXT(2) 
PARAMETRIC_REPRESENTATION_CONTEXT() REPRESENTATION_CONTEXT('2D SPACE',''
  ) );
#672 = PCURVE('',#240,#673);
#673 = DEFINITIONAL_REPRESENTATION('',(#674),#678);
#674 = LINE('',#675,#676);
#675 = CARTESIAN_POINT('',(0.,0.));
#676 = VECTOR('',#677,1.);
#677 = DIRECTION('',(0.,1.));
#678 = ( GEOMETRIC_REPRESENTATION_CONTEXT(2) 
PARAMETRIC_REPRESENTATION_CONTEXT() REPRESENTATION_CONTEXT('2D SPACE',''
  ) );
#679 = ORIENTED_EDGE('',*,*,#680,.F.);
#680 = EDGE_CURVE('',#681,#658,#683,.T.);
#681 = VERTEX_POINT('',#682);
#682 = CARTESIAN_POINT('',(-35.8,15.3,5.6));
#683 = SURFACE_CURVE('',#684,(#688,#695),.PCURVE_S1.);
#684 = LINE('',#685,#686);
#685 = CARTESIAN_POINT('',(-35.8,15.3,5.6));
#686 = VECTOR('',#687,1.);
#687 = DIRECTION('',(0.,0.,1.));
#688 = PCURVE('',#32,#689);
#689 = DEFINITIONAL_REPRESENTATION('',(#690),#694);
#690 = LINE('',#691,#692);
#691 = CARTESIAN_POINT('',(5.6,-55.3));
#692 = VECTOR('',#693,1.);
#693 = DIRECTION('',(1.,0.));
#694 = ( GEOMETRIC_REPRESENTATION_CONTEXT(2) 
PARAMETRIC_REPRESENTATION_CONTEXT() REPRESENTATION_CONTEXT('2D SPACE',''
  ) );
#695 = PCURVE('',#696,#701);
#696 = PLANE('',#697);
#697 = AXIS2_PLACEMENT_3D('',#698,#699,#700);
#698 = CARTESIAN_POINT('',(-35.8,15.3,5.6));
#699 = DIRECTION('',(-0.,1.,0.));
#700 = DIRECTION('',(0.,0.,1.));
#701 = DEFINITIONAL_REPRESENTATION('',(#702),#706);
#702 = LINE('',#703,#704);
#703 = CARTESIAN_POINT('',(0.,0.));
#704 = VECTOR('',#705,1.);
#705 = DIRECTION('',(1.,0.));
#706 = ( GEOMETRIC_REPRESENTATION_CONTEXT(2) 
PARAMETRIC_REPRESENTATION_CONTEXT() REPRESENTATION_CONTEXT('2D SPACE',''
  ) );
#707 = ORIENTED_EDGE('',*,*,#708,.F.);
#708 = EDGE_CURVE('',#709,#681,#711,.T.);
#709 = VERTEX_POINT('',#710);
#710 = CARTESIAN_POINT('',(-35.8,14.7,5.6));
#711 = SURFACE_CURVE('',#712,(#716,#723),.PCURVE_S1.);
#712 = LINE('',#713,#714);
#713 = CARTESIAN_POINT('',(-35.8,14.7,5.6));
#714 = VECTOR('',#715,1.);
#715 = DIRECTION('',(-0.,1.,0.));
#716 = PCURVE('',#32,#717);
#717 = DEFINITIONAL_REPRESENTATION('',(#718),#722);
#718 = LINE('',#719,#720);
#719 = CARTESIAN_POINT('',(5.6,-54.7));
#720 = VECTOR('',#721,1.);
#721 = DIRECTION('',(0.,-1.));
#722 = ( GEOMETRIC_REPRESENTATION_CONTEXT(2) 
PARAMETRIC_REPRESENTATION_CONTEXT() REPRESENTATION_CONTEXT('2D SPACE',''
  ) );
#723 = PCURVE('',#724,#729);
#724 = PLANE('',#725);
#725 = AXIS2_PLACEMENT_3D('',#726,#727,#728);
#726 = CARTESIAN_POINT('',(-35.8,14.7,5.6));
#727 = DIRECTION('',(0.,0.,1.));
#728 = DIRECTION('',(1.,0.,-0.));
#729 = DEFINITIONAL_REPRESENTATION('',(#730),#734);
#730 = LINE('',#731,#732);
#731 = CARTESIAN_POINT('',(0.,0.));
#732 = VECTOR('',#733,1.);
#733 = DIRECTION('',(0.,1.));
#734 = ( GEOMETRIC_REPRESENTATION_CONTEXT(2) 
PARAMETRIC_REPRESENTATION_CONTEXT() REPRESENTATION_CONTEXT('2D SPACE',''
  ) );
#735 = ORIENTED_EDGE('',*,*,#736,.T.);
#736 = EDGE_CURVE('',#709,#737,#739,.T.);
#737 = VERTEX_POINT('',#738);
#738 = CARTESIAN_POINT('',(-35.8,14.7,6.));
#739 = SURFACE_CURVE('',#740,(#744,#751),.PCURVE_S1.);
#740 = LINE('',#741,#742);
#741 = CARTESIAN_POINT('',(-35.8,14.7,5.6));
#742 = VECTOR('',#743,1.);
#743 = DIRECTION('',(0.,0.,1.));
#744 = PCURVE('',#32,#745);
#745 = DEFINITIONAL_REPRESENTATION('',(#746),#750);
#746 = LINE('',#747,#748);
#747 = CARTESIAN_POINT('',(5.6,-54.7));
#748 = VECTOR('',#749,1.);
#749 = DIRECTION('',(1.,0.));
#750 = ( GEOMETRIC_REPRESENTATION_CONTEXT(2) 
PARAMETRIC_REPRESENTATION_CONTEXT() REPRESENTATION_CONTEXT('2D SPACE',''
  ) );
#751 = PCURVE('',#752,#757);
#752 = PLANE('',#753);
#753 = AXIS2_PLACEMENT_3D('',#754,#755,#756);
#754 = CARTESIAN_POINT('',(-35.8,14.7,5.6));
#755 = DIRECTION('',(-0.,1.,0.));
#756 = DIRECTION('',(0.,0.,1.));
#757 = DEFINITIONAL_REPRESENTATION('',(#758),#762);
#758 = LINE('',#759,#760);
#759 = CARTESIAN_POINT('',(0.,0.));
#760 = VECTOR('',#761,1.);
#761 = DIRECTION('',(1.,0.));
#762 = ( GEOMETRIC_REPRESENTATION_CONTEXT(2) 
PARAMETRIC_REPRESENTATION_CONTEXT() REPRESENTATION_CONTEXT('2D SPACE',''
  ) );
#763 = ORIENTED_EDGE('',*,*,#764,.F.);
#764 = EDGE_CURVE('',#765,#737,#767,.T.);
#765 = VERTEX_POINT('',#766);
#766 = CARTESIAN_POINT('',(-35.8,10.3,6.));
#767 = SURFACE_CURVE('',#768,(#772,#779),.PCURVE_S1.);
#768 = LINE('',#769,#770);
#769 = CARTESIAN_POINT('',(-35.8,-40.,6.));
#770 = VECTOR('',#771,1.);
#771 = DIRECTION('',(-0.,1.,0.));
#772 = PCURVE('',#32,#773);
#773 = DEFINITIONAL_REPRESENTATION('',(#774),#778);
#774 = LINE('',#775,#776);
#775 = CARTESIAN_POINT('',(6.,0.));
#776 = VECTOR('',#777,1.);
#777 = DIRECTION('',(0.,-1.));
#778 = ( GEOMETRIC_REPRESENTATION_CONTEXT(2) 
PARAMETRIC_REPRESENTATION_CONTEXT() REPRESENTATION_CONTEXT('2D SPACE',''
  ) );
#779 = PCURVE('',#240,#780);
#780 = DEFINITIONAL_REPRESENTATION('',(#781),#785);
#781 = LINE('',#782,#783);
#782 = CARTESIAN_POINT('',(0.,0.));
#783 = VECTOR('',#784,1.);
#784 = DIRECTION('',(0.,1.));
#785 = ( GEOMETRIC_REPRESENTATION_CONTEXT(2) 
PARAMETRIC_REPRESENTATION_CONTEXT() REPRESENTATION_CONTEXT('2D SPACE',''
  ) );
#786 = ORIENTED_EDGE('',*,*,#787,.F.);
#787 = EDGE_CURVE('',#788,#765,#790,.T.);
#788 = VERTEX_POINT('',#789);
#789 = CARTESIAN_POINT('',(-35.8,10.3,5.6));
#790 = SURFACE_CURVE('',#791,(#795,#802),.PCURVE_S1.);
#791 = LINE('',#792,#793);
#792 = CARTESIAN_POINT('',(-35.8,10.3,5.6));
#793 = VECTOR('',#794,1.);
#794 = DIRECTION('',(0.,0.,1.));
#795 = PCURVE('',#32,#796);
#796 = DEFINITIONAL_REPRESENTATION('',(#797),#801);
#797 = LINE('',#798,#799);
#798 = CARTESIAN_POINT('',(5.6,-50.3));
#799 = VECTOR('',#800,1.);
#800 = DIRECTION('',(1.,0.));
#801 = ( GEOMETRIC_REPRESENTATION_CONTEXT(2) 
PARAMETRIC_REPRESENTATION_CONTEXT() REPRESENTATION_CONTEXT('2D SPACE',''
  ) );
#802 = PCURVE('',#803,#808);
#803 = PLANE('',#804);
#804 = AXIS2_PLACEMENT_3D('',#805,#806,#807);
#805 = CARTESIAN_POINT('',(-35.8,10.3,5.6));
#806 = DIRECTION('',(-0.,1.,0.));
#807 = DIRECTION('',(0.,0.,1.));
#808 = DEFINITIONAL_REPRESENTATION('',(#809),#813);
#809 = LINE('',#810,#811);
#810 = CARTESIAN_POINT('',(0.,0.));
#811 = VECTOR('',#812,1.);
#812 = DIRECTION('',(1.,0.));
#813 = ( GEOMETRIC_REPRESENTATION_CONTEXT(2) 
PARAMETRIC_REPRESENTATION_CONTEXT() REPRESENTATION_CONTEXT('2D SPACE',''
  ) );
#814 = ORIENTED_EDGE('',*,*,#815,.F.);
#815 = EDGE_CURVE('',#816,#788,#818,.T.);
#816 = VERTEX_POINT('',#817);
#817 = CARTESIAN_POINT('',(-35.8,9.7,5.6));
#818 = SURFACE_CURVE('',#819,(#823,#830),.PCURVE_S1.);
#819 = LINE('',#820,#821);
#820 = CARTESIAN_POINT('',(-35.8,9.7,5.6));
#821 = VECTOR('',#822,1.);
#822 = DIRECTION('',(-0.,1.,0.));
#823 = PCURVE('',#32,#824);
#824 = DEFINITIONAL_REPRESENTATION('',(#825),#829);
#825 = LINE('',#826,#827);
#826 = CARTESIAN_POINT('',(5.6,-49.7));
#827 = VECTOR('',#828,1.);
#828 = DIRECTION('',(0.,-1.));
#829 = ( GEOMETRIC_REPRESENTATION_CONTEXT(2) 
PARAMETRIC_REPRESENTATION_CONTEXT() REPRESENTATION_CONTEXT('2D SPACE',''
  ) );
#830 = PCURVE('',#831,#836);
#831 = PLANE('',#832);
#832 = AXIS2_PLACEMENT_3D('',#833,#834,#835);
#833 = CARTESIAN_POINT('',(-35.8,9.7,5.6));
#834 = DIRECTION('',(0.,0.,1.));
#835 = DIRECTION('',(1.,0.,-0.));
#836 = DEFINITIONAL_REPRESENTATION('',(#837),#841);
#837 = LINE('',#838,#839);
#838 = CARTESIAN_POINT('',(0.,0.));
#839 = VECTOR('',#840,1.);
#840 = DIRECTION('',(0.,1.));
#841 = ( GEOMETRIC_REPRESENTATION_CONTEXT(2) 
PARAMETRIC_REPRESENTATION_CONTEXT() REPRESENTATION_CONTEXT('2D SPACE',''
  ) );
#842 = ORIENTED_EDGE('',*,*,#843,.T.);
#843 = EDGE_CURVE('',#816,#844,#846,.T.);
#844 = VERTEX_POINT('',#845);
#845 = CARTESIAN_POINT('',(-35.8,9.7,6.));
#846 = SURFACE_CURVE('',#847,(#851,#858),.PCURVE_S1.);
#847 = LINE('',#848,#849);
#848 = CARTESIAN_POINT('',(-35.8,9.7,5.6));
#849 = VECTOR('',#850,1.);
#850 = DIRECTION('',(0.,0.,1.));
#851 = PCURVE('',#32,#852);
#852 = DEFINITIONAL_REPRESENTATION('',(#853),#857);
#853 = LINE('',#854,#855);
#854 = CARTESIAN_POINT('',(5.6,-49.7));
#855 = VECTOR('',#856,1.);
#856 = DIRECTION('',(1.,0.));
#857 = ( GEOMETRIC_REPRESENTATION_CONTEXT(2) 
PARAMETRIC_REPRESENTATION_CONTEXT() REPRESENTATION_CONTEXT('2D SPACE',''
  ) );
#858 = PCURVE('',#859,#864);
#859 = PLANE('',#860);
#860 = AXIS2_PLACEMENT_3D('',#861,#862,#863);
#861 = CARTESIAN_POINT('',(-35.8,9.7,5.6));
#862 = DIRECTION('',(-0.,1.,0.));
#863 = DIRECTION('',(0.,0.,1.));
#864 = DEFINITIONAL_REPRESENTATION('',(#865),#869);
#865 = LINE('',#866,#867);
#866 = CARTESIAN_POINT('',(0.,0.));
#867 = VECTOR('',#868,1.);
#868 = DIRECTION('',(1.,0.));
#869 = ( GEOMETRIC_REPRESENTATION_CONTEXT(2) 
PARAMETRIC_REPRESENTATION_CONTEXT() REPRESENTATION_CONTEXT('2D SPACE',''
  ) );
#870 = ORIENTED_EDGE('',*,*,#871,.F.);
#871 = EDGE_CURVE('',#872,#844,#874,.T.);
#872 = VERTEX_POINT('',#873);
#873 = CARTESIAN_POINT('',(-35.8,5.3,6.));
#874 = SURFACE_CURVE('',#875,(#879,#886),.PCURVE_S1.);
#875 = LINE('',#876,#877);
#876 = CARTESIAN_POINT('',(-35.8,-40.,6.));
#877 = VECTOR('',#878,1.);
#878 = DIRECTION('',(-0.,1.,0.));
#879 = PCURVE('',#32,#880);
#880 = DEFINITIONAL_REPRESENTATION('',(#881),#885);
#881 = LINE('',#882,#883);
#882 = CARTESIAN_POINT('',(6.,0.));
#883 = VECTOR('',#884,1.);
#884 = DIRECTION('',(0.,-1.));
#885 = ( GEOMETRIC_REPRESENTATION_CONTEXT(2) 
PARAMETRIC_REPRESENTATION_CONTEXT() REPRESENTATION_CONTEXT('2D SPACE',''
  ) );
#886 = PCURVE('',#240,#887);
#887 = DEFINITIONAL_REPRESENTATION('',(#888),#892);
#888 = LINE('',#889,#890);
#889 = CARTESIAN_POINT('',(0.,0.));
#890 = VECTOR('',#891,1.);
#891 = DIRECTION('',(0.,1.));
#892 = ( GEOMETRIC_REPRESENTATION_CONTEXT(2) 
PARAMETRIC_REPRESENTATION_CONTEXT() REPRESENTATION_CONTEXT('2D SPACE',''
  ) );
#893 = ORIENTED_EDGE('',*,*,#894,.F.);
#894 = EDGE_CURVE('',#895,#872,#897,.T.);
#895 = VERTEX_POINT('',#896);
#896 = CARTESIAN_POINT('',(-35.8,5.3,5.6));
#897 = SURFACE_CURVE('',#898,(#902,#909),.PCURVE_S1.);
#898 = LINE('',#899,#900);
#899 = CARTESIAN_POINT('',(-35.8,5.3,5.6));
#900 = VECTOR('',#901,1.);
#901 = DIRECTION('',(0.,0.,1.));
#902 = PCURVE('',#32,#903);
#903 = DEFINITIONAL_REPRESENTATION('',(#904),#908);
#904 = LINE('',#905,#906);
#905 = CARTESIAN_POINT('',(5.6,-45.3));
#906 = VECTOR('',#907,1.);
#907 = DIRECTION('',(1.,0.));
#908 = ( GEOMETRIC_REPRESENTATION_CONTEXT(2) 
PARAMETRIC_REPRESENTATION_CONTEXT() REPRESENTATION_CONTEXT('2D SPACE',''
  ) );
#909 = PCURVE('',#910,#915);
#910 = PLANE('',#911);
#911 = AXIS2_PLACEMENT_3D('',#912,#913,#914);
#912 = CARTESIAN_POINT('',(-35.8,5.3,5.6));
#913 = DIRECTION('',(-0.,1.,0.));
#914 = DIRECTION('',(0.,0.,1.));
#915 = DEFINITIONAL_REPRESENTATION('',(#916),#920);
#916 = LINE('',#917,#918);
#917 = CARTESIAN_POINT('',(0.,0.));
#918 = VECTOR('',#919,1.);
#919 = DIRECTION('',(1.,0.));
#920 = ( GEOMETRIC_REPRESENTATION_CONTEXT(2) 
PARAMETRIC_REPRESENTATION_CONTEXT() REPRESENTATION_CONTEXT('2D SPACE',''
  ) );
#921 = ORIENTED_EDGE('',*,*,#922,.F.);
#922 = EDGE_CURVE('',#923,#895,#925,.T.);
#923 = VERTEX_POINT('',#924);
#924 = CARTESIAN_POINT('',(-35.8,4.7,5.6));
#925 = SURFACE_CURVE('',#926,(#930,#937),.PCURVE_S1.);
#926 = LINE('',#927,#928);
#927 = CARTESIAN_POINT('',(-35.8,4.7,5.6));
#928 = VECTOR('',#929,1.);
#929 = DIRECTION('',(-0.,1.,0.));
#930 = PCURVE('',#32,#931);
#931 = DEFINITIONAL_REPRESENTATION('',(#932),#936);
#932 = LINE('',#933,#934);
#933 = CARTESIAN_POINT('',(5.6,-44.7));
#934 = VECTOR('',#935,1.);
#935 = DIRECTION('',(0.,-1.));
#936 = ( GEOMETRIC_REPRESENTATION_CONTEXT(2) 
PARAMETRIC_REPRESENTATION_CONTEXT() REPRESENTATION_CONTEXT('2D SPACE',''
  ) );
#937 = PCURVE('',#938,#943);
#938 = PLANE('',#939);
#939 = AXIS2_PLACEMENT_3D('',#940,#941,#942);
#940 = CARTESIAN_POINT('',(-35.8,4.7,5.6));
#941 = DIRECTION('',(0.,0.,1.));
#942 = DIRECTION('',(1.,0.,-0.));
#943 = DEFINITIONAL_REPRESENTATION('',(#944),#948);
#944 = LINE('',#945,#946);
#945 = CARTESIAN_POINT('',(0.,0.));
#946 = VECTOR('',#947,1.);
#947 = DIRECTION('',(0.,1.));
#948 = ( GEOMETRIC_REPRESENTATION_CONTEXT(2) 
PARAMETRIC_REPRESENTATION_CONTEXT() REPRESENTATION_CONTEXT('2D SPACE',''
  ) );
#949 = ORIENTED_EDGE('',*,*,#950,.T.);
#950 = EDGE_CURVE('',#923,#951,#953,.T.);
#951 = VERTEX_POINT('',#952);
#952 = CARTESIAN_POINT('',(-35.8,4.7,6.));
#953 = SURFACE_CURVE('',#954,(#958,#965),.PCURVE_S1.);
#954 = LINE('',#955,#956);
#955 = CARTESIAN_POINT('',(-35.8,4.7,5.6));
#956 = VECTOR('',#957,1.);
#957 = DIRECTION('',(0.,0.,1.));
#958 = PCURVE('',#32,#959);
#959 = DEFINITIONAL_REPRESENTATION('',(#960),#964);
#960 = LINE('',#961,#962);
#961 = CARTESIAN_POINT('',(5.6,-44.7));
#962 = VECTOR('',#963,1.);
#963 = DIRECTION('',(1.,0.));
#964 = ( GEOMETRIC_REPRESENTATION_CONTEXT(2) 
PARAMETRIC_REPRESENTATION_CONTEXT() REPRESENTATION_CONTEXT('2D SPACE',''
  ) );
#965 = PCURVE('',#966,#971);
#966 = PLANE('',#967);
#967 = AXIS2_PLACEMENT_3D('',#968,#969,#970);
#968 = CARTESIAN_POINT('',(-35.8,4.7,5.6));
#969 = DIRECTION('',(-0.,1.,0.));
#970 = DIRECTION('',(0.,0.,1.));
#971 = DEFINITIONAL_REPRESENTATION('',(#972),#976);
#972 = LINE('',#973,#974);
#973 = CARTESIAN_POINT('',(0.,0.));
#974 = VECTOR('',#975,1.);
#975 = DIRECTION('',(1.,0.));
#976 = ( GEOMETRIC_REPRESENTATION_CONTEXT(2) 
PARAMETRIC_REPRESENTATION_CONTEXT() REPRESENTATION_CONTEXT('2D SPACE',''
  ) );
#977 = ORIENTED_EDGE('',*,*,#978,.F.);
#978 = EDGE_CURVE('',#979,#951,#981,.T.);
#979 = VERTEX_POINT('',#980);
#980 = CARTESIAN_POINT('',(-35.8,0.3,6.));
#981 = SURFACE_CURVE('',#982,(#986,#993),.PCURVE_S1.);
#982 = LINE('',#983,#984);
#983 = CARTESIAN_POINT('',(-35.8,-40.,6.));
#984 = VECTOR('',#985,1.);
#985 = DIRECTION('',(-0.,1.,0.));
#986 = PCURVE('',#32,#987);
#987 = DEFINITIONAL_REPRESENTATION('',(#988),#992);
#988 = LINE('',#989,#990);
#989 = CARTESIAN_POINT('',(6.,0.));
#990 = VECTOR('',#991,1.);
#991 = DIRECTION('',(0.,-1.));
#992 = ( GEOMETRIC_REPRESENTATION_CONTEXT(2) 
PARAMETRIC_REPRESENTATION_CONTEXT() REPRESENTATION_CONTEXT('2D SPACE',''
  ) );
#993 = PCURVE('',#240,#994);
#994 = DEFINITIONAL_REPRESENTATION('',(#995),#999);
#995 = LINE('',#996,#997);
#996 = CARTESIAN_POINT('',(0.,0.));
#997 = VECTOR('',#998,1.);
#998 = DIRECTION('',(0.,1.));
#999 = ( GEOMETRIC_REPRESENTATION_CONTEXT(2) 
PARAMETRIC_REPRESENTATION_CONTEXT() REPRESENTATION_CONTEXT('2D SPACE',''
  ) );
#1000 = ORIENTED_EDGE('',*,*,#1001,.F.);
#1001 = EDGE_CURVE('',#1002,#979,#1004,.T.);
#1002 = VERTEX_POINT('',#1003);
#1003 = CARTESIAN_POINT('',(-35.8,0.3,5.6));
#1004 = SURFACE_CURVE('',#1005,(#1009,#1016),.PCURVE_S1.);
#1005 = LINE('',#1006,#1007);
#1006 = CARTESIAN_POINT('',(-35.8,0.3,5.6));
#1007 = VECTOR('',#1008,1.);
#1008 = DIRECTION('',(0.,0.,1.));
#1009 = PCURVE('',#32,#1010);
#1010 = DEFINITIONAL_REPRESENTATION('',(#1011),#1015);
#1011 = LINE('',#1012,#1013);
#1012 = CARTESIAN_POINT('',(5.6,-40.3));
#1013 = VECTOR('',#1014,1.);
#1014 = DIRECTION('',(1.,0.));
#1015 = ( GEOMETRIC_REPRESENTATION_CONTEXT(2) 
PARAMETRIC_REPRESENTATION_CONTEXT() REPRESENTATION_CONTEXT('2D SPACE',''
  ) );
#1016 = PCURVE('',#1017,#1022);
#1017 = PLANE('',#1018);
#1018 = AXIS2_PLACEMENT_3D('',#1019,#1020,#1021);
#1019 = CARTESIAN_POINT('',(-35.8,0.3,5.6));
#1020 = DIRECTION('',(-0.,1.,0.));
#1021 = DIRECTION('',(0.,0.,1.));
#1022 = DEFINITIONAL_REPRESENTATION('',(#1023),#1027);
#1023 = LINE('',#1024,#1025);
#1024 = CARTESIAN_POINT('',(0.,0.));
#1025 = VECTOR('',#1026,1.);
#1026 = DIRECTION('',(1.,0.));
#1027 = ( GEOMETRIC_REPRESENTATION_CONTEXT(2) 
PARAMETRIC_REPRESENTATION_CONTEXT() REPRESENTATION_CONTEXT('2D SPACE',''
  ) );
#1028 = ORIENTED_EDGE('',*,*,#1029,.F.);
#1029 = EDGE_CURVE('',#1030,#1002,#1032,.T.);
#1030 = VERTEX_POINT('',#1031);
#1031 = CARTESIAN_POINT('',(-35.8,-0.3,5.6));
#1032 = SURFACE_CURVE('',#1033,(#1037,#1044),.PCURVE_S1.);
#1033 = LINE('',#1034,#1035);
#1034 = CARTESIAN_POINT('',(-35.8,-0.3,5.6));
#1035 = VECTOR('',#1036,1.);
#1036 = DIRECTION('',(-0.,1.,0.));
#1037 = PCURVE('',#32,#1038);
#1038 = DEFINITIONAL_REPRESENTATION('',(#1039),#1043);
#1039 = LINE('',#1040,#1041);
#1040 = CARTESIAN_POINT('',(5.6,-39.7));
#1041 = VECTOR('',#1042,1.);
#1042 = DIRECTION('',(0.,-1.));
#1043 = ( GEOMETRIC_REPRESENTATION_CONTEXT(2) 
PARAMETRIC_REPRESENTATION_CONTEXT() REPRESENTATION_CONTEXT('2D SPACE',''
  ) );
#1044 = PCURVE('',#1045,#1050);
#1045 = PLANE('',#1046);
#1046 = AXIS2_PLACEMENT_3D('',#1047,#1048,#1049);
#1047 = CARTESIAN_POINT('',(-35.8,-0.3,5.6));
#1048 = DIRECTION('',(0.,0.,1.));
#1049 = DIRECTION('',(1.,0.,-0.));
#1050 = DEFINITIONAL_REPRESENTATION('',(#1051),#1055);
#1051 = LINE('',#1052,#1053);
#1052 = CARTESIAN_POINT('',(0.,0.));
#1053 = VECTOR('',#1054,1.);
#1054 = DIRECTION('',(0.,1.));
#1055 = ( GEOMETRIC_REPRESENTATION_CONTEXT(2) 
PARAMETRIC_REPRESENTATION_CONTEXT() REPRESENTATION_CONTEXT('2D SPACE',''
  ) );
#1056 = ORIENTED_EDGE('',*,*,#1057,.T.);
#1057 = EDGE_CURVE('',#1030,#1058,#1060,.T.);
#1058 = VERTEX_POINT('',#1059);
#1059 = CARTESIAN_POINT('',(-35.8,-0.3,6.));
#1060 = SURFACE_CURVE('',#1061,(#1065,#1072),.PCURVE_S1.);
#1061 = LINE('',#1062,#1063);
#1062 = CARTESIAN_POINT('',(-35.8,-0.3,5.6));
#1063 = VECTOR('',#1064,1.);
#1064 = DIRECTION('',(0.,0.,1.));
#1065 = PCURVE('',#32,#1066);
#1066 = DEFINITIONAL_REPRESENTATION('',(#1067),#1071);
#1067 = LINE('',#1068,#1069);
#1068 = CARTESIAN_POINT('',(5.6,-39.7));
#1069 = VECTOR('',#1070,1.);
#1070 = DIRECTION('',(1.,0.));
#1071 = ( GEOMETRIC_REPRESENTATION_CONTEXT(2) 
PARAMETRIC_REPRESENTATION_CONTEXT() REPRESENTATION_CONTEXT('2D SPACE',''
  ) );
#1072 = PCURVE('',#1073,#1078);
#1073 = PLANE('',#1074);
#1074 = AXIS2_PLACEMENT_3D('',#1075,#1076,#1077);
#1075 = CARTESIAN_POINT('',(-35.8,-0.3,5.6));
#1076 = DIRECTION('',(-0.,1.,0.));
#1077 = DIRECTION('',(0.,0.,1.));
#1078 = DEFINITIONAL_REPRESENTATION('',(#1079),#1083);
#1079 = LINE('',#1080,#1081);
#1080 = CARTESIAN_POINT('',(0.,0.));
#1081 = VECTOR('',#1082,1.);
#1082 = DIRECTION('',(1.,0.));
#1083 = ( GEOMETRIC_REPRESENTATION_CONTEXT(2) 
PARAMETRIC_REPRESENTATION_CONTEXT() REPRESENTATION_CONTEXT('2D SPACE',''
  ) );
#1084 = ORIENTED_EDGE('',*,*,#1085,.F.);
#1085 = EDGE_CURVE('',#1086,#1058,#1088,.T.);
#1086 = VERTEX_POINT('',#1087);
#1087 = CARTESIAN_POINT('',(-35.8,-4.7,6.));
#1088 = SURFACE_CURVE('',#1089,(#1093,#1100),.PCURVE_S1.);
#1089 = LINE('',#1090,#1091);
#1090 = CARTESIAN_POINT('',(-35.8,-40.,6.));
#1091 = VECTOR('',#1092,1.);
#1092 = DIRECTION('',(-0.,1.,0.));
#1093 = PCURVE('',#32,#1094);
#1094 = DEFINITIONAL_REPRESENTATION('',(#1095),#1099);
#1095 = LINE('',#1096,#1097);
#1096 = CARTESIAN_POINT('',(6.,0.));
#1097 = VECTOR('',#1098,1.);
#1098 = DIRECTION('',(0.,-1.));
#1099 = ( GEOMETRIC_REPRESENTATION_CONTEXT(2) 
PARAMETRIC_REPRESENTATION_CONTEXT() REPRESENTATION_CONTEXT('2D SPACE',''
  ) );
#1100 = PCURVE('',#1101,#1106);
#1101 = PLANE('',#1102);
#1102 = AXIS2_PLACEMENT_3D('',#1103,#1104,#1105);
#1103 = CARTESIAN_POINT('',(-35.8,-40.,6.));
#1104 = DIRECTION('',(0.,0.,1.));
#1105 = DIRECTION('',(1.,0.,-0.));
#1106 = DEFINITIONAL_REPRESENTATION('',(#1107),#1111);
#1107 = LINE('',#1108,#1109);
#1108 = CARTESIAN_POINT('',(0.,0.));
#1109 = VECTOR('',#1110,1.);
#1110 = DIRECTION('',(0.,1.));
#1111 = ( GEOMETRIC_REPRESENTATION_CONTEXT(2) 
PARAMETRIC_REPRESENTATION_CONTEXT() REPRESENTATION_CONTEXT('2D SPACE',''
  ) );
#1112 = ORIENTED_EDGE('',*,*,#1113,.F.);
#1113 = EDGE_CURVE('',#1114,#1086,#1116,.T.);
#1114 = VERTEX_POINT('',#1115);
#1115 = CARTESIAN_POINT('',(-35.8,-4.7,5.6));
#1116 = SURFACE_CURVE('',#1117,(#1121,#1128),.PCURVE_S1.);
#1117 = LINE('',#1118,#1119);
#1118 = CARTESIAN_POINT('',(-35.8,-4.7,5.6));
#1119 = VECTOR('',#1120,1.);
#1120 = DIRECTION('',(0.,0.,1.));
#1121 = PCURVE('',#32,#1122);
#1122 = DEFINITIONAL_REPRESENTATION('',(#1123),#1127);
#1123 = LINE('',#1124,#1125);
#1124 = CARTESIAN_POINT('',(5.6,-35.3));
#1125 = VECTOR('',#1126,1.);
#1126 = DIRECTION('',(1.,0.));
#1127 = ( GEOMETRIC_REPRESENTATION_CONTEXT(2) 
PARAMETRIC_REPRESENTATION_CONTEXT() REPRESENTATION_CONTEXT('2D SPACE',''
  ) );
#1128 = PCURVE('',#1129,#1134);
#1129 = PLANE('',#1130);
#1130 = AXIS2_PLACEMENT_3D('',#1131,#1132,#1133);
#1131 = CARTESIAN_POINT('',(-35.8,-4.7,5.6));
#1132 = DIRECTION('',(-0.,1.,0.));
#1133 = DIRECTION('',(0.,0.,1.));
#1134 = DEFINITIONAL_REPRESENTATION('',(#1135),#1139);
#1135 = LINE('',#1136,#1137);
#1136 = CARTESIAN_POINT('',(0.,0.));
#1137 = VECTOR('',#1138,1.);
#1138 = DIRECTION('',(1.,0.));
#1139 = ( GEOMETRIC_REPRESENTATION_CONTEXT(2) 
PARAMETRIC_REPRESENTATION_CONTEXT() REPRESENTATION_CONTEXT('2D SPACE',''
  ) );
#1140 = ORIENTED_EDGE('',*,*,#1141,.F.);
#1141 = EDGE_CURVE('',#1142,#1114,#1144,.T.);
#1142 = VERTEX_POINT('',#1143);
#1143 = CARTESIAN_POINT('',(-35.8,-5.3,5.6));
#1144 = SURFACE_CURVE('',#1145,(#1149,#1156),.PCURVE_S1.);
#1145 = LINE('',#1146,#1147);
#1146 = CARTESIAN_POINT('',(-35.8,-5.3,5.6));
#1147 = VECTOR('',#1148,1.);
#1148 = DIRECTION('',(-0.,1.,0.));
#1149 = PCURVE('',#32,#1150);
#1150 = DEFINITIONAL_REPRESENTATION('',(#1151),#1155);
#1151 = LINE('',#1152,#1153);
#1152 = CARTESIAN_POINT('',(5.6,-34.7));
#1153 = VECTOR('',#1154,1.);
#1154 = DIRECTION('',(0.,-1.));
#1155 = ( GEOMETRIC_REPRESENTATION_CONTEXT(2) 
PARAMETRIC_REPRESENTATION_CONTEXT() REPRESENTATION_CONTEXT('2D SPACE',''
  ) );
#1156 = PCURVE('',#1157,#1162);
#1157 = PLANE('',#1158);
#1158 = AXIS2_PLACEMENT_3D('',#1159,#1160,#1161);
#1159 = CARTESIAN_POINT('',(-35.8,-5.3,5.6));
#1160 = DIRECTION('',(0.,0.,1.));
#1161 = DIRECTION('',(1.,0.,-0.));
#1162 = DEFINITIONAL_REPRESENTATION('',(#1163),#1167);
#1163 = LINE('',#1164,#1165);
#1164 = CARTESIAN_POINT('',(0.,0.));
#1165 = VECTOR('',#1166,1.);
#1166 = DIRECTION('',(0.,1.));
#1167 = ( GEOMETRIC_REPRESENTATION_CONTEXT(2) 
PARAMETRIC_REPRESENTATION_CONTEXT() REPRESENTATION_CONTEXT('2D SPACE',''
  ) );
#1168 = ORIENTED_EDGE('',*,*,#1169,.T.);
#1169 = EDGE_CURVE('',#1142,#1170,#1172,.T.);
#1170 = VERTEX_POINT('',#1171);
#1171 = CARTESIAN_POINT('',(-35.8,-5.3,6.));
#1172 = SURFACE_CURVE('',#1173,(#1177,#1184),.PCURVE_S1.);
#1173 = LINE('',#1174,#1175);
#1174 = CARTESIAN_POINT('',(-35.8,-5.3,5.6));
#1175 = VECTOR('',#1176,1.);
#1176 = DIRECTION('',(0.,0.,1.));
#1177 = PCURVE('',#32,#1178);
#1178 = DEFINITIONAL_REPRESENTATION('',(#1179),#1183);
#1179 = LINE('',#1180,#1181);
#1180 = CARTESIAN_POINT('',(5.6,-34.7));
#1181 = VECTOR('',#1182,1.);
#1182 = DIRECTION('',(1.,0.));
#1183 = ( GEOMETRIC_REPRESENTATION_CONTEXT(2) 
PARAMETRIC_REPRESENTATION_CONTEXT() REPRESENTATION_CONTEXT('2D SPACE',''
  ) );
#1184 = PCURVE('',#1185,#1190);
#1185 = PLANE('',#1186);
#1186 = AXIS2_PLACEMENT_3D('',#1187,#1188,#1189);
#1187 = CARTESIAN_POINT('',(-35.8,-5.3,5.6));
#1188 = DIRECTION('',(-0.,1.,0.));
#1189 = DIRECTION('',(0.,0.,1.));
#1190 = DEFINITIONAL_REPRESENTATION('',(#1191),#1195);
#1191 = LINE('',#1192,#1193);
#1192 = CARTESIAN_POINT('',(0.,0.));
#1193 = VECTOR('',#1194,1.);
#1194 = DIRECTION('',(1.,0.));
#1195 = ( GEOMETRIC_REPRESENTATION_CONTEXT(2) 
PARAMETRIC_REPRESENTATION_CONTEXT() REPRESENTATION_CONTEXT('2D SPACE',''
  ) );
#1196 = ORIENTED_EDGE('',*,*,#1197,.F.);
#1197 = EDGE_CURVE('',#1198,#1170,#1200,.T.);
#1198 = VERTEX_POINT('',#1199);
#1199 = CARTESIAN_POINT('',(-35.8,-9.7,6.));
#1200 = SURFACE_CURVE('',#1201,(#1205,#1212),.PCURVE_S1.);
#1201 = LINE('',#1202,#1203);
#1202 = CARTESIAN_POINT('',(-35.8,-40.,6.));
#1203 = VECTOR('',#1204,1.);
#1204 = DIRECTION('',(-0.,1.,0.));
#1205 = PCURVE('',#32,#1206);
#1206 = DEFINITIONAL_REPRESENTATION('',(#1207),#1211);
#1207 = LINE('',#1208,#1209);
#1208 = CARTESIAN_POINT('',(6.,0.));
#1209 = VECTOR('',#1210,1.);
#1210 = DIRECTION('',(0.,-1.));
#1211 = ( GEOMETRIC_REPRESENTATION_CONTEXT(2) 
PARAMETRIC_REPRESENTATION_CONTEXT() REPRESENTATION_CONTEXT('2D SPACE',''
  ) );
#1212 = PCURVE('',#1101,#1213);
#1213 = DEFINITIONAL_REPRESENTATION('',(#1214),#1218);
#1214 = LINE('',#1215,#1216);
#1215 = CARTESIAN_POINT('',(0.,0.));
#1216 = VECTOR('',#1217,1.);
#1217 = DIRECTION('',(0.,1.));
#1218 = ( GEOMETRIC_REPRESENTATION_CONTEXT(2) 
PARAMETRIC_REPRESENTATION_CONTEXT() REPRESENTATION_CONTEXT('2D SPACE',''
  ) );
#1219 = ORIENTED_EDGE('',*,*,#1220,.F.);
#1220 = EDGE_CURVE('',#1221,#1198,#1223,.T.);
#1221 = VERTEX_POINT('',#1222);
#1222 = CARTESIAN_POINT('',(-35.8,-9.7,5.6));
#1223 = SURFACE_CURVE('',#1224,(#1228,#1235),.PCURVE_S1.);
#1224 = LINE('',#1225,#1226);
#1225 = CARTESIAN_POINT('',(-35.8,-9.7,5.6));
#1226 = VECTOR('',#1227,1.);
#1227 = DIRECTION('',(0.,0.,1.));
#1228 = PCURVE('',#32,#1229);
#1229 = DEFINITIONAL_REPRESENTATION('',(#1230),#1234);
#1230 = LINE('',#1231,#1232);
#1231 = CARTESIAN_POINT('',(5.6,-30.3));
#1232 = VECTOR('',#1233,1.);
#1233 = DIRECTION('',(1.,0.));
#1234 = ( GEOMETRIC_REPRESENTATION_CONTEXT(2) 
PARAMETRIC_REPRESENTATION_CONTEXT() REPRESENTATION_CONTEXT('2D SPACE',''
  ) );
#1235 = PCURVE('',#1236,#1241);
#1236 = PLANE('',#1237);
#1237 = AXIS2_PLACEMENT_3D('',#1238,#1239,#1240);
#1238 = CARTESIAN_POINT('',(-35.8,-9.7,5.6));
#1239 = DIRECTION('',(-0.,1.,0.));
#1240 = DIRECTION('',(0.,0.,1.));
#1241 = DEFINITIONAL_REPRESENTATION('',(#1242),#1246);
#1242 = LINE('',#1243,#1244);
#1243 = CARTESIAN_POINT('',(0.,0.));
#1244 = VECTOR('',#1245,1.);
#1245 = DIRECTION('',(1.,0.));
#1246 = ( GEOMETRIC_REPRESENTATION_CONTEXT(2) 
PARAMETRIC_REPRESENTATION_CONTEXT() REPRESENTATION_CONTEXT('2D SPACE',''
  ) );
#1247 = ORIENTED_EDGE('',*,*,#1248,.F.);
#1248 = EDGE_CURVE('',#1249,#1221,#1251,.T.);
#1249 = VERTEX_POINT('',#1250);
#1250 = CARTESIAN_POINT('',(-35.8,-10.3,5.6));
#1251 = SURFACE_CURVE('',#1252,(#1256,#1263),.PCURVE_S1.);
#1252 = LINE('',#1253,#1254);
#1253 = CARTESIAN_POINT('',(-35.8,-10.3,5.6));
#1254 = VECTOR('',#1255,1.);
#1255 = DIRECTION('',(-0.,1.,0.));
#1256 = PCURVE('',#32,#1257);
#1257 = DEFINITIONAL_REPRESENTATION('',(#1258),#1262);
#1258 = LINE('',#1259,#1260);
#1259 = CARTESIAN_POINT('',(5.6,-29.7));
#1260 = VECTOR('',#1261,1.);
#1261 = DIRECTION('',(0.,-1.));
#1262 = ( GEOMETRIC_REPRESENTATION_CONTEXT(2) 
PARAMETRIC_REPRESENTATION_CONTEXT() REPRESENTATION_CONTEXT('2D SPACE',''
  ) );
#1263 = PCURVE('',#1264,#1269);
#1264 = PLANE('',#1265);
#1265 = AXIS2_PLACEMENT_3D('',#1266,#1267,#1268);
#1266 = CARTESIAN_POINT('',(-35.8,-10.3,5.6));
#1267 = DIRECTION('',(0.,0.,1.));
#1268 = DIRECTION('',(1.,0.,-0.));
#1269 = DEFINITIONAL_REPRESENTATION('',(#1270),#1274);
#1270 = LINE('',#1271,#1272);
#1271 = CARTESIAN_POINT('',(0.,0.));
#1272 = VECTOR('',#1273,1.);
#1273 = DIRECTION('',(0.,1.));
#1274 = ( GEOMETRIC_REPRESENTATION_CONTEXT(2) 
PARAMETRIC_REPRESENTATION_CONTEXT() REPRESENTATION_CONTEXT('2D SPACE',''
  ) );
#1275 = ORIENTED_EDGE('',*,*,#1276,.T.);
#1276 = EDGE_CURVE('',#1249,#1277,#1279,.T.);
#1277 = VERTEX_POINT('',#1278);
#1278 = CARTESIAN_POINT('',(-35.8,-10.3,6.));
#1279 = SURFACE_CURVE('',#1280,(#1284,#1291),.PCURVE_S1.);
#1280 = LINE('',#1281,#1282);
#1281 = CARTESIAN_POINT('',(-35.8,-10.3,5.6));
#1282 = VECTOR('',#1283,1.);
#1283 = DIRECTION('',(0.,0.,1.));
#1284 = PCURVE('',#32,#1285);
#1285 = DEFINITIONAL_REPRESENTATION('',(#1286),#1290);
#1286 = LINE('',#1287,#1288);
#1287 = CARTESIAN_POINT('',(5.6,-29.7));
#1288 = VECTOR('',#1289,1.);
#1289 = DIRECTION('',(1.,0.));
#1290 = ( GEOMETRIC_REPRESENTATION_CONTEXT(2) 
PARAMETRIC_REPRESENTATION_CONTEXT() REPRESENTATION_CONTEXT('2D SPACE',''
  ) );
#1291 = PCURVE('',#1292,#1297);
#1292 = PLANE('',#1293);
#1293 = AXIS2_PLACEMENT_3D('',#1294,#1295,#1296);
#1294 = CARTESIAN_POINT('',(-35.8,-10.3,5.6));
#1295 = DIRECTION('',(-0.,1.,0.));
#1296 = DIRECTION('',(0.,0.,1.));
#1297 = DEFINITIONAL_REPRESENTATION('',(#1298),#1302);
#1298 = LINE('',#1299,#1300);
#1299 = CARTESIAN_POINT('',(0.,0.));
#1300 = VECTOR('',#1301,1.);
#1301 = DIRECTION('',(1.,0.));
#1302 = ( GEOMETRIC_REPRESENTATION_CONTEXT(2) 
PARAMETRIC_REPRESENTATION_CONTEXT() REPRESENTATION_CONTEXT('2D SPACE',''
  ) );
#1303 = ORIENTED_EDGE('',*,*,#1304,.F.);
#1304 = EDGE_CURVE('',#1305,#1277,#1307,.T.);
#1305 = VERTEX_POINT('',#1306);
#1306 = CARTESIAN_POINT('',(-35.8,-14.7,6.));
#1307 = SURFACE_CURVE('',#1308,(#1312,#1319),.PCURVE_S1.);
#1308 = LINE('',#1309,#1310);
#1309 = CARTESIAN_POINT('',(-35.8,-40.,6.));
#1310 = VECTOR('',#1311,1.);
#1311 = DIRECTION('',(-0.,1.,0.));
#1312 = PCURVE('',#32,#1313);
#1313 = DEFINITIONAL_REPRESENTATION('',(#1314),#1318);
#1314 = LINE('',#1315,#1316);
#1315 = CARTESIAN_POINT('',(6.,0.));
#1316 = VECTOR('',#1317,1.);
#1317 = DIRECTION('',(0.,-1.));
#1318 = ( GEOMETRIC_REPRESENTATION_CONTEXT(2) 
PARAMETRIC_REPRESENTATION_CONTEXT() REPRESENTATION_CONTEXT('2D SPACE',''
  ) );
#1319 = PCURVE('',#1101,#1320);
#1320 = DEFINITIONAL_REPRESENTATION('',(#1321),#1325);
#1321 = LINE('',#1322,#1323);
#1322 = CARTESIAN_POINT('',(0.,0.));
#1323 = VECTOR('',#1324,1.);
#1324 = DIRECTION('',(0.,1.));
#1325 = ( GEOMETRIC_REPRESENTATION_CONTEXT(2) 
PARAMETRIC_REPRESENTATION_CONTEXT() REPRESENTATION_CONTEXT('2D SPACE',''
  ) );
#1326 = ORIENTED_EDGE('',*,*,#1327,.F.);
#1327 = EDGE_CURVE('',#1328,#1305,#1330,.T.);
#1328 = VERTEX_POINT('',#1329);
#1329 = CARTESIAN_POINT('',(-35.8,-14.7,5.6));
#1330 = SURFACE_CURVE('',#1331,(#1335,#1342),.PCURVE_S1.);
#1331 = LINE('',#1332,#1333);
#1332 = CARTESIAN_POINT('',(-35.8,-14.7,5.6));
#1333 = VECTOR('',#1334,1.);
#1334 = DIRECTION('',(0.,0.,1.));
#1335 = PCURVE('',#32,#1336);
#1336 = DEFINITIONAL_REPRESENTATION('',(#1337),#1341);
#1337 = LINE('',#1338,#1339);
#1338 = CARTESIAN_POINT('',(5.6,-25.3));
#1339 = VECTOR('',#1340,1.);
#1340 = DIRECTION('',(1.,0.));
#1341 = ( GEOMETRIC_REPRESENTATION_CONTEXT(2) 
PARAMETRIC_REPRESENTATION_CONTEXT() REPRESENTATION_CONTEXT('2D SPACE',''
  ) );
#1342 = PCURVE('',#1343,#1348);
#1343 = PLANE('',#1344);
#1344 = AXIS2_PLACEMENT_3D('',#1345,#1346,#1347);
#1345 = CARTESIAN_POINT('',(-35.8,-14.7,5.6));
#1346 = DIRECTION('',(-0.,1.,0.));
#1347 = DIRECTION('',(0.,0.,1.));
#1348 = DEFINITIONAL_REPRESENTATION('',(#1349),#1353);
#1349 = LINE('',#1350,#1351);
#1350 = CARTESIAN_POINT('',(0.,0.));
#1351 = VECTOR('',#1352,1.);
#1352 = DIRECTION('',(1.,0.));
#1353 = ( GEOMETRIC_REPRESENTATION_CONTEXT(2) 
PARAMETRIC_REPRESENTATION_CONTEXT() REPRESENTATION_CONTEXT('2D SPACE',''
  ) );
#1354 = ORIENTED_EDGE('',*,*,#1355,.F.);
#1355 = EDGE_CURVE('',#1356,#1328,#1358,.T.);
#1356 = VERTEX_POINT('',#1357);
#1357 = CARTESIAN_POINT('',(-35.8,-15.3,5.6));
#1358 = SURFACE_CURVE('',#1359,(#1363,#1370),.PCURVE_S1.);
#1359 = LINE('',#1360,#1361);
#1360 = CARTESIAN_POINT('',(-35.8,-15.3,5.6));
#1361 = VECTOR('',#1362,1.);
#1362 = DIRECTION('',(-0.,1.,0.));
#1363 = PCURVE('',#32,#1364);
#1364 = DEFINITIONAL_REPRESENTATION('',(#1365),#1369);
#1365 = LINE('',#1366,#1367);
#1366 = CARTESIAN_POINT('',(5.6,-24.7));
#1367 = VECTOR('',#1368,1.);
#1368 = DIRECTION('',(0.,-1.));
#1369 = ( GEOMETRIC_REPRESENTATION_CONTEXT(2) 
PARAMETRIC_REPRESENTATION_CONTEXT() REPRESENTATION_CONTEXT('2D SPACE',''
  ) );
#1370 = PCURVE('',#1371,#1376);
#1371 = PLANE('',#1372);
#1372 = AXIS2_PLACEMENT_3D('',#1373,#1374,#1375);
#1373 = CARTESIAN_POINT('',(-35.8,-15.3,5.6));
#1374 = DIRECTION('',(0.,0.,1.));
#1375 = DIRECTION('',(1.,0.,-0.));
#1376 = DEFINITIONAL_REPRESENTATION('',(#1377),#1381);
#1377 = LINE('',#1378,#1379);
#1378 = CARTESIAN_POINT('',(0.,0.));
#1379 = VECTOR('',#1380,1.);
#1380 = DIRECTION('',(0.,1.));
#1381 = ( GEOMETRIC_REPRESENTATION_CONTEXT(2) 
PARAMETRIC_REPRESENTATION_CONTEXT() REPRESENTATION_CONTEXT('2D SPACE',''
  ) );
#1382 = ORIENTED_EDGE('',*,*,#1383,.T.);
#1383 = EDGE_CURVE('',#1356,#1384,#1386,.T.);
#1384 = VERTEX_POINT('',#1385);
#1385 = CARTESIAN_POINT('',(-35.8,-15.3,6.));
#1386 = SURFACE_CURVE('',#1387,(#1391,#1398),.PCURVE_S1.);
#1387 = LINE('',#1388,#1389);
#1388 = CARTESIAN_POINT('',(-35.8,-15.3,5.6));
#1389 = VECTOR('',#1390,1.);
#1390 = DIRECTION('',(0.,0.,1.));
#1391 = PCURVE('',#32,#1392);
#1392 = DEFINITIONAL_REPRESENTATION('',(#1393),#1397);
#1393 = LINE('',#1394,#1395);
#1394 = CARTESIAN_POINT('',(5.6,-24.7));
#1395 = VECTOR('',#1396,1.);
#1396 = DIRECTION('',(1.,0.));
#1397 = ( GEOMETRIC_REPRESENTATION_CONTEXT(2) 
PARAMETRIC_REPRESENTATION_CONTEXT() REPRESENTATION_CONTEXT('2D SPACE',''
  ) );
#1398 = PCURVE('',#1399,#1404);
#1399 = PLANE('',#1400);
#1400 = AXIS2_PLACEMENT_3D('',#1401,#1402,#1403);
#1401 = CARTESIAN_POINT('',(-35.8,-15.3,5.6));
#1402 = DIRECTION('',(-0.,1.,0.));
#1403 = DIRECTION('',(0.,0.,1.));
#1404 = DEFINITIONAL_REPRESENTATION('',(#1405),#1409);
#1405 = LINE('',#1406,#1407);
#1406 = CARTESIAN_POINT('',(0.,0.));
#1407 = VECTOR('',#1408,1.);
#1408 = DIRECTION('',(1.,0.));
#1409 = ( GEOMETRIC_REPRESENTATION_CONTEXT(2) 
PARAMETRIC_REPRESENTATION_CONTEXT() REPRESENTATION_CONTEXT('2D SPACE',''
  ) );
#1410 = ORIENTED_EDGE('',*,*,#1411,.F.);
#1411 = EDGE_CURVE('',#1412,#1384,#1414,.T.);
#1412 = VERTEX_POINT('',#1413);
#1413 = CARTESIAN_POINT('',(-35.8,-19.7,6.));
#1414 = SURFACE_CURVE('',#1415,(#1419,#1426),.PCURVE_S1.);
#1415 = LINE('',#1416,#1417);
#1416 = CARTESIAN_POINT('',(-35.8,-40.,6.));
#1417 = VECTOR('',#1418,1.);
#1418 = DIRECTION('',(-0.,1.,0.));
#1419 = PCURVE('',#32,#1420);
#1420 = DEFINITIONAL_REPRESENTATION('',(#1421),#1425);
#1421 = LINE('',#1422,#1423);
#1422 = CARTESIAN_POINT('',(6.,0.));
#1423 = VECTOR('',#1424,1.);
#1424 = DIRECTION('',(0.,-1.));
#1425 = ( GEOMETRIC_REPRESENTATION_CONTEXT(2) 
PARAMETRIC_REPRESENTATION_CONTEXT() REPRESENTATION_CONTEXT('2D SPACE',''
  ) );
#1426 = PCURVE('',#1101,#1427);
#1427 = DEFINITIONAL_REPRESENTATION('',(#1428),#1432);
#1428 = LINE('',#1429,#1430);
#1429 = CARTESIAN_POINT('',(0.,0.));
#1430 = VECTOR('',#1431,1.);
#1431 = DIRECTION('',(0.,1.));
#1432 = ( GEOMETRIC_REPRESENTATION_CONTEXT(2) 
PARAMETRIC_REPRESENTATION_CONTEXT() REPRESENTATION_CONTEXT('2D SPACE',''
  ) );
#1433 = ORIENTED_EDGE('',*,*,#1434,.F.);
#1434 = EDGE_CURVE('',#1435,#1412,#1437,.T.);
#1435 = VERTEX_POINT('',#1436);
#1436 = CARTESIAN_POINT('',(-35.8,-19.7,5.6));
#1437 = SURFACE_CURVE('',#1438,(#1442,#1449),.PCURVE_S1.);
#1438 = LINE('',#1439,#1440);
#1439 = CARTESIAN_POINT('',(-35.8,-19.7,5.6));
#1440 = VECTOR('',#1441,1.);
#1441 = DIRECTION('',(0.,0.,1.));
#1442 = PCURVE('',#32,#1443);
#1443 = DEFINITIONAL_REPRESENTATION('',(#1444),#1448);
#1444 = LINE('',#1445,#1446);
#1445 = CARTESIAN_POINT('',(5.6,-20.3));
#1446 = VECTOR('',#1447,1.);
#1447 = DIRECTION('',(1.,0.));
#1448 = ( GEOMETRIC_REPRESENTATION_CONTEXT(2) 
PARAMETRIC_REPRESENTATION_CONTEXT() REPRESENTATION_CONTEXT('2D SPACE',''
  ) );
#1449 = PCURVE('',#1450,#1455);
#1450 = PLANE('',#1451);
#1451 = AXIS2_PLACEMENT_3D('',#1452,#1453,#1454);
#1452 = CARTESIAN_POINT('',(-35.8,-19.7,5.6));
#1453 = DIRECTION('',(-0.,1.,0.));
#1454 = DIRECTION('',(0.,0.,1.));
#1455 = DEFINITIONAL_REPRESENTATION('',(#1456),#1460);
#1456 = LINE('',#1457,#1458);
#1457 = CARTESIAN_POINT('',(0.,0.));
#1458 = VECTOR('',#1459,1.);
#1459 = DIRECTION('',(1.,0.));
#1460 = ( GEOMETRIC_REPRESENTATION_CONTEXT(2) 
PARAMETRIC_REPRESENTATION_CONTEXT() REPRESENTATION_CONTEXT('2D SPACE',''
  ) );
#1461 = ORIENTED_EDGE('',*,*,#1462,.F.);
#1462 = EDGE_CURVE('',#1463,#1435,#1465,.T.);
#1463 = VERTEX_POINT('',#1464);
#1464 = CARTESIAN_POINT('',(-35.8,-20.3,5.6));
#1465 = SURFACE_CURVE('',#1466,(#1470,#1477),.PCURVE_S1.);
#1466 = LINE('',#1467,#1468);
#1467 = CARTESIAN_POINT('',(-35.8,-20.3,5.6));
#1468 = VECTOR('',#1469,1.);
#1469 = DIRECTION('',(-0.,1.,0.));
#1470 = PCURVE('',#32,#1471);
#1471 = DEFINITIONAL_REPRESENTATION('',(#1472),#1476);
#1472 = LINE('',#1473,#1474);
#1473 = CARTESIAN_POINT('',(5.6,-19.7));
#1474 = VECTOR('',#1475,1.);
#1475 = DIRECTION('',(0.,-1.));
#1476 = ( GEOMETRIC_REPRESENTATION_CONTEXT(2) 
PARAMETRIC_REPRESENTATION_CONTEXT() REPRESENTATION_CONTEXT('2D SPACE',''
  ) );
#1477 = PCURVE('',#1478,#1483);
#1478 = PLANE('',#1479);
#1479 = AXIS2_PLACEMENT_3D('',#1480,#1481,#1482);
#1480 = CARTESIAN_POINT('',(-35.8,-20.3,5.6));
#1481 = DIRECTION('',(0.,0.,1.));
#1482 = DIRECTION('',(1.,0.,-0.));
#1483 = DEFINITIONAL_REPRESENTATION('',(#1484),#1488);
#1484 = LINE('',#1485,#1486);
#1485 = CARTESIAN_POINT('',(0.,0.));
#1486 = VECTOR('',#1487,1.);
#1487 = DIRECTION('',(0.,1.));
#1488 = ( GEOMETRIC_REPRESENTATION_CONTEXT(2) 
PARAMETRIC_REPRESENTATION_CONTEXT() REPRESENTATION_CONTEXT('2D SPACE',''
  ) );
#1489 = ORIENTED_EDGE('',*,*,#1490,.T.);
#1490 = EDGE_CURVE('',#1463,#1491,#1493,.T.);
#1491 = VERTEX_POINT('',#1492);
#1492 = CARTESIAN_POINT('',(-35.8,-20.3,6.));
#1493 = SURFACE_CURVE('',#1494,(#1498,#1505),.PCURVE_S1.);
#1494 = LINE('',#1495,#1496);
#1495 = CARTESIAN_POINT('',(-35.8,-20.3,5.6));
#1496 = VECTOR('',#1497,1.);
#1497 = DIRECTION('',(0.,0.,1.));
#1498 = PCURVE('',#32,#1499);
#1499 = DEFINITIONAL_REPRESENTATION('',(#1500),#1504);
#1500 = LINE('',#1501,#1502);
#1501 = CARTESIAN_POINT('',(5.6,-19.7));
#1502 = VECTOR('',#1503,1.);
#1503 = DIRECTION('',(1.,0.));
#1504 = ( GEOMETRIC_REPRESENTATION_CONTEXT(2) 
PARAMETRIC_REPRESENTATION_CONTEXT() REPRESENTATION_CONTEXT('2D SPACE',''
  ) );
#1505 = PCURVE('',#1506,#1511);
#1506 = PLANE('',#1507);
#1507 = AXIS2_PLACEMENT_3D('',#1508,#1509,#1510);
#1508 = CARTESIAN_POINT('',(-35.8,-20.3,5.6));
#1509 = DIRECTION('',(-0.,1.,0.));
#1510 = DIRECTION('',(0.,0.,1.));
#1511 = DEFINITIONAL_REPRESENTATION('',(#1512),#1516);
#1512 = LINE('',#1513,#1514);
#1513 = CARTESIAN_POINT('',(0.,0.));
#1514 = VECTOR('',#1515,1.);
#1515 = DIRECTION('',(1.,0.));
#1516 = ( GEOMETRIC_REPRESENTATION_CONTEXT(2) 
PARAMETRIC_REPRESENTATION_CONTEXT() REPRESENTATION_CONTEXT('2D SPACE',''
  ) );
#1517 = ORIENTED_EDGE('',*,*,#1518,.F.);
#1518 = EDGE_CURVE('',#1519,#1491,#1521,.T.);
#1519 = VERTEX_POINT('',#1520);
#1520 = CARTESIAN_POINT('',(-35.8,-24.7,6.));
#1521 = SURFACE_CURVE('',#1522,(#1526,#1533),.PCURVE_S1.);
#1522 = LINE('',#1523,#1524);
#1523 = CARTESIAN_POINT('',(-35.8,-40.,6.));
#1524 = VECTOR('',#1525,1.);
#1525 = DIRECTION('',(-0.,1.,0.));
#1526 = PCURVE('',#32,#1527);
#1527 = DEFINITIONAL_REPRESENTATION('',(#1528),#1532);
#1528 = LINE('',#1529,#1530);
#1529 = CARTESIAN_POINT('',(6.,0.));
#1530 = VECTOR('',#1531,1.);
#1531 = DIRECTION('',(0.,-1.));
#1532 = ( GEOMETRIC_REPRESENTATION_CONTEXT(2) 
PARAMETRIC_REPRESENTATION_CONTEXT() REPRESENTATION_CONTEXT('2D SPACE',''
  ) );
#1533 = PCURVE('',#1101,#1534);
#1534 = DEFINITIONAL_REPRESENTATION('',(#1535),#1539);
#1535 = LINE('',#1536,#1537);
#1536 = CARTESIAN_POINT('',(0.,0.));
#1537 = VECTOR('',#1538,1.);
#1538 = DIRECTION('',(0.,1.));
#1539 = ( GEOMETRIC_REPRESENTATION_CONTEXT(2) 
PARAMETRIC_REPRESENTATION_CONTEXT() REPRESENTATION_CONTEXT('2D SPACE',''
  ) );
#1540 = ORIENTED_EDGE('',*,*,#1541,.F.);
#1541 = EDGE_CURVE('',#1542,#1519,#1544,.T.);
#1542 = VERTEX_POINT('',#1543);
#1543 = CARTESIAN_POINT('',(-35.8,-24.7,5.6));
#1544 = SURFACE_CURVE('',#1545,(#1549,#1556),.PCURVE_S1.);
#1545 = LINE('',#1546,#1547);
#1546 = CARTESIAN_POINT('',(-35.8,-24.7,5.6));
#1547 = VECTOR('',#1548,1.);
#1548 = DIRECTION('',(0.,0.,1.));
#1549 = PCURVE('',#32,#1550);
#1550 = DEFINITIONAL_REPRESENTATION('',(#1551),#1555);
#1551 = LINE('',#1552,#1553);
#1552 = CARTESIAN_POINT('',(5.6,-15.3));
#1553 = VECTOR('',#1554,1.);
#1554 = DIRECTION('',(1.,0.));
#1555 = ( GEOMETRIC_REPRESENTATION_CONTEXT(2) 
PARAMETRIC_REPRESENTATION_CONTEXT() REPRESENTATION_CONTEXT('2D SPACE',''
  ) );
#1556 = PCURVE('',#1557,#1562);
#1557 = PLANE('',#1558);
#1558 = AXIS2_PLACEMENT_3D('',#1559,#1560,#1561);
#1559 = CARTESIAN_POINT('',(-35.8,-24.7,5.6));
#1560 = DIRECTION('',(-0.,1.,0.));
#1561 = DIRECTION('',(0.,0.,1.));
#1562 = DEFINITIONAL_REPRESENTATION('',(#1563),#1567);
#1563 = LINE('',#1564,#1565);
#1564 = CARTESIAN_POINT('',(0.,0.));
#1565 = VECTOR('',#1566,1.);
#1566 = DIRECTION('',(1.,0.));
#1567 = ( GEOMETRIC_REPRESENTATION_CONTEXT(2) 
PARAMETRIC_REPRESENTATION_CONTEXT() REPRESENTATION_CONTEXT('2D SPACE',''
  ) );
#1568 = ORIENTED_EDGE('',*,*,#1569,.F.);
#1569 = EDGE_CURVE('',#1570,#1542,#1572,.T.);
#1570 = VERTEX_POINT('',#1571);
#1571 = CARTESIAN_POINT('',(-35.8,-25.3,5.6));
#1572 = SURFACE_CURVE('',#1573,(#1577,#1584),.PCURVE_S1.);
#1573 = LINE('',#1574,#1575);
#1574 = CARTESIAN_POINT('',(-35.8,-25.3,5.6));
#1575 = VECTOR('',#1576,1.);
#1576 = DIRECTION('',(-0.,1.,0.));
#1577 = PCURVE('',#32,#1578);
#1578 = DEFINITIONAL_REPRESENTATION('',(#1579),#1583);
#1579 = LINE('',#1580,#1581);
#1580 = CARTESIAN_POINT('',(5.6,-14.7));
#1581 = VECTOR('',#1582,1.);
#1582 = DIRECTION('',(0.,-1.));
#1583 = ( GEOMETRIC_REPRESENTATION_CONTEXT(2) 
PARAMETRIC_REPRESENTATION_CONTEXT() REPRESENTATION_CONTEXT('2D SPACE',''
  ) );
#1584 = PCURVE('',#1585,#1590);
#1585 = PLANE('',#1586);
#1586 = AXIS2_PLACEMENT_3D('',#1587,#1588,#1589);
#1587 = CARTESIAN_POINT('',(-35.8,-25.3,5.6));
#1588 = DIRECTION('',(0.,0.,1.));
#1589 = DIRECTION('',(1.,0.,-0.));
#1590 = DEFINITIONAL_REPRESENTATION('',(#1591),#1595);
#1591 = LINE('',#1592,#1593);
#1592 = CARTESIAN_POINT('',(0.,0.));
#1593 = VECTOR('',#1594,1.);
#1594 = DIRECTION('',(0.,1.));
#1595 = ( GEOMETRIC_REPRESENTATION_CONTEXT(2) 
PARAMETRIC_REPRESENTATION_CONTEXT() REPRESENTATION_CONTEXT('2D SPACE',''
  ) );
#1596 = ORIENTED_EDGE('',*,*,#1597,.T.);
#1597 = EDGE_CURVE('',#1570,#1598,#1600,.T.);
#1598 = VERTEX_POINT('',#1599);
#1599 = CARTESIAN_POINT('',(-35.8,-25.3,6.));
#1600 = SURFACE_CURVE('',#1601,(#1605,#1612),.PCURVE_S1.);
#1601 = LINE('',#1602,#1603);
#1602 = CARTESIAN_POINT('',(-35.8,-25.3,5.6));
#1603 = VECTOR('',#1604,1.);
#1604 = DIRECTION('',(0.,0.,1.));
#1605 = PCURVE('',#32,#1606);
#1606 = DEFINITIONAL_REPRESENTATION('',(#1607),#1611);
#1607 = LINE('',#1608,#1609);
#1608 = CARTESIAN_POINT('',(5.6,-14.7));
#1609 = VECTOR('',#1610,1.);
#1610 = DIRECTION('',(1.,0.));
#1611 = ( GEOMETRIC_REPRESENTATION_CONTEXT(2) 
PARAMETRIC_REPRESENTATION_CONTEXT() REPRESENTATION_CONTEXT('2D SPACE',''
  ) );
#1612 = PCURVE('',#1613,#1618);
#1613 = PLANE('',#1614);
#1614 = AXIS2_PLACEMENT_3D('',#1615,#1616,#1617);
#1615 = CARTESIAN_POINT('',(-35.8,-25.3,5.6));
#1616 = DIRECTION('',(-0.,1.,0.));
#1617 = DIRECTION('',(0.,0.,1.));
#1618 = DEFINITIONAL_REPRESENTATION('',(#1619),#1623);
#1619 = LINE('',#1620,#1621);
#1620 = CARTESIAN_POINT('',(0.,0.));
#1621 = VECTOR('',#1622,1.);
#1622 = DIRECTION('',(1.,0.));
#1623 = ( GEOMETRIC_REPRESENTATION_CONTEXT(2) 
PARAMETRIC_REPRESENTATION_CONTEXT() REPRESENTATION_CONTEXT('2D SPACE',''
  ) );
#1624 = ORIENTED_EDGE('',*,*,#1625,.F.);
#1625 = EDGE_CURVE('',#1626,#1598,#1628,.T.);
#1626 = VERTEX_POINT('',#1627);
#1627 = CARTESIAN_POINT('',(-35.8,-29.7,6.));
#1628 = SURFACE_CURVE('',#1629,(#1633,#1640),.PCURVE_S1.);
#1629 = LINE('',#1630,#1631);
#1630 = CARTESIAN_POINT('',(-35.8,-40.,6.));
#1631 = VECTOR('',#1632,1.);
#1632 = DIRECTION('',(-0.,1.,0.));
#1633 = PCURVE('',#32,#1634);
#1634 = DEFINITIONAL_REPRESENTATION('',(#1635),#1639);
#1635 = LINE('',#1636,#1637);
#1636 = CARTESIAN_POINT('',(6.,0.));
#1637 = VECTOR('',#1638,1.);
#1638 = DIRECTION('',(0.,-1.));
#1639 = ( GEOMETRIC_REPRESENTATION_CONTEXT(2) 
PARAMETRIC_REPRESENTATION_CONTEXT() REPRESENTATION_CONTEXT('2D SPACE',''
  ) );
#1640 = PCURVE('',#1101,#1641);
#1641 = DEFINITIONAL_REPRESENTATION('',(#1642),#1646);
#1642 = LINE('',#1643,#1644);
#1643 = CARTESIAN_POINT('',(0.,0.));
#1644 = VECTOR('',#1645,1.);
#1645 = DIRECTION('',(0.,1.));
#1646 = ( GEOMETRIC_REPRESENTATION_CONTEXT(2) 
PARAMETRIC_REPRESENTATION_CONTEXT() REPRESENTATION_CONTEXT('2D SPACE',''
  ) );
#1647 = ORIENTED_EDGE('',*,*,#1648,.F.);
#1648 = EDGE_CURVE('',#1649,#1626,#1651,.T.);
#1649 = VERTEX_POINT('',#1650);
#1650 = CARTESIAN_POINT('',(-35.8,-29.7,5.6));
#1651 = SURFACE_CURVE('',#1652,(#1656,#1663),.PCURVE_S1.);
#1652 = LINE('',#1653,#1654);
#1653 = CARTESIAN_POINT('',(-35.8,-29.7,5.6));
#1654 = VECTOR('',#1655,1.);
#1655 = DIRECTION('',(0.,0.,1.));
#1656 = PCURVE('',#32,#1657);
#1657 = DEFINITIONAL_REPRESENTATION('',(#1658),#1662);
#1658 = LINE('',#1659,#1660);
#1659 = CARTESIAN_POINT('',(5.6,-10.3));
#1660 = VECTOR('',#1661,1.);
#1661 = DIRECTION('',(1.,0.));
#1662 = ( GEOMETRIC_REPRESENTATION_CONTEXT(2) 
PARAMETRIC_REPRESENTATION_CONTEXT() REPRESENTATION_CONTEXT('2D SPACE',''
  ) );
#1663 = PCURVE('',#1664,#1669);
#1664 = PLANE('',#1665);
#1665 = AXIS2_PLACEMENT_3D('',#1666,#1667,#1668);
#1666 = CARTESIAN_POINT('',(-35.8,-29.7,5.6));
#1667 = DIRECTION('',(-0.,1.,0.));
#1668 = DIRECTION('',(0.,0.,1.));
#1669 = DEFINITIONAL_REPRESENTATION('',(#1670),#1674);
#1670 = LINE('',#1671,#1672);
#1671 = CARTESIAN_POINT('',(0.,0.));
#1672 = VECTOR('',#1673,1.);
#1673 = DIRECTION('',(1.,0.));
#1674 = ( GEOMETRIC_REPRESENTATION_CONTEXT(2) 
PARAMETRIC_REPRESENTATION_CONTEXT() REPRESENTATION_CONTEXT('2D SPACE',''
  ) );
#1675 = ORIENTED_EDGE('',*,*,#1676,.F.);
#1676 = EDGE_CURVE('',#1677,#1649,#1679,.T.);
#1677 = VERTEX_POINT('',#1678);
#1678 = CARTESIAN_POINT('',(-35.8,-30.3,5.6));
#1679 = SURFACE_CURVE('',#1680,(#1684,#1691),.PCURVE_S1.);
#1680 = LINE('',#1681,#1682);
#1681 = CARTESIAN_POINT('',(-35.8,-30.3,5.6));
#1682 = VECTOR('',#1683,1.);
#1683 = DIRECTION('',(-0.,1.,0.));
#1684 = PCURVE('',#32,#1685);
#1685 = DEFINITIONAL_REPRESENTATION('',(#1686),#1690);
#1686 = LINE('',#1687,#1688);
#1687 = CARTESIAN_POINT('',(5.6,-9.7));
#1688 = VECTOR('',#1689,1.);
#1689 = DIRECTION('',(0.,-1.));
#1690 = ( GEOMETRIC_REPRESENTATION_CONTEXT(2) 
PARAMETRIC_REPRESENTATION_CONTEXT() REPRESENTATION_CONTEXT('2D SPACE',''
  ) );
#1691 = PCURVE('',#1692,#1697);
#1692 = PLANE('',#1693);
#1693 = AXIS2_PLACEMENT_3D('',#1694,#1695,#1696);
#1694 = CARTESIAN_POINT('',(-35.8,-30.3,5.6));
#1695 = DIRECTION('',(0.,0.,1.));
#1696 = DIRECTION('',(1.,0.,-0.));
#1697 = DEFINITIONAL_REPRESENTATION('',(#1698),#1702);
#1698 = LINE('',#1699,#1700);
#1699 = CARTESIAN_POINT('',(0.,0.));
#1700 = VECTOR('',#1701,1.);
#1701 = DIRECTION('',(0.,1.));
#1702 = ( GEOMETRIC_REPRESENTATION_CONTEXT(2) 
PARAMETRIC_REPRESENTATION_CONTEXT() REPRESENTATION_CONTEXT('2D SPACE',''
  ) );
#1703 = ORIENTED_EDGE('',*,*,#1704,.T.);
#1704 = EDGE_CURVE('',#1677,#1705,#1707,.T.);
#1705 = VERTEX_POINT('',#1706);
#1706 = CARTESIAN_POINT('',(-35.8,-30.3,6.));
#1707 = SURFACE_CURVE('',#1708,(#1712,#1719),.PCURVE_S1.);
#1708 = LINE('',#1709,#1710);
#1709 = CARTESIAN_POINT('',(-35.8,-30.3,5.6));
#1710 = VECTOR('',#1711,1.);
#1711 = DIRECTION('',(0.,0.,1.));
#1712 = PCURVE('',#32,#1713);
#1713 = DEFINITIONAL_REPRESENTATION('',(#1714),#1718);
#1714 = LINE('',#1715,#1716);
#1715 = CARTESIAN_POINT('',(5.6,-9.7));
#1716 = VECTOR('',#1717,1.);
#1717 = DIRECTION('',(1.,0.));
#1718 = ( GEOMETRIC_REPRESENTATION_CONTEXT(2) 
PARAMETRIC_REPRESENTATION_CONTEXT() REPRESENTATION_CONTEXT('2D SPACE',''
  ) );
#1719 = PCURVE('',#1720,#1725);
#1720 = PLANE('',#1721);
#1721 = AXIS2_PLACEMENT_3D('',#1722,#1723,#1724);
#1722 = CARTESIAN_POINT('',(-35.8,-30.3,5.6));
#1723 = DIRECTION('',(-0.,1.,0.));
#1724 = DIRECTION('',(0.,0.,1.));
#1725 = DEFINITIONAL_REPRESENTATION('',(#1726),#1730);
#1726 = LINE('',#1727,#1728);
#1727 = CARTESIAN_POINT('',(0.,0.));
#1728 = VECTOR('',#1729,1.);
#1729 = DIRECTION('',(1.,0.));
#1730 = ( GEOMETRIC_REPRESENTATION_CONTEXT(2) 
PARAMETRIC_REPRESENTATION_CONTEXT() REPRESENTATION_CONTEXT('2D SPACE',''
  ) );
#1731 = ORIENTED_EDGE('',*,*,#1732,.F.);
#1732 = EDGE_CURVE('',#1733,#1705,#1735,.T.);
#1733 = VERTEX_POINT('',#1734);
#1734 = CARTESIAN_POINT('',(-35.8,-34.7,6.));
#1735 = SURFACE_CURVE('',#1736,(#1740,#1747),.PCURVE_S1.);
#1736 = LINE('',#1737,#1738);
#1737 = CARTESIAN_POINT('',(-35.8,-40.,6.));
#1738 = VECTOR('',#1739,1.);
#1739 = DIRECTION('',(-0.,1.,0.));
#1740 = PCURVE('',#32,#1741);
#1741 = DEFINITIONAL_REPRESENTATION('',(#1742),#1746);
#1742 = LINE('',#1743,#1744);
#1743 = CARTESIAN_POINT('',(6.,0.));
#1744 = VECTOR('',#1745,1.);
#1745 = DIRECTION('',(0.,-1.));
#1746 = ( GEOMETRIC_REPRESENTATION_CONTEXT(2) 
PARAMETRIC_REPRESENTATION_CONTEXT() REPRESENTATION_CONTEXT('2D SPACE',''
  ) );
#1747 = PCURVE('',#1101,#1748);
#1748 = DEFINITIONAL_REPRESENTATION('',(#1749),#1753);
#1749 = LINE('',#1750,#1751);
#1750 = CARTESIAN_POINT('',(0.,0.));
#1751 = VECTOR('',#1752,1.);
#1752 = DIRECTION('',(0.,1.));
#1753 = ( GEOMETRIC_REPRESENTATION_CONTEXT(2) 
PARAMETRIC_REPRESENTATION_CONTEXT() REPRESENTATION_CONTEXT('2D SPACE',''
  ) );
#1754 = ORIENTED_EDGE('',*,*,#1755,.F.);
#1755 = EDGE_CURVE('',#1756,#1733,#1758,.T.);
#1756 = VERTEX_POINT('',#1757);
#1757 = CARTESIAN_POINT('',(-35.8,-34.7,5.6));
#1758 = SURFACE_CURVE('',#1759,(#1763,#1770),.PCURVE_S1.);
#1759 = LINE('',#1760,#1761);
#1760 = CARTESIAN_POINT('',(-35.8,-34.7,5.6));
#1761 = VECTOR('',#1762,1.);
#1762 = DIRECTION('',(0.,0.,1.));
#1763 = PCURVE('',#32,#1764);
#1764 = DEFINITIONAL_REPRESENTATION('',(#1765),#1769);
#1765 = LINE('',#1766,#1767);
#1766 = CARTESIAN_POINT('',(5.6,-5.3));
#1767 = VECTOR('',#1768,1.);
#1768 = DIRECTION('',(1.,0.));
#1769 = ( GEOMETRIC_REPRESENTATION_CONTEXT(2) 
PARAMETRIC_REPRESENTATION_CONTEXT() REPRESENTATION_CONTEXT('2D SPACE',''
  ) );
#1770 = PCURVE('',#1771,#1776);
#1771 = PLANE('',#1772);
#1772 = AXIS2_PLACEMENT_3D('',#1773,#1774,#1775);
#1773 = CARTESIAN_POINT('',(-35.8,-34.7,5.6));
#1774 = DIRECTION('',(-0.,1.,0.));
#1775 = DIRECTION('',(0.,0.,1.));
#1776 = DEFINITIONAL_REPRESENTATION('',(#1777),#1781);
#1777 = LINE('',#1778,#1779);
#1778 = CARTESIAN_POINT('',(0.,0.));
#1779 = VECTOR('',#1780,1.);
#1780 = DIRECTION('',(1.,0.));
#1781 = ( GEOMETRIC_REPRESENTATION_CONTEXT(2) 
PARAMETRIC_REPRESENTATION_CONTEXT() REPRESENTATION_CONTEXT('2D SPACE',''
  ) );
#1782 = ORIENTED_EDGE('',*,*,#1783,.F.);
#1783 = EDGE_CURVE('',#1784,#1756,#1786,.T.);
#1784 = VERTEX_POINT('',#1785);
#1785 = CARTESIAN_POINT('',(-35.8,-35.3,5.6));
#1786 = SURFACE_CURVE('',#1787,(#1791,#1798),.PCURVE_S1.);
#1787 = LINE('',#1788,#1789);
#1788 = CARTESIAN_POINT('',(-35.8,-35.3,5.6));
#1789 = VECTOR('',#1790,1.);
#1790 = DIRECTION('',(-0.,1.,0.));
#1791 = PCURVE('',#32,#1792);
#1792 = DEFINITIONAL_REPRESENTATION('',(#1793),#1797);
#1793 = LINE('',#1794,#1795);
#1794 = CARTESIAN_POINT('',(5.6,-4.7));
#1795 = VECTOR('',#1796,1.);
#1796 = DIRECTION('',(0.,-1.));
#1797 = ( GEOMETRIC_REPRESENTATION_CONTEXT(2) 
PARAMETRIC_REPRESENTATION_CONTEXT() REPRESENTATION_CONTEXT('2D SPACE',''
  ) );
#1798 = PCURVE('',#1799,#1804);
#1799 = PLANE('',#1800);
#1800 = AXIS2_PLACEMENT_3D('',#1801,#1802,#1803);
#1801 = CARTESIAN_POINT('',(-35.8,-35.3,5.6));
#1802 = DIRECTION('',(0.,0.,1.));
#1803 = DIRECTION('',(1.,0.,-0.));
#1804 = DEFINITIONAL_REPRESENTATION('',(#1805),#1809);
#1805 = LINE('',#1806,#1807);
#1806 = CARTESIAN_POINT('',(0.,0.));
#1807 = VECTOR('',#1808,1.);
#1808 = DIRECTION('',(0.,1.));
#1809 = ( GEOMETRIC_REPRESENTATION_CONTEXT(2) 
PARAMETRIC_REPRESENTATION_CONTEXT() REPRESENTATION_CONTEXT('2D SPACE',''
  ) );
#1810 = ORIENTED_EDGE('',*,*,#1811,.T.);
#1811 = EDGE_CURVE('',#1784,#1812,#1814,.T.);
#1812 = VERTEX_POINT('',#1813);
#1813 = CARTESIAN_POINT('',(-35.8,-35.3,6.));
#1814 = SURFACE_CURVE('',#1815,(#1819,#1826),.PCURVE_S1.);
#1815 = LINE('',#1816,#1817);
#1816 = CARTESIAN_POINT('',(-35.8,-35.3,5.6));
#1817 = VECTOR('',#1818,1.);
#1818 = DIRECTION('',(0.,0.,1.));
#1819 = PCURVE('',#32,#1820);
#1820 = DEFINITIONAL_REPRESENTATION('',(#1821),#1825);
#1821 = LINE('',#1822,#1823);
#1822 = CARTESIAN_POINT('',(5.6,-4.7));
#1823 = VECTOR('',#1824,1.);
#1824 = DIRECTION('',(1.,0.));
#1825 = ( GEOMETRIC_REPRESENTATION_CONTEXT(2) 
PARAMETRIC_REPRESENTATION_CONTEXT() REPRESENTATION_CONTEXT('2D SPACE',''
  ) );
#1826 = PCURVE('',#1827,#1832);
#1827 = PLANE('',#1828);
#1828 = AXIS2_PLACEMENT_3D('',#1829,#1830,#1831);
#1829 = CARTESIAN_POINT('',(-35.8,-35.3,5.6));
#1830 = DIRECTION('',(-0.,1.,0.));
#1831 = DIRECTION('',(0.,0.,1.));
#1832 = DEFINITIONAL_REPRESENTATION('',(#1833),#1837);
#1833 = LINE('',#1834,#1835);
#1834 = CARTESIAN_POINT('',(0.,0.));
#1835 = VECTOR('',#1836,1.);
#1836 = DIRECTION('',(1.,0.));
#1837 = ( GEOMETRIC_REPRESENTATION_CONTEXT(2) 
PARAMETRIC_REPRESENTATION_CONTEXT() REPRESENTATION_CONTEXT('2D SPACE',''
  ) );
#1838 = ORIENTED_EDGE('',*,*,#1839,.F.);
#1839 = EDGE_CURVE('',#1840,#1812,#1842,.T.);
#1840 = VERTEX_POINT('',#1841);
#1841 = CARTESIAN_POINT('',(-35.8,-39.7,6.));
#1842 = SURFACE_CURVE('',#1843,(#1847,#1854),.PCURVE_S1.);
#1843 = LINE('',#1844,#1845);
#1844 = CARTESIAN_POINT('',(-35.8,-40.,6.));
#1845 = VECTOR('',#1846,1.);
#1846 = DIRECTION('',(-0.,1.,0.));
#1847 = PCURVE('',#32,#1848);
#1848 = DEFINITIONAL_REPRESENTATION('',(#1849),#1853);
#1849 = LINE('',#1850,#1851);
#1850 = CARTESIAN_POINT('',(6.,0.));
#1851 = VECTOR('',#1852,1.);
#1852 = DIRECTION('',(0.,-1.));
#1853 = ( GEOMETRIC_REPRESENTATION_CONTEXT(2) 
PARAMETRIC_REPRESENTATION_CONTEXT() REPRESENTATION_CONTEXT('2D SPACE',''
  ) );
#1854 = PCURVE('',#1101,#1855);
#1855 = DEFINITIONAL_REPRESENTATION('',(#1856),#1860);
#1856 = LINE('',#1857,#1858);
#1857 = CARTESIAN_POINT('',(0.,0.));
#1858 = VECTOR('',#1859,1.);
#1859 = DIRECTION('',(0.,1.));
#1860 = ( GEOMETRIC_REPRESENTATION_CONTEXT(2) 
PARAMETRIC_REPRESENTATION_CONTEXT() REPRESENTATION_CONTEXT('2D SPACE',''
  ) );
#1861 = ORIENTED_EDGE('',*,*,#1862,.F.);
#1862 = EDGE_CURVE('',#1863,#1840,#1865,.T.);
#1863 = VERTEX_POINT('',#1864);
#1864 = CARTESIAN_POINT('',(-35.8,-39.7,5.6));
#1865 = SURFACE_CURVE('',#1866,(#1870,#1877),.PCURVE_S1.);
#1866 = LINE('',#1867,#1868);
#1867 = CARTESIAN_POINT('',(-35.8,-39.7,5.6));
#1868 = VECTOR('',#1869,1.);
#1869 = DIRECTION('',(0.,0.,1.));
#1870 = PCURVE('',#32,#1871);
#1871 = DEFINITIONAL_REPRESENTATION('',(#1872),#1876);
#1872 = LINE('',#1873,#1874);
#1873 = CARTESIAN_POINT('',(5.6,-0.3));
#1874 = VECTOR('',#1875,1.);
#1875 = DIRECTION('',(1.,0.));
#1876 = ( GEOMETRIC_REPRESENTATION_CONTEXT(2) 
PARAMETRIC_REPRESENTATION_CONTEXT() REPRESENTATION_CONTEXT('2D SPACE',''
  ) );
#1877 = PCURVE('',#1878,#1883);
#1878 = PLANE('',#1879);
#1879 = AXIS2_PLACEMENT_3D('',#1880,#1881,#1882);
#1880 = CARTESIAN_POINT('',(-35.8,-39.7,5.6));
#1881 = DIRECTION('',(-0.,1.,0.));
#1882 = DIRECTION('',(0.,0.,1.));
#1883 = DEFINITIONAL_REPRESENTATION('',(#1884),#1888);
#1884 = LINE('',#1885,#1886);
#1885 = CARTESIAN_POINT('',(0.,0.));
#1886 = VECTOR('',#1887,1.);
#1887 = DIRECTION('',(1.,0.));
#1888 = ( GEOMETRIC_REPRESENTATION_CONTEXT(2) 
PARAMETRIC_REPRESENTATION_CONTEXT() REPRESENTATION_CONTEXT('2D SPACE',''
  ) );
#1889 = ORIENTED_EDGE('',*,*,#1890,.F.);
#1890 = EDGE_CURVE('',#24,#1863,#1891,.T.);
#1891 = SURFACE_CURVE('',#1892,(#1896,#1903),.PCURVE_S1.);
#1892 = LINE('',#1893,#1894);
#1893 = CARTESIAN_POINT('',(-35.8,-40.3,5.6));
#1894 = VECTOR('',#1895,1.);
#1895 = DIRECTION('',(-0.,1.,0.));
#1896 = PCURVE('',#32,#1897);
#1897 = DEFINITIONAL_REPRESENTATION('',(#1898),#1902);
#1898 = LINE('',#1899,#1900);
#1899 = CARTESIAN_POINT('',(5.6,0.3));
#1900 = VECTOR('',#1901,1.);
#1901 = DIRECTION('',(0.,-1.));
#1902 = ( GEOMETRIC_REPRESENTATION_CONTEXT(2) 
PARAMETRIC_REPRESENTATION_CONTEXT() REPRESENTATION_CONTEXT('2D SPACE',''
  ) );
#1903 = PCURVE('',#1904,#1909);
#1904 = PLANE('',#1905);
#1905 = AXIS2_PLACEMENT_3D('',#1906,#1907,#1908);
#1906 = CARTESIAN_POINT('',(-35.8,-40.3,5.6));
#1907 = DIRECTION('',(0.,0.,1.));
#1908 = DIRECTION('',(1.,0.,-0.));
#1909 = DEFINITIONAL_REPRESENTATION('',(#1910),#1914);
#1910 = LINE('',#1911,#1912);
#1911 = CARTESIAN_POINT('',(0.,0.));
#1912 = VECTOR('',#1913,1.);
#1913 = DIRECTION('',(0.,1.));
#1914 = ( GEOMETRIC_REPRESENTATION_CONTEXT(2) 
PARAMETRIC_REPRESENTATION_CONTEXT() REPRESENTATION_CONTEXT('2D SPACE',''
  ) );
#1915 = ADVANCED_FACE('',(#1916),#44,.F.);
#1916 = FACE_BOUND('',#1917,.F.);
#1917 = EDGE_LOOP('',(#1918,#1948,#1969,#1970,#1991,#2017,#2040,#2066));
#1918 = ORIENTED_EDGE('',*,*,#1919,.F.);
#1919 = EDGE_CURVE('',#1920,#1922,#1924,.T.);
#1920 = VERTEX_POINT('',#1921);
#1921 = CARTESIAN_POINT('',(35.8,-40.,4.));
#1922 = VERTEX_POINT('',#1923);
#1923 = CARTESIAN_POINT('',(35.8,-40.,5.6));
#1924 = SURFACE_CURVE('',#1925,(#1929,#1936),.PCURVE_S1.);
#1925 = LINE('',#1926,#1927);
#1926 = CARTESIAN_POINT('',(35.8,-40.,0.));
#1927 = VECTOR('',#1928,1.);
#1928 = DIRECTION('',(0.,0.,1.));
#1929 = PCURVE('',#44,#1930);
#1930 = DEFINITIONAL_REPRESENTATION('',(#1931),#1935);
#1931 = LINE('',#1932,#1933);
#1932 = CARTESIAN_POINT('',(0.,71.6));
#1933 = VECTOR('',#1934,1.);
#1934 = DIRECTION('',(1.,0.));
#1935 = ( GEOMETRIC_REPRESENTATION_CONTEXT(2) 
PARAMETRIC_REPRESENTATION_CONTEXT() REPRESENTATION_CONTEXT('2D SPACE',''
  ) );
#1936 = PCURVE('',#1937,#1942);
#1937 = PLANE('',#1938);
#1938 = AXIS2_PLACEMENT_3D('',#1939,#1940,#1941);
#1939 = CARTESIAN_POINT('',(35.8,-40.,0.));
#1940 = DIRECTION('',(1.,0.,-0.));
#1941 = DIRECTION('',(0.,0.,1.));
#1942 = DEFINITIONAL_REPRESENTATION('',(#1943),#1947);
#1943 = LINE('',#1944,#1945);
#1944 = CARTESIAN_POINT('',(0.,0.));
#1945 = VECTOR('',#1946,1.);
#1946 = DIRECTION('',(1.,0.));
#1947 = ( GEOMETRIC_REPRESENTATION_CONTEXT(2) 
PARAMETRIC_REPRESENTATION_CONTEXT() REPRESENTATION_CONTEXT('2D SPACE',''
  ) );
#1948 = ORIENTED_EDGE('',*,*,#1949,.F.);
#1949 = EDGE_CURVE('',#22,#1920,#1950,.T.);
#1950 = SURFACE_CURVE('',#1951,(#1955,#1962),.PCURVE_S1.);
#1951 = LINE('',#1952,#1953);
#1952 = CARTESIAN_POINT('',(-35.8,-40.,4.));
#1953 = VECTOR('',#1954,1.);
#1954 = DIRECTION('',(1.,0.,-0.));
#1955 = PCURVE('',#44,#1956);
#1956 = DEFINITIONAL_REPRESENTATION('',(#1957),#1961);
#1957 = LINE('',#1958,#1959);
#1958 = CARTESIAN_POINT('',(4.,0.));
#1959 = VECTOR('',#1960,1.);
#1960 = DIRECTION('',(0.,1.));
#1961 = ( GEOMETRIC_REPRESENTATION_CONTEXT(2) 
PARAMETRIC_REPRESENTATION_CONTEXT() REPRESENTATION_CONTEXT('2D SPACE',''
  ) );
#1962 = PCURVE('',#72,#1963);
#1963 = DEFINITIONAL_REPRESENTATION('',(#1964),#1968);
#1964 = LINE('',#1965,#1966);
#1965 = CARTESIAN_POINT('',(0.,12.));
#1966 = VECTOR('',#1967,1.);
#1967 = DIRECTION('',(1.,0.));
#1968 = ( GEOMETRIC_REPRESENTATION_CONTEXT(2) 
PARAMETRIC_REPRESENTATION_CONTEXT() REPRESENTATION_CONTEXT('2D SPACE',''
  ) );
#1969 = ORIENTED_EDGE('',*,*,#21,.T.);
#1970 = ORIENTED_EDGE('',*,*,#1971,.T.);
#1971 = EDGE_CURVE('',#24,#1972,#1974,.T.);
#1972 = VERTEX_POINT('',#1973);
#1973 = CARTESIAN_POINT('',(-32.8,-40.,5.6));
#1974 = SURFACE_CURVE('',#1975,(#1979,#1985),.PCURVE_S1.);
#1975 = LINE('',#1976,#1977);
#1976 = CARTESIAN_POINT('',(-35.8,-40.,5.6));
#1977 = VECTOR('',#1978,1.);
#1978 = DIRECTION('',(1.,0.,-0.));
#1979 = PCURVE('',#44,#1980);
#1980 = DEFINITIONAL_REPRESENTATION('',(#1981),#1984);
#1981 = B_SPLINE_CURVE_WITH_KNOTS('',1,(#1982,#1983),.UNSPECIFIED.,.F.,
  .F.,(2,2),(0.,3.),.PIECEWISE_BEZIER_KNOTS.);
#1982 = CARTESIAN_POINT('',(5.6,0.));
#1983 = CARTESIAN_POINT('',(5.6,3.));
#1984 = ( GEOMETRIC_REPRESENTATION_CONTEXT(2) 
PARAMETRIC_REPRESENTATION_CONTEXT() REPRESENTATION_CONTEXT('2D SPACE',''
  ) );
#1985 = PCURVE('',#1904,#1986);
#1986 = DEFINITIONAL_REPRESENTATION('',(#1987),#1990);
#1987 = B_SPLINE_CURVE_WITH_KNOTS('',1,(#1988,#1989),.UNSPECIFIED.,.F.,
  .F.,(2,2),(0.,3.),.PIECEWISE_BEZIER_KNOTS.);
#1988 = CARTESIAN_POINT('',(0.,0.3));
#1989 = CARTESIAN_POINT('',(3.,0.3));
#1990 = ( GEOMETRIC_REPRESENTATION_CONTEXT(2) 
PARAMETRIC_REPRESENTATION_CONTEXT() REPRESENTATION_CONTEXT('2D SPACE',''
  ) );
#1991 = ORIENTED_EDGE('',*,*,#1992,.F.);
#1992 = EDGE_CURVE('',#1993,#1972,#1995,.T.);
#1993 = VERTEX_POINT('',#1994);
#1994 = CARTESIAN_POINT('',(-32.8,-40.,6.));
#1995 = SURFACE_CURVE('',#1996,(#2000,#2006),.PCURVE_S1.);
#1996 = LINE('',#1997,#1998);
#1997 = CARTESIAN_POINT('',(-32.8,-40.,2.8));
#1998 = VECTOR('',#1999,1.);
#1999 = DIRECTION('',(-0.,0.,-1.));
#2000 = PCURVE('',#44,#2001);
#2001 = DEFINITIONAL_REPRESENTATION('',(#2002),#2005);
#2002 = B_SPLINE_CURVE_WITH_KNOTS('',1,(#2003,#2004),.UNSPECIFIED.,.F.,
  .F.,(2,2),(-3.2,-2.8),.PIECEWISE_BEZIER_KNOTS.);
#2003 = CARTESIAN_POINT('',(6.,3.));
#2004 = CARTESIAN_POINT('',(5.6,3.));
#2005 = ( GEOMETRIC_REPRESENTATION_CONTEXT(2) 
PARAMETRIC_REPRESENTATION_CONTEXT() REPRESENTATION_CONTEXT('2D SPACE',''
  ) );
#2006 = PCURVE('',#2007,#2012);
#2007 = PLANE('',#2008);
#2008 = AXIS2_PLACEMENT_3D('',#2009,#2010,#2011);
#2009 = CARTESIAN_POINT('',(-32.8,-40.3,5.6));
#2010 = DIRECTION('',(1.,0.,-0.));
#2011 = DIRECTION('',(0.,0.,1.));
#2012 = DEFINITIONAL_REPRESENTATION('',(#2013),#2016);
#2013 = B_SPLINE_CURVE_WITH_KNOTS('',1,(#2014,#2015),.UNSPECIFIED.,.F.,
  .F.,(2,2),(-3.2,-2.8),.PIECEWISE_BEZIER_KNOTS.);
#2014 = CARTESIAN_POINT('',(0.4,-0.3));
#2015 = CARTESIAN_POINT('',(0.,-0.3));
#2016 = ( GEOMETRIC_REPRESENTATION_CONTEXT(2) 
PARAMETRIC_REPRESENTATION_CONTEXT() REPRESENTATION_CONTEXT('2D SPACE',''
  ) );
#2017 = ORIENTED_EDGE('',*,*,#2018,.T.);
#2018 = EDGE_CURVE('',#1993,#2019,#2021,.T.);
#2019 = VERTEX_POINT('',#2020);
#2020 = CARTESIAN_POINT('',(32.8,-40.,6.));
#2021 = SURFACE_CURVE('',#2022,(#2026,#2033),.PCURVE_S1.);
#2022 = LINE('',#2023,#2024);
#2023 = CARTESIAN_POINT('',(-35.8,-40.,6.));
#2024 = VECTOR('',#2025,1.);
#2025 = DIRECTION('',(1.,0.,-0.));
#2026 = PCURVE('',#44,#2027);
#2027 = DEFINITIONAL_REPRESENTATION('',(#2028),#2032);
#2028 = LINE('',#2029,#2030);
#2029 = CARTESIAN_POINT('',(6.,0.));
#2030 = VECTOR('',#2031,1.);
#2031 = DIRECTION('',(0.,1.));
#2032 = ( GEOMETRIC_REPRESENTATION_CONTEXT(2) 
PARAMETRIC_REPRESENTATION_CONTEXT() REPRESENTATION_CONTEXT('2D SPACE',''
  ) );
#2033 = PCURVE('',#1101,#2034);
#2034 = DEFINITIONAL_REPRESENTATION('',(#2035),#2039);
#2035 = LINE('',#2036,#2037);
#2036 = CARTESIAN_POINT('',(0.,0.));
#2037 = VECTOR('',#2038,1.);
#2038 = DIRECTION('',(1.,0.));
#2039 = ( GEOMETRIC_REPRESENTATION_CONTEXT(2) 
PARAMETRIC_REPRESENTATION_CONTEXT() REPRESENTATION_CONTEXT('2D SPACE',''
  ) );
#2040 = ORIENTED_EDGE('',*,*,#2041,.T.);
#2041 = EDGE_CURVE('',#2019,#2042,#2044,.T.);
#2042 = VERTEX_POINT('',#2043);
#2043 = CARTESIAN_POINT('',(32.8,-40.,5.6));
#2044 = SURFACE_CURVE('',#2045,(#2049,#2055),.PCURVE_S1.);
#2045 = LINE('',#2046,#2047);
#2046 = CARTESIAN_POINT('',(32.8,-40.,2.8));
#2047 = VECTOR('',#2048,1.);
#2048 = DIRECTION('',(-0.,0.,-1.));
#2049 = PCURVE('',#44,#2050);
#2050 = DEFINITIONAL_REPRESENTATION('',(#2051),#2054);
#2051 = B_SPLINE_CURVE_WITH_KNOTS('',1,(#2052,#2053),.UNSPECIFIED.,.F.,
  .F.,(2,2),(-3.2,-2.8),.PIECEWISE_BEZIER_KNOTS.);
#2052 = CARTESIAN_POINT('',(6.,68.6));
#2053 = CARTESIAN_POINT('',(5.6,68.6));
#2054 = ( GEOMETRIC_REPRESENTATION_CONTEXT(2) 
PARAMETRIC_REPRESENTATION_CONTEXT() REPRESENTATION_CONTEXT('2D SPACE',''
  ) );
#2055 = PCURVE('',#2056,#2061);
#2056 = PLANE('',#2057);
#2057 = AXIS2_PLACEMENT_3D('',#2058,#2059,#2060);
#2058 = CARTESIAN_POINT('',(32.8,-40.3,5.6));
#2059 = DIRECTION('',(1.,0.,-0.));
#2060 = DIRECTION('',(0.,0.,1.));
#2061 = DEFINITIONAL_REPRESENTATION('',(#2062),#2065);
#2062 = B_SPLINE_CURVE_WITH_KNOTS('',1,(#2063,#2064),.UNSPECIFIED.,.F.,
  .F.,(2,2),(-3.2,-2.8),.PIECEWISE_BEZIER_KNOTS.);
#2063 = CARTESIAN_POINT('',(0.4,-0.3));
#2064 = CARTESIAN_POINT('',(0.,-0.3));
#2065 = ( GEOMETRIC_REPRESENTATION_CONTEXT(2) 
PARAMETRIC_REPRESENTATION_CONTEXT() REPRESENTATION_CONTEXT('2D SPACE',''
  ) );
#2066 = ORIENTED_EDGE('',*,*,#2067,.T.);
#2067 = EDGE_CURVE('',#2042,#1922,#2068,.T.);
#2068 = SURFACE_CURVE('',#2069,(#2073,#2079),.PCURVE_S1.);
#2069 = LINE('',#2070,#2071);
#2070 = CARTESIAN_POINT('',(-1.5,-40.,5.6));
#2071 = VECTOR('',#2072,1.);
#2072 = DIRECTION('',(1.,0.,-0.));
#2073 = PCURVE('',#44,#2074);
#2074 = DEFINITIONAL_REPRESENTATION('',(#2075),#2078);
#2075 = B_SPLINE_CURVE_WITH_KNOTS('',1,(#2076,#2077),.UNSPECIFIED.,.F.,
  .F.,(2,2),(34.3,37.3),.PIECEWISE_BEZIER_KNOTS.);
#2076 = CARTESIAN_POINT('',(5.6,68.6));
#2077 = CARTESIAN_POINT('',(5.6,71.6));
#2078 = ( GEOMETRIC_REPRESENTATION_CONTEXT(2) 
PARAMETRIC_REPRESENTATION_CONTEXT() REPRESENTATION_CONTEXT('2D SPACE',''
  ) );
#2079 = PCURVE('',#2080,#2085);
#2080 = PLANE('',#2081);
#2081 = AXIS2_PLACEMENT_3D('',#2082,#2083,#2084);
#2082 = CARTESIAN_POINT('',(32.8,-40.3,5.6));
#2083 = DIRECTION('',(0.,0.,1.));
#2084 = DIRECTION('',(1.,0.,-0.));
#2085 = DEFINITIONAL_REPRESENTATION('',(#2086),#2089);
#2086 = B_SPLINE_CURVE_WITH_KNOTS('',1,(#2087,#2088),.UNSPECIFIED.,.F.,
  .F.,(2,2),(34.3,37.3),.PIECEWISE_BEZIER_KNOTS.);
#2087 = CARTESIAN_POINT('',(0.,0.3));
#2088 = CARTESIAN_POINT('',(3.,0.3));
#2089 = ( GEOMETRIC_REPRESENTATION_CONTEXT(2) 
PARAMETRIC_REPRESENTATION_CONTEXT() REPRESENTATION_CONTEXT('2D SPACE',''
  ) );
#2090 = ADVANCED_FACE('',(#2091),#1904,.T.);
#2091 = FACE_BOUND('',#2092,.T.);
#2092 = EDGE_LOOP('',(#2093,#2094,#2095,#2118));
#2093 = ORIENTED_EDGE('',*,*,#1890,.F.);
#2094 = ORIENTED_EDGE('',*,*,#1971,.T.);
#2095 = ORIENTED_EDGE('',*,*,#2096,.T.);
#2096 = EDGE_CURVE('',#1972,#2097,#2099,.T.);
#2097 = VERTEX_POINT('',#2098);
#2098 = CARTESIAN_POINT('',(-32.8,-39.7,5.6));
#2099 = SURFACE_CURVE('',#2100,(#2104,#2111),.PCURVE_S1.);
#2100 = LINE('',#2101,#2102);
#2101 = CARTESIAN_POINT('',(-32.8,-40.3,5.6));
#2102 = VECTOR('',#2103,1.);
#2103 = DIRECTION('',(-0.,1.,0.));
#2104 = PCURVE('',#1904,#2105);
#2105 = DEFINITIONAL_REPRESENTATION('',(#2106),#2110);
#2106 = LINE('',#2107,#2108);
#2107 = CARTESIAN_POINT('',(3.,0.));
#2108 = VECTOR('',#2109,1.);
#2109 = DIRECTION('',(0.,1.));
#2110 = ( GEOMETRIC_REPRESENTATION_CONTEXT(2) 
PARAMETRIC_REPRESENTATION_CONTEXT() REPRESENTATION_CONTEXT('2D SPACE',''
  ) );
#2111 = PCURVE('',#2007,#2112);
#2112 = DEFINITIONAL_REPRESENTATION('',(#2113),#2117);
#2113 = LINE('',#2114,#2115);
#2114 = CARTESIAN_POINT('',(0.,0.));
#2115 = VECTOR('',#2116,1.);
#2116 = DIRECTION('',(0.,-1.));
#2117 = ( GEOMETRIC_REPRESENTATION_CONTEXT(2) 
PARAMETRIC_REPRESENTATION_CONTEXT() REPRESENTATION_CONTEXT('2D SPACE',''
  ) );
#2118 = ORIENTED_EDGE('',*,*,#2119,.F.);
#2119 = EDGE_CURVE('',#1863,#2097,#2120,.T.);
#2120 = SURFACE_CURVE('',#2121,(#2125,#2132),.PCURVE_S1.);
#2121 = LINE('',#2122,#2123);
#2122 = CARTESIAN_POINT('',(-35.8,-39.7,5.6));
#2123 = VECTOR('',#2124,1.);
#2124 = DIRECTION('',(1.,0.,-0.));
#2125 = PCURVE('',#1904,#2126);
#2126 = DEFINITIONAL_REPRESENTATION('',(#2127),#2131);
#2127 = LINE('',#2128,#2129);
#2128 = CARTESIAN_POINT('',(0.,0.6));
#2129 = VECTOR('',#2130,1.);
#2130 = DIRECTION('',(1.,0.));
#2131 = ( GEOMETRIC_REPRESENTATION_CONTEXT(2) 
PARAMETRIC_REPRESENTATION_CONTEXT() REPRESENTATION_CONTEXT('2D SPACE',''
  ) );
#2132 = PCURVE('',#1878,#2133);
#2133 = DEFINITIONAL_REPRESENTATION('',(#2134),#2138);
#2134 = LINE('',#2135,#2136);
#2135 = CARTESIAN_POINT('',(0.,0.));
#2136 = VECTOR('',#2137,1.);
#2137 = DIRECTION('',(0.,1.));
#2138 = ( GEOMETRIC_REPRESENTATION_CONTEXT(2) 
PARAMETRIC_REPRESENTATION_CONTEXT() REPRESENTATION_CONTEXT('2D SPACE',''
  ) );
#2139 = ADVANCED_FACE('',(#2140),#1878,.F.);
#2140 = FACE_BOUND('',#2141,.F.);
#2141 = EDGE_LOOP('',(#2142,#2165,#2166,#2167));
#2142 = ORIENTED_EDGE('',*,*,#2143,.F.);
#2143 = EDGE_CURVE('',#2097,#2144,#2146,.T.);
#2144 = VERTEX_POINT('',#2145);
#2145 = CARTESIAN_POINT('',(-32.8,-39.7,6.));
#2146 = SURFACE_CURVE('',#2147,(#2151,#2158),.PCURVE_S1.);
#2147 = LINE('',#2148,#2149);
#2148 = CARTESIAN_POINT('',(-32.8,-39.7,5.6));
#2149 = VECTOR('',#2150,1.);
#2150 = DIRECTION('',(0.,0.,1.));
#2151 = PCURVE('',#1878,#2152);
#2152 = DEFINITIONAL_REPRESENTATION('',(#2153),#2157);
#2153 = LINE('',#2154,#2155);
#2154 = CARTESIAN_POINT('',(0.,3.));
#2155 = VECTOR('',#2156,1.);
#2156 = DIRECTION('',(1.,0.));
#2157 = ( GEOMETRIC_REPRESENTATION_CONTEXT(2) 
PARAMETRIC_REPRESENTATION_CONTEXT() REPRESENTATION_CONTEXT('2D SPACE',''
  ) );
#2158 = PCURVE('',#2007,#2159);
#2159 = DEFINITIONAL_REPRESENTATION('',(#2160),#2164);
#2160 = LINE('',#2161,#2162);
#2161 = CARTESIAN_POINT('',(0.,-0.6));
#2162 = VECTOR('',#2163,1.);
#2163 = DIRECTION('',(1.,0.));
#2164 = ( GEOMETRIC_REPRESENTATION_CONTEXT(2) 
PARAMETRIC_REPRESENTATION_CONTEXT() REPRESENTATION_CONTEXT('2D SPACE',''
  ) );
#2165 = ORIENTED_EDGE('',*,*,#2119,.F.);
#2166 = ORIENTED_EDGE('',*,*,#1862,.T.);
#2167 = ORIENTED_EDGE('',*,*,#2168,.F.);
#2168 = EDGE_CURVE('',#2144,#1840,#2169,.T.);
#2169 = SURFACE_CURVE('',#2170,(#2174,#2180),.PCURVE_S1.);
#2170 = LINE('',#2171,#2172);
#2171 = CARTESIAN_POINT('',(-35.8,-39.7,6.));
#2172 = VECTOR('',#2173,1.);
#2173 = DIRECTION('',(-1.,-0.,0.));
#2174 = PCURVE('',#1878,#2175);
#2175 = DEFINITIONAL_REPRESENTATION('',(#2176),#2179);
#2176 = B_SPLINE_CURVE_WITH_KNOTS('',1,(#2177,#2178),.UNSPECIFIED.,.F.,
  .F.,(2,2),(-3.,0.),.PIECEWISE_BEZIER_KNOTS.);
#2177 = CARTESIAN_POINT('',(0.4,3.));
#2178 = CARTESIAN_POINT('',(0.4,0.));
#2179 = ( GEOMETRIC_REPRESENTATION_CONTEXT(2) 
PARAMETRIC_REPRESENTATION_CONTEXT() REPRESENTATION_CONTEXT('2D SPACE',''
  ) );
#2180 = PCURVE('',#1101,#2181);
#2181 = DEFINITIONAL_REPRESENTATION('',(#2182),#2185);
#2182 = B_SPLINE_CURVE_WITH_KNOTS('',1,(#2183,#2184),.UNSPECIFIED.,.F.,
  .F.,(2,2),(-3.,0.),.PIECEWISE_BEZIER_KNOTS.);
#2183 = CARTESIAN_POINT('',(3.,0.3));
#2184 = CARTESIAN_POINT('',(0.,0.3));
#2185 = ( GEOMETRIC_REPRESENTATION_CONTEXT(2) 
PARAMETRIC_REPRESENTATION_CONTEXT() REPRESENTATION_CONTEXT('2D SPACE',''
  ) );
#2186 = ADVANCED_FACE('',(#2187),#1101,.T.);
#2187 = FACE_BOUND('',#2188,.T.);
#2188 = EDGE_LOOP('',(#2189,#2190,#2191,#2210,#2211,#2232,#2258,#2281,
    #2307,#2333,#2359,#2382,#2408,#2434,#2460,#2483,#2509,#2535,#2561,
    #2584,#2610,#2636,#2662,#2685,#2711,#2737,#2763,#2786,#2812,#2838,
    #2864,#2887,#2913,#2939,#2965,#2988,#3016,#3045,#3071,#3097,#3123,
    #3149,#3175,#3196,#3222,#3246,#3267,#3268,#3289,#3315,#3334,#3335,
    #3356,#3382,#3401,#3402,#3423,#3449,#3468,#3469,#3490,#3516,#3535,
    #3536,#3557,#3583,#3602,#3603,#3624,#3650,#3669,#3670,#3691,#3717));
#2189 = ORIENTED_EDGE('',*,*,#1839,.F.);
#2190 = ORIENTED_EDGE('',*,*,#2168,.F.);
#2191 = ORIENTED_EDGE('',*,*,#2192,.F.);
#2192 = EDGE_CURVE('',#1993,#2144,#2193,.T.);
#2193 = SURFACE_CURVE('',#2194,(#2198,#2204),.PCURVE_S1.);
#2194 = LINE('',#2195,#2196);
#2195 = CARTESIAN_POINT('',(-32.8,-40.15,6.));
#2196 = VECTOR('',#2197,1.);
#2197 = DIRECTION('',(-0.,1.,0.));
#2198 = PCURVE('',#1101,#2199);
#2199 = DEFINITIONAL_REPRESENTATION('',(#2200),#2203);
#2200 = B_SPLINE_CURVE_WITH_KNOTS('',1,(#2201,#2202),.UNSPECIFIED.,.F.,
  .F.,(2,2),(0.15,0.45),.PIECEWISE_BEZIER_KNOTS.);
#2201 = CARTESIAN_POINT('',(3.,0.));
#2202 = CARTESIAN_POINT('',(3.,0.3));
#2203 = ( GEOMETRIC_REPRESENTATION_CONTEXT(2) 
PARAMETRIC_REPRESENTATION_CONTEXT() REPRESENTATION_CONTEXT('2D SPACE',''
  ) );
#2204 = PCURVE('',#2007,#2205);
#2205 = DEFINITIONAL_REPRESENTATION('',(#2206),#2209);
#2206 = B_SPLINE_CURVE_WITH_KNOTS('',1,(#2207,#2208),.UNSPECIFIED.,.F.,
  .F.,(2,2),(0.15,0.45),.PIECEWISE_BEZIER_KNOTS.);
#2207 = CARTESIAN_POINT('',(0.4,-0.3));
#2208 = CARTESIAN_POINT('',(0.4,-0.6));
#2209 = ( GEOMETRIC_REPRESENTATION_CONTEXT(2) 
PARAMETRIC_REPRESENTATION_CONTEXT() REPRESENTATION_CONTEXT('2D SPACE',''
  ) );
#2210 = ORIENTED_EDGE('',*,*,#2018,.T.);
#2211 = ORIENTED_EDGE('',*,*,#2212,.T.);
#2212 = EDGE_CURVE('',#2019,#2213,#2215,.T.);
#2213 = VERTEX_POINT('',#2214);
#2214 = CARTESIAN_POINT('',(32.8,-39.7,6.));
#2215 = SURFACE_CURVE('',#2216,(#2220,#2226),.PCURVE_S1.);
#2216 = LINE('',#2217,#2218);
#2217 = CARTESIAN_POINT('',(32.8,-40.15,6.));
#2218 = VECTOR('',#2219,1.);
#2219 = DIRECTION('',(-0.,1.,0.));
#2220 = PCURVE('',#1101,#2221);
#2221 = DEFINITIONAL_REPRESENTATION('',(#2222),#2225);
#2222 = B_SPLINE_CURVE_WITH_KNOTS('',1,(#2223,#2224),.UNSPECIFIED.,.F.,
  .F.,(2,2),(0.15,0.45),.PIECEWISE_BEZIER_KNOTS.);
#2223 = CARTESIAN_POINT('',(68.6,0.));
#2224 = CARTESIAN_POINT('',(68.6,0.3));
#2225 = ( GEOMETRIC_REPRESENTATION_CONTEXT(2) 
PARAMETRIC_REPRESENTATION_CONTEXT() REPRESENTATION_CONTEXT('2D SPACE',''
  ) );
#2226 = PCURVE('',#2056,#2227);
#2227 = DEFINITIONAL_REPRESENTATION('',(#2228),#2231);
#2228 = B_SPLINE_CURVE_WITH_KNOTS('',1,(#2229,#2230),.UNSPECIFIED.,.F.,
  .F.,(2,2),(0.15,0.45),.PIECEWISE_BEZIER_KNOTS.);
#2229 = CARTESIAN_POINT('',(0.4,-0.3));
#2230 = CARTESIAN_POINT('',(0.4,-0.6));
#2231 = ( GEOMETRIC_REPRESENTATION_CONTEXT(2) 
PARAMETRIC_REPRESENTATION_CONTEXT() REPRESENTATION_CONTEXT('2D SPACE',''
  ) );
#2232 = ORIENTED_EDGE('',*,*,#2233,.F.);
#2233 = EDGE_CURVE('',#2234,#2213,#2236,.T.);
#2234 = VERTEX_POINT('',#2235);
#2235 = CARTESIAN_POINT('',(35.8,-39.7,6.));
#2236 = SURFACE_CURVE('',#2237,(#2241,#2247),.PCURVE_S1.);
#2237 = LINE('',#2238,#2239);
#2238 = CARTESIAN_POINT('',(-1.5,-39.7,6.));
#2239 = VECTOR('',#2240,1.);
#2240 = DIRECTION('',(-1.,-0.,0.));
#2241 = PCURVE('',#1101,#2242);
#2242 = DEFINITIONAL_REPRESENTATION('',(#2243),#2246);
#2243 = B_SPLINE_CURVE_WITH_KNOTS('',1,(#2244,#2245),.UNSPECIFIED.,.F.,
  .F.,(2,2),(-37.3,-34.3),.PIECEWISE_BEZIER_KNOTS.);
#2244 = CARTESIAN_POINT('',(71.6,0.3));
#2245 = CARTESIAN_POINT('',(68.6,0.3));
#2246 = ( GEOMETRIC_REPRESENTATION_CONTEXT(2) 
PARAMETRIC_REPRESENTATION_CONTEXT() REPRESENTATION_CONTEXT('2D SPACE',''
  ) );
#2247 = PCURVE('',#2248,#2253);
#2248 = PLANE('',#2249);
#2249 = AXIS2_PLACEMENT_3D('',#2250,#2251,#2252);
#2250 = CARTESIAN_POINT('',(32.8,-39.7,5.6));
#2251 = DIRECTION('',(-0.,1.,0.));
#2252 = DIRECTION('',(0.,0.,1.));
#2253 = DEFINITIONAL_REPRESENTATION('',(#2254),#2257);
#2254 = B_SPLINE_CURVE_WITH_KNOTS('',1,(#2255,#2256),.UNSPECIFIED.,.F.,
  .F.,(2,2),(-37.3,-34.3),.PIECEWISE_BEZIER_KNOTS.);
#2255 = CARTESIAN_POINT('',(0.4,3.));
#2256 = CARTESIAN_POINT('',(0.4,0.));
#2257 = ( GEOMETRIC_REPRESENTATION_CONTEXT(2) 
PARAMETRIC_REPRESENTATION_CONTEXT() REPRESENTATION_CONTEXT('2D SPACE',''
  ) );
#2258 = ORIENTED_EDGE('',*,*,#2259,.T.);
#2259 = EDGE_CURVE('',#2234,#2260,#2262,.T.);
#2260 = VERTEX_POINT('',#2261);
#2261 = CARTESIAN_POINT('',(35.8,-35.3,6.));
#2262 = SURFACE_CURVE('',#2263,(#2267,#2274),.PCURVE_S1.);
#2263 = LINE('',#2264,#2265);
#2264 = CARTESIAN_POINT('',(35.8,-40.,6.));
#2265 = VECTOR('',#2266,1.);
#2266 = DIRECTION('',(-0.,1.,0.));
#2267 = PCURVE('',#1101,#2268);
#2268 = DEFINITIONAL_REPRESENTATION('',(#2269),#2273);
#2269 = LINE('',#2270,#2271);
#2270 = CARTESIAN_POINT('',(71.6,0.));
#2271 = VECTOR('',#2272,1.);
#2272 = DIRECTION('',(0.,1.));
#2273 = ( GEOMETRIC_REPRESENTATION_CONTEXT(2) 
PARAMETRIC_REPRESENTATION_CONTEXT() REPRESENTATION_CONTEXT('2D SPACE',''
  ) );
#2274 = PCURVE('',#1937,#2275);
#2275 = DEFINITIONAL_REPRESENTATION('',(#2276),#2280);
#2276 = LINE('',#2277,#2278);
#2277 = CARTESIAN_POINT('',(6.,0.));
#2278 = VECTOR('',#2279,1.);
#2279 = DIRECTION('',(0.,-1.));
#2280 = ( GEOMETRIC_REPRESENTATION_CONTEXT(2) 
PARAMETRIC_REPRESENTATION_CONTEXT() REPRESENTATION_CONTEXT('2D SPACE',''
  ) );
#2281 = ORIENTED_EDGE('',*,*,#2282,.T.);
#2282 = EDGE_CURVE('',#2260,#2283,#2285,.T.);
#2283 = VERTEX_POINT('',#2284);
#2284 = CARTESIAN_POINT('',(34.3,-35.3,6.));
#2285 = SURFACE_CURVE('',#2286,(#2290,#2296),.PCURVE_S1.);
#2286 = LINE('',#2287,#2288);
#2287 = CARTESIAN_POINT('',(-0.75,-35.3,6.));
#2288 = VECTOR('',#2289,1.);
#2289 = DIRECTION('',(-1.,-0.,0.));
#2290 = PCURVE('',#1101,#2291);
#2291 = DEFINITIONAL_REPRESENTATION('',(#2292),#2295);
#2292 = B_SPLINE_CURVE_WITH_KNOTS('',1,(#2293,#2294),.UNSPECIFIED.,.F.,
  .F.,(2,2),(-36.55,-35.05),.PIECEWISE_BEZIER_KNOTS.);
#2293 = CARTESIAN_POINT('',(71.6,4.7));
#2294 = CARTESIAN_POINT('',(70.1,4.7));
#2295 = ( GEOMETRIC_REPRESENTATION_CONTEXT(2) 
PARAMETRIC_REPRESENTATION_CONTEXT() REPRESENTATION_CONTEXT('2D SPACE',''
  ) );
#2296 = PCURVE('',#2297,#2302);
#2297 = PLANE('',#2298);
#2298 = AXIS2_PLACEMENT_3D('',#2299,#2300,#2301);
#2299 = CARTESIAN_POINT('',(34.3,-35.3,5.6));
#2300 = DIRECTION('',(-0.,1.,0.));
#2301 = DIRECTION('',(0.,0.,1.));
#2302 = DEFINITIONAL_REPRESENTATION('',(#2303),#2306);
#2303 = B_SPLINE_CURVE_WITH_KNOTS('',1,(#2304,#2305),.UNSPECIFIED.,.F.,
  .F.,(2,2),(-36.55,-35.05),.PIECEWISE_BEZIER_KNOTS.);
#2304 = CARTESIAN_POINT('',(0.4,1.5));
#2305 = CARTESIAN_POINT('',(0.4,0.));
#2306 = ( GEOMETRIC_REPRESENTATION_CONTEXT(2) 
PARAMETRIC_REPRESENTATION_CONTEXT() REPRESENTATION_CONTEXT('2D SPACE',''
  ) );
#2307 = ORIENTED_EDGE('',*,*,#2308,.T.);
#2308 = EDGE_CURVE('',#2283,#2309,#2311,.T.);
#2309 = VERTEX_POINT('',#2310);
#2310 = CARTESIAN_POINT('',(34.3,-34.7,6.));
#2311 = SURFACE_CURVE('',#2312,(#2316,#2322),.PCURVE_S1.);
#2312 = LINE('',#2313,#2314);
#2313 = CARTESIAN_POINT('',(34.3,-37.65,6.));
#2314 = VECTOR('',#2315,1.);
#2315 = DIRECTION('',(-0.,1.,0.));
#2316 = PCURVE('',#1101,#2317);
#2317 = DEFINITIONAL_REPRESENTATION('',(#2318),#2321);
#2318 = B_SPLINE_CURVE_WITH_KNOTS('',1,(#2319,#2320),.UNSPECIFIED.,.F.,
  .F.,(2,2),(2.35,2.95),.PIECEWISE_BEZIER_KNOTS.);
#2319 = CARTESIAN_POINT('',(70.1,4.7));
#2320 = CARTESIAN_POINT('',(70.1,5.3));
#2321 = ( GEOMETRIC_REPRESENTATION_CONTEXT(2) 
PARAMETRIC_REPRESENTATION_CONTEXT() REPRESENTATION_CONTEXT('2D SPACE',''
  ) );
#2322 = PCURVE('',#2323,#2328);
#2323 = PLANE('',#2324);
#2324 = AXIS2_PLACEMENT_3D('',#2325,#2326,#2327);
#2325 = CARTESIAN_POINT('',(34.3,-35.3,5.6));
#2326 = DIRECTION('',(1.,0.,-0.));
#2327 = DIRECTION('',(0.,0.,1.));
#2328 = DEFINITIONAL_REPRESENTATION('',(#2329),#2332);
#2329 = B_SPLINE_CURVE_WITH_KNOTS('',1,(#2330,#2331),.UNSPECIFIED.,.F.,
  .F.,(2,2),(2.35,2.95),.PIECEWISE_BEZIER_KNOTS.);
#2330 = CARTESIAN_POINT('',(0.4,0.));
#2331 = CARTESIAN_POINT('',(0.4,-0.6));
#2332 = ( GEOMETRIC_REPRESENTATION_CONTEXT(2) 
PARAMETRIC_REPRESENTATION_CONTEXT() REPRESENTATION_CONTEXT('2D SPACE',''
  ) );
#2333 = ORIENTED_EDGE('',*,*,#2334,.F.);
#2334 = EDGE_CURVE('',#2335,#2309,#2337,.T.);
#2335 = VERTEX_POINT('',#2336);
#2336 = CARTESIAN_POINT('',(35.8,-34.7,6.));
#2337 = SURFACE_CURVE('',#2338,(#2342,#2348),.PCURVE_S1.);
#2338 = LINE('',#2339,#2340);
#2339 = CARTESIAN_POINT('',(-0.75,-34.7,6.));
#2340 = VECTOR('',#2341,1.);
#2341 = DIRECTION('',(-1.,-0.,0.));
#2342 = PCURVE('',#1101,#2343);
#2343 = DEFINITIONAL_REPRESENTATION('',(#2344),#2347);
#2344 = B_SPLINE_CURVE_WITH_KNOTS('',1,(#2345,#2346),.UNSPECIFIED.,.F.,
  .F.,(2,2),(-36.55,-35.05),.PIECEWISE_BEZIER_KNOTS.);
#2345 = CARTESIAN_POINT('',(71.6,5.3));
#2346 = CARTESIAN_POINT('',(70.1,5.3));
#2347 = ( GEOMETRIC_REPRESENTATION_CONTEXT(2) 
PARAMETRIC_REPRESENTATION_CONTEXT() REPRESENTATION_CONTEXT('2D SPACE',''
  ) );
#2348 = PCURVE('',#2349,#2354);
#2349 = PLANE('',#2350);
#2350 = AXIS2_PLACEMENT_3D('',#2351,#2352,#2353);
#2351 = CARTESIAN_POINT('',(34.3,-34.7,5.6));
#2352 = DIRECTION('',(-0.,1.,0.));
#2353 = DIRECTION('',(0.,0.,1.));
#2354 = DEFINITIONAL_REPRESENTATION('',(#2355),#2358);
#2355 = B_SPLINE_CURVE_WITH_KNOTS('',1,(#2356,#2357),.UNSPECIFIED.,.F.,
  .F.,(2,2),(-36.55,-35.05),.PIECEWISE_BEZIER_KNOTS.);
#2356 = CARTESIAN_POINT('',(0.4,1.5));
#2357 = CARTESIAN_POINT('',(0.4,0.));
#2358 = ( GEOMETRIC_REPRESENTATION_CONTEXT(2) 
PARAMETRIC_REPRESENTATION_CONTEXT() REPRESENTATION_CONTEXT('2D SPACE',''
  ) );
#2359 = ORIENTED_EDGE('',*,*,#2360,.T.);
#2360 = EDGE_CURVE('',#2335,#2361,#2363,.T.);
#2361 = VERTEX_POINT('',#2362);
#2362 = CARTESIAN_POINT('',(35.8,-30.3,6.));
#2363 = SURFACE_CURVE('',#2364,(#2368,#2375),.PCURVE_S1.);
#2364 = LINE('',#2365,#2366);
#2365 = CARTESIAN_POINT('',(35.8,-40.,6.));
#2366 = VECTOR('',#2367,1.);
#2367 = DIRECTION('',(-0.,1.,0.));
#2368 = PCURVE('',#1101,#2369);
#2369 = DEFINITIONAL_REPRESENTATION('',(#2370),#2374);
#2370 = LINE('',#2371,#2372);
#2371 = CARTESIAN_POINT('',(71.6,0.));
#2372 = VECTOR('',#2373,1.);
#2373 = DIRECTION('',(0.,1.));
#2374 = ( GEOMETRIC_REPRESENTATION_CONTEXT(2) 
PARAMETRIC_REPRESENTATION_CONTEXT() REPRESENTATION_CONTEXT('2D SPACE',''
  ) );
#2375 = PCURVE('',#1937,#2376);
#2376 = DEFINITIONAL_REPRESENTATION('',(#2377),#2381);
#2377 = LINE('',#2378,#2379);
#2378 = CARTESIAN_POINT('',(6.,0.));
#2379 = VECTOR('',#2380,1.);
#2380 = DIRECTION('',(0.,-1.));
#2381 = ( GEOMETRIC_REPRESENTATION_CONTEXT(2) 
PARAMETRIC_REPRESENTATION_CONTEXT() REPRESENTATION_CONTEXT('2D SPACE',''
  ) );
#2382 = ORIENTED_EDGE('',*,*,#2383,.T.);
#2383 = EDGE_CURVE('',#2361,#2384,#2386,.T.);
#2384 = VERTEX_POINT('',#2385);
#2385 = CARTESIAN_POINT('',(32.8,-30.3,6.));
#2386 = SURFACE_CURVE('',#2387,(#2391,#2397),.PCURVE_S1.);
#2387 = LINE('',#2388,#2389);
#2388 = CARTESIAN_POINT('',(-1.5,-30.3,6.));
#2389 = VECTOR('',#2390,1.);
#2390 = DIRECTION('',(-1.,-0.,0.));
#2391 = PCURVE('',#1101,#2392);
#2392 = DEFINITIONAL_REPRESENTATION('',(#2393),#2396);
#2393 = B_SPLINE_CURVE_WITH_KNOTS('',1,(#2394,#2395),.UNSPECIFIED.,.F.,
  .F.,(2,2),(-37.3,-34.3),.PIECEWISE_BEZIER_KNOTS.);
#2394 = CARTESIAN_POINT('',(71.6,9.7));
#2395 = CARTESIAN_POINT('',(68.6,9.7));
#2396 = ( GEOMETRIC_REPRESENTATION_CONTEXT(2) 
PARAMETRIC_REPRESENTATION_CONTEXT() REPRESENTATION_CONTEXT('2D SPACE',''
  ) );
#2397 = PCURVE('',#2398,#2403);
#2398 = PLANE('',#2399);
#2399 = AXIS2_PLACEMENT_3D('',#2400,#2401,#2402);
#2400 = CARTESIAN_POINT('',(32.8,-30.3,5.6));
#2401 = DIRECTION('',(-0.,1.,0.));
#2402 = DIRECTION('',(0.,0.,1.));
#2403 = DEFINITIONAL_REPRESENTATION('',(#2404),#2407);
#2404 = B_SPLINE_CURVE_WITH_KNOTS('',1,(#2405,#2406),.UNSPECIFIED.,.F.,
  .F.,(2,2),(-37.3,-34.3),.PIECEWISE_BEZIER_KNOTS.);
#2405 = CARTESIAN_POINT('',(0.4,3.));
#2406 = CARTESIAN_POINT('',(0.4,0.));
#2407 = ( GEOMETRIC_REPRESENTATION_CONTEXT(2) 
PARAMETRIC_REPRESENTATION_CONTEXT() REPRESENTATION_CONTEXT('2D SPACE',''
  ) );
#2408 = ORIENTED_EDGE('',*,*,#2409,.T.);
#2409 = EDGE_CURVE('',#2384,#2410,#2412,.T.);
#2410 = VERTEX_POINT('',#2411);
#2411 = CARTESIAN_POINT('',(32.8,-29.7,6.));
#2412 = SURFACE_CURVE('',#2413,(#2417,#2423),.PCURVE_S1.);
#2413 = LINE('',#2414,#2415);
#2414 = CARTESIAN_POINT('',(32.8,-35.15,6.));
#2415 = VECTOR('',#2416,1.);
#2416 = DIRECTION('',(-0.,1.,0.));
#2417 = PCURVE('',#1101,#2418);
#2418 = DEFINITIONAL_REPRESENTATION('',(#2419),#2422);
#2419 = B_SPLINE_CURVE_WITH_KNOTS('',1,(#2420,#2421),.UNSPECIFIED.,.F.,
  .F.,(2,2),(4.85,5.45),.PIECEWISE_BEZIER_KNOTS.);
#2420 = CARTESIAN_POINT('',(68.6,9.7));
#2421 = CARTESIAN_POINT('',(68.6,10.3));
#2422 = ( GEOMETRIC_REPRESENTATION_CONTEXT(2) 
PARAMETRIC_REPRESENTATION_CONTEXT() REPRESENTATION_CONTEXT('2D SPACE',''
  ) );
#2423 = PCURVE('',#2424,#2429);
#2424 = PLANE('',#2425);
#2425 = AXIS2_PLACEMENT_3D('',#2426,#2427,#2428);
#2426 = CARTESIAN_POINT('',(32.8,-30.3,5.6));
#2427 = DIRECTION('',(1.,0.,-0.));
#2428 = DIRECTION('',(0.,0.,1.));
#2429 = DEFINITIONAL_REPRESENTATION('',(#2430),#2433);
#2430 = B_SPLINE_CURVE_WITH_KNOTS('',1,(#2431,#2432),.UNSPECIFIED.,.F.,
  .F.,(2,2),(4.85,5.45),.PIECEWISE_BEZIER_KNOTS.);
#2431 = CARTESIAN_POINT('',(0.4,0.));
#2432 = CARTESIAN_POINT('',(0.4,-0.6));
#2433 = ( GEOMETRIC_REPRESENTATION_CONTEXT(2) 
PARAMETRIC_REPRESENTATION_CONTEXT() REPRESENTATION_CONTEXT('2D SPACE',''
  ) );
#2434 = ORIENTED_EDGE('',*,*,#2435,.F.);
#2435 = EDGE_CURVE('',#2436,#2410,#2438,.T.);
#2436 = VERTEX_POINT('',#2437);
#2437 = CARTESIAN_POINT('',(35.8,-29.7,6.));
#2438 = SURFACE_CURVE('',#2439,(#2443,#2449),.PCURVE_S1.);
#2439 = LINE('',#2440,#2441);
#2440 = CARTESIAN_POINT('',(-1.5,-29.7,6.));
#2441 = VECTOR('',#2442,1.);
#2442 = DIRECTION('',(-1.,-0.,0.));
#2443 = PCURVE('',#1101,#2444);
#2444 = DEFINITIONAL_REPRESENTATION('',(#2445),#2448);
#2445 = B_SPLINE_CURVE_WITH_KNOTS('',1,(#2446,#2447),.UNSPECIFIED.,.F.,
  .F.,(2,2),(-37.3,-34.3),.PIECEWISE_BEZIER_KNOTS.);
#2446 = CARTESIAN_POINT('',(71.6,10.3));
#2447 = CARTESIAN_POINT('',(68.6,10.3));
#2448 = ( GEOMETRIC_REPRESENTATION_CONTEXT(2) 
PARAMETRIC_REPRESENTATION_CONTEXT() REPRESENTATION_CONTEXT('2D SPACE',''
  ) );
#2449 = PCURVE('',#2450,#2455);
#2450 = PLANE('',#2451);
#2451 = AXIS2_PLACEMENT_3D('',#2452,#2453,#2454);
#2452 = CARTESIAN_POINT('',(32.8,-29.7,5.6));
#2453 = DIRECTION('',(-0.,1.,0.));
#2454 = DIRECTION('',(0.,0.,1.));
#2455 = DEFINITIONAL_REPRESENTATION('',(#2456),#2459);
#2456 = B_SPLINE_CURVE_WITH_KNOTS('',1,(#2457,#2458),.UNSPECIFIED.,.F.,
  .F.,(2,2),(-37.3,-34.3),.PIECEWISE_BEZIER_KNOTS.);
#2457 = CARTESIAN_POINT('',(0.4,3.));
#2458 = CARTESIAN_POINT('',(0.4,0.));
#2459 = ( GEOMETRIC_REPRESENTATION_CONTEXT(2) 
PARAMETRIC_REPRESENTATION_CONTEXT() REPRESENTATION_CONTEXT('2D SPACE',''
  ) );
#2460 = ORIENTED_EDGE('',*,*,#2461,.T.);
#2461 = EDGE_CURVE('',#2436,#2462,#2464,.T.);
#2462 = VERTEX_POINT('',#2463);
#2463 = CARTESIAN_POINT('',(35.8,-25.3,6.));
#2464 = SURFACE_CURVE('',#2465,(#2469,#2476),.PCURVE_S1.);
#2465 = LINE('',#2466,#2467);
#2466 = CARTESIAN_POINT('',(35.8,-40.,6.));
#2467 = VECTOR('',#2468,1.);
#2468 = DIRECTION('',(-0.,1.,0.));
#2469 = PCURVE('',#1101,#2470);
#2470 = DEFINITIONAL_REPRESENTATION('',(#2471),#2475);
#2471 = LINE('',#2472,#2473);
#2472 = CARTESIAN_POINT('',(71.6,0.));
#2473 = VECTOR('',#2474,1.);
#2474 = DIRECTION('',(0.,1.));
#2475 = ( GEOMETRIC_REPRESENTATION_CONTEXT(2) 
PARAMETRIC_REPRESENTATION_CONTEXT() REPRESENTATION_CONTEXT('2D SPACE',''
  ) );
#2476 = PCURVE('',#1937,#2477);
#2477 = DEFINITIONAL_REPRESENTATION('',(#2478),#2482);
#2478 = LINE('',#2479,#2480);
#2479 = CARTESIAN_POINT('',(6.,0.));
#2480 = VECTOR('',#2481,1.);
#2481 = DIRECTION('',(0.,-1.));
#2482 = ( GEOMETRIC_REPRESENTATION_CONTEXT(2) 
PARAMETRIC_REPRESENTATION_CONTEXT() REPRESENTATION_CONTEXT('2D SPACE',''
  ) );
#2483 = ORIENTED_EDGE('',*,*,#2484,.T.);
#2484 = EDGE_CURVE('',#2462,#2485,#2487,.T.);
#2485 = VERTEX_POINT('',#2486);
#2486 = CARTESIAN_POINT('',(34.3,-25.3,6.));
#2487 = SURFACE_CURVE('',#2488,(#2492,#2498),.PCURVE_S1.);
#2488 = LINE('',#2489,#2490);
#2489 = CARTESIAN_POINT('',(-0.75,-25.3,6.));
#2490 = VECTOR('',#2491,1.);
#2491 = DIRECTION('',(-1.,-0.,0.));
#2492 = PCURVE('',#1101,#2493);
#2493 = DEFINITIONAL_REPRESENTATION('',(#2494),#2497);
#2494 = B_SPLINE_CURVE_WITH_KNOTS('',1,(#2495,#2496),.UNSPECIFIED.,.F.,
  .F.,(2,2),(-36.55,-35.05),.PIECEWISE_BEZIER_KNOTS.);
#2495 = CARTESIAN_POINT('',(71.6,14.7));
#2496 = CARTESIAN_POINT('',(70.1,14.7));
#2497 = ( GEOMETRIC_REPRESENTATION_CONTEXT(2) 
PARAMETRIC_REPRESENTATION_CONTEXT() REPRESENTATION_CONTEXT('2D SPACE',''
  ) );
#2498 = PCURVE('',#2499,#2504);
#2499 = PLANE('',#2500);
#2500 = AXIS2_PLACEMENT_3D('',#2501,#2502,#2503);
#2501 = CARTESIAN_POINT('',(34.3,-25.3,5.6));
#2502 = DIRECTION('',(-0.,1.,0.));
#2503 = DIRECTION('',(0.,0.,1.));
#2504 = DEFINITIONAL_REPRESENTATION('',(#2505),#2508);
#2505 = B_SPLINE_CURVE_WITH_KNOTS('',1,(#2506,#2507),.UNSPECIFIED.,.F.,
  .F.,(2,2),(-36.55,-35.05),.PIECEWISE_BEZIER_KNOTS.);
#2506 = CARTESIAN_POINT('',(0.4,1.5));
#2507 = CARTESIAN_POINT('',(0.4,0.));
#2508 = ( GEOMETRIC_REPRESENTATION_CONTEXT(2) 
PARAMETRIC_REPRESENTATION_CONTEXT() REPRESENTATION_CONTEXT('2D SPACE',''
  ) );
#2509 = ORIENTED_EDGE('',*,*,#2510,.T.);
#2510 = EDGE_CURVE('',#2485,#2511,#2513,.T.);
#2511 = VERTEX_POINT('',#2512);
#2512 = CARTESIAN_POINT('',(34.3,-24.7,6.));
#2513 = SURFACE_CURVE('',#2514,(#2518,#2524),.PCURVE_S1.);
#2514 = LINE('',#2515,#2516);
#2515 = CARTESIAN_POINT('',(34.3,-32.65,6.));
#2516 = VECTOR('',#2517,1.);
#2517 = DIRECTION('',(-0.,1.,0.));
#2518 = PCURVE('',#1101,#2519);
#2519 = DEFINITIONAL_REPRESENTATION('',(#2520),#2523);
#2520 = B_SPLINE_CURVE_WITH_KNOTS('',1,(#2521,#2522),.UNSPECIFIED.,.F.,
  .F.,(2,2),(7.35,7.95),.PIECEWISE_BEZIER_KNOTS.);
#2521 = CARTESIAN_POINT('',(70.1,14.7));
#2522 = CARTESIAN_POINT('',(70.1,15.3));
#2523 = ( GEOMETRIC_REPRESENTATION_CONTEXT(2) 
PARAMETRIC_REPRESENTATION_CONTEXT() REPRESENTATION_CONTEXT('2D SPACE',''
  ) );
#2524 = PCURVE('',#2525,#2530);
#2525 = PLANE('',#2526);
#2526 = AXIS2_PLACEMENT_3D('',#2527,#2528,#2529);
#2527 = CARTESIAN_POINT('',(34.3,-25.3,5.6));
#2528 = DIRECTION('',(1.,0.,-0.));
#2529 = DIRECTION('',(0.,0.,1.));
#2530 = DEFINITIONAL_REPRESENTATION('',(#2531),#2534);
#2531 = B_SPLINE_CURVE_WITH_KNOTS('',1,(#2532,#2533),.UNSPECIFIED.,.F.,
  .F.,(2,2),(7.35,7.95),.PIECEWISE_BEZIER_KNOTS.);
#2532 = CARTESIAN_POINT('',(0.4,0.));
#2533 = CARTESIAN_POINT('',(0.4,-0.6));
#2534 = ( GEOMETRIC_REPRESENTATION_CONTEXT(2) 
PARAMETRIC_REPRESENTATION_CONTEXT() REPRESENTATION_CONTEXT('2D SPACE',''
  ) );
#2535 = ORIENTED_EDGE('',*,*,#2536,.F.);
#2536 = EDGE_CURVE('',#2537,#2511,#2539,.T.);
#2537 = VERTEX_POINT('',#2538);
#2538 = CARTESIAN_POINT('',(35.8,-24.7,6.));
#2539 = SURFACE_CURVE('',#2540,(#2544,#2550),.PCURVE_S1.);
#2540 = LINE('',#2541,#2542);
#2541 = CARTESIAN_POINT('',(-0.75,-24.7,6.));
#2542 = VECTOR('',#2543,1.);
#2543 = DIRECTION('',(-1.,-0.,0.));
#2544 = PCURVE('',#1101,#2545);
#2545 = DEFINITIONAL_REPRESENTATION('',(#2546),#2549);
#2546 = B_SPLINE_CURVE_WITH_KNOTS('',1,(#2547,#2548),.UNSPECIFIED.,.F.,
  .F.,(2,2),(-36.55,-35.05),.PIECEWISE_BEZIER_KNOTS.);
#2547 = CARTESIAN_POINT('',(71.6,15.3));
#2548 = CARTESIAN_POINT('',(70.1,15.3));
#2549 = ( GEOMETRIC_REPRESENTATION_CONTEXT(2) 
PARAMETRIC_REPRESENTATION_CONTEXT() REPRESENTATION_CONTEXT('2D SPACE',''
  ) );
#2550 = PCURVE('',#2551,#2556);
#2551 = PLANE('',#2552);
#2552 = AXIS2_PLACEMENT_3D('',#2553,#2554,#2555);
#2553 = CARTESIAN_POINT('',(34.3,-24.7,5.6));
#2554 = DIRECTION('',(-0.,1.,0.));
#2555 = DIRECTION('',(0.,0.,1.));
#2556 = DEFINITIONAL_REPRESENTATION('',(#2557),#2560);
#2557 = B_SPLINE_CURVE_WITH_KNOTS('',1,(#2558,#2559),.UNSPECIFIED.,.F.,
  .F.,(2,2),(-36.55,-35.05),.PIECEWISE_BEZIER_KNOTS.);
#2558 = CARTESIAN_POINT('',(0.4,1.5));
#2559 = CARTESIAN_POINT('',(0.4,0.));
#2560 = ( GEOMETRIC_REPRESENTATION_CONTEXT(2) 
PARAMETRIC_REPRESENTATION_CONTEXT() REPRESENTATION_CONTEXT('2D SPACE',''
  ) );
#2561 = ORIENTED_EDGE('',*,*,#2562,.T.);
#2562 = EDGE_CURVE('',#2537,#2563,#2565,.T.);
#2563 = VERTEX_POINT('',#2564);
#2564 = CARTESIAN_POINT('',(35.8,-20.3,6.));
#2565 = SURFACE_CURVE('',#2566,(#2570,#2577),.PCURVE_S1.);
#2566 = LINE('',#2567,#2568);
#2567 = CARTESIAN_POINT('',(35.8,-40.,6.));
#2568 = VECTOR('',#2569,1.);
#2569 = DIRECTION('',(-0.,1.,0.));
#2570 = PCURVE('',#1101,#2571);
#2571 = DEFINITIONAL_REPRESENTATION('',(#2572),#2576);
#2572 = LINE('',#2573,#2574);
#2573 = CARTESIAN_POINT('',(71.6,0.));
#2574 = VECTOR('',#2575,1.);
#2575 = DIRECTION('',(0.,1.));
#2576 = ( GEOMETRIC_REPRESENTATION_CONTEXT(2) 
PARAMETRIC_REPRESENTATION_CONTEXT() REPRESENTATION_CONTEXT('2D SPACE',''
  ) );
#2577 = PCURVE('',#1937,#2578);
#2578 = DEFINITIONAL_REPRESENTATION('',(#2579),#2583);
#2579 = LINE('',#2580,#2581);
#2580 = CARTESIAN_POINT('',(6.,0.));
#2581 = VECTOR('',#2582,1.);
#2582 = DIRECTION('',(0.,-1.));
#2583 = ( GEOMETRIC_REPRESENTATION_CONTEXT(2) 
PARAMETRIC_REPRESENTATION_CONTEXT() REPRESENTATION_CONTEXT('2D SPACE',''
  ) );
#2584 = ORIENTED_EDGE('',*,*,#2585,.T.);
#2585 = EDGE_CURVE('',#2563,#2586,#2588,.T.);
#2586 = VERTEX_POINT('',#2587);
#2587 = CARTESIAN_POINT('',(32.8,-20.3,6.));
#2588 = SURFACE_CURVE('',#2589,(#2593,#2599),.PCURVE_S1.);
#2589 = LINE('',#2590,#2591);
#2590 = CARTESIAN_POINT('',(-1.5,-20.3,6.));
#2591 = VECTOR('',#2592,1.);
#2592 = DIRECTION('',(-1.,-0.,0.));
#2593 = PCURVE('',#1101,#2594);
#2594 = DEFINITIONAL_REPRESENTATION('',(#2595),#2598);
#2595 = B_SPLINE_CURVE_WITH_KNOTS('',1,(#2596,#2597),.UNSPECIFIED.,.F.,
  .F.,(2,2),(-37.3,-34.3),.PIECEWISE_BEZIER_KNOTS.);
#2596 = CARTESIAN_POINT('',(71.6,19.7));
#2597 = CARTESIAN_POINT('',(68.6,19.7));
#2598 = ( GEOMETRIC_REPRESENTATION_CONTEXT(2) 
PARAMETRIC_REPRESENTATION_CONTEXT() REPRESENTATION_CONTEXT('2D SPACE',''
  ) );
#2599 = PCURVE('',#2600,#2605);
#2600 = PLANE('',#2601);
#2601 = AXIS2_PLACEMENT_3D('',#2602,#2603,#2604);
#2602 = CARTESIAN_POINT('',(32.8,-20.3,5.6));
#2603 = DIRECTION('',(-0.,1.,0.));
#2604 = DIRECTION('',(0.,0.,1.));
#2605 = DEFINITIONAL_REPRESENTATION('',(#2606),#2609);
#2606 = B_SPLINE_CURVE_WITH_KNOTS('',1,(#2607,#2608),.UNSPECIFIED.,.F.,
  .F.,(2,2),(-37.3,-34.3),.PIECEWISE_BEZIER_KNOTS.);
#2607 = CARTESIAN_POINT('',(0.4,3.));
#2608 = CARTESIAN_POINT('',(0.4,0.));
#2609 = ( GEOMETRIC_REPRESENTATION_CONTEXT(2) 
PARAMETRIC_REPRESENTATION_CONTEXT() REPRESENTATION_CONTEXT('2D SPACE',''
  ) );
#2610 = ORIENTED_EDGE('',*,*,#2611,.T.);
#2611 = EDGE_CURVE('',#2586,#2612,#2614,.T.);
#2612 = VERTEX_POINT('',#2613);
#2613 = CARTESIAN_POINT('',(32.8,-19.7,6.));
#2614 = SURFACE_CURVE('',#2615,(#2619,#2625),.PCURVE_S1.);
#2615 = LINE('',#2616,#2617);
#2616 = CARTESIAN_POINT('',(32.8,-30.15,6.));
#2617 = VECTOR('',#2618,1.);
#2618 = DIRECTION('',(-0.,1.,0.));
#2619 = PCURVE('',#1101,#2620);
#2620 = DEFINITIONAL_REPRESENTATION('',(#2621),#2624);
#2621 = B_SPLINE_CURVE_WITH_KNOTS('',1,(#2622,#2623),.UNSPECIFIED.,.F.,
  .F.,(2,2),(9.85,10.45),.PIECEWISE_BEZIER_KNOTS.);
#2622 = CARTESIAN_POINT('',(68.6,19.7));
#2623 = CARTESIAN_POINT('',(68.6,20.3));
#2624 = ( GEOMETRIC_REPRESENTATION_CONTEXT(2) 
PARAMETRIC_REPRESENTATION_CONTEXT() REPRESENTATION_CONTEXT('2D SPACE',''
  ) );
#2625 = PCURVE('',#2626,#2631);
#2626 = PLANE('',#2627);
#2627 = AXIS2_PLACEMENT_3D('',#2628,#2629,#2630);
#2628 = CARTESIAN_POINT('',(32.8,-20.3,5.6));
#2629 = DIRECTION('',(1.,0.,-0.));
#2630 = DIRECTION('',(0.,0.,1.));
#2631 = DEFINITIONAL_REPRESENTATION('',(#2632),#2635);
#2632 = B_SPLINE_CURVE_WITH_KNOTS('',1,(#2633,#2634),.UNSPECIFIED.,.F.,
  .F.,(2,2),(9.85,10.45),.PIECEWISE_BEZIER_KNOTS.);
#2633 = CARTESIAN_POINT('',(0.4,0.));
#2634 = CARTESIAN_POINT('',(0.4,-0.6));
#2635 = ( GEOMETRIC_REPRESENTATION_CONTEXT(2) 
PARAMETRIC_REPRESENTATION_CONTEXT() REPRESENTATION_CONTEXT('2D SPACE',''
  ) );
#2636 = ORIENTED_EDGE('',*,*,#2637,.F.);
#2637 = EDGE_CURVE('',#2638,#2612,#2640,.T.);
#2638 = VERTEX_POINT('',#2639);
#2639 = CARTESIAN_POINT('',(35.8,-19.7,6.));
#2640 = SURFACE_CURVE('',#2641,(#2645,#2651),.PCURVE_S1.);
#2641 = LINE('',#2642,#2643);
#2642 = CARTESIAN_POINT('',(-1.5,-19.7,6.));
#2643 = VECTOR('',#2644,1.);
#2644 = DIRECTION('',(-1.,-0.,0.));
#2645 = PCURVE('',#1101,#2646);
#2646 = DEFINITIONAL_REPRESENTATION('',(#2647),#2650);
#2647 = B_SPLINE_CURVE_WITH_KNOTS('',1,(#2648,#2649),.UNSPECIFIED.,.F.,
  .F.,(2,2),(-37.3,-34.3),.PIECEWISE_BEZIER_KNOTS.);
#2648 = CARTESIAN_POINT('',(71.6,20.3));
#2649 = CARTESIAN_POINT('',(68.6,20.3));
#2650 = ( GEOMETRIC_REPRESENTATION_CONTEXT(2) 
PARAMETRIC_REPRESENTATION_CONTEXT() REPRESENTATION_CONTEXT('2D SPACE',''
  ) );
#2651 = PCURVE('',#2652,#2657);
#2652 = PLANE('',#2653);
#2653 = AXIS2_PLACEMENT_3D('',#2654,#2655,#2656);
#2654 = CARTESIAN_POINT('',(32.8,-19.7,5.6));
#2655 = DIRECTION('',(-0.,1.,0.));
#2656 = DIRECTION('',(0.,0.,1.));
#2657 = DEFINITIONAL_REPRESENTATION('',(#2658),#2661);
#2658 = B_SPLINE_CURVE_WITH_KNOTS('',1,(#2659,#2660),.UNSPECIFIED.,.F.,
  .F.,(2,2),(-37.3,-34.3),.PIECEWISE_BEZIER_KNOTS.);
#2659 = CARTESIAN_POINT('',(0.4,3.));
#2660 = CARTESIAN_POINT('',(0.4,0.));
#2661 = ( GEOMETRIC_REPRESENTATION_CONTEXT(2) 
PARAMETRIC_REPRESENTATION_CONTEXT() REPRESENTATION_CONTEXT('2D SPACE',''
  ) );
#2662 = ORIENTED_EDGE('',*,*,#2663,.T.);
#2663 = EDGE_CURVE('',#2638,#2664,#2666,.T.);
#2664 = VERTEX_POINT('',#2665);
#2665 = CARTESIAN_POINT('',(35.8,-15.3,6.));
#2666 = SURFACE_CURVE('',#2667,(#2671,#2678),.PCURVE_S1.);
#2667 = LINE('',#2668,#2669);
#2668 = CARTESIAN_POINT('',(35.8,-40.,6.));
#2669 = VECTOR('',#2670,1.);
#2670 = DIRECTION('',(-0.,1.,0.));
#2671 = PCURVE('',#1101,#2672);
#2672 = DEFINITIONAL_REPRESENTATION('',(#2673),#2677);
#2673 = LINE('',#2674,#2675);
#2674 = CARTESIAN_POINT('',(71.6,0.));
#2675 = VECTOR('',#2676,1.);
#2676 = DIRECTION('',(0.,1.));
#2677 = ( GEOMETRIC_REPRESENTATION_CONTEXT(2) 
PARAMETRIC_REPRESENTATION_CONTEXT() REPRESENTATION_CONTEXT('2D SPACE',''
  ) );
#2678 = PCURVE('',#1937,#2679);
#2679 = DEFINITIONAL_REPRESENTATION('',(#2680),#2684);
#2680 = LINE('',#2681,#2682);
#2681 = CARTESIAN_POINT('',(6.,0.));
#2682 = VECTOR('',#2683,1.);
#2683 = DIRECTION('',(0.,-1.));
#2684 = ( GEOMETRIC_REPRESENTATION_CONTEXT(2) 
PARAMETRIC_REPRESENTATION_CONTEXT() REPRESENTATION_CONTEXT('2D SPACE',''
  ) );
#2685 = ORIENTED_EDGE('',*,*,#2686,.T.);
#2686 = EDGE_CURVE('',#2664,#2687,#2689,.T.);
#2687 = VERTEX_POINT('',#2688);
#2688 = CARTESIAN_POINT('',(34.3,-15.3,6.));
#2689 = SURFACE_CURVE('',#2690,(#2694,#2700),.PCURVE_S1.);
#2690 = LINE('',#2691,#2692);
#2691 = CARTESIAN_POINT('',(-0.75,-15.3,6.));
#2692 = VECTOR('',#2693,1.);
#2693 = DIRECTION('',(-1.,-0.,0.));
#2694 = PCURVE('',#1101,#2695);
#2695 = DEFINITIONAL_REPRESENTATION('',(#2696),#2699);
#2696 = B_SPLINE_CURVE_WITH_KNOTS('',1,(#2697,#2698),.UNSPECIFIED.,.F.,
  .F.,(2,2),(-36.55,-35.05),.PIECEWISE_BEZIER_KNOTS.);
#2697 = CARTESIAN_POINT('',(71.6,24.7));
#2698 = CARTESIAN_POINT('',(70.1,24.7));
#2699 = ( GEOMETRIC_REPRESENTATION_CONTEXT(2) 
PARAMETRIC_REPRESENTATION_CONTEXT() REPRESENTATION_CONTEXT('2D SPACE',''
  ) );
#2700 = PCURVE('',#2701,#2706);
#2701 = PLANE('',#2702);
#2702 = AXIS2_PLACEMENT_3D('',#2703,#2704,#2705);
#2703 = CARTESIAN_POINT('',(34.3,-15.3,5.6));
#2704 = DIRECTION('',(-0.,1.,0.));
#2705 = DIRECTION('',(0.,0.,1.));
#2706 = DEFINITIONAL_REPRESENTATION('',(#2707),#2710);
#2707 = B_SPLINE_CURVE_WITH_KNOTS('',1,(#2708,#2709),.UNSPECIFIED.,.F.,
  .F.,(2,2),(-36.55,-35.05),.PIECEWISE_BEZIER_KNOTS.);
#2708 = CARTESIAN_POINT('',(0.4,1.5));
#2709 = CARTESIAN_POINT('',(0.4,0.));
#2710 = ( GEOMETRIC_REPRESENTATION_CONTEXT(2) 
PARAMETRIC_REPRESENTATION_CONTEXT() REPRESENTATION_CONTEXT('2D SPACE',''
  ) );
#2711 = ORIENTED_EDGE('',*,*,#2712,.T.);
#2712 = EDGE_CURVE('',#2687,#2713,#2715,.T.);
#2713 = VERTEX_POINT('',#2714);
#2714 = CARTESIAN_POINT('',(34.3,-14.7,6.));
#2715 = SURFACE_CURVE('',#2716,(#2720,#2726),.PCURVE_S1.);
#2716 = LINE('',#2717,#2718);
#2717 = CARTESIAN_POINT('',(34.3,-27.65,6.));
#2718 = VECTOR('',#2719,1.);
#2719 = DIRECTION('',(-0.,1.,0.));
#2720 = PCURVE('',#1101,#2721);
#2721 = DEFINITIONAL_REPRESENTATION('',(#2722),#2725);
#2722 = B_SPLINE_CURVE_WITH_KNOTS('',1,(#2723,#2724),.UNSPECIFIED.,.F.,
  .F.,(2,2),(12.35,12.95),.PIECEWISE_BEZIER_KNOTS.);
#2723 = CARTESIAN_POINT('',(70.1,24.7));
#2724 = CARTESIAN_POINT('',(70.1,25.3));
#2725 = ( GEOMETRIC_REPRESENTATION_CONTEXT(2) 
PARAMETRIC_REPRESENTATION_CONTEXT() REPRESENTATION_CONTEXT('2D SPACE',''
  ) );
#2726 = PCURVE('',#2727,#2732);
#2727 = PLANE('',#2728);
#2728 = AXIS2_PLACEMENT_3D('',#2729,#2730,#2731);
#2729 = CARTESIAN_POINT('',(34.3,-15.3,5.6));
#2730 = DIRECTION('',(1.,0.,-0.));
#2731 = DIRECTION('',(0.,0.,1.));
#2732 = DEFINITIONAL_REPRESENTATION('',(#2733),#2736);
#2733 = B_SPLINE_CURVE_WITH_KNOTS('',1,(#2734,#2735),.UNSPECIFIED.,.F.,
  .F.,(2,2),(12.35,12.95),.PIECEWISE_BEZIER_KNOTS.);
#2734 = CARTESIAN_POINT('',(0.4,0.));
#2735 = CARTESIAN_POINT('',(0.4,-0.6));
#2736 = ( GEOMETRIC_REPRESENTATION_CONTEXT(2) 
PARAMETRIC_REPRESENTATION_CONTEXT() REPRESENTATION_CONTEXT('2D SPACE',''
  ) );
#2737 = ORIENTED_EDGE('',*,*,#2738,.F.);
#2738 = EDGE_CURVE('',#2739,#2713,#2741,.T.);
#2739 = VERTEX_POINT('',#2740);
#2740 = CARTESIAN_POINT('',(35.8,-14.7,6.));
#2741 = SURFACE_CURVE('',#2742,(#2746,#2752),.PCURVE_S1.);
#2742 = LINE('',#2743,#2744);
#2743 = CARTESIAN_POINT('',(-0.75,-14.7,6.));
#2744 = VECTOR('',#2745,1.);
#2745 = DIRECTION('',(-1.,-0.,0.));
#2746 = PCURVE('',#1101,#2747);
#2747 = DEFINITIONAL_REPRESENTATION('',(#2748),#2751);
#2748 = B_SPLINE_CURVE_WITH_KNOTS('',1,(#2749,#2750),.UNSPECIFIED.,.F.,
  .F.,(2,2),(-36.55,-35.05),.PIECEWISE_BEZIER_KNOTS.);
#2749 = CARTESIAN_POINT('',(71.6,25.3));
#2750 = CARTESIAN_POINT('',(70.1,25.3));
#2751 = ( GEOMETRIC_REPRESENTATION_CONTEXT(2) 
PARAMETRIC_REPRESENTATION_CONTEXT() REPRESENTATION_CONTEXT('2D SPACE',''
  ) );
#2752 = PCURVE('',#2753,#2758);
#2753 = PLANE('',#2754);
#2754 = AXIS2_PLACEMENT_3D('',#2755,#2756,#2757);
#2755 = CARTESIAN_POINT('',(34.3,-14.7,5.6));
#2756 = DIRECTION('',(-0.,1.,0.));
#2757 = DIRECTION('',(0.,0.,1.));
#2758 = DEFINITIONAL_REPRESENTATION('',(#2759),#2762);
#2759 = B_SPLINE_CURVE_WITH_KNOTS('',1,(#2760,#2761),.UNSPECIFIED.,.F.,
  .F.,(2,2),(-36.55,-35.05),.PIECEWISE_BEZIER_KNOTS.);
#2760 = CARTESIAN_POINT('',(0.4,1.5));
#2761 = CARTESIAN_POINT('',(0.4,0.));
#2762 = ( GEOMETRIC_REPRESENTATION_CONTEXT(2) 
PARAMETRIC_REPRESENTATION_CONTEXT() REPRESENTATION_CONTEXT('2D SPACE',''
  ) );
#2763 = ORIENTED_EDGE('',*,*,#2764,.T.);
#2764 = EDGE_CURVE('',#2739,#2765,#2767,.T.);
#2765 = VERTEX_POINT('',#2766);
#2766 = CARTESIAN_POINT('',(35.8,-10.3,6.));
#2767 = SURFACE_CURVE('',#2768,(#2772,#2779),.PCURVE_S1.);
#2768 = LINE('',#2769,#2770);
#2769 = CARTESIAN_POINT('',(35.8,-40.,6.));
#2770 = VECTOR('',#2771,1.);
#2771 = DIRECTION('',(-0.,1.,0.));
#2772 = PCURVE('',#1101,#2773);
#2773 = DEFINITIONAL_REPRESENTATION('',(#2774),#2778);
#2774 = LINE('',#2775,#2776);
#2775 = CARTESIAN_POINT('',(71.6,0.));
#2776 = VECTOR('',#2777,1.);
#2777 = DIRECTION('',(0.,1.));
#2778 = ( GEOMETRIC_REPRESENTATION_CONTEXT(2) 
PARAMETRIC_REPRESENTATION_CONTEXT() REPRESENTATION_CONTEXT('2D SPACE',''
  ) );
#2779 = PCURVE('',#1937,#2780);
#2780 = DEFINITIONAL_REPRESENTATION('',(#2781),#2785);
#2781 = LINE('',#2782,#2783);
#2782 = CARTESIAN_POINT('',(6.,0.));
#2783 = VECTOR('',#2784,1.);
#2784 = DIRECTION('',(0.,-1.));
#2785 = ( GEOMETRIC_REPRESENTATION_CONTEXT(2) 
PARAMETRIC_REPRESENTATION_CONTEXT() REPRESENTATION_CONTEXT('2D SPACE',''
  ) );
#2786 = ORIENTED_EDGE('',*,*,#2787,.T.);
#2787 = EDGE_CURVE('',#2765,#2788,#2790,.T.);
#2788 = VERTEX_POINT('',#2789);
#2789 = CARTESIAN_POINT('',(32.8,-10.3,6.));
#2790 = SURFACE_CURVE('',#2791,(#2795,#2801),.PCURVE_S1.);
#2791 = LINE('',#2792,#2793);
#2792 = CARTESIAN_POINT('',(-1.5,-10.3,6.));
#2793 = VECTOR('',#2794,1.);
#2794 = DIRECTION('',(-1.,-0.,0.));
#2795 = PCURVE('',#1101,#2796);
#2796 = DEFINITIONAL_REPRESENTATION('',(#2797),#2800);
#2797 = B_SPLINE_CURVE_WITH_KNOTS('',1,(#2798,#2799),.UNSPECIFIED.,.F.,
  .F.,(2,2),(-37.3,-34.3),.PIECEWISE_BEZIER_KNOTS.);
#2798 = CARTESIAN_POINT('',(71.6,29.7));
#2799 = CARTESIAN_POINT('',(68.6,29.7));
#2800 = ( GEOMETRIC_REPRESENTATION_CONTEXT(2) 
PARAMETRIC_REPRESENTATION_CONTEXT() REPRESENTATION_CONTEXT('2D SPACE',''
  ) );
#2801 = PCURVE('',#2802,#2807);
#2802 = PLANE('',#2803);
#2803 = AXIS2_PLACEMENT_3D('',#2804,#2805,#2806);
#2804 = CARTESIAN_POINT('',(32.8,-10.3,5.6));
#2805 = DIRECTION('',(-0.,1.,0.));
#2806 = DIRECTION('',(0.,0.,1.));
#2807 = DEFINITIONAL_REPRESENTATION('',(#2808),#2811);
#2808 = B_SPLINE_CURVE_WITH_KNOTS('',1,(#2809,#2810),.UNSPECIFIED.,.F.,
  .F.,(2,2),(-37.3,-34.3),.PIECEWISE_BEZIER_KNOTS.);
#2809 = CARTESIAN_POINT('',(0.4,3.));
#2810 = CARTESIAN_POINT('',(0.4,0.));
#2811 = ( GEOMETRIC_REPRESENTATION_CONTEXT(2) 
PARAMETRIC_REPRESENTATION_CONTEXT() REPRESENTATION_CONTEXT('2D SPACE',''
  ) );
#2812 = ORIENTED_EDGE('',*,*,#2813,.T.);
#2813 = EDGE_CURVE('',#2788,#2814,#2816,.T.);
#2814 = VERTEX_POINT('',#2815);
#2815 = CARTESIAN_POINT('',(32.8,-9.7,6.));
#2816 = SURFACE_CURVE('',#2817,(#2821,#2827),.PCURVE_S1.);
#2817 = LINE('',#2818,#2819);
#2818 = CARTESIAN_POINT('',(32.8,-25.15,6.));
#2819 = VECTOR('',#2820,1.);
#2820 = DIRECTION('',(-0.,1.,0.));
#2821 = PCURVE('',#1101,#2822);
#2822 = DEFINITIONAL_REPRESENTATION('',(#2823),#2826);
#2823 = B_SPLINE_CURVE_WITH_KNOTS('',1,(#2824,#2825),.UNSPECIFIED.,.F.,
  .F.,(2,2),(14.85,15.45),.PIECEWISE_BEZIER_KNOTS.);
#2824 = CARTESIAN_POINT('',(68.6,29.7));
#2825 = CARTESIAN_POINT('',(68.6,30.3));
#2826 = ( GEOMETRIC_REPRESENTATION_CONTEXT(2) 
PARAMETRIC_REPRESENTATION_CONTEXT() REPRESENTATION_CONTEXT('2D SPACE',''
  ) );
#2827 = PCURVE('',#2828,#2833);
#2828 = PLANE('',#2829);
#2829 = AXIS2_PLACEMENT_3D('',#2830,#2831,#2832);
#2830 = CARTESIAN_POINT('',(32.8,-10.3,5.6));
#2831 = DIRECTION('',(1.,0.,-0.));
#2832 = DIRECTION('',(0.,0.,1.));
#2833 = DEFINITIONAL_REPRESENTATION('',(#2834),#2837);
#2834 = B_SPLINE_CURVE_WITH_KNOTS('',1,(#2835,#2836),.UNSPECIFIED.,.F.,
  .F.,(2,2),(14.85,15.45),.PIECEWISE_BEZIER_KNOTS.);
#2835 = CARTESIAN_POINT('',(0.4,0.));
#2836 = CARTESIAN_POINT('',(0.4,-0.6));
#2837 = ( GEOMETRIC_REPRESENTATION_CONTEXT(2) 
PARAMETRIC_REPRESENTATION_CONTEXT() REPRESENTATION_CONTEXT('2D SPACE',''
  ) );
#2838 = ORIENTED_EDGE('',*,*,#2839,.F.);
#2839 = EDGE_CURVE('',#2840,#2814,#2842,.T.);
#2840 = VERTEX_POINT('',#2841);
#2841 = CARTESIAN_POINT('',(35.8,-9.7,6.));
#2842 = SURFACE_CURVE('',#2843,(#2847,#2853),.PCURVE_S1.);
#2843 = LINE('',#2844,#2845);
#2844 = CARTESIAN_POINT('',(-1.5,-9.7,6.));
#2845 = VECTOR('',#2846,1.);
#2846 = DIRECTION('',(-1.,-0.,0.));
#2847 = PCURVE('',#1101,#2848);
#2848 = DEFINITIONAL_REPRESENTATION('',(#2849),#2852);
#2849 = B_SPLINE_CURVE_WITH_KNOTS('',1,(#2850,#2851),.UNSPECIFIED.,.F.,
  .F.,(2,2),(-37.3,-34.3),.PIECEWISE_BEZIER_KNOTS.);
#2850 = CARTESIAN_POINT('',(71.6,30.3));
#2851 = CARTESIAN_POINT('',(68.6,30.3));
#2852 = ( GEOMETRIC_REPRESENTATION_CONTEXT(2) 
PARAMETRIC_REPRESENTATION_CONTEXT() REPRESENTATION_CONTEXT('2D SPACE',''
  ) );
#2853 = PCURVE('',#2854,#2859);
#2854 = PLANE('',#2855);
#2855 = AXIS2_PLACEMENT_3D('',#2856,#2857,#2858);
#2856 = CARTESIAN_POINT('',(32.8,-9.7,5.6));
#2857 = DIRECTION('',(-0.,1.,0.));
#2858 = DIRECTION('',(0.,0.,1.));
#2859 = DEFINITIONAL_REPRESENTATION('',(#2860),#2863);
#2860 = B_SPLINE_CURVE_WITH_KNOTS('',1,(#2861,#2862),.UNSPECIFIED.,.F.,
  .F.,(2,2),(-37.3,-34.3),.PIECEWISE_BEZIER_KNOTS.);
#2861 = CARTESIAN_POINT('',(0.4,3.));
#2862 = CARTESIAN_POINT('',(0.4,0.));
#2863 = ( GEOMETRIC_REPRESENTATION_CONTEXT(2) 
PARAMETRIC_REPRESENTATION_CONTEXT() REPRESENTATION_CONTEXT('2D SPACE',''
  ) );
#2864 = ORIENTED_EDGE('',*,*,#2865,.T.);
#2865 = EDGE_CURVE('',#2840,#2866,#2868,.T.);
#2866 = VERTEX_POINT('',#2867);
#2867 = CARTESIAN_POINT('',(35.8,-5.3,6.));
#2868 = SURFACE_CURVE('',#2869,(#2873,#2880),.PCURVE_S1.);
#2869 = LINE('',#2870,#2871);
#2870 = CARTESIAN_POINT('',(35.8,-40.,6.));
#2871 = VECTOR('',#2872,1.);
#2872 = DIRECTION('',(-0.,1.,0.));
#2873 = PCURVE('',#1101,#2874);
#2874 = DEFINITIONAL_REPRESENTATION('',(#2875),#2879);
#2875 = LINE('',#2876,#2877);
#2876 = CARTESIAN_POINT('',(71.6,0.));
#2877 = VECTOR('',#2878,1.);
#2878 = DIRECTION('',(0.,1.));
#2879 = ( GEOMETRIC_REPRESENTATION_CONTEXT(2) 
PARAMETRIC_REPRESENTATION_CONTEXT() REPRESENTATION_CONTEXT('2D SPACE',''
  ) );
#2880 = PCURVE('',#1937,#2881);
#2881 = DEFINITIONAL_REPRESENTATION('',(#2882),#2886);
#2882 = LINE('',#2883,#2884);
#2883 = CARTESIAN_POINT('',(6.,0.));
#2884 = VECTOR('',#2885,1.);
#2885 = DIRECTION('',(0.,-1.));
#2886 = ( GEOMETRIC_REPRESENTATION_CONTEXT(2) 
PARAMETRIC_REPRESENTATION_CONTEXT() REPRESENTATION_CONTEXT('2D SPACE',''
  ) );
#2887 = ORIENTED_EDGE('',*,*,#2888,.T.);
#2888 = EDGE_CURVE('',#2866,#2889,#2891,.T.);
#2889 = VERTEX_POINT('',#2890);
#2890 = CARTESIAN_POINT('',(34.3,-5.3,6.));
#2891 = SURFACE_CURVE('',#2892,(#2896,#2902),.PCURVE_S1.);
#2892 = LINE('',#2893,#2894);
#2893 = CARTESIAN_POINT('',(-0.75,-5.3,6.));
#2894 = VECTOR('',#2895,1.);
#2895 = DIRECTION('',(-1.,-0.,0.));
#2896 = PCURVE('',#1101,#2897);
#2897 = DEFINITIONAL_REPRESENTATION('',(#2898),#2901);
#2898 = B_SPLINE_CURVE_WITH_KNOTS('',1,(#2899,#2900),.UNSPECIFIED.,.F.,
  .F.,(2,2),(-36.55,-35.05),.PIECEWISE_BEZIER_KNOTS.);
#2899 = CARTESIAN_POINT('',(71.6,34.7));
#2900 = CARTESIAN_POINT('',(70.1,34.7));
#2901 = ( GEOMETRIC_REPRESENTATION_CONTEXT(2) 
PARAMETRIC_REPRESENTATION_CONTEXT() REPRESENTATION_CONTEXT('2D SPACE',''
  ) );
#2902 = PCURVE('',#2903,#2908);
#2903 = PLANE('',#2904);
#2904 = AXIS2_PLACEMENT_3D('',#2905,#2906,#2907);
#2905 = CARTESIAN_POINT('',(34.3,-5.3,5.6));
#2906 = DIRECTION('',(-0.,1.,0.));
#2907 = DIRECTION('',(0.,0.,1.));
#2908 = DEFINITIONAL_REPRESENTATION('',(#2909),#2912);
#2909 = B_SPLINE_CURVE_WITH_KNOTS('',1,(#2910,#2911),.UNSPECIFIED.,.F.,
  .F.,(2,2),(-36.55,-35.05),.PIECEWISE_BEZIER_KNOTS.);
#2910 = CARTESIAN_POINT('',(0.4,1.5));
#2911 = CARTESIAN_POINT('',(0.4,0.));
#2912 = ( GEOMETRIC_REPRESENTATION_CONTEXT(2) 
PARAMETRIC_REPRESENTATION_CONTEXT() REPRESENTATION_CONTEXT('2D SPACE',''
  ) );
#2913 = ORIENTED_EDGE('',*,*,#2914,.T.);
#2914 = EDGE_CURVE('',#2889,#2915,#2917,.T.);
#2915 = VERTEX_POINT('',#2916);
#2916 = CARTESIAN_POINT('',(34.3,-4.7,6.));
#2917 = SURFACE_CURVE('',#2918,(#2922,#2928),.PCURVE_S1.);
#2918 = LINE('',#2919,#2920);
#2919 = CARTESIAN_POINT('',(34.3,-22.65,6.));
#2920 = VECTOR('',#2921,1.);
#2921 = DIRECTION('',(-0.,1.,0.));
#2922 = PCURVE('',#1101,#2923);
#2923 = DEFINITIONAL_REPRESENTATION('',(#2924),#2927);
#2924 = B_SPLINE_CURVE_WITH_KNOTS('',1,(#2925,#2926),.UNSPECIFIED.,.F.,
  .F.,(2,2),(17.35,17.95),.PIECEWISE_BEZIER_KNOTS.);
#2925 = CARTESIAN_POINT('',(70.1,34.7));
#2926 = CARTESIAN_POINT('',(70.1,35.3));
#2927 = ( GEOMETRIC_REPRESENTATION_CONTEXT(2) 
PARAMETRIC_REPRESENTATION_CONTEXT() REPRESENTATION_CONTEXT('2D SPACE',''
  ) );
#2928 = PCURVE('',#2929,#2934);
#2929 = PLANE('',#2930);
#2930 = AXIS2_PLACEMENT_3D('',#2931,#2932,#2933);
#2931 = CARTESIAN_POINT('',(34.3,-5.3,5.6));
#2932 = DIRECTION('',(1.,0.,-0.));
#2933 = DIRECTION('',(0.,0.,1.));
#2934 = DEFINITIONAL_REPRESENTATION('',(#2935),#2938);
#2935 = B_SPLINE_CURVE_WITH_KNOTS('',1,(#2936,#2937),.UNSPECIFIED.,.F.,
  .F.,(2,2),(17.35,17.95),.PIECEWISE_BEZIER_KNOTS.);
#2936 = CARTESIAN_POINT('',(0.4,0.));
#2937 = CARTESIAN_POINT('',(0.4,-0.6));
#2938 = ( GEOMETRIC_REPRESENTATION_CONTEXT(2) 
PARAMETRIC_REPRESENTATION_CONTEXT() REPRESENTATION_CONTEXT('2D SPACE',''
  ) );
#2939 = ORIENTED_EDGE('',*,*,#2940,.F.);
#2940 = EDGE_CURVE('',#2941,#2915,#2943,.T.);
#2941 = VERTEX_POINT('',#2942);
#2942 = CARTESIAN_POINT('',(35.8,-4.7,6.));
#2943 = SURFACE_CURVE('',#2944,(#2948,#2954),.PCURVE_S1.);
#2944 = LINE('',#2945,#2946);
#2945 = CARTESIAN_POINT('',(-0.75,-4.7,6.));
#2946 = VECTOR('',#2947,1.);
#2947 = DIRECTION('',(-1.,-0.,0.));
#2948 = PCURVE('',#1101,#2949);
#2949 = DEFINITIONAL_REPRESENTATION('',(#2950),#2953);
#2950 = B_SPLINE_CURVE_WITH_KNOTS('',1,(#2951,#2952),.UNSPECIFIED.,.F.,
  .F.,(2,2),(-36.55,-35.05),.PIECEWISE_BEZIER_KNOTS.);
#2951 = CARTESIAN_POINT('',(71.6,35.3));
#2952 = CARTESIAN_POINT('',(70.1,35.3));
#2953 = ( GEOMETRIC_REPRESENTATION_CONTEXT(2) 
PARAMETRIC_REPRESENTATION_CONTEXT() REPRESENTATION_CONTEXT('2D SPACE',''
  ) );
#2954 = PCURVE('',#2955,#2960);
#2955 = PLANE('',#2956);
#2956 = AXIS2_PLACEMENT_3D('',#2957,#2958,#2959);
#2957 = CARTESIAN_POINT('',(34.3,-4.7,5.6));
#2958 = DIRECTION('',(-0.,1.,0.));
#2959 = DIRECTION('',(0.,0.,1.));
#2960 = DEFINITIONAL_REPRESENTATION('',(#2961),#2964);
#2961 = B_SPLINE_CURVE_WITH_KNOTS('',1,(#2962,#2963),.UNSPECIFIED.,.F.,
  .F.,(2,2),(-36.55,-35.05),.PIECEWISE_BEZIER_KNOTS.);
#2962 = CARTESIAN_POINT('',(0.4,1.5));
#2963 = CARTESIAN_POINT('',(0.4,0.));
#2964 = ( GEOMETRIC_REPRESENTATION_CONTEXT(2) 
PARAMETRIC_REPRESENTATION_CONTEXT() REPRESENTATION_CONTEXT('2D SPACE',''
  ) );
#2965 = ORIENTED_EDGE('',*,*,#2966,.T.);
#2966 = EDGE_CURVE('',#2941,#2967,#2969,.T.);
#2967 = VERTEX_POINT('',#2968);
#2968 = CARTESIAN_POINT('',(35.8,-0.3,6.));
#2969 = SURFACE_CURVE('',#2970,(#2974,#2981),.PCURVE_S1.);
#2970 = LINE('',#2971,#2972);
#2971 = CARTESIAN_POINT('',(35.8,-40.,6.));
#2972 = VECTOR('',#2973,1.);
#2973 = DIRECTION('',(-0.,1.,0.));
#2974 = PCURVE('',#1101,#2975);
#2975 = DEFINITIONAL_REPRESENTATION('',(#2976),#2980);
#2976 = LINE('',#2977,#2978);
#2977 = CARTESIAN_POINT('',(71.6,0.));
#2978 = VECTOR('',#2979,1.);
#2979 = DIRECTION('',(0.,1.));
#2980 = ( GEOMETRIC_REPRESENTATION_CONTEXT(2) 
PARAMETRIC_REPRESENTATION_CONTEXT() REPRESENTATION_CONTEXT('2D SPACE',''
  ) );
#2981 = PCURVE('',#1937,#2982);
#2982 = DEFINITIONAL_REPRESENTATION('',(#2983),#2987);
#2983 = LINE('',#2984,#2985);
#2984 = CARTESIAN_POINT('',(6.,0.));
#2985 = VECTOR('',#2986,1.);
#2986 = DIRECTION('',(0.,-1.));
#2987 = ( GEOMETRIC_REPRESENTATION_CONTEXT(2) 
PARAMETRIC_REPRESENTATION_CONTEXT() REPRESENTATION_CONTEXT('2D SPACE',''
  ) );
#2988 = ORIENTED_EDGE('',*,*,#2989,.T.);
#2989 = EDGE_CURVE('',#2967,#2990,#2992,.T.);
#2990 = VERTEX_POINT('',#2991);
#2991 = CARTESIAN_POINT('',(25.248217758883,-0.3,6.));
#2992 = SURFACE_CURVE('',#2993,(#2997,#3004),.PCURVE_S1.);
#2993 = LINE('',#2994,#2995);
#2994 = CARTESIAN_POINT('',(35.8,-0.3,6.));
#2995 = VECTOR('',#2996,1.);
#2996 = DIRECTION('',(-1.,-1.325729605731E-15,0.));
#2997 = PCURVE('',#1101,#2998);
#2998 = DEFINITIONAL_REPRESENTATION('',(#2999),#3003);
#2999 = LINE('',#3000,#3001);
#3000 = CARTESIAN_POINT('',(71.6,39.7));
#3001 = VECTOR('',#3002,1.);
#3002 = DIRECTION('',(-1.,-1.325729605731E-15));
#3003 = ( GEOMETRIC_REPRESENTATION_CONTEXT(2) 
PARAMETRIC_REPRESENTATION_CONTEXT() REPRESENTATION_CONTEXT('2D SPACE',''
  ) );
#3004 = PCURVE('',#3005,#3010);
#3005 = PLANE('',#3006);
#3006 = AXIS2_PLACEMENT_3D('',#3007,#3008,#3009);
#3007 = CARTESIAN_POINT('',(-35.8,-0.3,5.6));
#3008 = DIRECTION('',(0.,1.,0.));
#3009 = DIRECTION('',(0.,0.,1.));
#3010 = DEFINITIONAL_REPRESENTATION('',(#3011),#3015);
#3011 = LINE('',#3012,#3013);
#3012 = CARTESIAN_POINT('',(0.4,71.6));
#3013 = VECTOR('',#3014,1.);
#3014 = DIRECTION('',(0.,-1.));
#3015 = ( GEOMETRIC_REPRESENTATION_CONTEXT(2) 
PARAMETRIC_REPRESENTATION_CONTEXT() REPRESENTATION_CONTEXT('2D SPACE',''
  ) );
#3016 = ORIENTED_EDGE('',*,*,#3017,.F.);
#3017 = EDGE_CURVE('',#3018,#2990,#3020,.T.);
#3018 = VERTEX_POINT('',#3019);
#3019 = CARTESIAN_POINT('',(3.,-25.07114875708,6.));
#3020 = SURFACE_CURVE('',#3021,(#3026,#3033),.PCURVE_S1.);
#3021 = CIRCLE('',#3022,25.25);
#3022 = AXIS2_PLACEMENT_3D('',#3023,#3024,#3025);
#3023 = CARTESIAN_POINT('',(0.,0.,6.));
#3024 = DIRECTION('',(0.,0.,1.));
#3025 = DIRECTION('',(1.,0.,-0.));
#3026 = PCURVE('',#1101,#3027);
#3027 = DEFINITIONAL_REPRESENTATION('',(#3028),#3032);
#3028 = CIRCLE('',#3029,25.25);
#3029 = AXIS2_PLACEMENT_2D('',#3030,#3031);
#3030 = CARTESIAN_POINT('',(35.8,40.));
#3031 = DIRECTION('',(1.,0.));
#3032 = ( GEOMETRIC_REPRESENTATION_CONTEXT(2) 
PARAMETRIC_REPRESENTATION_CONTEXT() REPRESENTATION_CONTEXT('2D SPACE',''
  ) );
#3033 = PCURVE('',#3034,#3039);
#3034 = CYLINDRICAL_SURFACE('',#3035,25.25);
#3035 = AXIS2_PLACEMENT_3D('',#3036,#3037,#3038);
#3036 = CARTESIAN_POINT('',(0.,0.,3.));
#3037 = DIRECTION('',(0.,0.,1.));
#3038 = DIRECTION('',(1.,0.,-0.));
#3039 = DEFINITIONAL_REPRESENTATION('',(#3040),#3044);
#3040 = LINE('',#3041,#3042);
#3041 = CARTESIAN_POINT('',(0.,3.));
#3042 = VECTOR('',#3043,1.);
#3043 = DIRECTION('',(1.,0.));
#3044 = ( GEOMETRIC_REPRESENTATION_CONTEXT(2) 
PARAMETRIC_REPRESENTATION_CONTEXT() REPRESENTATION_CONTEXT('2D SPACE',''
  ) );
#3045 = ORIENTED_EDGE('',*,*,#3046,.F.);
#3046 = EDGE_CURVE('',#3047,#3018,#3049,.T.);
#3047 = VERTEX_POINT('',#3048);
#3048 = CARTESIAN_POINT('',(3.,-26.75,6.));
#3049 = SURFACE_CURVE('',#3050,(#3054,#3060),.PCURVE_S1.);
#3050 = LINE('',#3051,#3052);
#3051 = CARTESIAN_POINT('',(3.,-33.375,6.));
#3052 = VECTOR('',#3053,1.);
#3053 = DIRECTION('',(-0.,1.,0.));
#3054 = PCURVE('',#1101,#3055);
#3055 = DEFINITIONAL_REPRESENTATION('',(#3056),#3059);
#3056 = B_SPLINE_CURVE_WITH_KNOTS('',1,(#3057,#3058),.UNSPECIFIED.,.F.,
  .F.,(2,2),(6.625,9.625),.PIECEWISE_BEZIER_KNOTS.);
#3057 = CARTESIAN_POINT('',(38.8,13.25));
#3058 = CARTESIAN_POINT('',(38.8,16.25));
#3059 = ( GEOMETRIC_REPRESENTATION_CONTEXT(2) 
PARAMETRIC_REPRESENTATION_CONTEXT() REPRESENTATION_CONTEXT('2D SPACE',''
  ) );
#3060 = PCURVE('',#3061,#3066);
#3061 = PLANE('',#3062);
#3062 = AXIS2_PLACEMENT_3D('',#3063,#3064,#3065);
#3063 = CARTESIAN_POINT('',(3.,-26.75,4.));
#3064 = DIRECTION('',(1.,0.,-0.));
#3065 = DIRECTION('',(0.,0.,1.));
#3066 = DEFINITIONAL_REPRESENTATION('',(#3067),#3070);
#3067 = B_SPLINE_CURVE_WITH_KNOTS('',1,(#3068,#3069),.UNSPECIFIED.,.F.,
  .F.,(2,2),(6.625,9.625),.PIECEWISE_BEZIER_KNOTS.);
#3068 = CARTESIAN_POINT('',(2.,0.));
#3069 = CARTESIAN_POINT('',(2.,-3.));
#3070 = ( GEOMETRIC_REPRESENTATION_CONTEXT(2) 
PARAMETRIC_REPRESENTATION_CONTEXT() REPRESENTATION_CONTEXT('2D SPACE',''
  ) );
#3071 = ORIENTED_EDGE('',*,*,#3072,.T.);
#3072 = EDGE_CURVE('',#3047,#3073,#3075,.T.);
#3073 = VERTEX_POINT('',#3074);
#3074 = CARTESIAN_POINT('',(0.3,-26.75,6.));
#3075 = SURFACE_CURVE('',#3076,(#3080,#3086),.PCURVE_S1.);
#3076 = LINE('',#3077,#3078);
#3077 = CARTESIAN_POINT('',(-19.4,-26.75,6.));
#3078 = VECTOR('',#3079,1.);
#3079 = DIRECTION('',(-1.,-0.,0.));
#3080 = PCURVE('',#1101,#3081);
#3081 = DEFINITIONAL_REPRESENTATION('',(#3082),#3085);
#3082 = B_SPLINE_CURVE_WITH_KNOTS('',1,(#3083,#3084),.UNSPECIFIED.,.F.,
  .F.,(2,2),(-22.4,-16.4),.PIECEWISE_BEZIER_KNOTS.);
#3083 = CARTESIAN_POINT('',(38.8,13.25));
#3084 = CARTESIAN_POINT('',(32.8,13.25));
#3085 = ( GEOMETRIC_REPRESENTATION_CONTEXT(2) 
PARAMETRIC_REPRESENTATION_CONTEXT() REPRESENTATION_CONTEXT('2D SPACE',''
  ) );
#3086 = PCURVE('',#3087,#3092);
#3087 = PLANE('',#3088);
#3088 = AXIS2_PLACEMENT_3D('',#3089,#3090,#3091);
#3089 = CARTESIAN_POINT('',(-3.,-26.75,4.));
#3090 = DIRECTION('',(-0.,1.,0.));
#3091 = DIRECTION('',(0.,0.,1.));
#3092 = DEFINITIONAL_REPRESENTATION('',(#3093),#3096);
#3093 = B_SPLINE_CURVE_WITH_KNOTS('',1,(#3094,#3095),.UNSPECIFIED.,.F.,
  .F.,(2,2),(-22.4,-16.4),.PIECEWISE_BEZIER_KNOTS.);
#3094 = CARTESIAN_POINT('',(2.,6.));
#3095 = CARTESIAN_POINT('',(2.,0.));
#3096 = ( GEOMETRIC_REPRESENTATION_CONTEXT(2) 
PARAMETRIC_REPRESENTATION_CONTEXT() REPRESENTATION_CONTEXT('2D SPACE',''
  ) );
#3097 = ORIENTED_EDGE('',*,*,#3098,.T.);
#3098 = EDGE_CURVE('',#3073,#3099,#3101,.T.);
#3099 = VERTEX_POINT('',#3100);
#3100 = CARTESIAN_POINT('',(0.3,-35.8,6.));
#3101 = SURFACE_CURVE('',#3102,(#3106,#3112),.PCURVE_S1.);
#3102 = LINE('',#3103,#3104);
#3103 = CARTESIAN_POINT('',(0.3,-37.9,6.));
#3104 = VECTOR('',#3105,1.);
#3105 = DIRECTION('',(-2.22044604925E-16,-1.,0.));
#3106 = PCURVE('',#1101,#3107);
#3107 = DEFINITIONAL_REPRESENTATION('',(#3108),#3111);
#3108 = B_SPLINE_CURVE_WITH_KNOTS('',1,(#3109,#3110),.UNSPECIFIED.,.F.,
  .F.,(2,2),(-37.6,-2.1),.PIECEWISE_BEZIER_KNOTS.);
#3109 = CARTESIAN_POINT('',(36.1,39.7));
#3110 = CARTESIAN_POINT('',(36.1,4.2));
#3111 = ( GEOMETRIC_REPRESENTATION_CONTEXT(2) 
PARAMETRIC_REPRESENTATION_CONTEXT() REPRESENTATION_CONTEXT('2D SPACE',''
  ) );
#3112 = PCURVE('',#3113,#3118);
#3113 = PLANE('',#3114);
#3114 = AXIS2_PLACEMENT_3D('',#3115,#3116,#3117);
#3115 = CARTESIAN_POINT('',(0.3,-35.8,5.6));
#3116 = DIRECTION('',(-1.,2.22044604925E-16,0.));
#3117 = DIRECTION('',(0.,0.,1.));
#3118 = DEFINITIONAL_REPRESENTATION('',(#3119),#3122);
#3119 = B_SPLINE_CURVE_WITH_KNOTS('',1,(#3120,#3121),.UNSPECIFIED.,.F.,
  .F.,(2,2),(-37.6,-2.1),.PIECEWISE_BEZIER_KNOTS.);
#3120 = CARTESIAN_POINT('',(0.4,35.5));
#3121 = CARTESIAN_POINT('',(0.4,0.));
#3122 = ( GEOMETRIC_REPRESENTATION_CONTEXT(2) 
PARAMETRIC_REPRESENTATION_CONTEXT() REPRESENTATION_CONTEXT('2D SPACE',''
  ) );
#3123 = ORIENTED_EDGE('',*,*,#3124,.T.);
#3124 = EDGE_CURVE('',#3099,#3125,#3127,.T.);
#3125 = VERTEX_POINT('',#3126);
#3126 = CARTESIAN_POINT('',(-0.3,-35.8,6.));
#3127 = SURFACE_CURVE('',#3128,(#3132,#3138),.PCURVE_S1.);
#3128 = LINE('',#3129,#3130);
#3129 = CARTESIAN_POINT('',(-17.75,-35.8,6.));
#3130 = VECTOR('',#3131,1.);
#3131 = DIRECTION('',(-1.,2.22044604925E-16,0.));
#3132 = PCURVE('',#1101,#3133);
#3133 = DEFINITIONAL_REPRESENTATION('',(#3134),#3137);
#3134 = B_SPLINE_CURVE_WITH_KNOTS('',1,(#3135,#3136),.UNSPECIFIED.,.F.,
  .F.,(2,2),(-18.05,-17.45),.PIECEWISE_BEZIER_KNOTS.);
#3135 = CARTESIAN_POINT('',(36.1,4.2));
#3136 = CARTESIAN_POINT('',(35.5,4.2));
#3137 = ( GEOMETRIC_REPRESENTATION_CONTEXT(2) 
PARAMETRIC_REPRESENTATION_CONTEXT() REPRESENTATION_CONTEXT('2D SPACE',''
  ) );
#3138 = PCURVE('',#3139,#3144);
#3139 = PLANE('',#3140);
#3140 = AXIS2_PLACEMENT_3D('',#3141,#3142,#3143);
#3141 = CARTESIAN_POINT('',(0.3,-35.8,5.6));
#3142 = DIRECTION('',(2.22044604925E-16,1.,0.));
#3143 = DIRECTION('',(0.,0.,1.));
#3144 = DEFINITIONAL_REPRESENTATION('',(#3145),#3148);
#3145 = B_SPLINE_CURVE_WITH_KNOTS('',1,(#3146,#3147),.UNSPECIFIED.,.F.,
  .F.,(2,2),(-18.05,-17.45),.PIECEWISE_BEZIER_KNOTS.);
#3146 = CARTESIAN_POINT('',(0.4,0.));
#3147 = CARTESIAN_POINT('',(0.4,-0.6));
#3148 = ( GEOMETRIC_REPRESENTATION_CONTEXT(2) 
PARAMETRIC_REPRESENTATION_CONTEXT() REPRESENTATION_CONTEXT('2D SPACE',''
  ) );
#3149 = ORIENTED_EDGE('',*,*,#3150,.F.);
#3150 = EDGE_CURVE('',#3151,#3125,#3153,.T.);
#3151 = VERTEX_POINT('',#3152);
#3152 = CARTESIAN_POINT('',(-0.3,-26.75,6.));
#3153 = SURFACE_CURVE('',#3154,(#3158,#3164),.PCURVE_S1.);
#3154 = LINE('',#3155,#3156);
#3155 = CARTESIAN_POINT('',(-0.3,-37.9,6.));
#3156 = VECTOR('',#3157,1.);
#3157 = DIRECTION('',(-2.22044604925E-16,-1.,0.));
#3158 = PCURVE('',#1101,#3159);
#3159 = DEFINITIONAL_REPRESENTATION('',(#3160),#3163);
#3160 = B_SPLINE_CURVE_WITH_KNOTS('',1,(#3161,#3162),.UNSPECIFIED.,.F.,
  .F.,(2,2),(-37.6,-2.1),.PIECEWISE_BEZIER_KNOTS.);
#3161 = CARTESIAN_POINT('',(35.5,39.7));
#3162 = CARTESIAN_POINT('',(35.5,4.2));
#3163 = ( GEOMETRIC_REPRESENTATION_CONTEXT(2) 
PARAMETRIC_REPRESENTATION_CONTEXT() REPRESENTATION_CONTEXT('2D SPACE',''
  ) );
#3164 = PCURVE('',#3165,#3170);
#3165 = PLANE('',#3166);
#3166 = AXIS2_PLACEMENT_3D('',#3167,#3168,#3169);
#3167 = CARTESIAN_POINT('',(-0.3,-35.8,5.6));
#3168 = DIRECTION('',(-1.,2.22044604925E-16,0.));
#3169 = DIRECTION('',(0.,0.,1.));
#3170 = DEFINITIONAL_REPRESENTATION('',(#3171),#3174);
#3171 = B_SPLINE_CURVE_WITH_KNOTS('',1,(#3172,#3173),.UNSPECIFIED.,.F.,
  .F.,(2,2),(-37.6,-2.1),.PIECEWISE_BEZIER_KNOTS.);
#3172 = CARTESIAN_POINT('',(0.4,35.5));
#3173 = CARTESIAN_POINT('',(0.4,0.));
#3174 = ( GEOMETRIC_REPRESENTATION_CONTEXT(2) 
PARAMETRIC_REPRESENTATION_CONTEXT() REPRESENTATION_CONTEXT('2D SPACE',''
  ) );
#3175 = ORIENTED_EDGE('',*,*,#3176,.T.);
#3176 = EDGE_CURVE('',#3151,#3177,#3179,.T.);
#3177 = VERTEX_POINT('',#3178);
#3178 = CARTESIAN_POINT('',(-3.,-26.75,6.));
#3179 = SURFACE_CURVE('',#3180,(#3184,#3190),.PCURVE_S1.);
#3180 = LINE('',#3181,#3182);
#3181 = CARTESIAN_POINT('',(-19.4,-26.75,6.));
#3182 = VECTOR('',#3183,1.);
#3183 = DIRECTION('',(-1.,-0.,0.));
#3184 = PCURVE('',#1101,#3185);
#3185 = DEFINITIONAL_REPRESENTATION('',(#3186),#3189);
#3186 = B_SPLINE_CURVE_WITH_KNOTS('',1,(#3187,#3188),.UNSPECIFIED.,.F.,
  .F.,(2,2),(-22.4,-16.4),.PIECEWISE_BEZIER_KNOTS.);
#3187 = CARTESIAN_POINT('',(38.8,13.25));
#3188 = CARTESIAN_POINT('',(32.8,13.25));
#3189 = ( GEOMETRIC_REPRESENTATION_CONTEXT(2) 
PARAMETRIC_REPRESENTATION_CONTEXT() REPRESENTATION_CONTEXT('2D SPACE',''
  ) );
#3190 = PCURVE('',#3087,#3191);
#3191 = DEFINITIONAL_REPRESENTATION('',(#3192),#3195);
#3192 = B_SPLINE_CURVE_WITH_KNOTS('',1,(#3193,#3194),.UNSPECIFIED.,.F.,
  .F.,(2,2),(-22.4,-16.4),.PIECEWISE_BEZIER_KNOTS.);
#3193 = CARTESIAN_POINT('',(2.,6.));
#3194 = CARTESIAN_POINT('',(2.,0.));
#3195 = ( GEOMETRIC_REPRESENTATION_CONTEXT(2) 
PARAMETRIC_REPRESENTATION_CONTEXT() REPRESENTATION_CONTEXT('2D SPACE',''
  ) );
#3196 = ORIENTED_EDGE('',*,*,#3197,.T.);
#3197 = EDGE_CURVE('',#3177,#3198,#3200,.T.);
#3198 = VERTEX_POINT('',#3199);
#3199 = CARTESIAN_POINT('',(-3.,-25.07114875708,6.));
#3200 = SURFACE_CURVE('',#3201,(#3205,#3211),.PCURVE_S1.);
#3201 = LINE('',#3202,#3203);
#3202 = CARTESIAN_POINT('',(-3.,-33.375,6.));
#3203 = VECTOR('',#3204,1.);
#3204 = DIRECTION('',(-0.,1.,0.));
#3205 = PCURVE('',#1101,#3206);
#3206 = DEFINITIONAL_REPRESENTATION('',(#3207),#3210);
#3207 = B_SPLINE_CURVE_WITH_KNOTS('',1,(#3208,#3209),.UNSPECIFIED.,.F.,
  .F.,(2,2),(6.625,9.625),.PIECEWISE_BEZIER_KNOTS.);
#3208 = CARTESIAN_POINT('',(32.8,13.25));
#3209 = CARTESIAN_POINT('',(32.8,16.25));
#3210 = ( GEOMETRIC_REPRESENTATION_CONTEXT(2) 
PARAMETRIC_REPRESENTATION_CONTEXT() REPRESENTATION_CONTEXT('2D SPACE',''
  ) );
#3211 = PCURVE('',#3212,#3217);
#3212 = PLANE('',#3213);
#3213 = AXIS2_PLACEMENT_3D('',#3214,#3215,#3216);
#3214 = CARTESIAN_POINT('',(-3.,-26.75,4.));
#3215 = DIRECTION('',(1.,0.,-0.));
#3216 = DIRECTION('',(0.,0.,1.));
#3217 = DEFINITIONAL_REPRESENTATION('',(#3218),#3221);
#3218 = B_SPLINE_CURVE_WITH_KNOTS('',1,(#3219,#3220),.UNSPECIFIED.,.F.,
  .F.,(2,2),(6.625,9.625),.PIECEWISE_BEZIER_KNOTS.);
#3219 = CARTESIAN_POINT('',(2.,0.));
#3220 = CARTESIAN_POINT('',(2.,-3.));
#3221 = ( GEOMETRIC_REPRESENTATION_CONTEXT(2) 
PARAMETRIC_REPRESENTATION_CONTEXT() REPRESENTATION_CONTEXT('2D SPACE',''
  ) );
#3222 = ORIENTED_EDGE('',*,*,#3223,.F.);
#3223 = EDGE_CURVE('',#3224,#3198,#3226,.T.);
#3224 = VERTEX_POINT('',#3225);
#3225 = CARTESIAN_POINT('',(-25.24821775888,-0.3,6.));
#3226 = SURFACE_CURVE('',#3227,(#3232,#3239),.PCURVE_S1.);
#3227 = CIRCLE('',#3228,25.25);
#3228 = AXIS2_PLACEMENT_3D('',#3229,#3230,#3231);
#3229 = CARTESIAN_POINT('',(0.,0.,6.));
#3230 = DIRECTION('',(0.,0.,1.));
#3231 = DIRECTION('',(1.,0.,-0.));
#3232 = PCURVE('',#1101,#3233);
#3233 = DEFINITIONAL_REPRESENTATION('',(#3234),#3238);
#3234 = CIRCLE('',#3235,25.25);
#3235 = AXIS2_PLACEMENT_2D('',#3236,#3237);
#3236 = CARTESIAN_POINT('',(35.8,40.));
#3237 = DIRECTION('',(1.,0.));
#3238 = ( GEOMETRIC_REPRESENTATION_CONTEXT(2) 
PARAMETRIC_REPRESENTATION_CONTEXT() REPRESENTATION_CONTEXT('2D SPACE',''
  ) );
#3239 = PCURVE('',#3034,#3240);
#3240 = DEFINITIONAL_REPRESENTATION('',(#3241),#3245);
#3241 = LINE('',#3242,#3243);
#3242 = CARTESIAN_POINT('',(0.,3.));
#3243 = VECTOR('',#3244,1.);
#3244 = DIRECTION('',(1.,0.));
#3245 = ( GEOMETRIC_REPRESENTATION_CONTEXT(2) 
PARAMETRIC_REPRESENTATION_CONTEXT() REPRESENTATION_CONTEXT('2D SPACE',''
  ) );
#3246 = ORIENTED_EDGE('',*,*,#3247,.T.);
#3247 = EDGE_CURVE('',#3224,#1058,#3248,.T.);
#3248 = SURFACE_CURVE('',#3249,(#3253,#3260),.PCURVE_S1.);
#3249 = LINE('',#3250,#3251);
#3250 = CARTESIAN_POINT('',(-25.24821775888,-0.3,6.));
#3251 = VECTOR('',#3252,1.);
#3252 = DIRECTION('',(-1.,-6.155173169466E-16,0.));
#3253 = PCURVE('',#1101,#3254);
#3254 = DEFINITIONAL_REPRESENTATION('',(#3255),#3259);
#3255 = LINE('',#3256,#3257);
#3256 = CARTESIAN_POINT('',(10.551782241117,39.7));
#3257 = VECTOR('',#3258,1.);
#3258 = DIRECTION('',(-1.,-6.155173169466E-16));
#3259 = ( GEOMETRIC_REPRESENTATION_CONTEXT(2) 
PARAMETRIC_REPRESENTATION_CONTEXT() REPRESENTATION_CONTEXT('2D SPACE',''
  ) );
#3260 = PCURVE('',#1073,#3261);
#3261 = DEFINITIONAL_REPRESENTATION('',(#3262),#3266);
#3262 = LINE('',#3263,#3264);
#3263 = CARTESIAN_POINT('',(0.4,10.551782241117));
#3264 = VECTOR('',#3265,1.);
#3265 = DIRECTION('',(0.,-1.));
#3266 = ( GEOMETRIC_REPRESENTATION_CONTEXT(2) 
PARAMETRIC_REPRESENTATION_CONTEXT() REPRESENTATION_CONTEXT('2D SPACE',''
  ) );
#3267 = ORIENTED_EDGE('',*,*,#1085,.F.);
#3268 = ORIENTED_EDGE('',*,*,#3269,.F.);
#3269 = EDGE_CURVE('',#3270,#1086,#3272,.T.);
#3270 = VERTEX_POINT('',#3271);
#3271 = CARTESIAN_POINT('',(-34.3,-4.7,6.));
#3272 = SURFACE_CURVE('',#3273,(#3277,#3283),.PCURVE_S1.);
#3273 = LINE('',#3274,#3275);
#3274 = CARTESIAN_POINT('',(-35.8,-4.7,6.));
#3275 = VECTOR('',#3276,1.);
#3276 = DIRECTION('',(-1.,-0.,0.));
#3277 = PCURVE('',#1101,#3278);
#3278 = DEFINITIONAL_REPRESENTATION('',(#3279),#3282);
#3279 = B_SPLINE_CURVE_WITH_KNOTS('',1,(#3280,#3281),.UNSPECIFIED.,.F.,
  .F.,(2,2),(-1.5,0.),.PIECEWISE_BEZIER_KNOTS.);
#3280 = CARTESIAN_POINT('',(1.5,35.3));
#3281 = CARTESIAN_POINT('',(0.,35.3));
#3282 = ( GEOMETRIC_REPRESENTATION_CONTEXT(2) 
PARAMETRIC_REPRESENTATION_CONTEXT() REPRESENTATION_CONTEXT('2D SPACE',''
  ) );
#3283 = PCURVE('',#1129,#3284);
#3284 = DEFINITIONAL_REPRESENTATION('',(#3285),#3288);
#3285 = B_SPLINE_CURVE_WITH_KNOTS('',1,(#3286,#3287),.UNSPECIFIED.,.F.,
  .F.,(2,2),(-1.5,0.),.PIECEWISE_BEZIER_KNOTS.);
#3286 = CARTESIAN_POINT('',(0.4,1.5));
#3287 = CARTESIAN_POINT('',(0.4,0.));
#3288 = ( GEOMETRIC_REPRESENTATION_CONTEXT(2) 
PARAMETRIC_REPRESENTATION_CONTEXT() REPRESENTATION_CONTEXT('2D SPACE',''
  ) );
#3289 = ORIENTED_EDGE('',*,*,#3290,.F.);
#3290 = EDGE_CURVE('',#3291,#3270,#3293,.T.);
#3291 = VERTEX_POINT('',#3292);
#3292 = CARTESIAN_POINT('',(-34.3,-5.3,6.));
#3293 = SURFACE_CURVE('',#3294,(#3298,#3304),.PCURVE_S1.);
#3294 = LINE('',#3295,#3296);
#3295 = CARTESIAN_POINT('',(-34.3,-22.65,6.));
#3296 = VECTOR('',#3297,1.);
#3297 = DIRECTION('',(-0.,1.,0.));
#3298 = PCURVE('',#1101,#3299);
#3299 = DEFINITIONAL_REPRESENTATION('',(#3300),#3303);
#3300 = B_SPLINE_CURVE_WITH_KNOTS('',1,(#3301,#3302),.UNSPECIFIED.,.F.,
  .F.,(2,2),(17.35,17.95),.PIECEWISE_BEZIER_KNOTS.);
#3301 = CARTESIAN_POINT('',(1.5,34.7));
#3302 = CARTESIAN_POINT('',(1.5,35.3));
#3303 = ( GEOMETRIC_REPRESENTATION_CONTEXT(2) 
PARAMETRIC_REPRESENTATION_CONTEXT() REPRESENTATION_CONTEXT('2D SPACE',''
  ) );
#3304 = PCURVE('',#3305,#3310);
#3305 = PLANE('',#3306);
#3306 = AXIS2_PLACEMENT_3D('',#3307,#3308,#3309);
#3307 = CARTESIAN_POINT('',(-34.3,-5.3,5.6));
#3308 = DIRECTION('',(1.,0.,-0.));
#3309 = DIRECTION('',(0.,0.,1.));
#3310 = DEFINITIONAL_REPRESENTATION('',(#3311),#3314);
#3311 = B_SPLINE_CURVE_WITH_KNOTS('',1,(#3312,#3313),.UNSPECIFIED.,.F.,
  .F.,(2,2),(17.35,17.95),.PIECEWISE_BEZIER_KNOTS.);
#3312 = CARTESIAN_POINT('',(0.4,0.));
#3313 = CARTESIAN_POINT('',(0.4,-0.6));
#3314 = ( GEOMETRIC_REPRESENTATION_CONTEXT(2) 
PARAMETRIC_REPRESENTATION_CONTEXT() REPRESENTATION_CONTEXT('2D SPACE',''
  ) );
#3315 = ORIENTED_EDGE('',*,*,#3316,.T.);
#3316 = EDGE_CURVE('',#3291,#1170,#3317,.T.);
#3317 = SURFACE_CURVE('',#3318,(#3322,#3328),.PCURVE_S1.);
#3318 = LINE('',#3319,#3320);
#3319 = CARTESIAN_POINT('',(-35.8,-5.3,6.));
#3320 = VECTOR('',#3321,1.);
#3321 = DIRECTION('',(-1.,-0.,0.));
#3322 = PCURVE('',#1101,#3323);
#3323 = DEFINITIONAL_REPRESENTATION('',(#3324),#3327);
#3324 = B_SPLINE_CURVE_WITH_KNOTS('',1,(#3325,#3326),.UNSPECIFIED.,.F.,
  .F.,(2,2),(-1.5,0.),.PIECEWISE_BEZIER_KNOTS.);
#3325 = CARTESIAN_POINT('',(1.5,34.7));
#3326 = CARTESIAN_POINT('',(0.,34.7));
#3327 = ( GEOMETRIC_REPRESENTATION_CONTEXT(2) 
PARAMETRIC_REPRESENTATION_CONTEXT() REPRESENTATION_CONTEXT('2D SPACE',''
  ) );
#3328 = PCURVE('',#1185,#3329);
#3329 = DEFINITIONAL_REPRESENTATION('',(#3330),#3333);
#3330 = B_SPLINE_CURVE_WITH_KNOTS('',1,(#3331,#3332),.UNSPECIFIED.,.F.,
  .F.,(2,2),(-1.5,0.),.PIECEWISE_BEZIER_KNOTS.);
#3331 = CARTESIAN_POINT('',(0.4,1.5));
#3332 = CARTESIAN_POINT('',(0.4,0.));
#3333 = ( GEOMETRIC_REPRESENTATION_CONTEXT(2) 
PARAMETRIC_REPRESENTATION_CONTEXT() REPRESENTATION_CONTEXT('2D SPACE',''
  ) );
#3334 = ORIENTED_EDGE('',*,*,#1197,.F.);
#3335 = ORIENTED_EDGE('',*,*,#3336,.F.);
#3336 = EDGE_CURVE('',#3337,#1198,#3339,.T.);
#3337 = VERTEX_POINT('',#3338);
#3338 = CARTESIAN_POINT('',(-32.8,-9.7,6.));
#3339 = SURFACE_CURVE('',#3340,(#3344,#3350),.PCURVE_S1.);
#3340 = LINE('',#3341,#3342);
#3341 = CARTESIAN_POINT('',(-35.8,-9.7,6.));
#3342 = VECTOR('',#3343,1.);
#3343 = DIRECTION('',(-1.,-0.,0.));
#3344 = PCURVE('',#1101,#3345);
#3345 = DEFINITIONAL_REPRESENTATION('',(#3346),#3349);
#3346 = B_SPLINE_CURVE_WITH_KNOTS('',1,(#3347,#3348),.UNSPECIFIED.,.F.,
  .F.,(2,2),(-3.,0.),.PIECEWISE_BEZIER_KNOTS.);
#3347 = CARTESIAN_POINT('',(3.,30.3));
#3348 = CARTESIAN_POINT('',(0.,30.3));
#3349 = ( GEOMETRIC_REPRESENTATION_CONTEXT(2) 
PARAMETRIC_REPRESENTATION_CONTEXT() REPRESENTATION_CONTEXT('2D SPACE',''
  ) );
#3350 = PCURVE('',#1236,#3351);
#3351 = DEFINITIONAL_REPRESENTATION('',(#3352),#3355);
#3352 = B_SPLINE_CURVE_WITH_KNOTS('',1,(#3353,#3354),.UNSPECIFIED.,.F.,
  .F.,(2,2),(-3.,0.),.PIECEWISE_BEZIER_KNOTS.);
#3353 = CARTESIAN_POINT('',(0.4,3.));
#3354 = CARTESIAN_POINT('',(0.4,0.));
#3355 = ( GEOMETRIC_REPRESENTATION_CONTEXT(2) 
PARAMETRIC_REPRESENTATION_CONTEXT() REPRESENTATION_CONTEXT('2D SPACE',''
  ) );
#3356 = ORIENTED_EDGE('',*,*,#3357,.F.);
#3357 = EDGE_CURVE('',#3358,#3337,#3360,.T.);
#3358 = VERTEX_POINT('',#3359);
#3359 = CARTESIAN_POINT('',(-32.8,-10.3,6.));
#3360 = SURFACE_CURVE('',#3361,(#3365,#3371),.PCURVE_S1.);
#3361 = LINE('',#3362,#3363);
#3362 = CARTESIAN_POINT('',(-32.8,-25.15,6.));
#3363 = VECTOR('',#3364,1.);
#3364 = DIRECTION('',(-0.,1.,0.));
#3365 = PCURVE('',#1101,#3366);
#3366 = DEFINITIONAL_REPRESENTATION('',(#3367),#3370);
#3367 = B_SPLINE_CURVE_WITH_KNOTS('',1,(#3368,#3369),.UNSPECIFIED.,.F.,
  .F.,(2,2),(14.85,15.45),.PIECEWISE_BEZIER_KNOTS.);
#3368 = CARTESIAN_POINT('',(3.,29.7));
#3369 = CARTESIAN_POINT('',(3.,30.3));
#3370 = ( GEOMETRIC_REPRESENTATION_CONTEXT(2) 
PARAMETRIC_REPRESENTATION_CONTEXT() REPRESENTATION_CONTEXT('2D SPACE',''
  ) );
#3371 = PCURVE('',#3372,#3377);
#3372 = PLANE('',#3373);
#3373 = AXIS2_PLACEMENT_3D('',#3374,#3375,#3376);
#3374 = CARTESIAN_POINT('',(-32.8,-10.3,5.6));
#3375 = DIRECTION('',(1.,0.,-0.));
#3376 = DIRECTION('',(0.,0.,1.));
#3377 = DEFINITIONAL_REPRESENTATION('',(#3378),#3381);
#3378 = B_SPLINE_CURVE_WITH_KNOTS('',1,(#3379,#3380),.UNSPECIFIED.,.F.,
  .F.,(2,2),(14.85,15.45),.PIECEWISE_BEZIER_KNOTS.);
#3379 = CARTESIAN_POINT('',(0.4,0.));
#3380 = CARTESIAN_POINT('',(0.4,-0.6));
#3381 = ( GEOMETRIC_REPRESENTATION_CONTEXT(2) 
PARAMETRIC_REPRESENTATION_CONTEXT() REPRESENTATION_CONTEXT('2D SPACE',''
  ) );
#3382 = ORIENTED_EDGE('',*,*,#3383,.T.);
#3383 = EDGE_CURVE('',#3358,#1277,#3384,.T.);
#3384 = SURFACE_CURVE('',#3385,(#3389,#3395),.PCURVE_S1.);
#3385 = LINE('',#3386,#3387);
#3386 = CARTESIAN_POINT('',(-35.8,-10.3,6.));
#3387 = VECTOR('',#3388,1.);
#3388 = DIRECTION('',(-1.,-0.,0.));
#3389 = PCURVE('',#1101,#3390);
#3390 = DEFINITIONAL_REPRESENTATION('',(#3391),#3394);
#3391 = B_SPLINE_CURVE_WITH_KNOTS('',1,(#3392,#3393),.UNSPECIFIED.,.F.,
  .F.,(2,2),(-3.,0.),.PIECEWISE_BEZIER_KNOTS.);
#3392 = CARTESIAN_POINT('',(3.,29.7));
#3393 = CARTESIAN_POINT('',(0.,29.7));
#3394 = ( GEOMETRIC_REPRESENTATION_CONTEXT(2) 
PARAMETRIC_REPRESENTATION_CONTEXT() REPRESENTATION_CONTEXT('2D SPACE',''
  ) );
#3395 = PCURVE('',#1292,#3396);
#3396 = DEFINITIONAL_REPRESENTATION('',(#3397),#3400);
#3397 = B_SPLINE_CURVE_WITH_KNOTS('',1,(#3398,#3399),.UNSPECIFIED.,.F.,
  .F.,(2,2),(-3.,0.),.PIECEWISE_BEZIER_KNOTS.);
#3398 = CARTESIAN_POINT('',(0.4,3.));
#3399 = CARTESIAN_POINT('',(0.4,0.));
#3400 = ( GEOMETRIC_REPRESENTATION_CONTEXT(2) 
PARAMETRIC_REPRESENTATION_CONTEXT() REPRESENTATION_CONTEXT('2D SPACE',''
  ) );
#3401 = ORIENTED_EDGE('',*,*,#1304,.F.);
#3402 = ORIENTED_EDGE('',*,*,#3403,.F.);
#3403 = EDGE_CURVE('',#3404,#1305,#3406,.T.);
#3404 = VERTEX_POINT('',#3405);
#3405 = CARTESIAN_POINT('',(-34.3,-14.7,6.));
#3406 = SURFACE_CURVE('',#3407,(#3411,#3417),.PCURVE_S1.);
#3407 = LINE('',#3408,#3409);
#3408 = CARTESIAN_POINT('',(-35.8,-14.7,6.));
#3409 = VECTOR('',#3410,1.);
#3410 = DIRECTION('',(-1.,-0.,0.));
#3411 = PCURVE('',#1101,#3412);
#3412 = DEFINITIONAL_REPRESENTATION('',(#3413),#3416);
#3413 = B_SPLINE_CURVE_WITH_KNOTS('',1,(#3414,#3415),.UNSPECIFIED.,.F.,
  .F.,(2,2),(-1.5,0.),.PIECEWISE_BEZIER_KNOTS.);
#3414 = CARTESIAN_POINT('',(1.5,25.3));
#3415 = CARTESIAN_POINT('',(0.,25.3));
#3416 = ( GEOMETRIC_REPRESENTATION_CONTEXT(2) 
PARAMETRIC_REPRESENTATION_CONTEXT() REPRESENTATION_CONTEXT('2D SPACE',''
  ) );
#3417 = PCURVE('',#1343,#3418);
#3418 = DEFINITIONAL_REPRESENTATION('',(#3419),#3422);
#3419 = B_SPLINE_CURVE_WITH_KNOTS('',1,(#3420,#3421),.UNSPECIFIED.,.F.,
  .F.,(2,2),(-1.5,0.),.PIECEWISE_BEZIER_KNOTS.);
#3420 = CARTESIAN_POINT('',(0.4,1.5));
#3421 = CARTESIAN_POINT('',(0.4,0.));
#3422 = ( GEOMETRIC_REPRESENTATION_CONTEXT(2) 
PARAMETRIC_REPRESENTATION_CONTEXT() REPRESENTATION_CONTEXT('2D SPACE',''
  ) );
#3423 = ORIENTED_EDGE('',*,*,#3424,.F.);
#3424 = EDGE_CURVE('',#3425,#3404,#3427,.T.);
#3425 = VERTEX_POINT('',#3426);
#3426 = CARTESIAN_POINT('',(-34.3,-15.3,6.));
#3427 = SURFACE_CURVE('',#3428,(#3432,#3438),.PCURVE_S1.);
#3428 = LINE('',#3429,#3430);
#3429 = CARTESIAN_POINT('',(-34.3,-27.65,6.));
#3430 = VECTOR('',#3431,1.);
#3431 = DIRECTION('',(-0.,1.,0.));
#3432 = PCURVE('',#1101,#3433);
#3433 = DEFINITIONAL_REPRESENTATION('',(#3434),#3437);
#3434 = B_SPLINE_CURVE_WITH_KNOTS('',1,(#3435,#3436),.UNSPECIFIED.,.F.,
  .F.,(2,2),(12.35,12.95),.PIECEWISE_BEZIER_KNOTS.);
#3435 = CARTESIAN_POINT('',(1.5,24.7));
#3436 = CARTESIAN_POINT('',(1.5,25.3));
#3437 = ( GEOMETRIC_REPRESENTATION_CONTEXT(2) 
PARAMETRIC_REPRESENTATION_CONTEXT() REPRESENTATION_CONTEXT('2D SPACE',''
  ) );
#3438 = PCURVE('',#3439,#3444);
#3439 = PLANE('',#3440);
#3440 = AXIS2_PLACEMENT_3D('',#3441,#3442,#3443);
#3441 = CARTESIAN_POINT('',(-34.3,-15.3,5.6));
#3442 = DIRECTION('',(1.,0.,-0.));
#3443 = DIRECTION('',(0.,0.,1.));
#3444 = DEFINITIONAL_REPRESENTATION('',(#3445),#3448);
#3445 = B_SPLINE_CURVE_WITH_KNOTS('',1,(#3446,#3447),.UNSPECIFIED.,.F.,
  .F.,(2,2),(12.35,12.95),.PIECEWISE_BEZIER_KNOTS.);
#3446 = CARTESIAN_POINT('',(0.4,0.));
#3447 = CARTESIAN_POINT('',(0.4,-0.6));
#3448 = ( GEOMETRIC_REPRESENTATION_CONTEXT(2) 
PARAMETRIC_REPRESENTATION_CONTEXT() REPRESENTATION_CONTEXT('2D SPACE',''
  ) );
#3449 = ORIENTED_EDGE('',*,*,#3450,.T.);
#3450 = EDGE_CURVE('',#3425,#1384,#3451,.T.);
#3451 = SURFACE_CURVE('',#3452,(#3456,#3462),.PCURVE_S1.);
#3452 = LINE('',#3453,#3454);
#3453 = CARTESIAN_POINT('',(-35.8,-15.3,6.));
#3454 = VECTOR('',#3455,1.);
#3455 = DIRECTION('',(-1.,-0.,0.));
#3456 = PCURVE('',#1101,#3457);
#3457 = DEFINITIONAL_REPRESENTATION('',(#3458),#3461);
#3458 = B_SPLINE_CURVE_WITH_KNOTS('',1,(#3459,#3460),.UNSPECIFIED.,.F.,
  .F.,(2,2),(-1.5,0.),.PIECEWISE_BEZIER_KNOTS.);
#3459 = CARTESIAN_POINT('',(1.5,24.7));
#3460 = CARTESIAN_POINT('',(0.,24.7));
#3461 = ( GEOMETRIC_REPRESENTATION_CONTEXT(2) 
PARAMETRIC_REPRESENTATION_CONTEXT() REPRESENTATION_CONTEXT('2D SPACE',''
  ) );
#3462 = PCURVE('',#1399,#3463);
#3463 = DEFINITIONAL_REPRESENTATION('',(#3464),#3467);
#3464 = B_SPLINE_CURVE_WITH_KNOTS('',1,(#3465,#3466),.UNSPECIFIED.,.F.,
  .F.,(2,2),(-1.5,0.),.PIECEWISE_BEZIER_KNOTS.);
#3465 = CARTESIAN_POINT('',(0.4,1.5));
#3466 = CARTESIAN_POINT('',(0.4,0.));
#3467 = ( GEOMETRIC_REPRESENTATION_CONTEXT(2) 
PARAMETRIC_REPRESENTATION_CONTEXT() REPRESENTATION_CONTEXT('2D SPACE',''
  ) );
#3468 = ORIENTED_EDGE('',*,*,#1411,.F.);
#3469 = ORIENTED_EDGE('',*,*,#3470,.F.);
#3470 = EDGE_CURVE('',#3471,#1412,#3473,.T.);
#3471 = VERTEX_POINT('',#3472);
#3472 = CARTESIAN_POINT('',(-32.8,-19.7,6.));
#3473 = SURFACE_CURVE('',#3474,(#3478,#3484),.PCURVE_S1.);
#3474 = LINE('',#3475,#3476);
#3475 = CARTESIAN_POINT('',(-35.8,-19.7,6.));
#3476 = VECTOR('',#3477,1.);
#3477 = DIRECTION('',(-1.,-0.,0.));
#3478 = PCURVE('',#1101,#3479);
#3479 = DEFINITIONAL_REPRESENTATION('',(#3480),#3483);
#3480 = B_SPLINE_CURVE_WITH_KNOTS('',1,(#3481,#3482),.UNSPECIFIED.,.F.,
  .F.,(2,2),(-3.,0.),.PIECEWISE_BEZIER_KNOTS.);
#3481 = CARTESIAN_POINT('',(3.,20.3));
#3482 = CARTESIAN_POINT('',(0.,20.3));
#3483 = ( GEOMETRIC_REPRESENTATION_CONTEXT(2) 
PARAMETRIC_REPRESENTATION_CONTEXT() REPRESENTATION_CONTEXT('2D SPACE',''
  ) );
#3484 = PCURVE('',#1450,#3485);
#3485 = DEFINITIONAL_REPRESENTATION('',(#3486),#3489);
#3486 = B_SPLINE_CURVE_WITH_KNOTS('',1,(#3487,#3488),.UNSPECIFIED.,.F.,
  .F.,(2,2),(-3.,0.),.PIECEWISE_BEZIER_KNOTS.);
#3487 = CARTESIAN_POINT('',(0.4,3.));
#3488 = CARTESIAN_POINT('',(0.4,0.));
#3489 = ( GEOMETRIC_REPRESENTATION_CONTEXT(2) 
PARAMETRIC_REPRESENTATION_CONTEXT() REPRESENTATION_CONTEXT('2D SPACE',''
  ) );
#3490 = ORIENTED_EDGE('',*,*,#3491,.F.);
#3491 = EDGE_CURVE('',#3492,#3471,#3494,.T.);
#3492 = VERTEX_POINT('',#3493);
#3493 = CARTESIAN_POINT('',(-32.8,-20.3,6.));
#3494 = SURFACE_CURVE('',#3495,(#3499,#3505),.PCURVE_S1.);
#3495 = LINE('',#3496,#3497);
#3496 = CARTESIAN_POINT('',(-32.8,-30.15,6.));
#3497 = VECTOR('',#3498,1.);
#3498 = DIRECTION('',(-0.,1.,0.));
#3499 = PCURVE('',#1101,#3500);
#3500 = DEFINITIONAL_REPRESENTATION('',(#3501),#3504);
#3501 = B_SPLINE_CURVE_WITH_KNOTS('',1,(#3502,#3503),.UNSPECIFIED.,.F.,
  .F.,(2,2),(9.85,10.45),.PIECEWISE_BEZIER_KNOTS.);
#3502 = CARTESIAN_POINT('',(3.,19.7));
#3503 = CARTESIAN_POINT('',(3.,20.3));
#3504 = ( GEOMETRIC_REPRESENTATION_CONTEXT(2) 
PARAMETRIC_REPRESENTATION_CONTEXT() REPRESENTATION_CONTEXT('2D SPACE',''
  ) );
#3505 = PCURVE('',#3506,#3511);
#3506 = PLANE('',#3507);
#3507 = AXIS2_PLACEMENT_3D('',#3508,#3509,#3510);
#3508 = CARTESIAN_POINT('',(-32.8,-20.3,5.6));
#3509 = DIRECTION('',(1.,0.,-0.));
#3510 = DIRECTION('',(0.,0.,1.));
#3511 = DEFINITIONAL_REPRESENTATION('',(#3512),#3515);
#3512 = B_SPLINE_CURVE_WITH_KNOTS('',1,(#3513,#3514),.UNSPECIFIED.,.F.,
  .F.,(2,2),(9.85,10.45),.PIECEWISE_BEZIER_KNOTS.);
#3513 = CARTESIAN_POINT('',(0.4,0.));
#3514 = CARTESIAN_POINT('',(0.4,-0.6));
#3515 = ( GEOMETRIC_REPRESENTATION_CONTEXT(2) 
PARAMETRIC_REPRESENTATION_CONTEXT() REPRESENTATION_CONTEXT('2D SPACE',''
  ) );
#3516 = ORIENTED_EDGE('',*,*,#3517,.T.);
#3517 = EDGE_CURVE('',#3492,#1491,#3518,.T.);
#3518 = SURFACE_CURVE('',#3519,(#3523,#3529),.PCURVE_S1.);
#3519 = LINE('',#3520,#3521);
#3520 = CARTESIAN_POINT('',(-35.8,-20.3,6.));
#3521 = VECTOR('',#3522,1.);
#3522 = DIRECTION('',(-1.,-0.,0.));
#3523 = PCURVE('',#1101,#3524);
#3524 = DEFINITIONAL_REPRESENTATION('',(#3525),#3528);
#3525 = B_SPLINE_CURVE_WITH_KNOTS('',1,(#3526,#3527),.UNSPECIFIED.,.F.,
  .F.,(2,2),(-3.,0.),.PIECEWISE_BEZIER_KNOTS.);
#3526 = CARTESIAN_POINT('',(3.,19.7));
#3527 = CARTESIAN_POINT('',(0.,19.7));
#3528 = ( GEOMETRIC_REPRESENTATION_CONTEXT(2) 
PARAMETRIC_REPRESENTATION_CONTEXT() REPRESENTATION_CONTEXT('2D SPACE',''
  ) );
#3529 = PCURVE('',#1506,#3530);
#3530 = DEFINITIONAL_REPRESENTATION('',(#3531),#3534);
#3531 = B_SPLINE_CURVE_WITH_KNOTS('',1,(#3532,#3533),.UNSPECIFIED.,.F.,
  .F.,(2,2),(-3.,0.),.PIECEWISE_BEZIER_KNOTS.);
#3532 = CARTESIAN_POINT('',(0.4,3.));
#3533 = CARTESIAN_POINT('',(0.4,0.));
#3534 = ( GEOMETRIC_REPRESENTATION_CONTEXT(2) 
PARAMETRIC_REPRESENTATION_CONTEXT() REPRESENTATION_CONTEXT('2D SPACE',''
  ) );
#3535 = ORIENTED_EDGE('',*,*,#1518,.F.);
#3536 = ORIENTED_EDGE('',*,*,#3537,.F.);
#3537 = EDGE_CURVE('',#3538,#1519,#3540,.T.);
#3538 = VERTEX_POINT('',#3539);
#3539 = CARTESIAN_POINT('',(-34.3,-24.7,6.));
#3540 = SURFACE_CURVE('',#3541,(#3545,#3551),.PCURVE_S1.);
#3541 = LINE('',#3542,#3543);
#3542 = CARTESIAN_POINT('',(-35.8,-24.7,6.));
#3543 = VECTOR('',#3544,1.);
#3544 = DIRECTION('',(-1.,-0.,0.));
#3545 = PCURVE('',#1101,#3546);
#3546 = DEFINITIONAL_REPRESENTATION('',(#3547),#3550);
#3547 = B_SPLINE_CURVE_WITH_KNOTS('',1,(#3548,#3549),.UNSPECIFIED.,.F.,
  .F.,(2,2),(-1.5,0.),.PIECEWISE_BEZIER_KNOTS.);
#3548 = CARTESIAN_POINT('',(1.5,15.3));
#3549 = CARTESIAN_POINT('',(0.,15.3));
#3550 = ( GEOMETRIC_REPRESENTATION_CONTEXT(2) 
PARAMETRIC_REPRESENTATION_CONTEXT() REPRESENTATION_CONTEXT('2D SPACE',''
  ) );
#3551 = PCURVE('',#1557,#3552);
#3552 = DEFINITIONAL_REPRESENTATION('',(#3553),#3556);
#3553 = B_SPLINE_CURVE_WITH_KNOTS('',1,(#3554,#3555),.UNSPECIFIED.,.F.,
  .F.,(2,2),(-1.5,0.),.PIECEWISE_BEZIER_KNOTS.);
#3554 = CARTESIAN_POINT('',(0.4,1.5));
#3555 = CARTESIAN_POINT('',(0.4,0.));
#3556 = ( GEOMETRIC_REPRESENTATION_CONTEXT(2) 
PARAMETRIC_REPRESENTATION_CONTEXT() REPRESENTATION_CONTEXT('2D SPACE',''
  ) );
#3557 = ORIENTED_EDGE('',*,*,#3558,.F.);
#3558 = EDGE_CURVE('',#3559,#3538,#3561,.T.);
#3559 = VERTEX_POINT('',#3560);
#3560 = CARTESIAN_POINT('',(-34.3,-25.3,6.));
#3561 = SURFACE_CURVE('',#3562,(#3566,#3572),.PCURVE_S1.);
#3562 = LINE('',#3563,#3564);
#3563 = CARTESIAN_POINT('',(-34.3,-32.65,6.));
#3564 = VECTOR('',#3565,1.);
#3565 = DIRECTION('',(-0.,1.,0.));
#3566 = PCURVE('',#1101,#3567);
#3567 = DEFINITIONAL_REPRESENTATION('',(#3568),#3571);
#3568 = B_SPLINE_CURVE_WITH_KNOTS('',1,(#3569,#3570),.UNSPECIFIED.,.F.,
  .F.,(2,2),(7.35,7.95),.PIECEWISE_BEZIER_KNOTS.);
#3569 = CARTESIAN_POINT('',(1.5,14.7));
#3570 = CARTESIAN_POINT('',(1.5,15.3));
#3571 = ( GEOMETRIC_REPRESENTATION_CONTEXT(2) 
PARAMETRIC_REPRESENTATION_CONTEXT() REPRESENTATION_CONTEXT('2D SPACE',''
  ) );
#3572 = PCURVE('',#3573,#3578);
#3573 = PLANE('',#3574);
#3574 = AXIS2_PLACEMENT_3D('',#3575,#3576,#3577);
#3575 = CARTESIAN_POINT('',(-34.3,-25.3,5.6));
#3576 = DIRECTION('',(1.,0.,-0.));
#3577 = DIRECTION('',(0.,0.,1.));
#3578 = DEFINITIONAL_REPRESENTATION('',(#3579),#3582);
#3579 = B_SPLINE_CURVE_WITH_KNOTS('',1,(#3580,#3581),.UNSPECIFIED.,.F.,
  .F.,(2,2),(7.35,7.95),.PIECEWISE_BEZIER_KNOTS.);
#3580 = CARTESIAN_POINT('',(0.4,0.));
#3581 = CARTESIAN_POINT('',(0.4,-0.6));
#3582 = ( GEOMETRIC_REPRESENTATION_CONTEXT(2) 
PARAMETRIC_REPRESENTATION_CONTEXT() REPRESENTATION_CONTEXT('2D SPACE',''
  ) );
#3583 = ORIENTED_EDGE('',*,*,#3584,.T.);
#3584 = EDGE_CURVE('',#3559,#1598,#3585,.T.);
#3585 = SURFACE_CURVE('',#3586,(#3590,#3596),.PCURVE_S1.);
#3586 = LINE('',#3587,#3588);
#3587 = CARTESIAN_POINT('',(-35.8,-25.3,6.));
#3588 = VECTOR('',#3589,1.);
#3589 = DIRECTION('',(-1.,-0.,0.));
#3590 = PCURVE('',#1101,#3591);
#3591 = DEFINITIONAL_REPRESENTATION('',(#3592),#3595);
#3592 = B_SPLINE_CURVE_WITH_KNOTS('',1,(#3593,#3594),.UNSPECIFIED.,.F.,
  .F.,(2,2),(-1.5,0.),.PIECEWISE_BEZIER_KNOTS.);
#3593 = CARTESIAN_POINT('',(1.5,14.7));
#3594 = CARTESIAN_POINT('',(0.,14.7));
#3595 = ( GEOMETRIC_REPRESENTATION_CONTEXT(2) 
PARAMETRIC_REPRESENTATION_CONTEXT() REPRESENTATION_CONTEXT('2D SPACE',''
  ) );
#3596 = PCURVE('',#1613,#3597);
#3597 = DEFINITIONAL_REPRESENTATION('',(#3598),#3601);
#3598 = B_SPLINE_CURVE_WITH_KNOTS('',1,(#3599,#3600),.UNSPECIFIED.,.F.,
  .F.,(2,2),(-1.5,0.),.PIECEWISE_BEZIER_KNOTS.);
#3599 = CARTESIAN_POINT('',(0.4,1.5));
#3600 = CARTESIAN_POINT('',(0.4,0.));
#3601 = ( GEOMETRIC_REPRESENTATION_CONTEXT(2) 
PARAMETRIC_REPRESENTATION_CONTEXT() REPRESENTATION_CONTEXT('2D SPACE',''
  ) );
#3602 = ORIENTED_EDGE('',*,*,#1625,.F.);
#3603 = ORIENTED_EDGE('',*,*,#3604,.F.);
#3604 = EDGE_CURVE('',#3605,#1626,#3607,.T.);
#3605 = VERTEX_POINT('',#3606);
#3606 = CARTESIAN_POINT('',(-32.8,-29.7,6.));
#3607 = SURFACE_CURVE('',#3608,(#3612,#3618),.PCURVE_S1.);
#3608 = LINE('',#3609,#3610);
#3609 = CARTESIAN_POINT('',(-35.8,-29.7,6.));
#3610 = VECTOR('',#3611,1.);
#3611 = DIRECTION('',(-1.,-0.,0.));
#3612 = PCURVE('',#1101,#3613);
#3613 = DEFINITIONAL_REPRESENTATION('',(#3614),#3617);
#3614 = B_SPLINE_CURVE_WITH_KNOTS('',1,(#3615,#3616),.UNSPECIFIED.,.F.,
  .F.,(2,2),(-3.,0.),.PIECEWISE_BEZIER_KNOTS.);
#3615 = CARTESIAN_POINT('',(3.,10.3));
#3616 = CARTESIAN_POINT('',(0.,10.3));
#3617 = ( GEOMETRIC_REPRESENTATION_CONTEXT(2) 
PARAMETRIC_REPRESENTATION_CONTEXT() REPRESENTATION_CONTEXT('2D SPACE',''
  ) );
#3618 = PCURVE('',#1664,#3619);
#3619 = DEFINITIONAL_REPRESENTATION('',(#3620),#3623);
#3620 = B_SPLINE_CURVE_WITH_KNOTS('',1,(#3621,#3622),.UNSPECIFIED.,.F.,
  .F.,(2,2),(-3.,0.),.PIECEWISE_BEZIER_KNOTS.);
#3621 = CARTESIAN_POINT('',(0.4,3.));
#3622 = CARTESIAN_POINT('',(0.4,0.));
#3623 = ( GEOMETRIC_REPRESENTATION_CONTEXT(2) 
PARAMETRIC_REPRESENTATION_CONTEXT() REPRESENTATION_CONTEXT('2D SPACE',''
  ) );
#3624 = ORIENTED_EDGE('',*,*,#3625,.F.);
#3625 = EDGE_CURVE('',#3626,#3605,#3628,.T.);
#3626 = VERTEX_POINT('',#3627);
#3627 = CARTESIAN_POINT('',(-32.8,-30.3,6.));
#3628 = SURFACE_CURVE('',#3629,(#3633,#3639),.PCURVE_S1.);
#3629 = LINE('',#3630,#3631);
#3630 = CARTESIAN_POINT('',(-32.8,-35.15,6.));
#3631 = VECTOR('',#3632,1.);
#3632 = DIRECTION('',(-0.,1.,0.));
#3633 = PCURVE('',#1101,#3634);
#3634 = DEFINITIONAL_REPRESENTATION('',(#3635),#3638);
#3635 = B_SPLINE_CURVE_WITH_KNOTS('',1,(#3636,#3637),.UNSPECIFIED.,.F.,
  .F.,(2,2),(4.85,5.45),.PIECEWISE_BEZIER_KNOTS.);
#3636 = CARTESIAN_POINT('',(3.,9.7));
#3637 = CARTESIAN_POINT('',(3.,10.3));
#3638 = ( GEOMETRIC_REPRESENTATION_CONTEXT(2) 
PARAMETRIC_REPRESENTATION_CONTEXT() REPRESENTATION_CONTEXT('2D SPACE',''
  ) );
#3639 = PCURVE('',#3640,#3645);
#3640 = PLANE('',#3641);
#3641 = AXIS2_PLACEMENT_3D('',#3642,#3643,#3644);
#3642 = CARTESIAN_POINT('',(-32.8,-30.3,5.6));
#3643 = DIRECTION('',(1.,0.,-0.));
#3644 = DIRECTION('',(0.,0.,1.));
#3645 = DEFINITIONAL_REPRESENTATION('',(#3646),#3649);
#3646 = B_SPLINE_CURVE_WITH_KNOTS('',1,(#3647,#3648),.UNSPECIFIED.,.F.,
  .F.,(2,2),(4.85,5.45),.PIECEWISE_BEZIER_KNOTS.);
#3647 = CARTESIAN_POINT('',(0.4,0.));
#3648 = CARTESIAN_POINT('',(0.4,-0.6));
#3649 = ( GEOMETRIC_REPRESENTATION_CONTEXT(2) 
PARAMETRIC_REPRESENTATION_CONTEXT() REPRESENTATION_CONTEXT('2D SPACE',''
  ) );
#3650 = ORIENTED_EDGE('',*,*,#3651,.T.);
#3651 = EDGE_CURVE('',#3626,#1705,#3652,.T.);
#3652 = SURFACE_CURVE('',#3653,(#3657,#3663),.PCURVE_S1.);
#3653 = LINE('',#3654,#3655);
#3654 = CARTESIAN_POINT('',(-35.8,-30.3,6.));
#3655 = VECTOR('',#3656,1.);
#3656 = DIRECTION('',(-1.,-0.,0.));
#3657 = PCURVE('',#1101,#3658);
#3658 = DEFINITIONAL_REPRESENTATION('',(#3659),#3662);
#3659 = B_SPLINE_CURVE_WITH_KNOTS('',1,(#3660,#3661),.UNSPECIFIED.,.F.,
  .F.,(2,2),(-3.,0.),.PIECEWISE_BEZIER_KNOTS.);
#3660 = CARTESIAN_POINT('',(3.,9.7));
#3661 = CARTESIAN_POINT('',(0.,9.7));
#3662 = ( GEOMETRIC_REPRESENTATION_CONTEXT(2) 
PARAMETRIC_REPRESENTATION_CONTEXT() REPRESENTATION_CONTEXT('2D SPACE',''
  ) );
#3663 = PCURVE('',#1720,#3664);
#3664 = DEFINITIONAL_REPRESENTATION('',(#3665),#3668);
#3665 = B_SPLINE_CURVE_WITH_KNOTS('',1,(#3666,#3667),.UNSPECIFIED.,.F.,
  .F.,(2,2),(-3.,0.),.PIECEWISE_BEZIER_KNOTS.);
#3666 = CARTESIAN_POINT('',(0.4,3.));
#3667 = CARTESIAN_POINT('',(0.4,0.));
#3668 = ( GEOMETRIC_REPRESENTATION_CONTEXT(2) 
PARAMETRIC_REPRESENTATION_CONTEXT() REPRESENTATION_CONTEXT('2D SPACE',''
  ) );
#3669 = ORIENTED_EDGE('',*,*,#1732,.F.);
#3670 = ORIENTED_EDGE('',*,*,#3671,.F.);
#3671 = EDGE_CURVE('',#3672,#1733,#3674,.T.);
#3672 = VERTEX_POINT('',#3673);
#3673 = CARTESIAN_POINT('',(-34.3,-34.7,6.));
#3674 = SURFACE_CURVE('',#3675,(#3679,#3685),.PCURVE_S1.);
#3675 = LINE('',#3676,#3677);
#3676 = CARTESIAN_POINT('',(-35.8,-34.7,6.));
#3677 = VECTOR('',#3678,1.);
#3678 = DIRECTION('',(-1.,-0.,0.));
#3679 = PCURVE('',#1101,#3680);
#3680 = DEFINITIONAL_REPRESENTATION('',(#3681),#3684);
#3681 = B_SPLINE_CURVE_WITH_KNOTS('',1,(#3682,#3683),.UNSPECIFIED.,.F.,
  .F.,(2,2),(-1.5,0.),.PIECEWISE_BEZIER_KNOTS.);
#3682 = CARTESIAN_POINT('',(1.5,5.3));
#3683 = CARTESIAN_POINT('',(0.,5.3));
#3684 = ( GEOMETRIC_REPRESENTATION_CONTEXT(2) 
PARAMETRIC_REPRESENTATION_CONTEXT() REPRESENTATION_CONTEXT('2D SPACE',''
  ) );
#3685 = PCURVE('',#1771,#3686);
#3686 = DEFINITIONAL_REPRESENTATION('',(#3687),#3690);
#3687 = B_SPLINE_CURVE_WITH_KNOTS('',1,(#3688,#3689),.UNSPECIFIED.,.F.,
  .F.,(2,2),(-1.5,0.),.PIECEWISE_BEZIER_KNOTS.);
#3688 = CARTESIAN_POINT('',(0.4,1.5));
#3689 = CARTESIAN_POINT('',(0.4,0.));
#3690 = ( GEOMETRIC_REPRESENTATION_CONTEXT(2) 
PARAMETRIC_REPRESENTATION_CONTEXT() REPRESENTATION_CONTEXT('2D SPACE',''
  ) );
#3691 = ORIENTED_EDGE('',*,*,#3692,.F.);
#3692 = EDGE_CURVE('',#3693,#3672,#3695,.T.);
#3693 = VERTEX_POINT('',#3694);
#3694 = CARTESIAN_POINT('',(-34.3,-35.3,6.));
#3695 = SURFACE_CURVE('',#3696,(#3700,#3706),.PCURVE_S1.);
#3696 = LINE('',#3697,#3698);
#3697 = CARTESIAN_POINT('',(-34.3,-37.65,6.));
#3698 = VECTOR('',#3699,1.);
#3699 = DIRECTION('',(-0.,1.,0.));
#3700 = PCURVE('',#1101,#3701);
#3701 = DEFINITIONAL_REPRESENTATION('',(#3702),#3705);
#3702 = B_SPLINE_CURVE_WITH_KNOTS('',1,(#3703,#3704),.UNSPECIFIED.,.F.,
  .F.,(2,2),(2.35,2.95),.PIECEWISE_BEZIER_KNOTS.);
#3703 = CARTESIAN_POINT('',(1.5,4.7));
#3704 = CARTESIAN_POINT('',(1.5,5.3));
#3705 = ( GEOMETRIC_REPRESENTATION_CONTEXT(2) 
PARAMETRIC_REPRESENTATION_CONTEXT() REPRESENTATION_CONTEXT('2D SPACE',''
  ) );
#3706 = PCURVE('',#3707,#3712);
#3707 = PLANE('',#3708);
#3708 = AXIS2_PLACEMENT_3D('',#3709,#3710,#3711);
#3709 = CARTESIAN_POINT('',(-34.3,-35.3,5.6));
#3710 = DIRECTION('',(1.,0.,-0.));
#3711 = DIRECTION('',(0.,0.,1.));
#3712 = DEFINITIONAL_REPRESENTATION('',(#3713),#3716);
#3713 = B_SPLINE_CURVE_WITH_KNOTS('',1,(#3714,#3715),.UNSPECIFIED.,.F.,
  .F.,(2,2),(2.35,2.95),.PIECEWISE_BEZIER_KNOTS.);
#3714 = CARTESIAN_POINT('',(0.4,0.));
#3715 = CARTESIAN_POINT('',(0.4,-0.6));
#3716 = ( GEOMETRIC_REPRESENTATION_CONTEXT(2) 
PARAMETRIC_REPRESENTATION_CONTEXT() REPRESENTATION_CONTEXT('2D SPACE',''
  ) );
#3717 = ORIENTED_EDGE('',*,*,#3718,.T.);
#3718 = EDGE_CURVE('',#3693,#1812,#3719,.T.);
#3719 = SURFACE_CURVE('',#3720,(#3724,#3730),.PCURVE_S1.);
#3720 = LINE('',#3721,#3722);
#3721 = CARTESIAN_POINT('',(-35.8,-35.3,6.));
#3722 = VECTOR('',#3723,1.);
#3723 = DIRECTION('',(-1.,-0.,0.));
#3724 = PCURVE('',#1101,#3725);
#3725 = DEFINITIONAL_REPRESENTATION('',(#3726),#3729);
#3726 = B_SPLINE_CURVE_WITH_KNOTS('',1,(#3727,#3728),.UNSPECIFIED.,.F.,
  .F.,(2,2),(-1.5,0.),.PIECEWISE_BEZIER_KNOTS.);
#3727 = CARTESIAN_POINT('',(1.5,4.7));
#3728 = CARTESIAN_POINT('',(0.,4.7));
#3729 = ( GEOMETRIC_REPRESENTATION_CONTEXT(2) 
PARAMETRIC_REPRESENTATION_CONTEXT() REPRESENTATION_CONTEXT('2D SPACE',''
  ) );
#3730 = PCURVE('',#1827,#3731);
#3731 = DEFINITIONAL_REPRESENTATION('',(#3732),#3735);
#3732 = B_SPLINE_CURVE_WITH_KNOTS('',1,(#3733,#3734),.UNSPECIFIED.,.F.,
  .F.,(2,2),(-1.5,0.),.PIECEWISE_BEZIER_KNOTS.);
#3733 = CARTESIAN_POINT('',(0.4,1.5));
#3734 = CARTESIAN_POINT('',(0.4,0.));
#3735 = ( GEOMETRIC_REPRESENTATION_CONTEXT(2) 
PARAMETRIC_REPRESENTATION_CONTEXT() REPRESENTATION_CONTEXT('2D SPACE',''
  ) );
#3736 = ADVANCED_FACE('',(#3737),#1827,.T.);
#3737 = FACE_BOUND('',#3738,.T.);
#3738 = EDGE_LOOP('',(#3739,#3762,#3783,#3784));
#3739 = ORIENTED_EDGE('',*,*,#3740,.F.);
#3740 = EDGE_CURVE('',#3741,#3693,#3743,.T.);
#3741 = VERTEX_POINT('',#3742);
#3742 = CARTESIAN_POINT('',(-34.3,-35.3,5.6));
#3743 = SURFACE_CURVE('',#3744,(#3748,#3755),.PCURVE_S1.);
#3744 = LINE('',#3745,#3746);
#3745 = CARTESIAN_POINT('',(-34.3,-35.3,5.6));
#3746 = VECTOR('',#3747,1.);
#3747 = DIRECTION('',(0.,0.,1.));
#3748 = PCURVE('',#1827,#3749);
#3749 = DEFINITIONAL_REPRESENTATION('',(#3750),#3754);
#3750 = LINE('',#3751,#3752);
#3751 = CARTESIAN_POINT('',(0.,1.5));
#3752 = VECTOR('',#3753,1.);
#3753 = DIRECTION('',(1.,0.));
#3754 = ( GEOMETRIC_REPRESENTATION_CONTEXT(2) 
PARAMETRIC_REPRESENTATION_CONTEXT() REPRESENTATION_CONTEXT('2D SPACE',''
  ) );
#3755 = PCURVE('',#3707,#3756);
#3756 = DEFINITIONAL_REPRESENTATION('',(#3757),#3761);
#3757 = LINE('',#3758,#3759);
#3758 = CARTESIAN_POINT('',(0.,0.));
#3759 = VECTOR('',#3760,1.);
#3760 = DIRECTION('',(1.,0.));
#3761 = ( GEOMETRIC_REPRESENTATION_CONTEXT(2) 
PARAMETRIC_REPRESENTATION_CONTEXT() REPRESENTATION_CONTEXT('2D SPACE',''
  ) );
#3762 = ORIENTED_EDGE('',*,*,#3763,.F.);
#3763 = EDGE_CURVE('',#1784,#3741,#3764,.T.);
#3764 = SURFACE_CURVE('',#3765,(#3769,#3776),.PCURVE_S1.);
#3765 = LINE('',#3766,#3767);
#3766 = CARTESIAN_POINT('',(-35.8,-35.3,5.6));
#3767 = VECTOR('',#3768,1.);
#3768 = DIRECTION('',(1.,0.,-0.));
#3769 = PCURVE('',#1827,#3770);
#3770 = DEFINITIONAL_REPRESENTATION('',(#3771),#3775);
#3771 = LINE('',#3772,#3773);
#3772 = CARTESIAN_POINT('',(0.,0.));
#3773 = VECTOR('',#3774,1.);
#3774 = DIRECTION('',(0.,1.));
#3775 = ( GEOMETRIC_REPRESENTATION_CONTEXT(2) 
PARAMETRIC_REPRESENTATION_CONTEXT() REPRESENTATION_CONTEXT('2D SPACE',''
  ) );
#3776 = PCURVE('',#1799,#3777);
#3777 = DEFINITIONAL_REPRESENTATION('',(#3778),#3782);
#3778 = LINE('',#3779,#3780);
#3779 = CARTESIAN_POINT('',(0.,0.));
#3780 = VECTOR('',#3781,1.);
#3781 = DIRECTION('',(1.,0.));
#3782 = ( GEOMETRIC_REPRESENTATION_CONTEXT(2) 
PARAMETRIC_REPRESENTATION_CONTEXT() REPRESENTATION_CONTEXT('2D SPACE',''
  ) );
#3783 = ORIENTED_EDGE('',*,*,#1811,.T.);
#3784 = ORIENTED_EDGE('',*,*,#3718,.F.);
#3785 = ADVANCED_FACE('',(#3786),#1799,.T.);
#3786 = FACE_BOUND('',#3787,.T.);
#3787 = EDGE_LOOP('',(#3788,#3789,#3790,#3813));
#3788 = ORIENTED_EDGE('',*,*,#1783,.F.);
#3789 = ORIENTED_EDGE('',*,*,#3763,.T.);
#3790 = ORIENTED_EDGE('',*,*,#3791,.T.);
#3791 = EDGE_CURVE('',#3741,#3792,#3794,.T.);
#3792 = VERTEX_POINT('',#3793);
#3793 = CARTESIAN_POINT('',(-34.3,-34.7,5.6));
#3794 = SURFACE_CURVE('',#3795,(#3799,#3806),.PCURVE_S1.);
#3795 = LINE('',#3796,#3797);
#3796 = CARTESIAN_POINT('',(-34.3,-35.3,5.6));
#3797 = VECTOR('',#3798,1.);
#3798 = DIRECTION('',(-0.,1.,0.));
#3799 = PCURVE('',#1799,#3800);
#3800 = DEFINITIONAL_REPRESENTATION('',(#3801),#3805);
#3801 = LINE('',#3802,#3803);
#3802 = CARTESIAN_POINT('',(1.5,0.));
#3803 = VECTOR('',#3804,1.);
#3804 = DIRECTION('',(0.,1.));
#3805 = ( GEOMETRIC_REPRESENTATION_CONTEXT(2) 
PARAMETRIC_REPRESENTATION_CONTEXT() REPRESENTATION_CONTEXT('2D SPACE',''
  ) );
#3806 = PCURVE('',#3707,#3807);
#3807 = DEFINITIONAL_REPRESENTATION('',(#3808),#3812);
#3808 = LINE('',#3809,#3810);
#3809 = CARTESIAN_POINT('',(0.,0.));
#3810 = VECTOR('',#3811,1.);
#3811 = DIRECTION('',(0.,-1.));
#3812 = ( GEOMETRIC_REPRESENTATION_CONTEXT(2) 
PARAMETRIC_REPRESENTATION_CONTEXT() REPRESENTATION_CONTEXT('2D SPACE',''
  ) );
#3813 = ORIENTED_EDGE('',*,*,#3814,.F.);
#3814 = EDGE_CURVE('',#1756,#3792,#3815,.T.);
#3815 = SURFACE_CURVE('',#3816,(#3820,#3827),.PCURVE_S1.);
#3816 = LINE('',#3817,#3818);
#3817 = CARTESIAN_POINT('',(-35.8,-34.7,5.6));
#3818 = VECTOR('',#3819,1.);
#3819 = DIRECTION('',(1.,0.,-0.));
#3820 = PCURVE('',#1799,#3821);
#3821 = DEFINITIONAL_REPRESENTATION('',(#3822),#3826);
#3822 = LINE('',#3823,#3824);
#3823 = CARTESIAN_POINT('',(0.,0.6));
#3824 = VECTOR('',#3825,1.);
#3825 = DIRECTION('',(1.,0.));
#3826 = ( GEOMETRIC_REPRESENTATION_CONTEXT(2) 
PARAMETRIC_REPRESENTATION_CONTEXT() REPRESENTATION_CONTEXT('2D SPACE',''
  ) );
#3827 = PCURVE('',#1771,#3828);
#3828 = DEFINITIONAL_REPRESENTATION('',(#3829),#3833);
#3829 = LINE('',#3830,#3831);
#3830 = CARTESIAN_POINT('',(0.,0.));
#3831 = VECTOR('',#3832,1.);
#3832 = DIRECTION('',(0.,1.));
#3833 = ( GEOMETRIC_REPRESENTATION_CONTEXT(2) 
PARAMETRIC_REPRESENTATION_CONTEXT() REPRESENTATION_CONTEXT('2D SPACE',''
  ) );
#3834 = ADVANCED_FACE('',(#3835),#1771,.F.);
#3835 = FACE_BOUND('',#3836,.F.);
#3836 = EDGE_LOOP('',(#3837,#3858,#3859,#3860));
#3837 = ORIENTED_EDGE('',*,*,#3838,.F.);
#3838 = EDGE_CURVE('',#3792,#3672,#3839,.T.);
#3839 = SURFACE_CURVE('',#3840,(#3844,#3851),.PCURVE_S1.);
#3840 = LINE('',#3841,#3842);
#3841 = CARTESIAN_POINT('',(-34.3,-34.7,5.6));
#3842 = VECTOR('',#3843,1.);
#3843 = DIRECTION('',(0.,0.,1.));
#3844 = PCURVE('',#1771,#3845);
#3845 = DEFINITIONAL_REPRESENTATION('',(#3846),#3850);
#3846 = LINE('',#3847,#3848);
#3847 = CARTESIAN_POINT('',(0.,1.5));
#3848 = VECTOR('',#3849,1.);
#3849 = DIRECTION('',(1.,0.));
#3850 = ( GEOMETRIC_REPRESENTATION_CONTEXT(2) 
PARAMETRIC_REPRESENTATION_CONTEXT() REPRESENTATION_CONTEXT('2D SPACE',''
  ) );
#3851 = PCURVE('',#3707,#3852);
#3852 = DEFINITIONAL_REPRESENTATION('',(#3853),#3857);
#3853 = LINE('',#3854,#3855);
#3854 = CARTESIAN_POINT('',(0.,-0.6));
#3855 = VECTOR('',#3856,1.);
#3856 = DIRECTION('',(1.,0.));
#3857 = ( GEOMETRIC_REPRESENTATION_CONTEXT(2) 
PARAMETRIC_REPRESENTATION_CONTEXT() REPRESENTATION_CONTEXT('2D SPACE',''
  ) );
#3858 = ORIENTED_EDGE('',*,*,#3814,.F.);
#3859 = ORIENTED_EDGE('',*,*,#1755,.T.);
#3860 = ORIENTED_EDGE('',*,*,#3671,.F.);
#3861 = ADVANCED_FACE('',(#3862),#1720,.T.);
#3862 = FACE_BOUND('',#3863,.T.);
#3863 = EDGE_LOOP('',(#3864,#3887,#3908,#3909));
#3864 = ORIENTED_EDGE('',*,*,#3865,.F.);
#3865 = EDGE_CURVE('',#3866,#3626,#3868,.T.);
#3866 = VERTEX_POINT('',#3867);
#3867 = CARTESIAN_POINT('',(-32.8,-30.3,5.6));
#3868 = SURFACE_CURVE('',#3869,(#3873,#3880),.PCURVE_S1.);
#3869 = LINE('',#3870,#3871);
#3870 = CARTESIAN_POINT('',(-32.8,-30.3,5.6));
#3871 = VECTOR('',#3872,1.);
#3872 = DIRECTION('',(0.,0.,1.));
#3873 = PCURVE('',#1720,#3874);
#3874 = DEFINITIONAL_REPRESENTATION('',(#3875),#3879);
#3875 = LINE('',#3876,#3877);
#3876 = CARTESIAN_POINT('',(0.,3.));
#3877 = VECTOR('',#3878,1.);
#3878 = DIRECTION('',(1.,0.));
#3879 = ( GEOMETRIC_REPRESENTATION_CONTEXT(2) 
PARAMETRIC_REPRESENTATION_CONTEXT() REPRESENTATION_CONTEXT('2D SPACE',''
  ) );
#3880 = PCURVE('',#3640,#3881);
#3881 = DEFINITIONAL_REPRESENTATION('',(#3882),#3886);
#3882 = LINE('',#3883,#3884);
#3883 = CARTESIAN_POINT('',(0.,0.));
#3884 = VECTOR('',#3885,1.);
#3885 = DIRECTION('',(1.,0.));
#3886 = ( GEOMETRIC_REPRESENTATION_CONTEXT(2) 
PARAMETRIC_REPRESENTATION_CONTEXT() REPRESENTATION_CONTEXT('2D SPACE',''
  ) );
#3887 = ORIENTED_EDGE('',*,*,#3888,.F.);
#3888 = EDGE_CURVE('',#1677,#3866,#3889,.T.);
#3889 = SURFACE_CURVE('',#3890,(#3894,#3901),.PCURVE_S1.);
#3890 = LINE('',#3891,#3892);
#3891 = CARTESIAN_POINT('',(-35.8,-30.3,5.6));
#3892 = VECTOR('',#3893,1.);
#3893 = DIRECTION('',(1.,0.,-0.));
#3894 = PCURVE('',#1720,#3895);
#3895 = DEFINITIONAL_REPRESENTATION('',(#3896),#3900);
#3896 = LINE('',#3897,#3898);
#3897 = CARTESIAN_POINT('',(0.,0.));
#3898 = VECTOR('',#3899,1.);
#3899 = DIRECTION('',(0.,1.));
#3900 = ( GEOMETRIC_REPRESENTATION_CONTEXT(2) 
PARAMETRIC_REPRESENTATION_CONTEXT() REPRESENTATION_CONTEXT('2D SPACE',''
  ) );
#3901 = PCURVE('',#1692,#3902);
#3902 = DEFINITIONAL_REPRESENTATION('',(#3903),#3907);
#3903 = LINE('',#3904,#3905);
#3904 = CARTESIAN_POINT('',(0.,0.));
#3905 = VECTOR('',#3906,1.);
#3906 = DIRECTION('',(1.,0.));
#3907 = ( GEOMETRIC_REPRESENTATION_CONTEXT(2) 
PARAMETRIC_REPRESENTATION_CONTEXT() REPRESENTATION_CONTEXT('2D SPACE',''
  ) );
#3908 = ORIENTED_EDGE('',*,*,#1704,.T.);
#3909 = ORIENTED_EDGE('',*,*,#3651,.F.);
#3910 = ADVANCED_FACE('',(#3911),#1692,.T.);
#3911 = FACE_BOUND('',#3912,.T.);
#3912 = EDGE_LOOP('',(#3913,#3914,#3915,#3938));
#3913 = ORIENTED_EDGE('',*,*,#1676,.F.);
#3914 = ORIENTED_EDGE('',*,*,#3888,.T.);
#3915 = ORIENTED_EDGE('',*,*,#3916,.T.);
#3916 = EDGE_CURVE('',#3866,#3917,#3919,.T.);
#3917 = VERTEX_POINT('',#3918);
#3918 = CARTESIAN_POINT('',(-32.8,-29.7,5.6));
#3919 = SURFACE_CURVE('',#3920,(#3924,#3931),.PCURVE_S1.);
#3920 = LINE('',#3921,#3922);
#3921 = CARTESIAN_POINT('',(-32.8,-30.3,5.6));
#3922 = VECTOR('',#3923,1.);
#3923 = DIRECTION('',(-0.,1.,0.));
#3924 = PCURVE('',#1692,#3925);
#3925 = DEFINITIONAL_REPRESENTATION('',(#3926),#3930);
#3926 = LINE('',#3927,#3928);
#3927 = CARTESIAN_POINT('',(3.,0.));
#3928 = VECTOR('',#3929,1.);
#3929 = DIRECTION('',(0.,1.));
#3930 = ( GEOMETRIC_REPRESENTATION_CONTEXT(2) 
PARAMETRIC_REPRESENTATION_CONTEXT() REPRESENTATION_CONTEXT('2D SPACE',''
  ) );
#3931 = PCURVE('',#3640,#3932);
#3932 = DEFINITIONAL_REPRESENTATION('',(#3933),#3937);
#3933 = LINE('',#3934,#3935);
#3934 = CARTESIAN_POINT('',(0.,0.));
#3935 = VECTOR('',#3936,1.);
#3936 = DIRECTION('',(0.,-1.));
#3937 = ( GEOMETRIC_REPRESENTATION_CONTEXT(2) 
PARAMETRIC_REPRESENTATION_CONTEXT() REPRESENTATION_CONTEXT('2D SPACE',''
  ) );
#3938 = ORIENTED_EDGE('',*,*,#3939,.F.);
#3939 = EDGE_CURVE('',#1649,#3917,#3940,.T.);
#3940 = SURFACE_CURVE('',#3941,(#3945,#3952),.PCURVE_S1.);
#3941 = LINE('',#3942,#3943);
#3942 = CARTESIAN_POINT('',(-35.8,-29.7,5.6));
#3943 = VECTOR('',#3944,1.);
#3944 = DIRECTION('',(1.,0.,-0.));
#3945 = PCURVE('',#1692,#3946);
#3946 = DEFINITIONAL_REPRESENTATION('',(#3947),#3951);
#3947 = LINE('',#3948,#3949);
#3948 = CARTESIAN_POINT('',(0.,0.6));
#3949 = VECTOR('',#3950,1.);
#3950 = DIRECTION('',(1.,0.));
#3951 = ( GEOMETRIC_REPRESENTATION_CONTEXT(2) 
PARAMETRIC_REPRESENTATION_CONTEXT() REPRESENTATION_CONTEXT('2D SPACE',''
  ) );
#3952 = PCURVE('',#1664,#3953);
#3953 = DEFINITIONAL_REPRESENTATION('',(#3954),#3958);
#3954 = LINE('',#3955,#3956);
#3955 = CARTESIAN_POINT('',(0.,0.));
#3956 = VECTOR('',#3957,1.);
#3957 = DIRECTION('',(0.,1.));
#3958 = ( GEOMETRIC_REPRESENTATION_CONTEXT(2) 
PARAMETRIC_REPRESENTATION_CONTEXT() REPRESENTATION_CONTEXT('2D SPACE',''
  ) );
#3959 = ADVANCED_FACE('',(#3960),#1664,.F.);
#3960 = FACE_BOUND('',#3961,.F.);
#3961 = EDGE_LOOP('',(#3962,#3983,#3984,#3985));
#3962 = ORIENTED_EDGE('',*,*,#3963,.F.);
#3963 = EDGE_CURVE('',#3917,#3605,#3964,.T.);
#3964 = SURFACE_CURVE('',#3965,(#3969,#3976),.PCURVE_S1.);
#3965 = LINE('',#3966,#3967);
#3966 = CARTESIAN_POINT('',(-32.8,-29.7,5.6));
#3967 = VECTOR('',#3968,1.);
#3968 = DIRECTION('',(0.,0.,1.));
#3969 = PCURVE('',#1664,#3970);
#3970 = DEFINITIONAL_REPRESENTATION('',(#3971),#3975);
#3971 = LINE('',#3972,#3973);
#3972 = CARTESIAN_POINT('',(0.,3.));
#3973 = VECTOR('',#3974,1.);
#3974 = DIRECTION('',(1.,0.));
#3975 = ( GEOMETRIC_REPRESENTATION_CONTEXT(2) 
PARAMETRIC_REPRESENTATION_CONTEXT() REPRESENTATION_CONTEXT('2D SPACE',''
  ) );
#3976 = PCURVE('',#3640,#3977);
#3977 = DEFINITIONAL_REPRESENTATION('',(#3978),#3982);
#3978 = LINE('',#3979,#3980);
#3979 = CARTESIAN_POINT('',(0.,-0.6));
#3980 = VECTOR('',#3981,1.);
#3981 = DIRECTION('',(1.,0.));
#3982 = ( GEOMETRIC_REPRESENTATION_CONTEXT(2) 
PARAMETRIC_REPRESENTATION_CONTEXT() REPRESENTATION_CONTEXT('2D SPACE',''
  ) );
#3983 = ORIENTED_EDGE('',*,*,#3939,.F.);
#3984 = ORIENTED_EDGE('',*,*,#1648,.T.);
#3985 = ORIENTED_EDGE('',*,*,#3604,.F.);
#3986 = ADVANCED_FACE('',(#3987),#1613,.T.);
#3987 = FACE_BOUND('',#3988,.T.);
#3988 = EDGE_LOOP('',(#3989,#4012,#4033,#4034));
#3989 = ORIENTED_EDGE('',*,*,#3990,.F.);
#3990 = EDGE_CURVE('',#3991,#3559,#3993,.T.);
#3991 = VERTEX_POINT('',#3992);
#3992 = CARTESIAN_POINT('',(-34.3,-25.3,5.6));
#3993 = SURFACE_CURVE('',#3994,(#3998,#4005),.PCURVE_S1.);
#3994 = LINE('',#3995,#3996);
#3995 = CARTESIAN_POINT('',(-34.3,-25.3,5.6));
#3996 = VECTOR('',#3997,1.);
#3997 = DIRECTION('',(0.,0.,1.));
#3998 = PCURVE('',#1613,#3999);
#3999 = DEFINITIONAL_REPRESENTATION('',(#4000),#4004);
#4000 = LINE('',#4001,#4002);
#4001 = CARTESIAN_POINT('',(0.,1.5));
#4002 = VECTOR('',#4003,1.);
#4003 = DIRECTION('',(1.,0.));
#4004 = ( GEOMETRIC_REPRESENTATION_CONTEXT(2) 
PARAMETRIC_REPRESENTATION_CONTEXT() REPRESENTATION_CONTEXT('2D SPACE',''
  ) );
#4005 = PCURVE('',#3573,#4006);
#4006 = DEFINITIONAL_REPRESENTATION('',(#4007),#4011);
#4007 = LINE('',#4008,#4009);
#4008 = CARTESIAN_POINT('',(0.,0.));
#4009 = VECTOR('',#4010,1.);
#4010 = DIRECTION('',(1.,0.));
#4011 = ( GEOMETRIC_REPRESENTATION_CONTEXT(2) 
PARAMETRIC_REPRESENTATION_CONTEXT() REPRESENTATION_CONTEXT('2D SPACE',''
  ) );
#4012 = ORIENTED_EDGE('',*,*,#4013,.F.);
#4013 = EDGE_CURVE('',#1570,#3991,#4014,.T.);
#4014 = SURFACE_CURVE('',#4015,(#4019,#4026),.PCURVE_S1.);
#4015 = LINE('',#4016,#4017);
#4016 = CARTESIAN_POINT('',(-35.8,-25.3,5.6));
#4017 = VECTOR('',#4018,1.);
#4018 = DIRECTION('',(1.,0.,-0.));
#4019 = PCURVE('',#1613,#4020);
#4020 = DEFINITIONAL_REPRESENTATION('',(#4021),#4025);
#4021 = LINE('',#4022,#4023);
#4022 = CARTESIAN_POINT('',(0.,0.));
#4023 = VECTOR('',#4024,1.);
#4024 = DIRECTION('',(0.,1.));
#4025 = ( GEOMETRIC_REPRESENTATION_CONTEXT(2) 
PARAMETRIC_REPRESENTATION_CONTEXT() REPRESENTATION_CONTEXT('2D SPACE',''
  ) );
#4026 = PCURVE('',#1585,#4027);
#4027 = DEFINITIONAL_REPRESENTATION('',(#4028),#4032);
#4028 = LINE('',#4029,#4030);
#4029 = CARTESIAN_POINT('',(0.,0.));
#4030 = VECTOR('',#4031,1.);
#4031 = DIRECTION('',(1.,0.));
#4032 = ( GEOMETRIC_REPRESENTATION_CONTEXT(2) 
PARAMETRIC_REPRESENTATION_CONTEXT() REPRESENTATION_CONTEXT('2D SPACE',''
  ) );
#4033 = ORIENTED_EDGE('',*,*,#1597,.T.);
#4034 = ORIENTED_EDGE('',*,*,#3584,.F.);
#4035 = ADVANCED_FACE('',(#4036),#1585,.T.);
#4036 = FACE_BOUND('',#4037,.T.);
#4037 = EDGE_LOOP('',(#4038,#4039,#4040,#4063));
#4038 = ORIENTED_EDGE('',*,*,#1569,.F.);
#4039 = ORIENTED_EDGE('',*,*,#4013,.T.);
#4040 = ORIENTED_EDGE('',*,*,#4041,.T.);
#4041 = EDGE_CURVE('',#3991,#4042,#4044,.T.);
#4042 = VERTEX_POINT('',#4043);
#4043 = CARTESIAN_POINT('',(-34.3,-24.7,5.6));
#4044 = SURFACE_CURVE('',#4045,(#4049,#4056),.PCURVE_S1.);
#4045 = LINE('',#4046,#4047);
#4046 = CARTESIAN_POINT('',(-34.3,-25.3,5.6));
#4047 = VECTOR('',#4048,1.);
#4048 = DIRECTION('',(-0.,1.,0.));
#4049 = PCURVE('',#1585,#4050);
#4050 = DEFINITIONAL_REPRESENTATION('',(#4051),#4055);
#4051 = LINE('',#4052,#4053);
#4052 = CARTESIAN_POINT('',(1.5,0.));
#4053 = VECTOR('',#4054,1.);
#4054 = DIRECTION('',(0.,1.));
#4055 = ( GEOMETRIC_REPRESENTATION_CONTEXT(2) 
PARAMETRIC_REPRESENTATION_CONTEXT() REPRESENTATION_CONTEXT('2D SPACE',''
  ) );
#4056 = PCURVE('',#3573,#4057);
#4057 = DEFINITIONAL_REPRESENTATION('',(#4058),#4062);
#4058 = LINE('',#4059,#4060);
#4059 = CARTESIAN_POINT('',(0.,0.));
#4060 = VECTOR('',#4061,1.);
#4061 = DIRECTION('',(0.,-1.));
#4062 = ( GEOMETRIC_REPRESENTATION_CONTEXT(2) 
PARAMETRIC_REPRESENTATION_CONTEXT() REPRESENTATION_CONTEXT('2D SPACE',''
  ) );
#4063 = ORIENTED_EDGE('',*,*,#4064,.F.);
#4064 = EDGE_CURVE('',#1542,#4042,#4065,.T.);
#4065 = SURFACE_CURVE('',#4066,(#4070,#4077),.PCURVE_S1.);
#4066 = LINE('',#4067,#4068);
#4067 = CARTESIAN_POINT('',(-35.8,-24.7,5.6));
#4068 = VECTOR('',#4069,1.);
#4069 = DIRECTION('',(1.,0.,-0.));
#4070 = PCURVE('',#1585,#4071);
#4071 = DEFINITIONAL_REPRESENTATION('',(#4072),#4076);
#4072 = LINE('',#4073,#4074);
#4073 = CARTESIAN_POINT('',(0.,0.6));
#4074 = VECTOR('',#4075,1.);
#4075 = DIRECTION('',(1.,0.));
#4076 = ( GEOMETRIC_REPRESENTATION_CONTEXT(2) 
PARAMETRIC_REPRESENTATION_CONTEXT() REPRESENTATION_CONTEXT('2D SPACE',''
  ) );
#4077 = PCURVE('',#1557,#4078);
#4078 = DEFINITIONAL_REPRESENTATION('',(#4079),#4083);
#4079 = LINE('',#4080,#4081);
#4080 = CARTESIAN_POINT('',(0.,0.));
#4081 = VECTOR('',#4082,1.);
#4082 = DIRECTION('',(0.,1.));
#4083 = ( GEOMETRIC_REPRESENTATION_CONTEXT(2) 
PARAMETRIC_REPRESENTATION_CONTEXT() REPRESENTATION_CONTEXT('2D SPACE',''
  ) );
#4084 = ADVANCED_FACE('',(#4085),#1557,.F.);
#4085 = FACE_BOUND('',#4086,.F.);
#4086 = EDGE_LOOP('',(#4087,#4108,#4109,#4110));
#4087 = ORIENTED_EDGE('',*,*,#4088,.F.);
#4088 = EDGE_CURVE('',#4042,#3538,#4089,.T.);
#4089 = SURFACE_CURVE('',#4090,(#4094,#4101),.PCURVE_S1.);
#4090 = LINE('',#4091,#4092);
#4091 = CARTESIAN_POINT('',(-34.3,-24.7,5.6));
#4092 = VECTOR('',#4093,1.);
#4093 = DIRECTION('',(0.,0.,1.));
#4094 = PCURVE('',#1557,#4095);
#4095 = DEFINITIONAL_REPRESENTATION('',(#4096),#4100);
#4096 = LINE('',#4097,#4098);
#4097 = CARTESIAN_POINT('',(0.,1.5));
#4098 = VECTOR('',#4099,1.);
#4099 = DIRECTION('',(1.,0.));
#4100 = ( GEOMETRIC_REPRESENTATION_CONTEXT(2) 
PARAMETRIC_REPRESENTATION_CONTEXT() REPRESENTATION_CONTEXT('2D SPACE',''
  ) );
#4101 = PCURVE('',#3573,#4102);
#4102 = DEFINITIONAL_REPRESENTATION('',(#4103),#4107);
#4103 = LINE('',#4104,#4105);
#4104 = CARTESIAN_POINT('',(0.,-0.6));
#4105 = VECTOR('',#4106,1.);
#4106 = DIRECTION('',(1.,0.));
#4107 = ( GEOMETRIC_REPRESENTATION_CONTEXT(2) 
PARAMETRIC_REPRESENTATION_CONTEXT() REPRESENTATION_CONTEXT('2D SPACE',''
  ) );
#4108 = ORIENTED_EDGE('',*,*,#4064,.F.);
#4109 = ORIENTED_EDGE('',*,*,#1541,.T.);
#4110 = ORIENTED_EDGE('',*,*,#3537,.F.);
#4111 = ADVANCED_FACE('',(#4112),#1506,.T.);
#4112 = FACE_BOUND('',#4113,.T.);
#4113 = EDGE_LOOP('',(#4114,#4137,#4158,#4159));
#4114 = ORIENTED_EDGE('',*,*,#4115,.F.);
#4115 = EDGE_CURVE('',#4116,#3492,#4118,.T.);
#4116 = VERTEX_POINT('',#4117);
#4117 = CARTESIAN_POINT('',(-32.8,-20.3,5.6));
#4118 = SURFACE_CURVE('',#4119,(#4123,#4130),.PCURVE_S1.);
#4119 = LINE('',#4120,#4121);
#4120 = CARTESIAN_POINT('',(-32.8,-20.3,5.6));
#4121 = VECTOR('',#4122,1.);
#4122 = DIRECTION('',(0.,0.,1.));
#4123 = PCURVE('',#1506,#4124);
#4124 = DEFINITIONAL_REPRESENTATION('',(#4125),#4129);
#4125 = LINE('',#4126,#4127);
#4126 = CARTESIAN_POINT('',(0.,3.));
#4127 = VECTOR('',#4128,1.);
#4128 = DIRECTION('',(1.,0.));
#4129 = ( GEOMETRIC_REPRESENTATION_CONTEXT(2) 
PARAMETRIC_REPRESENTATION_CONTEXT() REPRESENTATION_CONTEXT('2D SPACE',''
  ) );
#4130 = PCURVE('',#3506,#4131);
#4131 = DEFINITIONAL_REPRESENTATION('',(#4132),#4136);
#4132 = LINE('',#4133,#4134);
#4133 = CARTESIAN_POINT('',(0.,0.));
#4134 = VECTOR('',#4135,1.);
#4135 = DIRECTION('',(1.,0.));
#4136 = ( GEOMETRIC_REPRESENTATION_CONTEXT(2) 
PARAMETRIC_REPRESENTATION_CONTEXT() REPRESENTATION_CONTEXT('2D SPACE',''
  ) );
#4137 = ORIENTED_EDGE('',*,*,#4138,.F.);
#4138 = EDGE_CURVE('',#1463,#4116,#4139,.T.);
#4139 = SURFACE_CURVE('',#4140,(#4144,#4151),.PCURVE_S1.);
#4140 = LINE('',#4141,#4142);
#4141 = CARTESIAN_POINT('',(-35.8,-20.3,5.6));
#4142 = VECTOR('',#4143,1.);
#4143 = DIRECTION('',(1.,0.,-0.));
#4144 = PCURVE('',#1506,#4145);
#4145 = DEFINITIONAL_REPRESENTATION('',(#4146),#4150);
#4146 = LINE('',#4147,#4148);
#4147 = CARTESIAN_POINT('',(0.,0.));
#4148 = VECTOR('',#4149,1.);
#4149 = DIRECTION('',(0.,1.));
#4150 = ( GEOMETRIC_REPRESENTATION_CONTEXT(2) 
PARAMETRIC_REPRESENTATION_CONTEXT() REPRESENTATION_CONTEXT('2D SPACE',''
  ) );
#4151 = PCURVE('',#1478,#4152);
#4152 = DEFINITIONAL_REPRESENTATION('',(#4153),#4157);
#4153 = LINE('',#4154,#4155);
#4154 = CARTESIAN_POINT('',(0.,0.));
#4155 = VECTOR('',#4156,1.);
#4156 = DIRECTION('',(1.,0.));
#4157 = ( GEOMETRIC_REPRESENTATION_CONTEXT(2) 
PARAMETRIC_REPRESENTATION_CONTEXT() REPRESENTATION_CONTEXT('2D SPACE',''
  ) );
#4158 = ORIENTED_EDGE('',*,*,#1490,.T.);
#4159 = ORIENTED_EDGE('',*,*,#3517,.F.);
#4160 = ADVANCED_FACE('',(#4161),#1478,.T.);
#4161 = FACE_BOUND('',#4162,.T.);
#4162 = EDGE_LOOP('',(#4163,#4164,#4165,#4188));
#4163 = ORIENTED_EDGE('',*,*,#1462,.F.);
#4164 = ORIENTED_EDGE('',*,*,#4138,.T.);
#4165 = ORIENTED_EDGE('',*,*,#4166,.T.);
#4166 = EDGE_CURVE('',#4116,#4167,#4169,.T.);
#4167 = VERTEX_POINT('',#4168);
#4168 = CARTESIAN_POINT('',(-32.8,-19.7,5.6));
#4169 = SURFACE_CURVE('',#4170,(#4174,#4181),.PCURVE_S1.);
#4170 = LINE('',#4171,#4172);
#4171 = CARTESIAN_POINT('',(-32.8,-20.3,5.6));
#4172 = VECTOR('',#4173,1.);
#4173 = DIRECTION('',(-0.,1.,0.));
#4174 = PCURVE('',#1478,#4175);
#4175 = DEFINITIONAL_REPRESENTATION('',(#4176),#4180);
#4176 = LINE('',#4177,#4178);
#4177 = CARTESIAN_POINT('',(3.,0.));
#4178 = VECTOR('',#4179,1.);
#4179 = DIRECTION('',(0.,1.));
#4180 = ( GEOMETRIC_REPRESENTATION_CONTEXT(2) 
PARAMETRIC_REPRESENTATION_CONTEXT() REPRESENTATION_CONTEXT('2D SPACE',''
  ) );
#4181 = PCURVE('',#3506,#4182);
#4182 = DEFINITIONAL_REPRESENTATION('',(#4183),#4187);
#4183 = LINE('',#4184,#4185);
#4184 = CARTESIAN_POINT('',(0.,0.));
#4185 = VECTOR('',#4186,1.);
#4186 = DIRECTION('',(0.,-1.));
#4187 = ( GEOMETRIC_REPRESENTATION_CONTEXT(2) 
PARAMETRIC_REPRESENTATION_CONTEXT() REPRESENTATION_CONTEXT('2D SPACE',''
  ) );
#4188 = ORIENTED_EDGE('',*,*,#4189,.F.);
#4189 = EDGE_CURVE('',#1435,#4167,#4190,.T.);
#4190 = SURFACE_CURVE('',#4191,(#4195,#4202),.PCURVE_S1.);
#4191 = LINE('',#4192,#4193);
#4192 = CARTESIAN_POINT('',(-35.8,-19.7,5.6));
#4193 = VECTOR('',#4194,1.);
#4194 = DIRECTION('',(1.,0.,-0.));
#4195 = PCURVE('',#1478,#4196);
#4196 = DEFINITIONAL_REPRESENTATION('',(#4197),#4201);
#4197 = LINE('',#4198,#4199);
#4198 = CARTESIAN_POINT('',(0.,0.6));
#4199 = VECTOR('',#4200,1.);
#4200 = DIRECTION('',(1.,0.));
#4201 = ( GEOMETRIC_REPRESENTATION_CONTEXT(2) 
PARAMETRIC_REPRESENTATION_CONTEXT() REPRESENTATION_CONTEXT('2D SPACE',''
  ) );
#4202 = PCURVE('',#1450,#4203);
#4203 = DEFINITIONAL_REPRESENTATION('',(#4204),#4208);
#4204 = LINE('',#4205,#4206);
#4205 = CARTESIAN_POINT('',(0.,0.));
#4206 = VECTOR('',#4207,1.);
#4207 = DIRECTION('',(0.,1.));
#4208 = ( GEOMETRIC_REPRESENTATION_CONTEXT(2) 
PARAMETRIC_REPRESENTATION_CONTEXT() REPRESENTATION_CONTEXT('2D SPACE',''
  ) );
#4209 = ADVANCED_FACE('',(#4210),#1450,.F.);
#4210 = FACE_BOUND('',#4211,.F.);
#4211 = EDGE_LOOP('',(#4212,#4233,#4234,#4235));
#4212 = ORIENTED_EDGE('',*,*,#4213,.F.);
#4213 = EDGE_CURVE('',#4167,#3471,#4214,.T.);
#4214 = SURFACE_CURVE('',#4215,(#4219,#4226),.PCURVE_S1.);
#4215 = LINE('',#4216,#4217);
#4216 = CARTESIAN_POINT('',(-32.8,-19.7,5.6));
#4217 = VECTOR('',#4218,1.);
#4218 = DIRECTION('',(0.,0.,1.));
#4219 = PCURVE('',#1450,#4220);
#4220 = DEFINITIONAL_REPRESENTATION('',(#4221),#4225);
#4221 = LINE('',#4222,#4223);
#4222 = CARTESIAN_POINT('',(0.,3.));
#4223 = VECTOR('',#4224,1.);
#4224 = DIRECTION('',(1.,0.));
#4225 = ( GEOMETRIC_REPRESENTATION_CONTEXT(2) 
PARAMETRIC_REPRESENTATION_CONTEXT() REPRESENTATION_CONTEXT('2D SPACE',''
  ) );
#4226 = PCURVE('',#3506,#4227);
#4227 = DEFINITIONAL_REPRESENTATION('',(#4228),#4232);
#4228 = LINE('',#4229,#4230);
#4229 = CARTESIAN_POINT('',(0.,-0.6));
#4230 = VECTOR('',#4231,1.);
#4231 = DIRECTION('',(1.,0.));
#4232 = ( GEOMETRIC_REPRESENTATION_CONTEXT(2) 
PARAMETRIC_REPRESENTATION_CONTEXT() REPRESENTATION_CONTEXT('2D SPACE',''
  ) );
#4233 = ORIENTED_EDGE('',*,*,#4189,.F.);
#4234 = ORIENTED_EDGE('',*,*,#1434,.T.);
#4235 = ORIENTED_EDGE('',*,*,#3470,.F.);
#4236 = ADVANCED_FACE('',(#4237),#1399,.T.);
#4237 = FACE_BOUND('',#4238,.T.);
#4238 = EDGE_LOOP('',(#4239,#4262,#4283,#4284));
#4239 = ORIENTED_EDGE('',*,*,#4240,.F.);
#4240 = EDGE_CURVE('',#4241,#3425,#4243,.T.);
#4241 = VERTEX_POINT('',#4242);
#4242 = CARTESIAN_POINT('',(-34.3,-15.3,5.6));
#4243 = SURFACE_CURVE('',#4244,(#4248,#4255),.PCURVE_S1.);
#4244 = LINE('',#4245,#4246);
#4245 = CARTESIAN_POINT('',(-34.3,-15.3,5.6));
#4246 = VECTOR('',#4247,1.);
#4247 = DIRECTION('',(0.,0.,1.));
#4248 = PCURVE('',#1399,#4249);
#4249 = DEFINITIONAL_REPRESENTATION('',(#4250),#4254);
#4250 = LINE('',#4251,#4252);
#4251 = CARTESIAN_POINT('',(0.,1.5));
#4252 = VECTOR('',#4253,1.);
#4253 = DIRECTION('',(1.,0.));
#4254 = ( GEOMETRIC_REPRESENTATION_CONTEXT(2) 
PARAMETRIC_REPRESENTATION_CONTEXT() REPRESENTATION_CONTEXT('2D SPACE',''
  ) );
#4255 = PCURVE('',#3439,#4256);
#4256 = DEFINITIONAL_REPRESENTATION('',(#4257),#4261);
#4257 = LINE('',#4258,#4259);
#4258 = CARTESIAN_POINT('',(0.,0.));
#4259 = VECTOR('',#4260,1.);
#4260 = DIRECTION('',(1.,0.));
#4261 = ( GEOMETRIC_REPRESENTATION_CONTEXT(2) 
PARAMETRIC_REPRESENTATION_CONTEXT() REPRESENTATION_CONTEXT('2D SPACE',''
  ) );
#4262 = ORIENTED_EDGE('',*,*,#4263,.F.);
#4263 = EDGE_CURVE('',#1356,#4241,#4264,.T.);
#4264 = SURFACE_CURVE('',#4265,(#4269,#4276),.PCURVE_S1.);
#4265 = LINE('',#4266,#4267);
#4266 = CARTESIAN_POINT('',(-35.8,-15.3,5.6));
#4267 = VECTOR('',#4268,1.);
#4268 = DIRECTION('',(1.,0.,-0.));
#4269 = PCURVE('',#1399,#4270);
#4270 = DEFINITIONAL_REPRESENTATION('',(#4271),#4275);
#4271 = LINE('',#4272,#4273);
#4272 = CARTESIAN_POINT('',(0.,0.));
#4273 = VECTOR('',#4274,1.);
#4274 = DIRECTION('',(0.,1.));
#4275 = ( GEOMETRIC_REPRESENTATION_CONTEXT(2) 
PARAMETRIC_REPRESENTATION_CONTEXT() REPRESENTATION_CONTEXT('2D SPACE',''
  ) );
#4276 = PCURVE('',#1371,#4277);
#4277 = DEFINITIONAL_REPRESENTATION('',(#4278),#4282);
#4278 = LINE('',#4279,#4280);
#4279 = CARTESIAN_POINT('',(0.,0.));
#4280 = VECTOR('',#4281,1.);
#4281 = DIRECTION('',(1.,0.));
#4282 = ( GEOMETRIC_REPRESENTATION_CONTEXT(2) 
PARAMETRIC_REPRESENTATION_CONTEXT() REPRESENTATION_CONTEXT('2D SPACE',''
  ) );
#4283 = ORIENTED_EDGE('',*,*,#1383,.T.);
#4284 = ORIENTED_EDGE('',*,*,#3450,.F.);
#4285 = ADVANCED_FACE('',(#4286),#1371,.T.);
#4286 = FACE_BOUND('',#4287,.T.);
#4287 = EDGE_LOOP('',(#4288,#4289,#4290,#4313));
#4288 = ORIENTED_EDGE('',*,*,#1355,.F.);
#4289 = ORIENTED_EDGE('',*,*,#4263,.T.);
#4290 = ORIENTED_EDGE('',*,*,#4291,.T.);
#4291 = EDGE_CURVE('',#4241,#4292,#4294,.T.);
#4292 = VERTEX_POINT('',#4293);
#4293 = CARTESIAN_POINT('',(-34.3,-14.7,5.6));
#4294 = SURFACE_CURVE('',#4295,(#4299,#4306),.PCURVE_S1.);
#4295 = LINE('',#4296,#4297);
#4296 = CARTESIAN_POINT('',(-34.3,-15.3,5.6));
#4297 = VECTOR('',#4298,1.);
#4298 = DIRECTION('',(-0.,1.,0.));
#4299 = PCURVE('',#1371,#4300);
#4300 = DEFINITIONAL_REPRESENTATION('',(#4301),#4305);
#4301 = LINE('',#4302,#4303);
#4302 = CARTESIAN_POINT('',(1.5,0.));
#4303 = VECTOR('',#4304,1.);
#4304 = DIRECTION('',(0.,1.));
#4305 = ( GEOMETRIC_REPRESENTATION_CONTEXT(2) 
PARAMETRIC_REPRESENTATION_CONTEXT() REPRESENTATION_CONTEXT('2D SPACE',''
  ) );
#4306 = PCURVE('',#3439,#4307);
#4307 = DEFINITIONAL_REPRESENTATION('',(#4308),#4312);
#4308 = LINE('',#4309,#4310);
#4309 = CARTESIAN_POINT('',(0.,0.));
#4310 = VECTOR('',#4311,1.);
#4311 = DIRECTION('',(0.,-1.));
#4312 = ( GEOMETRIC_REPRESENTATION_CONTEXT(2) 
PARAMETRIC_REPRESENTATION_CONTEXT() REPRESENTATION_CONTEXT('2D SPACE',''
  ) );
#4313 = ORIENTED_EDGE('',*,*,#4314,.F.);
#4314 = EDGE_CURVE('',#1328,#4292,#4315,.T.);
#4315 = SURFACE_CURVE('',#4316,(#4320,#4327),.PCURVE_S1.);
#4316 = LINE('',#4317,#4318);
#4317 = CARTESIAN_POINT('',(-35.8,-14.7,5.6));
#4318 = VECTOR('',#4319,1.);
#4319 = DIRECTION('',(1.,0.,-0.));
#4320 = PCURVE('',#1371,#4321);
#4321 = DEFINITIONAL_REPRESENTATION('',(#4322),#4326);
#4322 = LINE('',#4323,#4324);
#4323 = CARTESIAN_POINT('',(0.,0.6));
#4324 = VECTOR('',#4325,1.);
#4325 = DIRECTION('',(1.,0.));
#4326 = ( GEOMETRIC_REPRESENTATION_CONTEXT(2) 
PARAMETRIC_REPRESENTATION_CONTEXT() REPRESENTATION_CONTEXT('2D SPACE',''
  ) );
#4327 = PCURVE('',#1343,#4328);
#4328 = DEFINITIONAL_REPRESENTATION('',(#4329),#4333);
#4329 = LINE('',#4330,#4331);
#4330 = CARTESIAN_POINT('',(0.,0.));
#4331 = VECTOR('',#4332,1.);
#4332 = DIRECTION('',(0.,1.));
#4333 = ( GEOMETRIC_REPRESENTATION_CONTEXT(2) 
PARAMETRIC_REPRESENTATION_CONTEXT() REPRESENTATION_CONTEXT('2D SPACE',''
  ) );
#4334 = ADVANCED_FACE('',(#4335),#1343,.F.);
#4335 = FACE_BOUND('',#4336,.F.);
#4336 = EDGE_LOOP('',(#4337,#4358,#4359,#4360));
#4337 = ORIENTED_EDGE('',*,*,#4338,.F.);
#4338 = EDGE_CURVE('',#4292,#3404,#4339,.T.);
#4339 = SURFACE_CURVE('',#4340,(#4344,#4351),.PCURVE_S1.);
#4340 = LINE('',#4341,#4342);
#4341 = CARTESIAN_POINT('',(-34.3,-14.7,5.6));
#4342 = VECTOR('',#4343,1.);
#4343 = DIRECTION('',(0.,0.,1.));
#4344 = PCURVE('',#1343,#4345);
#4345 = DEFINITIONAL_REPRESENTATION('',(#4346),#4350);
#4346 = LINE('',#4347,#4348);
#4347 = CARTESIAN_POINT('',(0.,1.5));
#4348 = VECTOR('',#4349,1.);
#4349 = DIRECTION('',(1.,0.));
#4350 = ( GEOMETRIC_REPRESENTATION_CONTEXT(2) 
PARAMETRIC_REPRESENTATION_CONTEXT() REPRESENTATION_CONTEXT('2D SPACE',''
  ) );
#4351 = PCURVE('',#3439,#4352);
#4352 = DEFINITIONAL_REPRESENTATION('',(#4353),#4357);
#4353 = LINE('',#4354,#4355);
#4354 = CARTESIAN_POINT('',(0.,-0.6));
#4355 = VECTOR('',#4356,1.);
#4356 = DIRECTION('',(1.,0.));
#4357 = ( GEOMETRIC_REPRESENTATION_CONTEXT(2) 
PARAMETRIC_REPRESENTATION_CONTEXT() REPRESENTATION_CONTEXT('2D SPACE',''
  ) );
#4358 = ORIENTED_EDGE('',*,*,#4314,.F.);
#4359 = ORIENTED_EDGE('',*,*,#1327,.T.);
#4360 = ORIENTED_EDGE('',*,*,#3403,.F.);
#4361 = ADVANCED_FACE('',(#4362),#1292,.T.);
#4362 = FACE_BOUND('',#4363,.T.);
#4363 = EDGE_LOOP('',(#4364,#4387,#4408,#4409));
#4364 = ORIENTED_EDGE('',*,*,#4365,.F.);
#4365 = EDGE_CURVE('',#4366,#3358,#4368,.T.);
#4366 = VERTEX_POINT('',#4367);
#4367 = CARTESIAN_POINT('',(-32.8,-10.3,5.6));
#4368 = SURFACE_CURVE('',#4369,(#4373,#4380),.PCURVE_S1.);
#4369 = LINE('',#4370,#4371);
#4370 = CARTESIAN_POINT('',(-32.8,-10.3,5.6));
#4371 = VECTOR('',#4372,1.);
#4372 = DIRECTION('',(0.,0.,1.));
#4373 = PCURVE('',#1292,#4374);
#4374 = DEFINITIONAL_REPRESENTATION('',(#4375),#4379);
#4375 = LINE('',#4376,#4377);
#4376 = CARTESIAN_POINT('',(0.,3.));
#4377 = VECTOR('',#4378,1.);
#4378 = DIRECTION('',(1.,0.));
#4379 = ( GEOMETRIC_REPRESENTATION_CONTEXT(2) 
PARAMETRIC_REPRESENTATION_CONTEXT() REPRESENTATION_CONTEXT('2D SPACE',''
  ) );
#4380 = PCURVE('',#3372,#4381);
#4381 = DEFINITIONAL_REPRESENTATION('',(#4382),#4386);
#4382 = LINE('',#4383,#4384);
#4383 = CARTESIAN_POINT('',(0.,0.));
#4384 = VECTOR('',#4385,1.);
#4385 = DIRECTION('',(1.,0.));
#4386 = ( GEOMETRIC_REPRESENTATION_CONTEXT(2) 
PARAMETRIC_REPRESENTATION_CONTEXT() REPRESENTATION_CONTEXT('2D SPACE',''
  ) );
#4387 = ORIENTED_EDGE('',*,*,#4388,.F.);
#4388 = EDGE_CURVE('',#1249,#4366,#4389,.T.);
#4389 = SURFACE_CURVE('',#4390,(#4394,#4401),.PCURVE_S1.);
#4390 = LINE('',#4391,#4392);
#4391 = CARTESIAN_POINT('',(-35.8,-10.3,5.6));
#4392 = VECTOR('',#4393,1.);
#4393 = DIRECTION('',(1.,0.,-0.));
#4394 = PCURVE('',#1292,#4395);
#4395 = DEFINITIONAL_REPRESENTATION('',(#4396),#4400);
#4396 = LINE('',#4397,#4398);
#4397 = CARTESIAN_POINT('',(0.,0.));
#4398 = VECTOR('',#4399,1.);
#4399 = DIRECTION('',(0.,1.));
#4400 = ( GEOMETRIC_REPRESENTATION_CONTEXT(2) 
PARAMETRIC_REPRESENTATION_CONTEXT() REPRESENTATION_CONTEXT('2D SPACE',''
  ) );
#4401 = PCURVE('',#1264,#4402);
#4402 = DEFINITIONAL_REPRESENTATION('',(#4403),#4407);
#4403 = LINE('',#4404,#4405);
#4404 = CARTESIAN_POINT('',(0.,0.));
#4405 = VECTOR('',#4406,1.);
#4406 = DIRECTION('',(1.,0.));
#4407 = ( GEOMETRIC_REPRESENTATION_CONTEXT(2) 
PARAMETRIC_REPRESENTATION_CONTEXT() REPRESENTATION_CONTEXT('2D SPACE',''
  ) );
#4408 = ORIENTED_EDGE('',*,*,#1276,.T.);
#4409 = ORIENTED_EDGE('',*,*,#3383,.F.);
#4410 = ADVANCED_FACE('',(#4411),#1264,.T.);
#4411 = FACE_BOUND('',#4412,.T.);
#4412 = EDGE_LOOP('',(#4413,#4414,#4415,#4438));
#4413 = ORIENTED_EDGE('',*,*,#1248,.F.);
#4414 = ORIENTED_EDGE('',*,*,#4388,.T.);
#4415 = ORIENTED_EDGE('',*,*,#4416,.T.);
#4416 = EDGE_CURVE('',#4366,#4417,#4419,.T.);
#4417 = VERTEX_POINT('',#4418);
#4418 = CARTESIAN_POINT('',(-32.8,-9.7,5.6));
#4419 = SURFACE_CURVE('',#4420,(#4424,#4431),.PCURVE_S1.);
#4420 = LINE('',#4421,#4422);
#4421 = CARTESIAN_POINT('',(-32.8,-10.3,5.6));
#4422 = VECTOR('',#4423,1.);
#4423 = DIRECTION('',(-0.,1.,0.));
#4424 = PCURVE('',#1264,#4425);
#4425 = DEFINITIONAL_REPRESENTATION('',(#4426),#4430);
#4426 = LINE('',#4427,#4428);
#4427 = CARTESIAN_POINT('',(3.,0.));
#4428 = VECTOR('',#4429,1.);
#4429 = DIRECTION('',(0.,1.));
#4430 = ( GEOMETRIC_REPRESENTATION_CONTEXT(2) 
PARAMETRIC_REPRESENTATION_CONTEXT() REPRESENTATION_CONTEXT('2D SPACE',''
  ) );
#4431 = PCURVE('',#3372,#4432);
#4432 = DEFINITIONAL_REPRESENTATION('',(#4433),#4437);
#4433 = LINE('',#4434,#4435);
#4434 = CARTESIAN_POINT('',(0.,0.));
#4435 = VECTOR('',#4436,1.);
#4436 = DIRECTION('',(0.,-1.));
#4437 = ( GEOMETRIC_REPRESENTATION_CONTEXT(2) 
PARAMETRIC_REPRESENTATION_CONTEXT() REPRESENTATION_CONTEXT('2D SPACE',''
  ) );
#4438 = ORIENTED_EDGE('',*,*,#4439,.F.);
#4439 = EDGE_CURVE('',#1221,#4417,#4440,.T.);
#4440 = SURFACE_CURVE('',#4441,(#4445,#4452),.PCURVE_S1.);
#4441 = LINE('',#4442,#4443);
#4442 = CARTESIAN_POINT('',(-35.8,-9.7,5.6));
#4443 = VECTOR('',#4444,1.);
#4444 = DIRECTION('',(1.,0.,-0.));
#4445 = PCURVE('',#1264,#4446);
#4446 = DEFINITIONAL_REPRESENTATION('',(#4447),#4451);
#4447 = LINE('',#4448,#4449);
#4448 = CARTESIAN_POINT('',(0.,0.6));
#4449 = VECTOR('',#4450,1.);
#4450 = DIRECTION('',(1.,0.));
#4451 = ( GEOMETRIC_REPRESENTATION_CONTEXT(2) 
PARAMETRIC_REPRESENTATION_CONTEXT() REPRESENTATION_CONTEXT('2D SPACE',''
  ) );
#4452 = PCURVE('',#1236,#4453);
#4453 = DEFINITIONAL_REPRESENTATION('',(#4454),#4458);
#4454 = LINE('',#4455,#4456);
#4455 = CARTESIAN_POINT('',(0.,0.));
#4456 = VECTOR('',#4457,1.);
#4457 = DIRECTION('',(0.,1.));
#4458 = ( GEOMETRIC_REPRESENTATION_CONTEXT(2) 
PARAMETRIC_REPRESENTATION_CONTEXT() REPRESENTATION_CONTEXT('2D SPACE',''
  ) );
#4459 = ADVANCED_FACE('',(#4460),#1236,.F.);
#4460 = FACE_BOUND('',#4461,.F.);
#4461 = EDGE_LOOP('',(#4462,#4483,#4484,#4485));
#4462 = ORIENTED_EDGE('',*,*,#4463,.F.);
#4463 = EDGE_CURVE('',#4417,#3337,#4464,.T.);
#4464 = SURFACE_CURVE('',#4465,(#4469,#4476),.PCURVE_S1.);
#4465 = LINE('',#4466,#4467);
#4466 = CARTESIAN_POINT('',(-32.8,-9.7,5.6));
#4467 = VECTOR('',#4468,1.);
#4468 = DIRECTION('',(0.,0.,1.));
#4469 = PCURVE('',#1236,#4470);
#4470 = DEFINITIONAL_REPRESENTATION('',(#4471),#4475);
#4471 = LINE('',#4472,#4473);
#4472 = CARTESIAN_POINT('',(0.,3.));
#4473 = VECTOR('',#4474,1.);
#4474 = DIRECTION('',(1.,0.));
#4475 = ( GEOMETRIC_REPRESENTATION_CONTEXT(2) 
PARAMETRIC_REPRESENTATION_CONTEXT() REPRESENTATION_CONTEXT('2D SPACE',''
  ) );
#4476 = PCURVE('',#3372,#4477);
#4477 = DEFINITIONAL_REPRESENTATION('',(#4478),#4482);
#4478 = LINE('',#4479,#4480);
#4479 = CARTESIAN_POINT('',(0.,-0.6));
#4480 = VECTOR('',#4481,1.);
#4481 = DIRECTION('',(1.,0.));
#4482 = ( GEOMETRIC_REPRESENTATION_CONTEXT(2) 
PARAMETRIC_REPRESENTATION_CONTEXT() REPRESENTATION_CONTEXT('2D SPACE',''
  ) );
#4483 = ORIENTED_EDGE('',*,*,#4439,.F.);
#4484 = ORIENTED_EDGE('',*,*,#1220,.T.);
#4485 = ORIENTED_EDGE('',*,*,#3336,.F.);
#4486 = ADVANCED_FACE('',(#4487),#1185,.T.);
#4487 = FACE_BOUND('',#4488,.T.);
#4488 = EDGE_LOOP('',(#4489,#4512,#4533,#4534));
#4489 = ORIENTED_EDGE('',*,*,#4490,.F.);
#4490 = EDGE_CURVE('',#4491,#3291,#4493,.T.);
#4491 = VERTEX_POINT('',#4492);
#4492 = CARTESIAN_POINT('',(-34.3,-5.3,5.6));
#4493 = SURFACE_CURVE('',#4494,(#4498,#4505),.PCURVE_S1.);
#4494 = LINE('',#4495,#4496);
#4495 = CARTESIAN_POINT('',(-34.3,-5.3,5.6));
#4496 = VECTOR('',#4497,1.);
#4497 = DIRECTION('',(0.,0.,1.));
#4498 = PCURVE('',#1185,#4499);
#4499 = DEFINITIONAL_REPRESENTATION('',(#4500),#4504);
#4500 = LINE('',#4501,#4502);
#4501 = CARTESIAN_POINT('',(0.,1.5));
#4502 = VECTOR('',#4503,1.);
#4503 = DIRECTION('',(1.,0.));
#4504 = ( GEOMETRIC_REPRESENTATION_CONTEXT(2) 
PARAMETRIC_REPRESENTATION_CONTEXT() REPRESENTATION_CONTEXT('2D SPACE',''
  ) );
#4505 = PCURVE('',#3305,#4506);
#4506 = DEFINITIONAL_REPRESENTATION('',(#4507),#4511);
#4507 = LINE('',#4508,#4509);
#4508 = CARTESIAN_POINT('',(0.,0.));
#4509 = VECTOR('',#4510,1.);
#4510 = DIRECTION('',(1.,0.));
#4511 = ( GEOMETRIC_REPRESENTATION_CONTEXT(2) 
PARAMETRIC_REPRESENTATION_CONTEXT() REPRESENTATION_CONTEXT('2D SPACE',''
  ) );
#4512 = ORIENTED_EDGE('',*,*,#4513,.F.);
#4513 = EDGE_CURVE('',#1142,#4491,#4514,.T.);
#4514 = SURFACE_CURVE('',#4515,(#4519,#4526),.PCURVE_S1.);
#4515 = LINE('',#4516,#4517);
#4516 = CARTESIAN_POINT('',(-35.8,-5.3,5.6));
#4517 = VECTOR('',#4518,1.);
#4518 = DIRECTION('',(1.,0.,-0.));
#4519 = PCURVE('',#1185,#4520);
#4520 = DEFINITIONAL_REPRESENTATION('',(#4521),#4525);
#4521 = LINE('',#4522,#4523);
#4522 = CARTESIAN_POINT('',(0.,0.));
#4523 = VECTOR('',#4524,1.);
#4524 = DIRECTION('',(0.,1.));
#4525 = ( GEOMETRIC_REPRESENTATION_CONTEXT(2) 
PARAMETRIC_REPRESENTATION_CONTEXT() REPRESENTATION_CONTEXT('2D SPACE',''
  ) );
#4526 = PCURVE('',#1157,#4527);
#4527 = DEFINITIONAL_REPRESENTATION('',(#4528),#4532);
#4528 = LINE('',#4529,#4530);
#4529 = CARTESIAN_POINT('',(0.,0.));
#4530 = VECTOR('',#4531,1.);
#4531 = DIRECTION('',(1.,0.));
#4532 = ( GEOMETRIC_REPRESENTATION_CONTEXT(2) 
PARAMETRIC_REPRESENTATION_CONTEXT() REPRESENTATION_CONTEXT('2D SPACE',''
  ) );
#4533 = ORIENTED_EDGE('',*,*,#1169,.T.);
#4534 = ORIENTED_EDGE('',*,*,#3316,.F.);
#4535 = ADVANCED_FACE('',(#4536),#1157,.T.);
#4536 = FACE_BOUND('',#4537,.T.);
#4537 = EDGE_LOOP('',(#4538,#4539,#4540,#4563));
#4538 = ORIENTED_EDGE('',*,*,#1141,.F.);
#4539 = ORIENTED_EDGE('',*,*,#4513,.T.);
#4540 = ORIENTED_EDGE('',*,*,#4541,.T.);
#4541 = EDGE_CURVE('',#4491,#4542,#4544,.T.);
#4542 = VERTEX_POINT('',#4543);
#4543 = CARTESIAN_POINT('',(-34.3,-4.7,5.6));
#4544 = SURFACE_CURVE('',#4545,(#4549,#4556),.PCURVE_S1.);
#4545 = LINE('',#4546,#4547);
#4546 = CARTESIAN_POINT('',(-34.3,-5.3,5.6));
#4547 = VECTOR('',#4548,1.);
#4548 = DIRECTION('',(-0.,1.,0.));
#4549 = PCURVE('',#1157,#4550);
#4550 = DEFINITIONAL_REPRESENTATION('',(#4551),#4555);
#4551 = LINE('',#4552,#4553);
#4552 = CARTESIAN_POINT('',(1.5,0.));
#4553 = VECTOR('',#4554,1.);
#4554 = DIRECTION('',(0.,1.));
#4555 = ( GEOMETRIC_REPRESENTATION_CONTEXT(2) 
PARAMETRIC_REPRESENTATION_CONTEXT() REPRESENTATION_CONTEXT('2D SPACE',''
  ) );
#4556 = PCURVE('',#3305,#4557);
#4557 = DEFINITIONAL_REPRESENTATION('',(#4558),#4562);
#4558 = LINE('',#4559,#4560);
#4559 = CARTESIAN_POINT('',(0.,0.));
#4560 = VECTOR('',#4561,1.);
#4561 = DIRECTION('',(0.,-1.));
#4562 = ( GEOMETRIC_REPRESENTATION_CONTEXT(2) 
PARAMETRIC_REPRESENTATION_CONTEXT() REPRESENTATION_CONTEXT('2D SPACE',''
  ) );
#4563 = ORIENTED_EDGE('',*,*,#4564,.F.);
#4564 = EDGE_CURVE('',#1114,#4542,#4565,.T.);
#4565 = SURFACE_CURVE('',#4566,(#4570,#4577),.PCURVE_S1.);
#4566 = LINE('',#4567,#4568);
#4567 = CARTESIAN_POINT('',(-35.8,-4.7,5.6));
#4568 = VECTOR('',#4569,1.);
#4569 = DIRECTION('',(1.,0.,-0.));
#4570 = PCURVE('',#1157,#4571);
#4571 = DEFINITIONAL_REPRESENTATION('',(#4572),#4576);
#4572 = LINE('',#4573,#4574);
#4573 = CARTESIAN_POINT('',(0.,0.6));
#4574 = VECTOR('',#4575,1.);
#4575 = DIRECTION('',(1.,0.));
#4576 = ( GEOMETRIC_REPRESENTATION_CONTEXT(2) 
PARAMETRIC_REPRESENTATION_CONTEXT() REPRESENTATION_CONTEXT('2D SPACE',''
  ) );
#4577 = PCURVE('',#1129,#4578);
#4578 = DEFINITIONAL_REPRESENTATION('',(#4579),#4583);
#4579 = LINE('',#4580,#4581);
#4580 = CARTESIAN_POINT('',(0.,0.));
#4581 = VECTOR('',#4582,1.);
#4582 = DIRECTION('',(0.,1.));
#4583 = ( GEOMETRIC_REPRESENTATION_CONTEXT(2) 
PARAMETRIC_REPRESENTATION_CONTEXT() REPRESENTATION_CONTEXT('2D SPACE',''
  ) );
#4584 = ADVANCED_FACE('',(#4585),#1129,.F.);
#4585 = FACE_BOUND('',#4586,.F.);
#4586 = EDGE_LOOP('',(#4587,#4608,#4609,#4610));
#4587 = ORIENTED_EDGE('',*,*,#4588,.F.);
#4588 = EDGE_CURVE('',#4542,#3270,#4589,.T.);
#4589 = SURFACE_CURVE('',#4590,(#4594,#4601),.PCURVE_S1.);
#4590 = LINE('',#4591,#4592);
#4591 = CARTESIAN_POINT('',(-34.3,-4.7,5.6));
#4592 = VECTOR('',#4593,1.);
#4593 = DIRECTION('',(0.,0.,1.));
#4594 = PCURVE('',#1129,#4595);
#4595 = DEFINITIONAL_REPRESENTATION('',(#4596),#4600);
#4596 = LINE('',#4597,#4598);
#4597 = CARTESIAN_POINT('',(0.,1.5));
#4598 = VECTOR('',#4599,1.);
#4599 = DIRECTION('',(1.,0.));
#4600 = ( GEOMETRIC_REPRESENTATION_CONTEXT(2) 
PARAMETRIC_REPRESENTATION_CONTEXT() REPRESENTATION_CONTEXT('2D SPACE',''
  ) );
#4601 = PCURVE('',#3305,#4602);
#4602 = DEFINITIONAL_REPRESENTATION('',(#4603),#4607);
#4603 = LINE('',#4604,#4605);
#4604 = CARTESIAN_POINT('',(0.,-0.6));
#4605 = VECTOR('',#4606,1.);
#4606 = DIRECTION('',(1.,0.));
#4607 = ( GEOMETRIC_REPRESENTATION_CONTEXT(2) 
PARAMETRIC_REPRESENTATION_CONTEXT() REPRESENTATION_CONTEXT('2D SPACE',''
  ) );
#4608 = ORIENTED_EDGE('',*,*,#4564,.F.);
#4609 = ORIENTED_EDGE('',*,*,#1113,.T.);
#4610 = ORIENTED_EDGE('',*,*,#3269,.F.);
#4611 = ADVANCED_FACE('',(#4612),#1073,.T.);
#4612 = FACE_BOUND('',#4613,.T.);
#4613 = EDGE_LOOP('',(#4614,#4615,#4637,#4658));
#4614 = ORIENTED_EDGE('',*,*,#3247,.F.);
#4615 = ORIENTED_EDGE('',*,*,#4616,.F.);
#4616 = EDGE_CURVE('',#4617,#3224,#4619,.T.);
#4617 = VERTEX_POINT('',#4618);
#4618 = CARTESIAN_POINT('',(-25.24821775888,-0.3,5.6));
#4619 = SURFACE_CURVE('',#4620,(#4624,#4631),.PCURVE_S1.);
#4620 = LINE('',#4621,#4622);
#4621 = CARTESIAN_POINT('',(-25.24821775888,-0.3,3.));
#4622 = VECTOR('',#4623,1.);
#4623 = DIRECTION('',(0.,0.,1.));
#4624 = PCURVE('',#1073,#4625);
#4625 = DEFINITIONAL_REPRESENTATION('',(#4626),#4630);
#4626 = LINE('',#4627,#4628);
#4627 = CARTESIAN_POINT('',(-2.6,10.551782241117));
#4628 = VECTOR('',#4629,1.);
#4629 = DIRECTION('',(1.,0.));
#4630 = ( GEOMETRIC_REPRESENTATION_CONTEXT(2) 
PARAMETRIC_REPRESENTATION_CONTEXT() REPRESENTATION_CONTEXT('2D SPACE',''
  ) );
#4631 = PCURVE('',#3034,#4632);
#4632 = DEFINITIONAL_REPRESENTATION('',(#4633),#4636);
#4633 = B_SPLINE_CURVE_WITH_KNOTS('',1,(#4634,#4635),.UNSPECIFIED.,.F.,
  .F.,(2,2),(2.55,3.0000006),.PIECEWISE_BEZIER_KNOTS.);
#4634 = CARTESIAN_POINT('',(3.153474121256,2.55));
#4635 = CARTESIAN_POINT('',(3.153474121256,3.0000006));
#4636 = ( GEOMETRIC_REPRESENTATION_CONTEXT(2) 
PARAMETRIC_REPRESENTATION_CONTEXT() REPRESENTATION_CONTEXT('2D SPACE',''
  ) );
#4637 = ORIENTED_EDGE('',*,*,#4638,.T.);
#4638 = EDGE_CURVE('',#4617,#1030,#4639,.T.);
#4639 = SURFACE_CURVE('',#4640,(#4644,#4651),.PCURVE_S1.);
#4640 = LINE('',#4641,#4642);
#4641 = CARTESIAN_POINT('',(-25.24821775888,-0.3,5.6));
#4642 = VECTOR('',#4643,1.);
#4643 = DIRECTION('',(-1.,0.,0.));
#4644 = PCURVE('',#1073,#4645);
#4645 = DEFINITIONAL_REPRESENTATION('',(#4646),#4650);
#4646 = LINE('',#4647,#4648);
#4647 = CARTESIAN_POINT('',(0.,10.551782241116));
#4648 = VECTOR('',#4649,1.);
#4649 = DIRECTION('',(0.,-1.));
#4650 = ( GEOMETRIC_REPRESENTATION_CONTEXT(2) 
PARAMETRIC_REPRESENTATION_CONTEXT() REPRESENTATION_CONTEXT('2D SPACE',''
  ) );
#4651 = PCURVE('',#1045,#4652);
#4652 = DEFINITIONAL_REPRESENTATION('',(#4653),#4657);
#4653 = LINE('',#4654,#4655);
#4654 = CARTESIAN_POINT('',(10.551782241116,0.));
#4655 = VECTOR('',#4656,1.);
#4656 = DIRECTION('',(-1.,0.));
#4657 = ( GEOMETRIC_REPRESENTATION_CONTEXT(2) 
PARAMETRIC_REPRESENTATION_CONTEXT() REPRESENTATION_CONTEXT('2D SPACE',''
  ) );
#4658 = ORIENTED_EDGE('',*,*,#1057,.T.);
#4659 = ADVANCED_FACE('',(#4660),#1045,.T.);
#4660 = FACE_BOUND('',#4661,.T.);
#4661 = EDGE_LOOP('',(#4662,#4663,#4664,#4688));
#4662 = ORIENTED_EDGE('',*,*,#1029,.F.);
#4663 = ORIENTED_EDGE('',*,*,#4638,.F.);
#4664 = ORIENTED_EDGE('',*,*,#4665,.F.);
#4665 = EDGE_CURVE('',#4666,#4617,#4668,.T.);
#4666 = VERTEX_POINT('',#4667);
#4667 = CARTESIAN_POINT('',(-25.24821775888,0.3,5.6));
#4668 = SURFACE_CURVE('',#4669,(#4674,#4681),.PCURVE_S1.);
#4669 = CIRCLE('',#4670,25.25);
#4670 = AXIS2_PLACEMENT_3D('',#4671,#4672,#4673);
#4671 = CARTESIAN_POINT('',(0.,0.,5.6));
#4672 = DIRECTION('',(0.,0.,1.));
#4673 = DIRECTION('',(1.,0.,-0.));
#4674 = PCURVE('',#1045,#4675);
#4675 = DEFINITIONAL_REPRESENTATION('',(#4676),#4680);
#4676 = CIRCLE('',#4677,25.25);
#4677 = AXIS2_PLACEMENT_2D('',#4678,#4679);
#4678 = CARTESIAN_POINT('',(35.8,0.3));
#4679 = DIRECTION('',(1.,0.));
#4680 = ( GEOMETRIC_REPRESENTATION_CONTEXT(2) 
PARAMETRIC_REPRESENTATION_CONTEXT() REPRESENTATION_CONTEXT('2D SPACE',''
  ) );
#4681 = PCURVE('',#3034,#4682);
#4682 = DEFINITIONAL_REPRESENTATION('',(#4683),#4687);
#4683 = LINE('',#4684,#4685);
#4684 = CARTESIAN_POINT('',(0.,2.6));
#4685 = VECTOR('',#4686,1.);
#4686 = DIRECTION('',(1.,0.));
#4687 = ( GEOMETRIC_REPRESENTATION_CONTEXT(2) 
PARAMETRIC_REPRESENTATION_CONTEXT() REPRESENTATION_CONTEXT('2D SPACE',''
  ) );
#4688 = ORIENTED_EDGE('',*,*,#4689,.T.);
#4689 = EDGE_CURVE('',#4666,#1002,#4690,.T.);
#4690 = SURFACE_CURVE('',#4691,(#4695,#4702),.PCURVE_S1.);
#4691 = LINE('',#4692,#4693);
#4692 = CARTESIAN_POINT('',(-25.24821775888,0.3,5.6));
#4693 = VECTOR('',#4694,1.);
#4694 = DIRECTION('',(-1.,0.,0.));
#4695 = PCURVE('',#1045,#4696);
#4696 = DEFINITIONAL_REPRESENTATION('',(#4697),#4701);
#4697 = LINE('',#4698,#4699);
#4698 = CARTESIAN_POINT('',(10.551782241116,0.6));
#4699 = VECTOR('',#4700,1.);
#4700 = DIRECTION('',(-1.,0.));
#4701 = ( GEOMETRIC_REPRESENTATION_CONTEXT(2) 
PARAMETRIC_REPRESENTATION_CONTEXT() REPRESENTATION_CONTEXT('2D SPACE',''
  ) );
#4702 = PCURVE('',#1017,#4703);
#4703 = DEFINITIONAL_REPRESENTATION('',(#4704),#4708);
#4704 = LINE('',#4705,#4706);
#4705 = CARTESIAN_POINT('',(0.,10.551782241116));
#4706 = VECTOR('',#4707,1.);
#4707 = DIRECTION('',(0.,-1.));
#4708 = ( GEOMETRIC_REPRESENTATION_CONTEXT(2) 
PARAMETRIC_REPRESENTATION_CONTEXT() REPRESENTATION_CONTEXT('2D SPACE',''
  ) );
#4709 = ADVANCED_FACE('',(#4710),#1017,.F.);
#4710 = FACE_BOUND('',#4711,.F.);
#4711 = EDGE_LOOP('',(#4712,#4735,#4755,#4756));
#4712 = ORIENTED_EDGE('',*,*,#4713,.F.);
#4713 = EDGE_CURVE('',#4714,#979,#4716,.T.);
#4714 = VERTEX_POINT('',#4715);
#4715 = CARTESIAN_POINT('',(-25.24821775888,0.3,6.));
#4716 = SURFACE_CURVE('',#4717,(#4721,#4728),.PCURVE_S1.);
#4717 = LINE('',#4718,#4719);
#4718 = CARTESIAN_POINT('',(-25.24821775888,0.3,6.));
#4719 = VECTOR('',#4720,1.);
#4720 = DIRECTION('',(-1.,3.156499061265E-17,0.));
#4721 = PCURVE('',#1017,#4722);
#4722 = DEFINITIONAL_REPRESENTATION('',(#4723),#4727);
#4723 = LINE('',#4724,#4725);
#4724 = CARTESIAN_POINT('',(0.4,10.551782241117));
#4725 = VECTOR('',#4726,1.);
#4726 = DIRECTION('',(0.,-1.));
#4727 = ( GEOMETRIC_REPRESENTATION_CONTEXT(2) 
PARAMETRIC_REPRESENTATION_CONTEXT() REPRESENTATION_CONTEXT('2D SPACE',''
  ) );
#4728 = PCURVE('',#240,#4729);
#4729 = DEFINITIONAL_REPRESENTATION('',(#4730),#4734);
#4730 = LINE('',#4731,#4732);
#4731 = CARTESIAN_POINT('',(10.551782241117,40.3));
#4732 = VECTOR('',#4733,1.);
#4733 = DIRECTION('',(-1.,3.156499061265E-17));
#4734 = ( GEOMETRIC_REPRESENTATION_CONTEXT(2) 
PARAMETRIC_REPRESENTATION_CONTEXT() REPRESENTATION_CONTEXT('2D SPACE',''
  ) );
#4735 = ORIENTED_EDGE('',*,*,#4736,.F.);
#4736 = EDGE_CURVE('',#4666,#4714,#4737,.T.);
#4737 = SURFACE_CURVE('',#4738,(#4742,#4749),.PCURVE_S1.);
#4738 = LINE('',#4739,#4740);
#4739 = CARTESIAN_POINT('',(-25.24821775888,0.3,3.));
#4740 = VECTOR('',#4741,1.);
#4741 = DIRECTION('',(0.,0.,1.));
#4742 = PCURVE('',#1017,#4743);
#4743 = DEFINITIONAL_REPRESENTATION('',(#4744),#4748);
#4744 = LINE('',#4745,#4746);
#4745 = CARTESIAN_POINT('',(-2.6,10.551782241117));
#4746 = VECTOR('',#4747,1.);
#4747 = DIRECTION('',(1.,0.));
#4748 = ( GEOMETRIC_REPRESENTATION_CONTEXT(2) 
PARAMETRIC_REPRESENTATION_CONTEXT() REPRESENTATION_CONTEXT('2D SPACE',''
  ) );
#4749 = PCURVE('',#3034,#4750);
#4750 = DEFINITIONAL_REPRESENTATION('',(#4751),#4754);
#4751 = B_SPLINE_CURVE_WITH_KNOTS('',1,(#4752,#4753),.UNSPECIFIED.,.F.,
  .F.,(2,2),(2.55,3.0000006),.PIECEWISE_BEZIER_KNOTS.);
#4752 = CARTESIAN_POINT('',(3.129711185923,2.55));
#4753 = CARTESIAN_POINT('',(3.129711185923,3.0000006));
#4754 = ( GEOMETRIC_REPRESENTATION_CONTEXT(2) 
PARAMETRIC_REPRESENTATION_CONTEXT() REPRESENTATION_CONTEXT('2D SPACE',''
  ) );
#4755 = ORIENTED_EDGE('',*,*,#4689,.T.);
#4756 = ORIENTED_EDGE('',*,*,#1001,.T.);
#4757 = ADVANCED_FACE('',(#4758),#240,.T.);
#4758 = FACE_BOUND('',#4759,.T.);
#4759 = EDGE_LOOP('',(#4760,#4761,#4762,#4786,#4812,#4838,#4864,#4890,
    #4916,#4937,#4963,#4987,#5015,#5038,#5064,#5090,#5116,#5139,#5165,
    #5191,#5217,#5240,#5266,#5292,#5318,#5341,#5367,#5393,#5419,#5442,
    #5468,#5494,#5520,#5543,#5569,#5595,#5621,#5644,#5670,#5696,#5722,
    #5745,#5771,#5797,#5820,#5846,#5865,#5866,#5887,#5913,#5932,#5933,
    #5954,#5980,#5999,#6000,#6021,#6047,#6066,#6067,#6088,#6114,#6133,
    #6134,#6155,#6181,#6200,#6201,#6222,#6248,#6267,#6268,#6289,#6315));
#4760 = ORIENTED_EDGE('',*,*,#978,.F.);
#4761 = ORIENTED_EDGE('',*,*,#4713,.F.);
#4762 = ORIENTED_EDGE('',*,*,#4763,.F.);
#4763 = EDGE_CURVE('',#4764,#4714,#4766,.T.);
#4764 = VERTEX_POINT('',#4765);
#4765 = CARTESIAN_POINT('',(-3.,25.071148757087,6.));
#4766 = SURFACE_CURVE('',#4767,(#4772,#4779),.PCURVE_S1.);
#4767 = CIRCLE('',#4768,25.25);
#4768 = AXIS2_PLACEMENT_3D('',#4769,#4770,#4771);
#4769 = CARTESIAN_POINT('',(0.,0.,6.));
#4770 = DIRECTION('',(0.,0.,1.));
#4771 = DIRECTION('',(1.,0.,-0.));
#4772 = PCURVE('',#240,#4773);
#4773 = DEFINITIONAL_REPRESENTATION('',(#4774),#4778);
#4774 = CIRCLE('',#4775,25.25);
#4775 = AXIS2_PLACEMENT_2D('',#4776,#4777);
#4776 = CARTESIAN_POINT('',(35.8,40.));
#4777 = DIRECTION('',(1.,0.));
#4778 = ( GEOMETRIC_REPRESENTATION_CONTEXT(2) 
PARAMETRIC_REPRESENTATION_CONTEXT() REPRESENTATION_CONTEXT('2D SPACE',''
  ) );
#4779 = PCURVE('',#3034,#4780);
#4780 = DEFINITIONAL_REPRESENTATION('',(#4781),#4785);
#4781 = LINE('',#4782,#4783);
#4782 = CARTESIAN_POINT('',(0.,3.));
#4783 = VECTOR('',#4784,1.);
#4784 = DIRECTION('',(1.,0.));
#4785 = ( GEOMETRIC_REPRESENTATION_CONTEXT(2) 
PARAMETRIC_REPRESENTATION_CONTEXT() REPRESENTATION_CONTEXT('2D SPACE',''
  ) );
#4786 = ORIENTED_EDGE('',*,*,#4787,.T.);
#4787 = EDGE_CURVE('',#4764,#4788,#4790,.T.);
#4788 = VERTEX_POINT('',#4789);
#4789 = CARTESIAN_POINT('',(-3.,26.75,6.));
#4790 = SURFACE_CURVE('',#4791,(#4795,#4801),.PCURVE_S1.);
#4791 = LINE('',#4792,#4793);
#4792 = CARTESIAN_POINT('',(-3.,-8.125,6.));
#4793 = VECTOR('',#4794,1.);
#4794 = DIRECTION('',(-0.,1.,0.));
#4795 = PCURVE('',#240,#4796);
#4796 = DEFINITIONAL_REPRESENTATION('',(#4797),#4800);
#4797 = B_SPLINE_CURVE_WITH_KNOTS('',1,(#4798,#4799),.UNSPECIFIED.,.F.,
  .F.,(2,2),(31.875,34.875),.PIECEWISE_BEZIER_KNOTS.);
#4798 = CARTESIAN_POINT('',(32.8,63.75));
#4799 = CARTESIAN_POINT('',(32.8,66.75));
#4800 = ( GEOMETRIC_REPRESENTATION_CONTEXT(2) 
PARAMETRIC_REPRESENTATION_CONTEXT() REPRESENTATION_CONTEXT('2D SPACE',''
  ) );
#4801 = PCURVE('',#4802,#4807);
#4802 = PLANE('',#4803);
#4803 = AXIS2_PLACEMENT_3D('',#4804,#4805,#4806);
#4804 = CARTESIAN_POINT('',(-3.,23.75,4.));
#4805 = DIRECTION('',(1.,0.,-0.));
#4806 = DIRECTION('',(0.,0.,1.));
#4807 = DEFINITIONAL_REPRESENTATION('',(#4808),#4811);
#4808 = B_SPLINE_CURVE_WITH_KNOTS('',1,(#4809,#4810),.UNSPECIFIED.,.F.,
  .F.,(2,2),(31.875,34.875),.PIECEWISE_BEZIER_KNOTS.);
#4809 = CARTESIAN_POINT('',(2.,0.));
#4810 = CARTESIAN_POINT('',(2.,-3.));
#4811 = ( GEOMETRIC_REPRESENTATION_CONTEXT(2) 
PARAMETRIC_REPRESENTATION_CONTEXT() REPRESENTATION_CONTEXT('2D SPACE',''
  ) );
#4812 = ORIENTED_EDGE('',*,*,#4813,.F.);
#4813 = EDGE_CURVE('',#4814,#4788,#4816,.T.);
#4814 = VERTEX_POINT('',#4815);
#4815 = CARTESIAN_POINT('',(-0.3,26.75,6.));
#4816 = SURFACE_CURVE('',#4817,(#4821,#4827),.PCURVE_S1.);
#4817 = LINE('',#4818,#4819);
#4818 = CARTESIAN_POINT('',(-19.4,26.75,6.));
#4819 = VECTOR('',#4820,1.);
#4820 = DIRECTION('',(-1.,-0.,0.));
#4821 = PCURVE('',#240,#4822);
#4822 = DEFINITIONAL_REPRESENTATION('',(#4823),#4826);
#4823 = B_SPLINE_CURVE_WITH_KNOTS('',1,(#4824,#4825),.UNSPECIFIED.,.F.,
  .F.,(2,2),(-22.4,-16.4),.PIECEWISE_BEZIER_KNOTS.);
#4824 = CARTESIAN_POINT('',(38.8,66.75));
#4825 = CARTESIAN_POINT('',(32.8,66.75));
#4826 = ( GEOMETRIC_REPRESENTATION_CONTEXT(2) 
PARAMETRIC_REPRESENTATION_CONTEXT() REPRESENTATION_CONTEXT('2D SPACE',''
  ) );
#4827 = PCURVE('',#4828,#4833);
#4828 = PLANE('',#4829);
#4829 = AXIS2_PLACEMENT_3D('',#4830,#4831,#4832);
#4830 = CARTESIAN_POINT('',(-3.,26.75,4.));
#4831 = DIRECTION('',(-0.,1.,0.));
#4832 = DIRECTION('',(0.,0.,1.));
#4833 = DEFINITIONAL_REPRESENTATION('',(#4834),#4837);
#4834 = B_SPLINE_CURVE_WITH_KNOTS('',1,(#4835,#4836),.UNSPECIFIED.,.F.,
  .F.,(2,2),(-22.4,-16.4),.PIECEWISE_BEZIER_KNOTS.);
#4835 = CARTESIAN_POINT('',(2.,6.));
#4836 = CARTESIAN_POINT('',(2.,0.));
#4837 = ( GEOMETRIC_REPRESENTATION_CONTEXT(2) 
PARAMETRIC_REPRESENTATION_CONTEXT() REPRESENTATION_CONTEXT('2D SPACE',''
  ) );
#4838 = ORIENTED_EDGE('',*,*,#4839,.F.);
#4839 = EDGE_CURVE('',#4840,#4814,#4842,.T.);
#4840 = VERTEX_POINT('',#4841);
#4841 = CARTESIAN_POINT('',(-0.3,35.8,6.));
#4842 = SURFACE_CURVE('',#4843,(#4847,#4853),.PCURVE_S1.);
#4843 = LINE('',#4844,#4845);
#4844 = CARTESIAN_POINT('',(-0.3,-37.9,6.));
#4845 = VECTOR('',#4846,1.);
#4846 = DIRECTION('',(-2.22044604925E-16,-1.,0.));
#4847 = PCURVE('',#240,#4848);
#4848 = DEFINITIONAL_REPRESENTATION('',(#4849),#4852);
#4849 = B_SPLINE_CURVE_WITH_KNOTS('',1,(#4850,#4851),.UNSPECIFIED.,.F.,
  .F.,(2,2),(-73.7,-38.2),.PIECEWISE_BEZIER_KNOTS.);
#4850 = CARTESIAN_POINT('',(35.5,75.8));
#4851 = CARTESIAN_POINT('',(35.5,40.3));
#4852 = ( GEOMETRIC_REPRESENTATION_CONTEXT(2) 
PARAMETRIC_REPRESENTATION_CONTEXT() REPRESENTATION_CONTEXT('2D SPACE',''
  ) );
#4853 = PCURVE('',#4854,#4859);
#4854 = PLANE('',#4855);
#4855 = AXIS2_PLACEMENT_3D('',#4856,#4857,#4858);
#4856 = CARTESIAN_POINT('',(-0.3,-35.8,5.6));
#4857 = DIRECTION('',(-1.,2.22044604925E-16,0.));
#4858 = DIRECTION('',(0.,0.,1.));
#4859 = DEFINITIONAL_REPRESENTATION('',(#4860),#4863);
#4860 = B_SPLINE_CURVE_WITH_KNOTS('',1,(#4861,#4862),.UNSPECIFIED.,.F.,
  .F.,(2,2),(-73.7,-38.2),.PIECEWISE_BEZIER_KNOTS.);
#4861 = CARTESIAN_POINT('',(0.4,71.6));
#4862 = CARTESIAN_POINT('',(0.4,36.1));
#4863 = ( GEOMETRIC_REPRESENTATION_CONTEXT(2) 
PARAMETRIC_REPRESENTATION_CONTEXT() REPRESENTATION_CONTEXT('2D SPACE',''
  ) );
#4864 = ORIENTED_EDGE('',*,*,#4865,.F.);
#4865 = EDGE_CURVE('',#4866,#4840,#4868,.T.);
#4866 = VERTEX_POINT('',#4867);
#4867 = CARTESIAN_POINT('',(0.3,35.8,6.));
#4868 = SURFACE_CURVE('',#4869,(#4873,#4879),.PCURVE_S1.);
#4869 = LINE('',#4870,#4871);
#4870 = CARTESIAN_POINT('',(-17.75,35.8,6.));
#4871 = VECTOR('',#4872,1.);
#4872 = DIRECTION('',(-1.,2.22044604925E-16,0.));
#4873 = PCURVE('',#240,#4874);
#4874 = DEFINITIONAL_REPRESENTATION('',(#4875),#4878);
#4875 = B_SPLINE_CURVE_WITH_KNOTS('',1,(#4876,#4877),.UNSPECIFIED.,.F.,
  .F.,(2,2),(-18.05,-17.45),.PIECEWISE_BEZIER_KNOTS.);
#4876 = CARTESIAN_POINT('',(36.1,75.8));
#4877 = CARTESIAN_POINT('',(35.5,75.8));
#4878 = ( GEOMETRIC_REPRESENTATION_CONTEXT(2) 
PARAMETRIC_REPRESENTATION_CONTEXT() REPRESENTATION_CONTEXT('2D SPACE',''
  ) );
#4879 = PCURVE('',#4880,#4885);
#4880 = PLANE('',#4881);
#4881 = AXIS2_PLACEMENT_3D('',#4882,#4883,#4884);
#4882 = CARTESIAN_POINT('',(0.3,35.8,5.6));
#4883 = DIRECTION('',(2.22044604925E-16,1.,0.));
#4884 = DIRECTION('',(0.,0.,1.));
#4885 = DEFINITIONAL_REPRESENTATION('',(#4886),#4889);
#4886 = B_SPLINE_CURVE_WITH_KNOTS('',1,(#4887,#4888),.UNSPECIFIED.,.F.,
  .F.,(2,2),(-18.05,-17.45),.PIECEWISE_BEZIER_KNOTS.);
#4887 = CARTESIAN_POINT('',(0.4,0.));
#4888 = CARTESIAN_POINT('',(0.4,-0.6));
#4889 = ( GEOMETRIC_REPRESENTATION_CONTEXT(2) 
PARAMETRIC_REPRESENTATION_CONTEXT() REPRESENTATION_CONTEXT('2D SPACE',''
  ) );
#4890 = ORIENTED_EDGE('',*,*,#4891,.T.);
#4891 = EDGE_CURVE('',#4866,#4892,#4894,.T.);
#4892 = VERTEX_POINT('',#4893);
#4893 = CARTESIAN_POINT('',(0.3,26.75,6.));
#4894 = SURFACE_CURVE('',#4895,(#4899,#4905),.PCURVE_S1.);
#4895 = LINE('',#4896,#4897);
#4896 = CARTESIAN_POINT('',(0.3,-37.9,6.));
#4897 = VECTOR('',#4898,1.);
#4898 = DIRECTION('',(-2.22044604925E-16,-1.,0.));
#4899 = PCURVE('',#240,#4900);
#4900 = DEFINITIONAL_REPRESENTATION('',(#4901),#4904);
#4901 = B_SPLINE_CURVE_WITH_KNOTS('',1,(#4902,#4903),.UNSPECIFIED.,.F.,
  .F.,(2,2),(-73.7,-38.2),.PIECEWISE_BEZIER_KNOTS.);
#4902 = CARTESIAN_POINT('',(36.1,75.8));
#4903 = CARTESIAN_POINT('',(36.1,40.3));
#4904 = ( GEOMETRIC_REPRESENTATION_CONTEXT(2) 
PARAMETRIC_REPRESENTATION_CONTEXT() REPRESENTATION_CONTEXT('2D SPACE',''
  ) );
#4905 = PCURVE('',#4906,#4911);
#4906 = PLANE('',#4907);
#4907 = AXIS2_PLACEMENT_3D('',#4908,#4909,#4910);
#4908 = CARTESIAN_POINT('',(0.3,-35.8,5.6));
#4909 = DIRECTION('',(-1.,2.22044604925E-16,0.));
#4910 = DIRECTION('',(0.,0.,1.));
#4911 = DEFINITIONAL_REPRESENTATION('',(#4912),#4915);
#4912 = B_SPLINE_CURVE_WITH_KNOTS('',1,(#4913,#4914),.UNSPECIFIED.,.F.,
  .F.,(2,2),(-73.7,-38.2),.PIECEWISE_BEZIER_KNOTS.);
#4913 = CARTESIAN_POINT('',(0.4,71.6));
#4914 = CARTESIAN_POINT('',(0.4,36.1));
#4915 = ( GEOMETRIC_REPRESENTATION_CONTEXT(2) 
PARAMETRIC_REPRESENTATION_CONTEXT() REPRESENTATION_CONTEXT('2D SPACE',''
  ) );
#4916 = ORIENTED_EDGE('',*,*,#4917,.F.);
#4917 = EDGE_CURVE('',#4918,#4892,#4920,.T.);
#4918 = VERTEX_POINT('',#4919);
#4919 = CARTESIAN_POINT('',(3.,26.75,6.));
#4920 = SURFACE_CURVE('',#4921,(#4925,#4931),.PCURVE_S1.);
#4921 = LINE('',#4922,#4923);
#4922 = CARTESIAN_POINT('',(-19.4,26.75,6.));
#4923 = VECTOR('',#4924,1.);
#4924 = DIRECTION('',(-1.,-0.,0.));
#4925 = PCURVE('',#240,#4926);
#4926 = DEFINITIONAL_REPRESENTATION('',(#4927),#4930);
#4927 = B_SPLINE_CURVE_WITH_KNOTS('',1,(#4928,#4929),.UNSPECIFIED.,.F.,
  .F.,(2,2),(-22.4,-16.4),.PIECEWISE_BEZIER_KNOTS.);
#4928 = CARTESIAN_POINT('',(38.8,66.75));
#4929 = CARTESIAN_POINT('',(32.8,66.75));
#4930 = ( GEOMETRIC_REPRESENTATION_CONTEXT(2) 
PARAMETRIC_REPRESENTATION_CONTEXT() REPRESENTATION_CONTEXT('2D SPACE',''
  ) );
#4931 = PCURVE('',#4828,#4932);
#4932 = DEFINITIONAL_REPRESENTATION('',(#4933),#4936);
#4933 = B_SPLINE_CURVE_WITH_KNOTS('',1,(#4934,#4935),.UNSPECIFIED.,.F.,
  .F.,(2,2),(-22.4,-16.4),.PIECEWISE_BEZIER_KNOTS.);
#4934 = CARTESIAN_POINT('',(2.,6.));
#4935 = CARTESIAN_POINT('',(2.,0.));
#4936 = ( GEOMETRIC_REPRESENTATION_CONTEXT(2) 
PARAMETRIC_REPRESENTATION_CONTEXT() REPRESENTATION_CONTEXT('2D SPACE',''
  ) );
#4937 = ORIENTED_EDGE('',*,*,#4938,.F.);
#4938 = EDGE_CURVE('',#4939,#4918,#4941,.T.);
#4939 = VERTEX_POINT('',#4940);
#4940 = CARTESIAN_POINT('',(3.,25.071148757087,6.));
#4941 = SURFACE_CURVE('',#4942,(#4946,#4952),.PCURVE_S1.);
#4942 = LINE('',#4943,#4944);
#4943 = CARTESIAN_POINT('',(3.,-8.125,6.));
#4944 = VECTOR('',#4945,1.);
#4945 = DIRECTION('',(-0.,1.,0.));
#4946 = PCURVE('',#240,#4947);
#4947 = DEFINITIONAL_REPRESENTATION('',(#4948),#4951);
#4948 = B_SPLINE_CURVE_WITH_KNOTS('',1,(#4949,#4950),.UNSPECIFIED.,.F.,
  .F.,(2,2),(31.875,34.875),.PIECEWISE_BEZIER_KNOTS.);
#4949 = CARTESIAN_POINT('',(38.8,63.75));
#4950 = CARTESIAN_POINT('',(38.8,66.75));
#4951 = ( GEOMETRIC_REPRESENTATION_CONTEXT(2) 
PARAMETRIC_REPRESENTATION_CONTEXT() REPRESENTATION_CONTEXT('2D SPACE',''
  ) );
#4952 = PCURVE('',#4953,#4958);
#4953 = PLANE('',#4954);
#4954 = AXIS2_PLACEMENT_3D('',#4955,#4956,#4957);
#4955 = CARTESIAN_POINT('',(3.,23.75,4.));
#4956 = DIRECTION('',(1.,0.,-0.));
#4957 = DIRECTION('',(0.,0.,1.));
#4958 = DEFINITIONAL_REPRESENTATION('',(#4959),#4962);
#4959 = B_SPLINE_CURVE_WITH_KNOTS('',1,(#4960,#4961),.UNSPECIFIED.,.F.,
  .F.,(2,2),(31.875,34.875),.PIECEWISE_BEZIER_KNOTS.);
#4960 = CARTESIAN_POINT('',(2.,0.));
#4961 = CARTESIAN_POINT('',(2.,-3.));
#4962 = ( GEOMETRIC_REPRESENTATION_CONTEXT(2) 
PARAMETRIC_REPRESENTATION_CONTEXT() REPRESENTATION_CONTEXT('2D SPACE',''
  ) );
#4963 = ORIENTED_EDGE('',*,*,#4964,.F.);
#4964 = EDGE_CURVE('',#4965,#4939,#4967,.T.);
#4965 = VERTEX_POINT('',#4966);
#4966 = CARTESIAN_POINT('',(25.248217758883,0.3,6.));
#4967 = SURFACE_CURVE('',#4968,(#4973,#4980),.PCURVE_S1.);
#4968 = CIRCLE('',#4969,25.25);
#4969 = AXIS2_PLACEMENT_3D('',#4970,#4971,#4972);
#4970 = CARTESIAN_POINT('',(0.,0.,6.));
#4971 = DIRECTION('',(0.,0.,1.));
#4972 = DIRECTION('',(1.,0.,-0.));
#4973 = PCURVE('',#240,#4974);
#4974 = DEFINITIONAL_REPRESENTATION('',(#4975),#4979);
#4975 = CIRCLE('',#4976,25.25);
#4976 = AXIS2_PLACEMENT_2D('',#4977,#4978);
#4977 = CARTESIAN_POINT('',(35.8,40.));
#4978 = DIRECTION('',(1.,0.));
#4979 = ( GEOMETRIC_REPRESENTATION_CONTEXT(2) 
PARAMETRIC_REPRESENTATION_CONTEXT() REPRESENTATION_CONTEXT('2D SPACE',''
  ) );
#4980 = PCURVE('',#3034,#4981);
#4981 = DEFINITIONAL_REPRESENTATION('',(#4982),#4986);
#4982 = LINE('',#4983,#4984);
#4983 = CARTESIAN_POINT('',(0.,3.));
#4984 = VECTOR('',#4985,1.);
#4985 = DIRECTION('',(1.,0.));
#4986 = ( GEOMETRIC_REPRESENTATION_CONTEXT(2) 
PARAMETRIC_REPRESENTATION_CONTEXT() REPRESENTATION_CONTEXT('2D SPACE',''
  ) );
#4987 = ORIENTED_EDGE('',*,*,#4988,.T.);
#4988 = EDGE_CURVE('',#4965,#4989,#4991,.T.);
#4989 = VERTEX_POINT('',#4990);
#4990 = CARTESIAN_POINT('',(35.8,0.3,6.));
#4991 = SURFACE_CURVE('',#4992,(#4996,#5003),.PCURVE_S1.);
#4992 = LINE('',#4993,#4994);
#4993 = CARTESIAN_POINT('',(25.248217758883,0.3,6.));
#4994 = VECTOR('',#4995,1.);
#4995 = DIRECTION('',(1.,-1.367816259881E-16,0.));
#4996 = PCURVE('',#240,#4997);
#4997 = DEFINITIONAL_REPRESENTATION('',(#4998),#5002);
#4998 = LINE('',#4999,#5000);
#4999 = CARTESIAN_POINT('',(61.048217758883,40.3));
#5000 = VECTOR('',#5001,1.);
#5001 = DIRECTION('',(1.,-1.367816259881E-16));
#5002 = ( GEOMETRIC_REPRESENTATION_CONTEXT(2) 
PARAMETRIC_REPRESENTATION_CONTEXT() REPRESENTATION_CONTEXT('2D SPACE',''
  ) );
#5003 = PCURVE('',#5004,#5009);
#5004 = PLANE('',#5005);
#5005 = AXIS2_PLACEMENT_3D('',#5006,#5007,#5008);
#5006 = CARTESIAN_POINT('',(32.8,0.3,5.6));
#5007 = DIRECTION('',(-0.,1.,0.));
#5008 = DIRECTION('',(0.,0.,1.));
#5009 = DEFINITIONAL_REPRESENTATION('',(#5010),#5014);
#5010 = LINE('',#5011,#5012);
#5011 = CARTESIAN_POINT('',(0.4,-7.551782241117));
#5012 = VECTOR('',#5013,1.);
#5013 = DIRECTION('',(0.,1.));
#5014 = ( GEOMETRIC_REPRESENTATION_CONTEXT(2) 
PARAMETRIC_REPRESENTATION_CONTEXT() REPRESENTATION_CONTEXT('2D SPACE',''
  ) );
#5015 = ORIENTED_EDGE('',*,*,#5016,.T.);
#5016 = EDGE_CURVE('',#4989,#5017,#5019,.T.);
#5017 = VERTEX_POINT('',#5018);
#5018 = CARTESIAN_POINT('',(35.8,4.7,6.));
#5019 = SURFACE_CURVE('',#5020,(#5024,#5031),.PCURVE_S1.);
#5020 = LINE('',#5021,#5022);
#5021 = CARTESIAN_POINT('',(35.8,-40.,6.));
#5022 = VECTOR('',#5023,1.);
#5023 = DIRECTION('',(-0.,1.,0.));
#5024 = PCURVE('',#240,#5025);
#5025 = DEFINITIONAL_REPRESENTATION('',(#5026),#5030);
#5026 = LINE('',#5027,#5028);
#5027 = CARTESIAN_POINT('',(71.6,0.));
#5028 = VECTOR('',#5029,1.);
#5029 = DIRECTION('',(0.,1.));
#5030 = ( GEOMETRIC_REPRESENTATION_CONTEXT(2) 
PARAMETRIC_REPRESENTATION_CONTEXT() REPRESENTATION_CONTEXT('2D SPACE',''
  ) );
#5031 = PCURVE('',#1937,#5032);
#5032 = DEFINITIONAL_REPRESENTATION('',(#5033),#5037);
#5033 = LINE('',#5034,#5035);
#5034 = CARTESIAN_POINT('',(6.,0.));
#5035 = VECTOR('',#5036,1.);
#5036 = DIRECTION('',(0.,-1.));
#5037 = ( GEOMETRIC_REPRESENTATION_CONTEXT(2) 
PARAMETRIC_REPRESENTATION_CONTEXT() REPRESENTATION_CONTEXT('2D SPACE',''
  ) );
#5038 = ORIENTED_EDGE('',*,*,#5039,.T.);
#5039 = EDGE_CURVE('',#5017,#5040,#5042,.T.);
#5040 = VERTEX_POINT('',#5041);
#5041 = CARTESIAN_POINT('',(34.3,4.7,6.));
#5042 = SURFACE_CURVE('',#5043,(#5047,#5053),.PCURVE_S1.);
#5043 = LINE('',#5044,#5045);
#5044 = CARTESIAN_POINT('',(-0.75,4.7,6.));
#5045 = VECTOR('',#5046,1.);
#5046 = DIRECTION('',(-1.,-0.,0.));
#5047 = PCURVE('',#240,#5048);
#5048 = DEFINITIONAL_REPRESENTATION('',(#5049),#5052);
#5049 = B_SPLINE_CURVE_WITH_KNOTS('',1,(#5050,#5051),.UNSPECIFIED.,.F.,
  .F.,(2,2),(-36.55,-35.05),.PIECEWISE_BEZIER_KNOTS.);
#5050 = CARTESIAN_POINT('',(71.6,44.7));
#5051 = CARTESIAN_POINT('',(70.1,44.7));
#5052 = ( GEOMETRIC_REPRESENTATION_CONTEXT(2) 
PARAMETRIC_REPRESENTATION_CONTEXT() REPRESENTATION_CONTEXT('2D SPACE',''
  ) );
#5053 = PCURVE('',#5054,#5059);
#5054 = PLANE('',#5055);
#5055 = AXIS2_PLACEMENT_3D('',#5056,#5057,#5058);
#5056 = CARTESIAN_POINT('',(34.3,4.7,5.6));
#5057 = DIRECTION('',(-0.,1.,0.));
#5058 = DIRECTION('',(0.,0.,1.));
#5059 = DEFINITIONAL_REPRESENTATION('',(#5060),#5063);
#5060 = B_SPLINE_CURVE_WITH_KNOTS('',1,(#5061,#5062),.UNSPECIFIED.,.F.,
  .F.,(2,2),(-36.55,-35.05),.PIECEWISE_BEZIER_KNOTS.);
#5061 = CARTESIAN_POINT('',(0.4,1.5));
#5062 = CARTESIAN_POINT('',(0.4,0.));
#5063 = ( GEOMETRIC_REPRESENTATION_CONTEXT(2) 
PARAMETRIC_REPRESENTATION_CONTEXT() REPRESENTATION_CONTEXT('2D SPACE',''
  ) );
#5064 = ORIENTED_EDGE('',*,*,#5065,.T.);
#5065 = EDGE_CURVE('',#5040,#5066,#5068,.T.);
#5066 = VERTEX_POINT('',#5067);
#5067 = CARTESIAN_POINT('',(34.3,5.3,6.));
#5068 = SURFACE_CURVE('',#5069,(#5073,#5079),.PCURVE_S1.);
#5069 = LINE('',#5070,#5071);
#5070 = CARTESIAN_POINT('',(34.3,-17.65,6.));
#5071 = VECTOR('',#5072,1.);
#5072 = DIRECTION('',(-0.,1.,0.));
#5073 = PCURVE('',#240,#5074);
#5074 = DEFINITIONAL_REPRESENTATION('',(#5075),#5078);
#5075 = B_SPLINE_CURVE_WITH_KNOTS('',1,(#5076,#5077),.UNSPECIFIED.,.F.,
  .F.,(2,2),(22.35,22.95),.PIECEWISE_BEZIER_KNOTS.);
#5076 = CARTESIAN_POINT('',(70.1,44.7));
#5077 = CARTESIAN_POINT('',(70.1,45.3));
#5078 = ( GEOMETRIC_REPRESENTATION_CONTEXT(2) 
PARAMETRIC_REPRESENTATION_CONTEXT() REPRESENTATION_CONTEXT('2D SPACE',''
  ) );
#5079 = PCURVE('',#5080,#5085);
#5080 = PLANE('',#5081);
#5081 = AXIS2_PLACEMENT_3D('',#5082,#5083,#5084);
#5082 = CARTESIAN_POINT('',(34.3,4.7,5.6));
#5083 = DIRECTION('',(1.,0.,-0.));
#5084 = DIRECTION('',(0.,0.,1.));
#5085 = DEFINITIONAL_REPRESENTATION('',(#5086),#5089);
#5086 = B_SPLINE_CURVE_WITH_KNOTS('',1,(#5087,#5088),.UNSPECIFIED.,.F.,
  .F.,(2,2),(22.35,22.95),.PIECEWISE_BEZIER_KNOTS.);
#5087 = CARTESIAN_POINT('',(0.4,0.));
#5088 = CARTESIAN_POINT('',(0.4,-0.6));
#5089 = ( GEOMETRIC_REPRESENTATION_CONTEXT(2) 
PARAMETRIC_REPRESENTATION_CONTEXT() REPRESENTATION_CONTEXT('2D SPACE',''
  ) );
#5090 = ORIENTED_EDGE('',*,*,#5091,.F.);
#5091 = EDGE_CURVE('',#5092,#5066,#5094,.T.);
#5092 = VERTEX_POINT('',#5093);
#5093 = CARTESIAN_POINT('',(35.8,5.3,6.));
#5094 = SURFACE_CURVE('',#5095,(#5099,#5105),.PCURVE_S1.);
#5095 = LINE('',#5096,#5097);
#5096 = CARTESIAN_POINT('',(-0.75,5.3,6.));
#5097 = VECTOR('',#5098,1.);
#5098 = DIRECTION('',(-1.,-0.,0.));
#5099 = PCURVE('',#240,#5100);
#5100 = DEFINITIONAL_REPRESENTATION('',(#5101),#5104);
#5101 = B_SPLINE_CURVE_WITH_KNOTS('',1,(#5102,#5103),.UNSPECIFIED.,.F.,
  .F.,(2,2),(-36.55,-35.05),.PIECEWISE_BEZIER_KNOTS.);
#5102 = CARTESIAN_POINT('',(71.6,45.3));
#5103 = CARTESIAN_POINT('',(70.1,45.3));
#5104 = ( GEOMETRIC_REPRESENTATION_CONTEXT(2) 
PARAMETRIC_REPRESENTATION_CONTEXT() REPRESENTATION_CONTEXT('2D SPACE',''
  ) );
#5105 = PCURVE('',#5106,#5111);
#5106 = PLANE('',#5107);
#5107 = AXIS2_PLACEMENT_3D('',#5108,#5109,#5110);
#5108 = CARTESIAN_POINT('',(34.3,5.3,5.6));
#5109 = DIRECTION('',(-0.,1.,0.));
#5110 = DIRECTION('',(0.,0.,1.));
#5111 = DEFINITIONAL_REPRESENTATION('',(#5112),#5115);
#5112 = B_SPLINE_CURVE_WITH_KNOTS('',1,(#5113,#5114),.UNSPECIFIED.,.F.,
  .F.,(2,2),(-36.55,-35.05),.PIECEWISE_BEZIER_KNOTS.);
#5113 = CARTESIAN_POINT('',(0.4,1.5));
#5114 = CARTESIAN_POINT('',(0.4,0.));
#5115 = ( GEOMETRIC_REPRESENTATION_CONTEXT(2) 
PARAMETRIC_REPRESENTATION_CONTEXT() REPRESENTATION_CONTEXT('2D SPACE',''
  ) );
#5116 = ORIENTED_EDGE('',*,*,#5117,.T.);
#5117 = EDGE_CURVE('',#5092,#5118,#5120,.T.);
#5118 = VERTEX_POINT('',#5119);
#5119 = CARTESIAN_POINT('',(35.8,9.7,6.));
#5120 = SURFACE_CURVE('',#5121,(#5125,#5132),.PCURVE_S1.);
#5121 = LINE('',#5122,#5123);
#5122 = CARTESIAN_POINT('',(35.8,-40.,6.));
#5123 = VECTOR('',#5124,1.);
#5124 = DIRECTION('',(-0.,1.,0.));
#5125 = PCURVE('',#240,#5126);
#5126 = DEFINITIONAL_REPRESENTATION('',(#5127),#5131);
#5127 = LINE('',#5128,#5129);
#5128 = CARTESIAN_POINT('',(71.6,0.));
#5129 = VECTOR('',#5130,1.);
#5130 = DIRECTION('',(0.,1.));
#5131 = ( GEOMETRIC_REPRESENTATION_CONTEXT(2) 
PARAMETRIC_REPRESENTATION_CONTEXT() REPRESENTATION_CONTEXT('2D SPACE',''
  ) );
#5132 = PCURVE('',#1937,#5133);
#5133 = DEFINITIONAL_REPRESENTATION('',(#5134),#5138);
#5134 = LINE('',#5135,#5136);
#5135 = CARTESIAN_POINT('',(6.,0.));
#5136 = VECTOR('',#5137,1.);
#5137 = DIRECTION('',(0.,-1.));
#5138 = ( GEOMETRIC_REPRESENTATION_CONTEXT(2) 
PARAMETRIC_REPRESENTATION_CONTEXT() REPRESENTATION_CONTEXT('2D SPACE',''
  ) );
#5139 = ORIENTED_EDGE('',*,*,#5140,.T.);
#5140 = EDGE_CURVE('',#5118,#5141,#5143,.T.);
#5141 = VERTEX_POINT('',#5142);
#5142 = CARTESIAN_POINT('',(32.8,9.7,6.));
#5143 = SURFACE_CURVE('',#5144,(#5148,#5154),.PCURVE_S1.);
#5144 = LINE('',#5145,#5146);
#5145 = CARTESIAN_POINT('',(-1.5,9.7,6.));
#5146 = VECTOR('',#5147,1.);
#5147 = DIRECTION('',(-1.,-0.,0.));
#5148 = PCURVE('',#240,#5149);
#5149 = DEFINITIONAL_REPRESENTATION('',(#5150),#5153);
#5150 = B_SPLINE_CURVE_WITH_KNOTS('',1,(#5151,#5152),.UNSPECIFIED.,.F.,
  .F.,(2,2),(-37.3,-34.3),.PIECEWISE_BEZIER_KNOTS.);
#5151 = CARTESIAN_POINT('',(71.6,49.7));
#5152 = CARTESIAN_POINT('',(68.6,49.7));
#5153 = ( GEOMETRIC_REPRESENTATION_CONTEXT(2) 
PARAMETRIC_REPRESENTATION_CONTEXT() REPRESENTATION_CONTEXT('2D SPACE',''
  ) );
#5154 = PCURVE('',#5155,#5160);
#5155 = PLANE('',#5156);
#5156 = AXIS2_PLACEMENT_3D('',#5157,#5158,#5159);
#5157 = CARTESIAN_POINT('',(32.8,9.7,5.6));
#5158 = DIRECTION('',(-0.,1.,0.));
#5159 = DIRECTION('',(0.,0.,1.));
#5160 = DEFINITIONAL_REPRESENTATION('',(#5161),#5164);
#5161 = B_SPLINE_CURVE_WITH_KNOTS('',1,(#5162,#5163),.UNSPECIFIED.,.F.,
  .F.,(2,2),(-37.3,-34.3),.PIECEWISE_BEZIER_KNOTS.);
#5162 = CARTESIAN_POINT('',(0.4,3.));
#5163 = CARTESIAN_POINT('',(0.4,0.));
#5164 = ( GEOMETRIC_REPRESENTATION_CONTEXT(2) 
PARAMETRIC_REPRESENTATION_CONTEXT() REPRESENTATION_CONTEXT('2D SPACE',''
  ) );
#5165 = ORIENTED_EDGE('',*,*,#5166,.T.);
#5166 = EDGE_CURVE('',#5141,#5167,#5169,.T.);
#5167 = VERTEX_POINT('',#5168);
#5168 = CARTESIAN_POINT('',(32.8,10.3,6.));
#5169 = SURFACE_CURVE('',#5170,(#5174,#5180),.PCURVE_S1.);
#5170 = LINE('',#5171,#5172);
#5171 = CARTESIAN_POINT('',(32.8,-15.15,6.));
#5172 = VECTOR('',#5173,1.);
#5173 = DIRECTION('',(-0.,1.,0.));
#5174 = PCURVE('',#240,#5175);
#5175 = DEFINITIONAL_REPRESENTATION('',(#5176),#5179);
#5176 = B_SPLINE_CURVE_WITH_KNOTS('',1,(#5177,#5178),.UNSPECIFIED.,.F.,
  .F.,(2,2),(24.85,25.45),.PIECEWISE_BEZIER_KNOTS.);
#5177 = CARTESIAN_POINT('',(68.6,49.7));
#5178 = CARTESIAN_POINT('',(68.6,50.3));
#5179 = ( GEOMETRIC_REPRESENTATION_CONTEXT(2) 
PARAMETRIC_REPRESENTATION_CONTEXT() REPRESENTATION_CONTEXT('2D SPACE',''
  ) );
#5180 = PCURVE('',#5181,#5186);
#5181 = PLANE('',#5182);
#5182 = AXIS2_PLACEMENT_3D('',#5183,#5184,#5185);
#5183 = CARTESIAN_POINT('',(32.8,9.7,5.6));
#5184 = DIRECTION('',(1.,0.,-0.));
#5185 = DIRECTION('',(0.,0.,1.));
#5186 = DEFINITIONAL_REPRESENTATION('',(#5187),#5190);
#5187 = B_SPLINE_CURVE_WITH_KNOTS('',1,(#5188,#5189),.UNSPECIFIED.,.F.,
  .F.,(2,2),(24.85,25.45),.PIECEWISE_BEZIER_KNOTS.);
#5188 = CARTESIAN_POINT('',(0.4,0.));
#5189 = CARTESIAN_POINT('',(0.4,-0.6));
#5190 = ( GEOMETRIC_REPRESENTATION_CONTEXT(2) 
PARAMETRIC_REPRESENTATION_CONTEXT() REPRESENTATION_CONTEXT('2D SPACE',''
  ) );
#5191 = ORIENTED_EDGE('',*,*,#5192,.F.);
#5192 = EDGE_CURVE('',#5193,#5167,#5195,.T.);
#5193 = VERTEX_POINT('',#5194);
#5194 = CARTESIAN_POINT('',(35.8,10.3,6.));
#5195 = SURFACE_CURVE('',#5196,(#5200,#5206),.PCURVE_S1.);
#5196 = LINE('',#5197,#5198);
#5197 = CARTESIAN_POINT('',(-1.5,10.3,6.));
#5198 = VECTOR('',#5199,1.);
#5199 = DIRECTION('',(-1.,-0.,0.));
#5200 = PCURVE('',#240,#5201);
#5201 = DEFINITIONAL_REPRESENTATION('',(#5202),#5205);
#5202 = B_SPLINE_CURVE_WITH_KNOTS('',1,(#5203,#5204),.UNSPECIFIED.,.F.,
  .F.,(2,2),(-37.3,-34.3),.PIECEWISE_BEZIER_KNOTS.);
#5203 = CARTESIAN_POINT('',(71.6,50.3));
#5204 = CARTESIAN_POINT('',(68.6,50.3));
#5205 = ( GEOMETRIC_REPRESENTATION_CONTEXT(2) 
PARAMETRIC_REPRESENTATION_CONTEXT() REPRESENTATION_CONTEXT('2D SPACE',''
  ) );
#5206 = PCURVE('',#5207,#5212);
#5207 = PLANE('',#5208);
#5208 = AXIS2_PLACEMENT_3D('',#5209,#5210,#5211);
#5209 = CARTESIAN_POINT('',(32.8,10.3,5.6));
#5210 = DIRECTION('',(-0.,1.,0.));
#5211 = DIRECTION('',(0.,0.,1.));
#5212 = DEFINITIONAL_REPRESENTATION('',(#5213),#5216);
#5213 = B_SPLINE_CURVE_WITH_KNOTS('',1,(#5214,#5215),.UNSPECIFIED.,.F.,
  .F.,(2,2),(-37.3,-34.3),.PIECEWISE_BEZIER_KNOTS.);
#5214 = CARTESIAN_POINT('',(0.4,3.));
#5215 = CARTESIAN_POINT('',(0.4,0.));
#5216 = ( GEOMETRIC_REPRESENTATION_CONTEXT(2) 
PARAMETRIC_REPRESENTATION_CONTEXT() REPRESENTATION_CONTEXT('2D SPACE',''
  ) );
#5217 = ORIENTED_EDGE('',*,*,#5218,.T.);
#5218 = EDGE_CURVE('',#5193,#5219,#5221,.T.);
#5219 = VERTEX_POINT('',#5220);
#5220 = CARTESIAN_POINT('',(35.8,14.7,6.));
#5221 = SURFACE_CURVE('',#5222,(#5226,#5233),.PCURVE_S1.);
#5222 = LINE('',#5223,#5224);
#5223 = CARTESIAN_POINT('',(35.8,-40.,6.));
#5224 = VECTOR('',#5225,1.);
#5225 = DIRECTION('',(-0.,1.,0.));
#5226 = PCURVE('',#240,#5227);
#5227 = DEFINITIONAL_REPRESENTATION('',(#5228),#5232);
#5228 = LINE('',#5229,#5230);
#5229 = CARTESIAN_POINT('',(71.6,0.));
#5230 = VECTOR('',#5231,1.);
#5231 = DIRECTION('',(0.,1.));
#5232 = ( GEOMETRIC_REPRESENTATION_CONTEXT(2) 
PARAMETRIC_REPRESENTATION_CONTEXT() REPRESENTATION_CONTEXT('2D SPACE',''
  ) );
#5233 = PCURVE('',#1937,#5234);
#5234 = DEFINITIONAL_REPRESENTATION('',(#5235),#5239);
#5235 = LINE('',#5236,#5237);
#5236 = CARTESIAN_POINT('',(6.,0.));
#5237 = VECTOR('',#5238,1.);
#5238 = DIRECTION('',(0.,-1.));
#5239 = ( GEOMETRIC_REPRESENTATION_CONTEXT(2) 
PARAMETRIC_REPRESENTATION_CONTEXT() REPRESENTATION_CONTEXT('2D SPACE',''
  ) );
#5240 = ORIENTED_EDGE('',*,*,#5241,.T.);
#5241 = EDGE_CURVE('',#5219,#5242,#5244,.T.);
#5242 = VERTEX_POINT('',#5243);
#5243 = CARTESIAN_POINT('',(34.3,14.7,6.));
#5244 = SURFACE_CURVE('',#5245,(#5249,#5255),.PCURVE_S1.);
#5245 = LINE('',#5246,#5247);
#5246 = CARTESIAN_POINT('',(-0.75,14.7,6.));
#5247 = VECTOR('',#5248,1.);
#5248 = DIRECTION('',(-1.,-0.,0.));
#5249 = PCURVE('',#240,#5250);
#5250 = DEFINITIONAL_REPRESENTATION('',(#5251),#5254);
#5251 = B_SPLINE_CURVE_WITH_KNOTS('',1,(#5252,#5253),.UNSPECIFIED.,.F.,
  .F.,(2,2),(-36.55,-35.05),.PIECEWISE_BEZIER_KNOTS.);
#5252 = CARTESIAN_POINT('',(71.6,54.7));
#5253 = CARTESIAN_POINT('',(70.1,54.7));
#5254 = ( GEOMETRIC_REPRESENTATION_CONTEXT(2) 
PARAMETRIC_REPRESENTATION_CONTEXT() REPRESENTATION_CONTEXT('2D SPACE',''
  ) );
#5255 = PCURVE('',#5256,#5261);
#5256 = PLANE('',#5257);
#5257 = AXIS2_PLACEMENT_3D('',#5258,#5259,#5260);
#5258 = CARTESIAN_POINT('',(34.3,14.7,5.6));
#5259 = DIRECTION('',(-0.,1.,0.));
#5260 = DIRECTION('',(0.,0.,1.));
#5261 = DEFINITIONAL_REPRESENTATION('',(#5262),#5265);
#5262 = B_SPLINE_CURVE_WITH_KNOTS('',1,(#5263,#5264),.UNSPECIFIED.,.F.,
  .F.,(2,2),(-36.55,-35.05),.PIECEWISE_BEZIER_KNOTS.);
#5263 = CARTESIAN_POINT('',(0.4,1.5));
#5264 = CARTESIAN_POINT('',(0.4,0.));
#5265 = ( GEOMETRIC_REPRESENTATION_CONTEXT(2) 
PARAMETRIC_REPRESENTATION_CONTEXT() REPRESENTATION_CONTEXT('2D SPACE',''
  ) );
#5266 = ORIENTED_EDGE('',*,*,#5267,.T.);
#5267 = EDGE_CURVE('',#5242,#5268,#5270,.T.);
#5268 = VERTEX_POINT('',#5269);
#5269 = CARTESIAN_POINT('',(34.3,15.3,6.));
#5270 = SURFACE_CURVE('',#5271,(#5275,#5281),.PCURVE_S1.);
#5271 = LINE('',#5272,#5273);
#5272 = CARTESIAN_POINT('',(34.3,-12.65,6.));
#5273 = VECTOR('',#5274,1.);
#5274 = DIRECTION('',(-0.,1.,0.));
#5275 = PCURVE('',#240,#5276);
#5276 = DEFINITIONAL_REPRESENTATION('',(#5277),#5280);
#5277 = B_SPLINE_CURVE_WITH_KNOTS('',1,(#5278,#5279),.UNSPECIFIED.,.F.,
  .F.,(2,2),(27.35,27.95),.PIECEWISE_BEZIER_KNOTS.);
#5278 = CARTESIAN_POINT('',(70.1,54.7));
#5279 = CARTESIAN_POINT('',(70.1,55.3));
#5280 = ( GEOMETRIC_REPRESENTATION_CONTEXT(2) 
PARAMETRIC_REPRESENTATION_CONTEXT() REPRESENTATION_CONTEXT('2D SPACE',''
  ) );
#5281 = PCURVE('',#5282,#5287);
#5282 = PLANE('',#5283);
#5283 = AXIS2_PLACEMENT_3D('',#5284,#5285,#5286);
#5284 = CARTESIAN_POINT('',(34.3,14.7,5.6));
#5285 = DIRECTION('',(1.,0.,-0.));
#5286 = DIRECTION('',(0.,0.,1.));
#5287 = DEFINITIONAL_REPRESENTATION('',(#5288),#5291);
#5288 = B_SPLINE_CURVE_WITH_KNOTS('',1,(#5289,#5290),.UNSPECIFIED.,.F.,
  .F.,(2,2),(27.35,27.95),.PIECEWISE_BEZIER_KNOTS.);
#5289 = CARTESIAN_POINT('',(0.4,0.));
#5290 = CARTESIAN_POINT('',(0.4,-0.6));
#5291 = ( GEOMETRIC_REPRESENTATION_CONTEXT(2) 
PARAMETRIC_REPRESENTATION_CONTEXT() REPRESENTATION_CONTEXT('2D SPACE',''
  ) );
#5292 = ORIENTED_EDGE('',*,*,#5293,.F.);
#5293 = EDGE_CURVE('',#5294,#5268,#5296,.T.);
#5294 = VERTEX_POINT('',#5295);
#5295 = CARTESIAN_POINT('',(35.8,15.3,6.));
#5296 = SURFACE_CURVE('',#5297,(#5301,#5307),.PCURVE_S1.);
#5297 = LINE('',#5298,#5299);
#5298 = CARTESIAN_POINT('',(-0.75,15.3,6.));
#5299 = VECTOR('',#5300,1.);
#5300 = DIRECTION('',(-1.,-0.,0.));
#5301 = PCURVE('',#240,#5302);
#5302 = DEFINITIONAL_REPRESENTATION('',(#5303),#5306);
#5303 = B_SPLINE_CURVE_WITH_KNOTS('',1,(#5304,#5305),.UNSPECIFIED.,.F.,
  .F.,(2,2),(-36.55,-35.05),.PIECEWISE_BEZIER_KNOTS.);
#5304 = CARTESIAN_POINT('',(71.6,55.3));
#5305 = CARTESIAN_POINT('',(70.1,55.3));
#5306 = ( GEOMETRIC_REPRESENTATION_CONTEXT(2) 
PARAMETRIC_REPRESENTATION_CONTEXT() REPRESENTATION_CONTEXT('2D SPACE',''
  ) );
#5307 = PCURVE('',#5308,#5313);
#5308 = PLANE('',#5309);
#5309 = AXIS2_PLACEMENT_3D('',#5310,#5311,#5312);
#5310 = CARTESIAN_POINT('',(34.3,15.3,5.6));
#5311 = DIRECTION('',(-0.,1.,0.));
#5312 = DIRECTION('',(0.,0.,1.));
#5313 = DEFINITIONAL_REPRESENTATION('',(#5314),#5317);
#5314 = B_SPLINE_CURVE_WITH_KNOTS('',1,(#5315,#5316),.UNSPECIFIED.,.F.,
  .F.,(2,2),(-36.55,-35.05),.PIECEWISE_BEZIER_KNOTS.);
#5315 = CARTESIAN_POINT('',(0.4,1.5));
#5316 = CARTESIAN_POINT('',(0.4,0.));
#5317 = ( GEOMETRIC_REPRESENTATION_CONTEXT(2) 
PARAMETRIC_REPRESENTATION_CONTEXT() REPRESENTATION_CONTEXT('2D SPACE',''
  ) );
#5318 = ORIENTED_EDGE('',*,*,#5319,.T.);
#5319 = EDGE_CURVE('',#5294,#5320,#5322,.T.);
#5320 = VERTEX_POINT('',#5321);
#5321 = CARTESIAN_POINT('',(35.8,19.7,6.));
#5322 = SURFACE_CURVE('',#5323,(#5327,#5334),.PCURVE_S1.);
#5323 = LINE('',#5324,#5325);
#5324 = CARTESIAN_POINT('',(35.8,-40.,6.));
#5325 = VECTOR('',#5326,1.);
#5326 = DIRECTION('',(-0.,1.,0.));
#5327 = PCURVE('',#240,#5328);
#5328 = DEFINITIONAL_REPRESENTATION('',(#5329),#5333);
#5329 = LINE('',#5330,#5331);
#5330 = CARTESIAN_POINT('',(71.6,0.));
#5331 = VECTOR('',#5332,1.);
#5332 = DIRECTION('',(0.,1.));
#5333 = ( GEOMETRIC_REPRESENTATION_CONTEXT(2) 
PARAMETRIC_REPRESENTATION_CONTEXT() REPRESENTATION_CONTEXT('2D SPACE',''
  ) );
#5334 = PCURVE('',#1937,#5335);
#5335 = DEFINITIONAL_REPRESENTATION('',(#5336),#5340);
#5336 = LINE('',#5337,#5338);
#5337 = CARTESIAN_POINT('',(6.,0.));
#5338 = VECTOR('',#5339,1.);
#5339 = DIRECTION('',(0.,-1.));
#5340 = ( GEOMETRIC_REPRESENTATION_CONTEXT(2) 
PARAMETRIC_REPRESENTATION_CONTEXT() REPRESENTATION_CONTEXT('2D SPACE',''
  ) );
#5341 = ORIENTED_EDGE('',*,*,#5342,.T.);
#5342 = EDGE_CURVE('',#5320,#5343,#5345,.T.);
#5343 = VERTEX_POINT('',#5344);
#5344 = CARTESIAN_POINT('',(32.8,19.7,6.));
#5345 = SURFACE_CURVE('',#5346,(#5350,#5356),.PCURVE_S1.);
#5346 = LINE('',#5347,#5348);
#5347 = CARTESIAN_POINT('',(-1.5,19.7,6.));
#5348 = VECTOR('',#5349,1.);
#5349 = DIRECTION('',(-1.,-0.,0.));
#5350 = PCURVE('',#240,#5351);
#5351 = DEFINITIONAL_REPRESENTATION('',(#5352),#5355);
#5352 = B_SPLINE_CURVE_WITH_KNOTS('',1,(#5353,#5354),.UNSPECIFIED.,.F.,
  .F.,(2,2),(-37.3,-34.3),.PIECEWISE_BEZIER_KNOTS.);
#5353 = CARTESIAN_POINT('',(71.6,59.7));
#5354 = CARTESIAN_POINT('',(68.6,59.7));
#5355 = ( GEOMETRIC_REPRESENTATION_CONTEXT(2) 
PARAMETRIC_REPRESENTATION_CONTEXT() REPRESENTATION_CONTEXT('2D SPACE',''
  ) );
#5356 = PCURVE('',#5357,#5362);
#5357 = PLANE('',#5358);
#5358 = AXIS2_PLACEMENT_3D('',#5359,#5360,#5361);
#5359 = CARTESIAN_POINT('',(32.8,19.7,5.6));
#5360 = DIRECTION('',(-0.,1.,0.));
#5361 = DIRECTION('',(0.,0.,1.));
#5362 = DEFINITIONAL_REPRESENTATION('',(#5363),#5366);
#5363 = B_SPLINE_CURVE_WITH_KNOTS('',1,(#5364,#5365),.UNSPECIFIED.,.F.,
  .F.,(2,2),(-37.3,-34.3),.PIECEWISE_BEZIER_KNOTS.);
#5364 = CARTESIAN_POINT('',(0.4,3.));
#5365 = CARTESIAN_POINT('',(0.4,0.));
#5366 = ( GEOMETRIC_REPRESENTATION_CONTEXT(2) 
PARAMETRIC_REPRESENTATION_CONTEXT() REPRESENTATION_CONTEXT('2D SPACE',''
  ) );
#5367 = ORIENTED_EDGE('',*,*,#5368,.T.);
#5368 = EDGE_CURVE('',#5343,#5369,#5371,.T.);
#5369 = VERTEX_POINT('',#5370);
#5370 = CARTESIAN_POINT('',(32.8,20.3,6.));
#5371 = SURFACE_CURVE('',#5372,(#5376,#5382),.PCURVE_S1.);
#5372 = LINE('',#5373,#5374);
#5373 = CARTESIAN_POINT('',(32.8,-10.15,6.));
#5374 = VECTOR('',#5375,1.);
#5375 = DIRECTION('',(-0.,1.,0.));
#5376 = PCURVE('',#240,#5377);
#5377 = DEFINITIONAL_REPRESENTATION('',(#5378),#5381);
#5378 = B_SPLINE_CURVE_WITH_KNOTS('',1,(#5379,#5380),.UNSPECIFIED.,.F.,
  .F.,(2,2),(29.85,30.45),.PIECEWISE_BEZIER_KNOTS.);
#5379 = CARTESIAN_POINT('',(68.6,59.7));
#5380 = CARTESIAN_POINT('',(68.6,60.3));
#5381 = ( GEOMETRIC_REPRESENTATION_CONTEXT(2) 
PARAMETRIC_REPRESENTATION_CONTEXT() REPRESENTATION_CONTEXT('2D SPACE',''
  ) );
#5382 = PCURVE('',#5383,#5388);
#5383 = PLANE('',#5384);
#5384 = AXIS2_PLACEMENT_3D('',#5385,#5386,#5387);
#5385 = CARTESIAN_POINT('',(32.8,19.7,5.6));
#5386 = DIRECTION('',(1.,0.,-0.));
#5387 = DIRECTION('',(0.,0.,1.));
#5388 = DEFINITIONAL_REPRESENTATION('',(#5389),#5392);
#5389 = B_SPLINE_CURVE_WITH_KNOTS('',1,(#5390,#5391),.UNSPECIFIED.,.F.,
  .F.,(2,2),(29.85,30.45),.PIECEWISE_BEZIER_KNOTS.);
#5390 = CARTESIAN_POINT('',(0.4,0.));
#5391 = CARTESIAN_POINT('',(0.4,-0.6));
#5392 = ( GEOMETRIC_REPRESENTATION_CONTEXT(2) 
PARAMETRIC_REPRESENTATION_CONTEXT() REPRESENTATION_CONTEXT('2D SPACE',''
  ) );
#5393 = ORIENTED_EDGE('',*,*,#5394,.F.);
#5394 = EDGE_CURVE('',#5395,#5369,#5397,.T.);
#5395 = VERTEX_POINT('',#5396);
#5396 = CARTESIAN_POINT('',(35.8,20.3,6.));
#5397 = SURFACE_CURVE('',#5398,(#5402,#5408),.PCURVE_S1.);
#5398 = LINE('',#5399,#5400);
#5399 = CARTESIAN_POINT('',(-1.5,20.3,6.));
#5400 = VECTOR('',#5401,1.);
#5401 = DIRECTION('',(-1.,-0.,0.));
#5402 = PCURVE('',#240,#5403);
#5403 = DEFINITIONAL_REPRESENTATION('',(#5404),#5407);
#5404 = B_SPLINE_CURVE_WITH_KNOTS('',1,(#5405,#5406),.UNSPECIFIED.,.F.,
  .F.,(2,2),(-37.3,-34.3),.PIECEWISE_BEZIER_KNOTS.);
#5405 = CARTESIAN_POINT('',(71.6,60.3));
#5406 = CARTESIAN_POINT('',(68.6,60.3));
#5407 = ( GEOMETRIC_REPRESENTATION_CONTEXT(2) 
PARAMETRIC_REPRESENTATION_CONTEXT() REPRESENTATION_CONTEXT('2D SPACE',''
  ) );
#5408 = PCURVE('',#5409,#5414);
#5409 = PLANE('',#5410);
#5410 = AXIS2_PLACEMENT_3D('',#5411,#5412,#5413);
#5411 = CARTESIAN_POINT('',(32.8,20.3,5.6));
#5412 = DIRECTION('',(-0.,1.,0.));
#5413 = DIRECTION('',(0.,0.,1.));
#5414 = DEFINITIONAL_REPRESENTATION('',(#5415),#5418);
#5415 = B_SPLINE_CURVE_WITH_KNOTS('',1,(#5416,#5417),.UNSPECIFIED.,.F.,
  .F.,(2,2),(-37.3,-34.3),.PIECEWISE_BEZIER_KNOTS.);
#5416 = CARTESIAN_POINT('',(0.4,3.));
#5417 = CARTESIAN_POINT('',(0.4,0.));
#5418 = ( GEOMETRIC_REPRESENTATION_CONTEXT(2) 
PARAMETRIC_REPRESENTATION_CONTEXT() REPRESENTATION_CONTEXT('2D SPACE',''
  ) );
#5419 = ORIENTED_EDGE('',*,*,#5420,.T.);
#5420 = EDGE_CURVE('',#5395,#5421,#5423,.T.);
#5421 = VERTEX_POINT('',#5422);
#5422 = CARTESIAN_POINT('',(35.8,24.7,6.));
#5423 = SURFACE_CURVE('',#5424,(#5428,#5435),.PCURVE_S1.);
#5424 = LINE('',#5425,#5426);
#5425 = CARTESIAN_POINT('',(35.8,-40.,6.));
#5426 = VECTOR('',#5427,1.);
#5427 = DIRECTION('',(-0.,1.,0.));
#5428 = PCURVE('',#240,#5429);
#5429 = DEFINITIONAL_REPRESENTATION('',(#5430),#5434);
#5430 = LINE('',#5431,#5432);
#5431 = CARTESIAN_POINT('',(71.6,0.));
#5432 = VECTOR('',#5433,1.);
#5433 = DIRECTION('',(0.,1.));
#5434 = ( GEOMETRIC_REPRESENTATION_CONTEXT(2) 
PARAMETRIC_REPRESENTATION_CONTEXT() REPRESENTATION_CONTEXT('2D SPACE',''
  ) );
#5435 = PCURVE('',#1937,#5436);
#5436 = DEFINITIONAL_REPRESENTATION('',(#5437),#5441);
#5437 = LINE('',#5438,#5439);
#5438 = CARTESIAN_POINT('',(6.,0.));
#5439 = VECTOR('',#5440,1.);
#5440 = DIRECTION('',(0.,-1.));
#5441 = ( GEOMETRIC_REPRESENTATION_CONTEXT(2) 
PARAMETRIC_REPRESENTATION_CONTEXT() REPRESENTATION_CONTEXT('2D SPACE',''
  ) );
#5442 = ORIENTED_EDGE('',*,*,#5443,.T.);
#5443 = EDGE_CURVE('',#5421,#5444,#5446,.T.);
#5444 = VERTEX_POINT('',#5445);
#5445 = CARTESIAN_POINT('',(34.3,24.7,6.));
#5446 = SURFACE_CURVE('',#5447,(#5451,#5457),.PCURVE_S1.);
#5447 = LINE('',#5448,#5449);
#5448 = CARTESIAN_POINT('',(-0.75,24.7,6.));
#5449 = VECTOR('',#5450,1.);
#5450 = DIRECTION('',(-1.,-0.,0.));
#5451 = PCURVE('',#240,#5452);
#5452 = DEFINITIONAL_REPRESENTATION('',(#5453),#5456);
#5453 = B_SPLINE_CURVE_WITH_KNOTS('',1,(#5454,#5455),.UNSPECIFIED.,.F.,
  .F.,(2,2),(-36.55,-35.05),.PIECEWISE_BEZIER_KNOTS.);
#5454 = CARTESIAN_POINT('',(71.6,64.7));
#5455 = CARTESIAN_POINT('',(70.1,64.7));
#5456 = ( GEOMETRIC_REPRESENTATION_CONTEXT(2) 
PARAMETRIC_REPRESENTATION_CONTEXT() REPRESENTATION_CONTEXT('2D SPACE',''
  ) );
#5457 = PCURVE('',#5458,#5463);
#5458 = PLANE('',#5459);
#5459 = AXIS2_PLACEMENT_3D('',#5460,#5461,#5462);
#5460 = CARTESIAN_POINT('',(34.3,24.7,5.6));
#5461 = DIRECTION('',(-0.,1.,0.));
#5462 = DIRECTION('',(0.,0.,1.));
#5463 = DEFINITIONAL_REPRESENTATION('',(#5464),#5467);
#5464 = B_SPLINE_CURVE_WITH_KNOTS('',1,(#5465,#5466),.UNSPECIFIED.,.F.,
  .F.,(2,2),(-36.55,-35.05),.PIECEWISE_BEZIER_KNOTS.);
#5465 = CARTESIAN_POINT('',(0.4,1.5));
#5466 = CARTESIAN_POINT('',(0.4,0.));
#5467 = ( GEOMETRIC_REPRESENTATION_CONTEXT(2) 
PARAMETRIC_REPRESENTATION_CONTEXT() REPRESENTATION_CONTEXT('2D SPACE',''
  ) );
#5468 = ORIENTED_EDGE('',*,*,#5469,.T.);
#5469 = EDGE_CURVE('',#5444,#5470,#5472,.T.);
#5470 = VERTEX_POINT('',#5471);
#5471 = CARTESIAN_POINT('',(34.3,25.3,6.));
#5472 = SURFACE_CURVE('',#5473,(#5477,#5483),.PCURVE_S1.);
#5473 = LINE('',#5474,#5475);
#5474 = CARTESIAN_POINT('',(34.3,-7.65,6.));
#5475 = VECTOR('',#5476,1.);
#5476 = DIRECTION('',(-0.,1.,0.));
#5477 = PCURVE('',#240,#5478);
#5478 = DEFINITIONAL_REPRESENTATION('',(#5479),#5482);
#5479 = B_SPLINE_CURVE_WITH_KNOTS('',1,(#5480,#5481),.UNSPECIFIED.,.F.,
  .F.,(2,2),(32.35,32.95),.PIECEWISE_BEZIER_KNOTS.);
#5480 = CARTESIAN_POINT('',(70.1,64.7));
#5481 = CARTESIAN_POINT('',(70.1,65.3));
#5482 = ( GEOMETRIC_REPRESENTATION_CONTEXT(2) 
PARAMETRIC_REPRESENTATION_CONTEXT() REPRESENTATION_CONTEXT('2D SPACE',''
  ) );
#5483 = PCURVE('',#5484,#5489);
#5484 = PLANE('',#5485);
#5485 = AXIS2_PLACEMENT_3D('',#5486,#5487,#5488);
#5486 = CARTESIAN_POINT('',(34.3,24.7,5.6));
#5487 = DIRECTION('',(1.,0.,-0.));
#5488 = DIRECTION('',(0.,0.,1.));
#5489 = DEFINITIONAL_REPRESENTATION('',(#5490),#5493);
#5490 = B_SPLINE_CURVE_WITH_KNOTS('',1,(#5491,#5492),.UNSPECIFIED.,.F.,
  .F.,(2,2),(32.35,32.95),.PIECEWISE_BEZIER_KNOTS.);
#5491 = CARTESIAN_POINT('',(0.4,0.));
#5492 = CARTESIAN_POINT('',(0.4,-0.6));
#5493 = ( GEOMETRIC_REPRESENTATION_CONTEXT(2) 
PARAMETRIC_REPRESENTATION_CONTEXT() REPRESENTATION_CONTEXT('2D SPACE',''
  ) );
#5494 = ORIENTED_EDGE('',*,*,#5495,.F.);
#5495 = EDGE_CURVE('',#5496,#5470,#5498,.T.);
#5496 = VERTEX_POINT('',#5497);
#5497 = CARTESIAN_POINT('',(35.8,25.3,6.));
#5498 = SURFACE_CURVE('',#5499,(#5503,#5509),.PCURVE_S1.);
#5499 = LINE('',#5500,#5501);
#5500 = CARTESIAN_POINT('',(-0.75,25.3,6.));
#5501 = VECTOR('',#5502,1.);
#5502 = DIRECTION('',(-1.,-0.,0.));
#5503 = PCURVE('',#240,#5504);
#5504 = DEFINITIONAL_REPRESENTATION('',(#5505),#5508);
#5505 = B_SPLINE_CURVE_WITH_KNOTS('',1,(#5506,#5507),.UNSPECIFIED.,.F.,
  .F.,(2,2),(-36.55,-35.05),.PIECEWISE_BEZIER_KNOTS.);
#5506 = CARTESIAN_POINT('',(71.6,65.3));
#5507 = CARTESIAN_POINT('',(70.1,65.3));
#5508 = ( GEOMETRIC_REPRESENTATION_CONTEXT(2) 
PARAMETRIC_REPRESENTATION_CONTEXT() REPRESENTATION_CONTEXT('2D SPACE',''
  ) );
#5509 = PCURVE('',#5510,#5515);
#5510 = PLANE('',#5511);
#5511 = AXIS2_PLACEMENT_3D('',#5512,#5513,#5514);
#5512 = CARTESIAN_POINT('',(34.3,25.3,5.6));
#5513 = DIRECTION('',(-0.,1.,0.));
#5514 = DIRECTION('',(0.,0.,1.));
#5515 = DEFINITIONAL_REPRESENTATION('',(#5516),#5519);
#5516 = B_SPLINE_CURVE_WITH_KNOTS('',1,(#5517,#5518),.UNSPECIFIED.,.F.,
  .F.,(2,2),(-36.55,-35.05),.PIECEWISE_BEZIER_KNOTS.);
#5517 = CARTESIAN_POINT('',(0.4,1.5));
#5518 = CARTESIAN_POINT('',(0.4,0.));
#5519 = ( GEOMETRIC_REPRESENTATION_CONTEXT(2) 
PARAMETRIC_REPRESENTATION_CONTEXT() REPRESENTATION_CONTEXT('2D SPACE',''
  ) );
#5520 = ORIENTED_EDGE('',*,*,#5521,.T.);
#5521 = EDGE_CURVE('',#5496,#5522,#5524,.T.);
#5522 = VERTEX_POINT('',#5523);
#5523 = CARTESIAN_POINT('',(35.8,29.7,6.));
#5524 = SURFACE_CURVE('',#5525,(#5529,#5536),.PCURVE_S1.);
#5525 = LINE('',#5526,#5527);
#5526 = CARTESIAN_POINT('',(35.8,-40.,6.));
#5527 = VECTOR('',#5528,1.);
#5528 = DIRECTION('',(-0.,1.,0.));
#5529 = PCURVE('',#240,#5530);
#5530 = DEFINITIONAL_REPRESENTATION('',(#5531),#5535);
#5531 = LINE('',#5532,#5533);
#5532 = CARTESIAN_POINT('',(71.6,0.));
#5533 = VECTOR('',#5534,1.);
#5534 = DIRECTION('',(0.,1.));
#5535 = ( GEOMETRIC_REPRESENTATION_CONTEXT(2) 
PARAMETRIC_REPRESENTATION_CONTEXT() REPRESENTATION_CONTEXT('2D SPACE',''
  ) );
#5536 = PCURVE('',#1937,#5537);
#5537 = DEFINITIONAL_REPRESENTATION('',(#5538),#5542);
#5538 = LINE('',#5539,#5540);
#5539 = CARTESIAN_POINT('',(6.,0.));
#5540 = VECTOR('',#5541,1.);
#5541 = DIRECTION('',(0.,-1.));
#5542 = ( GEOMETRIC_REPRESENTATION_CONTEXT(2) 
PARAMETRIC_REPRESENTATION_CONTEXT() REPRESENTATION_CONTEXT('2D SPACE',''
  ) );
#5543 = ORIENTED_EDGE('',*,*,#5544,.T.);
#5544 = EDGE_CURVE('',#5522,#5545,#5547,.T.);
#5545 = VERTEX_POINT('',#5546);
#5546 = CARTESIAN_POINT('',(32.8,29.7,6.));
#5547 = SURFACE_CURVE('',#5548,(#5552,#5558),.PCURVE_S1.);
#5548 = LINE('',#5549,#5550);
#5549 = CARTESIAN_POINT('',(-1.5,29.7,6.));
#5550 = VECTOR('',#5551,1.);
#5551 = DIRECTION('',(-1.,-0.,0.));
#5552 = PCURVE('',#240,#5553);
#5553 = DEFINITIONAL_REPRESENTATION('',(#5554),#5557);
#5554 = B_SPLINE_CURVE_WITH_KNOTS('',1,(#5555,#5556),.UNSPECIFIED.,.F.,
  .F.,(2,2),(-37.3,-34.3),.PIECEWISE_BEZIER_KNOTS.);
#5555 = CARTESIAN_POINT('',(71.6,69.7));
#5556 = CARTESIAN_POINT('',(68.6,69.7));
#5557 = ( GEOMETRIC_REPRESENTATION_CONTEXT(2) 
PARAMETRIC_REPRESENTATION_CONTEXT() REPRESENTATION_CONTEXT('2D SPACE',''
  ) );
#5558 = PCURVE('',#5559,#5564);
#5559 = PLANE('',#5560);
#5560 = AXIS2_PLACEMENT_3D('',#5561,#5562,#5563);
#5561 = CARTESIAN_POINT('',(32.8,29.7,5.6));
#5562 = DIRECTION('',(-0.,1.,0.));
#5563 = DIRECTION('',(0.,0.,1.));
#5564 = DEFINITIONAL_REPRESENTATION('',(#5565),#5568);
#5565 = B_SPLINE_CURVE_WITH_KNOTS('',1,(#5566,#5567),.UNSPECIFIED.,.F.,
  .F.,(2,2),(-37.3,-34.3),.PIECEWISE_BEZIER_KNOTS.);
#5566 = CARTESIAN_POINT('',(0.4,3.));
#5567 = CARTESIAN_POINT('',(0.4,0.));
#5568 = ( GEOMETRIC_REPRESENTATION_CONTEXT(2) 
PARAMETRIC_REPRESENTATION_CONTEXT() REPRESENTATION_CONTEXT('2D SPACE',''
  ) );
#5569 = ORIENTED_EDGE('',*,*,#5570,.T.);
#5570 = EDGE_CURVE('',#5545,#5571,#5573,.T.);
#5571 = VERTEX_POINT('',#5572);
#5572 = CARTESIAN_POINT('',(32.8,30.3,6.));
#5573 = SURFACE_CURVE('',#5574,(#5578,#5584),.PCURVE_S1.);
#5574 = LINE('',#5575,#5576);
#5575 = CARTESIAN_POINT('',(32.8,-5.15,6.));
#5576 = VECTOR('',#5577,1.);
#5577 = DIRECTION('',(-0.,1.,0.));
#5578 = PCURVE('',#240,#5579);
#5579 = DEFINITIONAL_REPRESENTATION('',(#5580),#5583);
#5580 = B_SPLINE_CURVE_WITH_KNOTS('',1,(#5581,#5582),.UNSPECIFIED.,.F.,
  .F.,(2,2),(34.85,35.45),.PIECEWISE_BEZIER_KNOTS.);
#5581 = CARTESIAN_POINT('',(68.6,69.7));
#5582 = CARTESIAN_POINT('',(68.6,70.3));
#5583 = ( GEOMETRIC_REPRESENTATION_CONTEXT(2) 
PARAMETRIC_REPRESENTATION_CONTEXT() REPRESENTATION_CONTEXT('2D SPACE',''
  ) );
#5584 = PCURVE('',#5585,#5590);
#5585 = PLANE('',#5586);
#5586 = AXIS2_PLACEMENT_3D('',#5587,#5588,#5589);
#5587 = CARTESIAN_POINT('',(32.8,29.7,5.6));
#5588 = DIRECTION('',(1.,0.,-0.));
#5589 = DIRECTION('',(0.,0.,1.));
#5590 = DEFINITIONAL_REPRESENTATION('',(#5591),#5594);
#5591 = B_SPLINE_CURVE_WITH_KNOTS('',1,(#5592,#5593),.UNSPECIFIED.,.F.,
  .F.,(2,2),(34.85,35.45),.PIECEWISE_BEZIER_KNOTS.);
#5592 = CARTESIAN_POINT('',(0.4,0.));
#5593 = CARTESIAN_POINT('',(0.4,-0.6));
#5594 = ( GEOMETRIC_REPRESENTATION_CONTEXT(2) 
PARAMETRIC_REPRESENTATION_CONTEXT() REPRESENTATION_CONTEXT('2D SPACE',''
  ) );
#5595 = ORIENTED_EDGE('',*,*,#5596,.F.);
#5596 = EDGE_CURVE('',#5597,#5571,#5599,.T.);
#5597 = VERTEX_POINT('',#5598);
#5598 = CARTESIAN_POINT('',(35.8,30.3,6.));
#5599 = SURFACE_CURVE('',#5600,(#5604,#5610),.PCURVE_S1.);
#5600 = LINE('',#5601,#5602);
#5601 = CARTESIAN_POINT('',(-1.5,30.3,6.));
#5602 = VECTOR('',#5603,1.);
#5603 = DIRECTION('',(-1.,-0.,0.));
#5604 = PCURVE('',#240,#5605);
#5605 = DEFINITIONAL_REPRESENTATION('',(#5606),#5609);
#5606 = B_SPLINE_CURVE_WITH_KNOTS('',1,(#5607,#5608),.UNSPECIFIED.,.F.,
  .F.,(2,2),(-37.3,-34.3),.PIECEWISE_BEZIER_KNOTS.);
#5607 = CARTESIAN_POINT('',(71.6,70.3));
#5608 = CARTESIAN_POINT('',(68.6,70.3));
#5609 = ( GEOMETRIC_REPRESENTATION_CONTEXT(2) 
PARAMETRIC_REPRESENTATION_CONTEXT() REPRESENTATION_CONTEXT('2D SPACE',''
  ) );
#5610 = PCURVE('',#5611,#5616);
#5611 = PLANE('',#5612);
#5612 = AXIS2_PLACEMENT_3D('',#5613,#5614,#5615);
#5613 = CARTESIAN_POINT('',(32.8,30.3,5.6));
#5614 = DIRECTION('',(-0.,1.,0.));
#5615 = DIRECTION('',(0.,0.,1.));
#5616 = DEFINITIONAL_REPRESENTATION('',(#5617),#5620);
#5617 = B_SPLINE_CURVE_WITH_KNOTS('',1,(#5618,#5619),.UNSPECIFIED.,.F.,
  .F.,(2,2),(-37.3,-34.3),.PIECEWISE_BEZIER_KNOTS.);
#5618 = CARTESIAN_POINT('',(0.4,3.));
#5619 = CARTESIAN_POINT('',(0.4,0.));
#5620 = ( GEOMETRIC_REPRESENTATION_CONTEXT(2) 
PARAMETRIC_REPRESENTATION_CONTEXT() REPRESENTATION_CONTEXT('2D SPACE',''
  ) );
#5621 = ORIENTED_EDGE('',*,*,#5622,.T.);
#5622 = EDGE_CURVE('',#5597,#5623,#5625,.T.);
#5623 = VERTEX_POINT('',#5624);
#5624 = CARTESIAN_POINT('',(35.8,34.7,6.));
#5625 = SURFACE_CURVE('',#5626,(#5630,#5637),.PCURVE_S1.);
#5626 = LINE('',#5627,#5628);
#5627 = CARTESIAN_POINT('',(35.8,-40.,6.));
#5628 = VECTOR('',#5629,1.);
#5629 = DIRECTION('',(-0.,1.,0.));
#5630 = PCURVE('',#240,#5631);
#5631 = DEFINITIONAL_REPRESENTATION('',(#5632),#5636);
#5632 = LINE('',#5633,#5634);
#5633 = CARTESIAN_POINT('',(71.6,0.));
#5634 = VECTOR('',#5635,1.);
#5635 = DIRECTION('',(0.,1.));
#5636 = ( GEOMETRIC_REPRESENTATION_CONTEXT(2) 
PARAMETRIC_REPRESENTATION_CONTEXT() REPRESENTATION_CONTEXT('2D SPACE',''
  ) );
#5637 = PCURVE('',#1937,#5638);
#5638 = DEFINITIONAL_REPRESENTATION('',(#5639),#5643);
#5639 = LINE('',#5640,#5641);
#5640 = CARTESIAN_POINT('',(6.,0.));
#5641 = VECTOR('',#5642,1.);
#5642 = DIRECTION('',(0.,-1.));
#5643 = ( GEOMETRIC_REPRESENTATION_CONTEXT(2) 
PARAMETRIC_REPRESENTATION_CONTEXT() REPRESENTATION_CONTEXT('2D SPACE',''
  ) );
#5644 = ORIENTED_EDGE('',*,*,#5645,.T.);
#5645 = EDGE_CURVE('',#5623,#5646,#5648,.T.);
#5646 = VERTEX_POINT('',#5647);
#5647 = CARTESIAN_POINT('',(34.3,34.7,6.));
#5648 = SURFACE_CURVE('',#5649,(#5653,#5659),.PCURVE_S1.);
#5649 = LINE('',#5650,#5651);
#5650 = CARTESIAN_POINT('',(-0.75,34.7,6.));
#5651 = VECTOR('',#5652,1.);
#5652 = DIRECTION('',(-1.,-0.,0.));
#5653 = PCURVE('',#240,#5654);
#5654 = DEFINITIONAL_REPRESENTATION('',(#5655),#5658);
#5655 = B_SPLINE_CURVE_WITH_KNOTS('',1,(#5656,#5657),.UNSPECIFIED.,.F.,
  .F.,(2,2),(-36.55,-35.05),.PIECEWISE_BEZIER_KNOTS.);
#5656 = CARTESIAN_POINT('',(71.6,74.7));
#5657 = CARTESIAN_POINT('',(70.1,74.7));
#5658 = ( GEOMETRIC_REPRESENTATION_CONTEXT(2) 
PARAMETRIC_REPRESENTATION_CONTEXT() REPRESENTATION_CONTEXT('2D SPACE',''
  ) );
#5659 = PCURVE('',#5660,#5665);
#5660 = PLANE('',#5661);
#5661 = AXIS2_PLACEMENT_3D('',#5662,#5663,#5664);
#5662 = CARTESIAN_POINT('',(34.3,34.7,5.6));
#5663 = DIRECTION('',(-0.,1.,0.));
#5664 = DIRECTION('',(0.,0.,1.));
#5665 = DEFINITIONAL_REPRESENTATION('',(#5666),#5669);
#5666 = B_SPLINE_CURVE_WITH_KNOTS('',1,(#5667,#5668),.UNSPECIFIED.,.F.,
  .F.,(2,2),(-36.55,-35.05),.PIECEWISE_BEZIER_KNOTS.);
#5667 = CARTESIAN_POINT('',(0.4,1.5));
#5668 = CARTESIAN_POINT('',(0.4,0.));
#5669 = ( GEOMETRIC_REPRESENTATION_CONTEXT(2) 
PARAMETRIC_REPRESENTATION_CONTEXT() REPRESENTATION_CONTEXT('2D SPACE',''
  ) );
#5670 = ORIENTED_EDGE('',*,*,#5671,.T.);
#5671 = EDGE_CURVE('',#5646,#5672,#5674,.T.);
#5672 = VERTEX_POINT('',#5673);
#5673 = CARTESIAN_POINT('',(34.3,35.3,6.));
#5674 = SURFACE_CURVE('',#5675,(#5679,#5685),.PCURVE_S1.);
#5675 = LINE('',#5676,#5677);
#5676 = CARTESIAN_POINT('',(34.3,-2.65,6.));
#5677 = VECTOR('',#5678,1.);
#5678 = DIRECTION('',(-0.,1.,0.));
#5679 = PCURVE('',#240,#5680);
#5680 = DEFINITIONAL_REPRESENTATION('',(#5681),#5684);
#5681 = B_SPLINE_CURVE_WITH_KNOTS('',1,(#5682,#5683),.UNSPECIFIED.,.F.,
  .F.,(2,2),(37.35,37.95),.PIECEWISE_BEZIER_KNOTS.);
#5682 = CARTESIAN_POINT('',(70.1,74.7));
#5683 = CARTESIAN_POINT('',(70.1,75.3));
#5684 = ( GEOMETRIC_REPRESENTATION_CONTEXT(2) 
PARAMETRIC_REPRESENTATION_CONTEXT() REPRESENTATION_CONTEXT('2D SPACE',''
  ) );
#5685 = PCURVE('',#5686,#5691);
#5686 = PLANE('',#5687);
#5687 = AXIS2_PLACEMENT_3D('',#5688,#5689,#5690);
#5688 = CARTESIAN_POINT('',(34.3,34.7,5.6));
#5689 = DIRECTION('',(1.,0.,-0.));
#5690 = DIRECTION('',(0.,0.,1.));
#5691 = DEFINITIONAL_REPRESENTATION('',(#5692),#5695);
#5692 = B_SPLINE_CURVE_WITH_KNOTS('',1,(#5693,#5694),.UNSPECIFIED.,.F.,
  .F.,(2,2),(37.35,37.95),.PIECEWISE_BEZIER_KNOTS.);
#5693 = CARTESIAN_POINT('',(0.4,0.));
#5694 = CARTESIAN_POINT('',(0.4,-0.6));
#5695 = ( GEOMETRIC_REPRESENTATION_CONTEXT(2) 
PARAMETRIC_REPRESENTATION_CONTEXT() REPRESENTATION_CONTEXT('2D SPACE',''
  ) );
#5696 = ORIENTED_EDGE('',*,*,#5697,.F.);
#5697 = EDGE_CURVE('',#5698,#5672,#5700,.T.);
#5698 = VERTEX_POINT('',#5699);
#5699 = CARTESIAN_POINT('',(35.8,35.3,6.));
#5700 = SURFACE_CURVE('',#5701,(#5705,#5711),.PCURVE_S1.);
#5701 = LINE('',#5702,#5703);
#5702 = CARTESIAN_POINT('',(-0.75,35.3,6.));
#5703 = VECTOR('',#5704,1.);
#5704 = DIRECTION('',(-1.,-0.,0.));
#5705 = PCURVE('',#240,#5706);
#5706 = DEFINITIONAL_REPRESENTATION('',(#5707),#5710);
#5707 = B_SPLINE_CURVE_WITH_KNOTS('',1,(#5708,#5709),.UNSPECIFIED.,.F.,
  .F.,(2,2),(-36.55,-35.05),.PIECEWISE_BEZIER_KNOTS.);
#5708 = CARTESIAN_POINT('',(71.6,75.3));
#5709 = CARTESIAN_POINT('',(70.1,75.3));
#5710 = ( GEOMETRIC_REPRESENTATION_CONTEXT(2) 
PARAMETRIC_REPRESENTATION_CONTEXT() REPRESENTATION_CONTEXT('2D SPACE',''
  ) );
#5711 = PCURVE('',#5712,#5717);
#5712 = PLANE('',#5713);
#5713 = AXIS2_PLACEMENT_3D('',#5714,#5715,#5716);
#5714 = CARTESIAN_POINT('',(34.3,35.3,5.6));
#5715 = DIRECTION('',(-0.,1.,0.));
#5716 = DIRECTION('',(0.,0.,1.));
#5717 = DEFINITIONAL_REPRESENTATION('',(#5718),#5721);
#5718 = B_SPLINE_CURVE_WITH_KNOTS('',1,(#5719,#5720),.UNSPECIFIED.,.F.,
  .F.,(2,2),(-36.55,-35.05),.PIECEWISE_BEZIER_KNOTS.);
#5719 = CARTESIAN_POINT('',(0.4,1.5));
#5720 = CARTESIAN_POINT('',(0.4,0.));
#5721 = ( GEOMETRIC_REPRESENTATION_CONTEXT(2) 
PARAMETRIC_REPRESENTATION_CONTEXT() REPRESENTATION_CONTEXT('2D SPACE',''
  ) );
#5722 = ORIENTED_EDGE('',*,*,#5723,.T.);
#5723 = EDGE_CURVE('',#5698,#5724,#5726,.T.);
#5724 = VERTEX_POINT('',#5725);
#5725 = CARTESIAN_POINT('',(35.8,39.7,6.));
#5726 = SURFACE_CURVE('',#5727,(#5731,#5738),.PCURVE_S1.);
#5727 = LINE('',#5728,#5729);
#5728 = CARTESIAN_POINT('',(35.8,-40.,6.));
#5729 = VECTOR('',#5730,1.);
#5730 = DIRECTION('',(-0.,1.,0.));
#5731 = PCURVE('',#240,#5732);
#5732 = DEFINITIONAL_REPRESENTATION('',(#5733),#5737);
#5733 = LINE('',#5734,#5735);
#5734 = CARTESIAN_POINT('',(71.6,0.));
#5735 = VECTOR('',#5736,1.);
#5736 = DIRECTION('',(0.,1.));
#5737 = ( GEOMETRIC_REPRESENTATION_CONTEXT(2) 
PARAMETRIC_REPRESENTATION_CONTEXT() REPRESENTATION_CONTEXT('2D SPACE',''
  ) );
#5738 = PCURVE('',#1937,#5739);
#5739 = DEFINITIONAL_REPRESENTATION('',(#5740),#5744);
#5740 = LINE('',#5741,#5742);
#5741 = CARTESIAN_POINT('',(6.,0.));
#5742 = VECTOR('',#5743,1.);
#5743 = DIRECTION('',(0.,-1.));
#5744 = ( GEOMETRIC_REPRESENTATION_CONTEXT(2) 
PARAMETRIC_REPRESENTATION_CONTEXT() REPRESENTATION_CONTEXT('2D SPACE',''
  ) );
#5745 = ORIENTED_EDGE('',*,*,#5746,.T.);
#5746 = EDGE_CURVE('',#5724,#5747,#5749,.T.);
#5747 = VERTEX_POINT('',#5748);
#5748 = CARTESIAN_POINT('',(32.8,39.7,6.));
#5749 = SURFACE_CURVE('',#5750,(#5754,#5760),.PCURVE_S1.);
#5750 = LINE('',#5751,#5752);
#5751 = CARTESIAN_POINT('',(-1.5,39.7,6.));
#5752 = VECTOR('',#5753,1.);
#5753 = DIRECTION('',(-1.,-0.,0.));
#5754 = PCURVE('',#240,#5755);
#5755 = DEFINITIONAL_REPRESENTATION('',(#5756),#5759);
#5756 = B_SPLINE_CURVE_WITH_KNOTS('',1,(#5757,#5758),.UNSPECIFIED.,.F.,
  .F.,(2,2),(-37.3,-34.3),.PIECEWISE_BEZIER_KNOTS.);
#5757 = CARTESIAN_POINT('',(71.6,79.7));
#5758 = CARTESIAN_POINT('',(68.6,79.7));
#5759 = ( GEOMETRIC_REPRESENTATION_CONTEXT(2) 
PARAMETRIC_REPRESENTATION_CONTEXT() REPRESENTATION_CONTEXT('2D SPACE',''
  ) );
#5760 = PCURVE('',#5761,#5766);
#5761 = PLANE('',#5762);
#5762 = AXIS2_PLACEMENT_3D('',#5763,#5764,#5765);
#5763 = CARTESIAN_POINT('',(32.8,39.7,5.6));
#5764 = DIRECTION('',(-0.,1.,0.));
#5765 = DIRECTION('',(0.,0.,1.));
#5766 = DEFINITIONAL_REPRESENTATION('',(#5767),#5770);
#5767 = B_SPLINE_CURVE_WITH_KNOTS('',1,(#5768,#5769),.UNSPECIFIED.,.F.,
  .F.,(2,2),(-37.3,-34.3),.PIECEWISE_BEZIER_KNOTS.);
#5768 = CARTESIAN_POINT('',(0.4,3.));
#5769 = CARTESIAN_POINT('',(0.4,0.));
#5770 = ( GEOMETRIC_REPRESENTATION_CONTEXT(2) 
PARAMETRIC_REPRESENTATION_CONTEXT() REPRESENTATION_CONTEXT('2D SPACE',''
  ) );
#5771 = ORIENTED_EDGE('',*,*,#5772,.T.);
#5772 = EDGE_CURVE('',#5747,#5773,#5775,.T.);
#5773 = VERTEX_POINT('',#5774);
#5774 = CARTESIAN_POINT('',(32.8,40.,6.));
#5775 = SURFACE_CURVE('',#5776,(#5780,#5786),.PCURVE_S1.);
#5776 = LINE('',#5777,#5778);
#5777 = CARTESIAN_POINT('',(32.8,-0.15,6.));
#5778 = VECTOR('',#5779,1.);
#5779 = DIRECTION('',(-0.,1.,0.));
#5780 = PCURVE('',#240,#5781);
#5781 = DEFINITIONAL_REPRESENTATION('',(#5782),#5785);
#5782 = B_SPLINE_CURVE_WITH_KNOTS('',1,(#5783,#5784),.UNSPECIFIED.,.F.,
  .F.,(2,2),(39.85,40.15),.PIECEWISE_BEZIER_KNOTS.);
#5783 = CARTESIAN_POINT('',(68.6,79.7));
#5784 = CARTESIAN_POINT('',(68.6,80.));
#5785 = ( GEOMETRIC_REPRESENTATION_CONTEXT(2) 
PARAMETRIC_REPRESENTATION_CONTEXT() REPRESENTATION_CONTEXT('2D SPACE',''
  ) );
#5786 = PCURVE('',#5787,#5792);
#5787 = PLANE('',#5788);
#5788 = AXIS2_PLACEMENT_3D('',#5789,#5790,#5791);
#5789 = CARTESIAN_POINT('',(32.8,39.7,5.6));
#5790 = DIRECTION('',(1.,0.,-0.));
#5791 = DIRECTION('',(0.,0.,1.));
#5792 = DEFINITIONAL_REPRESENTATION('',(#5793),#5796);
#5793 = B_SPLINE_CURVE_WITH_KNOTS('',1,(#5794,#5795),.UNSPECIFIED.,.F.,
  .F.,(2,2),(39.85,40.15),.PIECEWISE_BEZIER_KNOTS.);
#5794 = CARTESIAN_POINT('',(0.4,0.));
#5795 = CARTESIAN_POINT('',(0.4,-0.3));
#5796 = ( GEOMETRIC_REPRESENTATION_CONTEXT(2) 
PARAMETRIC_REPRESENTATION_CONTEXT() REPRESENTATION_CONTEXT('2D SPACE',''
  ) );
#5797 = ORIENTED_EDGE('',*,*,#5798,.F.);
#5798 = EDGE_CURVE('',#5799,#5773,#5801,.T.);
#5799 = VERTEX_POINT('',#5800);
#5800 = CARTESIAN_POINT('',(-32.8,40.,6.));
#5801 = SURFACE_CURVE('',#5802,(#5806,#5813),.PCURVE_S1.);
#5802 = LINE('',#5803,#5804);
#5803 = CARTESIAN_POINT('',(-35.8,40.,6.));
#5804 = VECTOR('',#5805,1.);
#5805 = DIRECTION('',(1.,0.,-0.));
#5806 = PCURVE('',#240,#5807);
#5807 = DEFINITIONAL_REPRESENTATION('',(#5808),#5812);
#5808 = LINE('',#5809,#5810);
#5809 = CARTESIAN_POINT('',(0.,80.));
#5810 = VECTOR('',#5811,1.);
#5811 = DIRECTION('',(1.,0.));
#5812 = ( GEOMETRIC_REPRESENTATION_CONTEXT(2) 
PARAMETRIC_REPRESENTATION_CONTEXT() REPRESENTATION_CONTEXT('2D SPACE',''
  ) );
#5813 = PCURVE('',#156,#5814);
#5814 = DEFINITIONAL_REPRESENTATION('',(#5815),#5819);
#5815 = LINE('',#5816,#5817);
#5816 = CARTESIAN_POINT('',(6.,0.));
#5817 = VECTOR('',#5818,1.);
#5818 = DIRECTION('',(0.,1.));
#5819 = ( GEOMETRIC_REPRESENTATION_CONTEXT(2) 
PARAMETRIC_REPRESENTATION_CONTEXT() REPRESENTATION_CONTEXT('2D SPACE',''
  ) );
#5820 = ORIENTED_EDGE('',*,*,#5821,.F.);
#5821 = EDGE_CURVE('',#5822,#5799,#5824,.T.);
#5822 = VERTEX_POINT('',#5823);
#5823 = CARTESIAN_POINT('',(-32.8,39.7,6.));
#5824 = SURFACE_CURVE('',#5825,(#5829,#5835),.PCURVE_S1.);
#5825 = LINE('',#5826,#5827);
#5826 = CARTESIAN_POINT('',(-32.8,-0.15,6.));
#5827 = VECTOR('',#5828,1.);
#5828 = DIRECTION('',(-0.,1.,0.));
#5829 = PCURVE('',#240,#5830);
#5830 = DEFINITIONAL_REPRESENTATION('',(#5831),#5834);
#5831 = B_SPLINE_CURVE_WITH_KNOTS('',1,(#5832,#5833),.UNSPECIFIED.,.F.,
  .F.,(2,2),(39.85,40.15),.PIECEWISE_BEZIER_KNOTS.);
#5832 = CARTESIAN_POINT('',(3.,79.7));
#5833 = CARTESIAN_POINT('',(3.,80.));
#5834 = ( GEOMETRIC_REPRESENTATION_CONTEXT(2) 
PARAMETRIC_REPRESENTATION_CONTEXT() REPRESENTATION_CONTEXT('2D SPACE',''
  ) );
#5835 = PCURVE('',#5836,#5841);
#5836 = PLANE('',#5837);
#5837 = AXIS2_PLACEMENT_3D('',#5838,#5839,#5840);
#5838 = CARTESIAN_POINT('',(-32.8,39.7,5.6));
#5839 = DIRECTION('',(1.,0.,-0.));
#5840 = DIRECTION('',(0.,0.,1.));
#5841 = DEFINITIONAL_REPRESENTATION('',(#5842),#5845);
#5842 = B_SPLINE_CURVE_WITH_KNOTS('',1,(#5843,#5844),.UNSPECIFIED.,.F.,
  .F.,(2,2),(39.85,40.15),.PIECEWISE_BEZIER_KNOTS.);
#5843 = CARTESIAN_POINT('',(0.4,0.));
#5844 = CARTESIAN_POINT('',(0.4,-0.3));
#5845 = ( GEOMETRIC_REPRESENTATION_CONTEXT(2) 
PARAMETRIC_REPRESENTATION_CONTEXT() REPRESENTATION_CONTEXT('2D SPACE',''
  ) );
#5846 = ORIENTED_EDGE('',*,*,#5847,.T.);
#5847 = EDGE_CURVE('',#5822,#197,#5848,.T.);
#5848 = SURFACE_CURVE('',#5849,(#5853,#5859),.PCURVE_S1.);
#5849 = LINE('',#5850,#5851);
#5850 = CARTESIAN_POINT('',(-35.8,39.7,6.));
#5851 = VECTOR('',#5852,1.);
#5852 = DIRECTION('',(-1.,-0.,0.));
#5853 = PCURVE('',#240,#5854);
#5854 = DEFINITIONAL_REPRESENTATION('',(#5855),#5858);
#5855 = B_SPLINE_CURVE_WITH_KNOTS('',1,(#5856,#5857),.UNSPECIFIED.,.F.,
  .F.,(2,2),(-3.,0.),.PIECEWISE_BEZIER_KNOTS.);
#5856 = CARTESIAN_POINT('',(3.,79.7));
#5857 = CARTESIAN_POINT('',(0.,79.7));
#5858 = ( GEOMETRIC_REPRESENTATION_CONTEXT(2) 
PARAMETRIC_REPRESENTATION_CONTEXT() REPRESENTATION_CONTEXT('2D SPACE',''
  ) );
#5859 = PCURVE('',#212,#5860);
#5860 = DEFINITIONAL_REPRESENTATION('',(#5861),#5864);
#5861 = B_SPLINE_CURVE_WITH_KNOTS('',1,(#5862,#5863),.UNSPECIFIED.,.F.,
  .F.,(2,2),(-3.,0.),.PIECEWISE_BEZIER_KNOTS.);
#5862 = CARTESIAN_POINT('',(0.4,3.));
#5863 = CARTESIAN_POINT('',(0.4,0.));
#5864 = ( GEOMETRIC_REPRESENTATION_CONTEXT(2) 
PARAMETRIC_REPRESENTATION_CONTEXT() REPRESENTATION_CONTEXT('2D SPACE',''
  ) );
#5865 = ORIENTED_EDGE('',*,*,#224,.F.);
#5866 = ORIENTED_EDGE('',*,*,#5867,.F.);
#5867 = EDGE_CURVE('',#5868,#225,#5870,.T.);
#5868 = VERTEX_POINT('',#5869);
#5869 = CARTESIAN_POINT('',(-34.3,35.3,6.));
#5870 = SURFACE_CURVE('',#5871,(#5875,#5881),.PCURVE_S1.);
#5871 = LINE('',#5872,#5873);
#5872 = CARTESIAN_POINT('',(-35.8,35.3,6.));
#5873 = VECTOR('',#5874,1.);
#5874 = DIRECTION('',(-1.,-0.,0.));
#5875 = PCURVE('',#240,#5876);
#5876 = DEFINITIONAL_REPRESENTATION('',(#5877),#5880);
#5877 = B_SPLINE_CURVE_WITH_KNOTS('',1,(#5878,#5879),.UNSPECIFIED.,.F.,
  .F.,(2,2),(-1.5,0.),.PIECEWISE_BEZIER_KNOTS.);
#5878 = CARTESIAN_POINT('',(1.5,75.3));
#5879 = CARTESIAN_POINT('',(0.,75.3));
#5880 = ( GEOMETRIC_REPRESENTATION_CONTEXT(2) 
PARAMETRIC_REPRESENTATION_CONTEXT() REPRESENTATION_CONTEXT('2D SPACE',''
  ) );
#5881 = PCURVE('',#268,#5882);
#5882 = DEFINITIONAL_REPRESENTATION('',(#5883),#5886);
#5883 = B_SPLINE_CURVE_WITH_KNOTS('',1,(#5884,#5885),.UNSPECIFIED.,.F.,
  .F.,(2,2),(-1.5,0.),.PIECEWISE_BEZIER_KNOTS.);
#5884 = CARTESIAN_POINT('',(0.4,1.5));
#5885 = CARTESIAN_POINT('',(0.4,0.));
#5886 = ( GEOMETRIC_REPRESENTATION_CONTEXT(2) 
PARAMETRIC_REPRESENTATION_CONTEXT() REPRESENTATION_CONTEXT('2D SPACE',''
  ) );
#5887 = ORIENTED_EDGE('',*,*,#5888,.F.);
#5888 = EDGE_CURVE('',#5889,#5868,#5891,.T.);
#5889 = VERTEX_POINT('',#5890);
#5890 = CARTESIAN_POINT('',(-34.3,34.7,6.));
#5891 = SURFACE_CURVE('',#5892,(#5896,#5902),.PCURVE_S1.);
#5892 = LINE('',#5893,#5894);
#5893 = CARTESIAN_POINT('',(-34.3,-2.65,6.));
#5894 = VECTOR('',#5895,1.);
#5895 = DIRECTION('',(-0.,1.,0.));
#5896 = PCURVE('',#240,#5897);
#5897 = DEFINITIONAL_REPRESENTATION('',(#5898),#5901);
#5898 = B_SPLINE_CURVE_WITH_KNOTS('',1,(#5899,#5900),.UNSPECIFIED.,.F.,
  .F.,(2,2),(37.35,37.95),.PIECEWISE_BEZIER_KNOTS.);
#5899 = CARTESIAN_POINT('',(1.5,74.7));
#5900 = CARTESIAN_POINT('',(1.5,75.3));
#5901 = ( GEOMETRIC_REPRESENTATION_CONTEXT(2) 
PARAMETRIC_REPRESENTATION_CONTEXT() REPRESENTATION_CONTEXT('2D SPACE',''
  ) );
#5902 = PCURVE('',#5903,#5908);
#5903 = PLANE('',#5904);
#5904 = AXIS2_PLACEMENT_3D('',#5905,#5906,#5907);
#5905 = CARTESIAN_POINT('',(-34.3,34.7,5.6));
#5906 = DIRECTION('',(1.,0.,-0.));
#5907 = DIRECTION('',(0.,0.,1.));
#5908 = DEFINITIONAL_REPRESENTATION('',(#5909),#5912);
#5909 = B_SPLINE_CURVE_WITH_KNOTS('',1,(#5910,#5911),.UNSPECIFIED.,.F.,
  .F.,(2,2),(37.35,37.95),.PIECEWISE_BEZIER_KNOTS.);
#5910 = CARTESIAN_POINT('',(0.4,0.));
#5911 = CARTESIAN_POINT('',(0.4,-0.6));
#5912 = ( GEOMETRIC_REPRESENTATION_CONTEXT(2) 
PARAMETRIC_REPRESENTATION_CONTEXT() REPRESENTATION_CONTEXT('2D SPACE',''
  ) );
#5913 = ORIENTED_EDGE('',*,*,#5914,.T.);
#5914 = EDGE_CURVE('',#5889,#309,#5915,.T.);
#5915 = SURFACE_CURVE('',#5916,(#5920,#5926),.PCURVE_S1.);
#5916 = LINE('',#5917,#5918);
#5917 = CARTESIAN_POINT('',(-35.8,34.7,6.));
#5918 = VECTOR('',#5919,1.);
#5919 = DIRECTION('',(-1.,-0.,0.));
#5920 = PCURVE('',#240,#5921);
#5921 = DEFINITIONAL_REPRESENTATION('',(#5922),#5925);
#5922 = B_SPLINE_CURVE_WITH_KNOTS('',1,(#5923,#5924),.UNSPECIFIED.,.F.,
  .F.,(2,2),(-1.5,0.),.PIECEWISE_BEZIER_KNOTS.);
#5923 = CARTESIAN_POINT('',(1.5,74.7));
#5924 = CARTESIAN_POINT('',(0.,74.7));
#5925 = ( GEOMETRIC_REPRESENTATION_CONTEXT(2) 
PARAMETRIC_REPRESENTATION_CONTEXT() REPRESENTATION_CONTEXT('2D SPACE',''
  ) );
#5926 = PCURVE('',#324,#5927);
#5927 = DEFINITIONAL_REPRESENTATION('',(#5928),#5931);
#5928 = B_SPLINE_CURVE_WITH_KNOTS('',1,(#5929,#5930),.UNSPECIFIED.,.F.,
  .F.,(2,2),(-1.5,0.),.PIECEWISE_BEZIER_KNOTS.);
#5929 = CARTESIAN_POINT('',(0.4,1.5));
#5930 = CARTESIAN_POINT('',(0.4,0.));
#5931 = ( GEOMETRIC_REPRESENTATION_CONTEXT(2) 
PARAMETRIC_REPRESENTATION_CONTEXT() REPRESENTATION_CONTEXT('2D SPACE',''
  ) );
#5932 = ORIENTED_EDGE('',*,*,#336,.F.);
#5933 = ORIENTED_EDGE('',*,*,#5934,.F.);
#5934 = EDGE_CURVE('',#5935,#337,#5937,.T.);
#5935 = VERTEX_POINT('',#5936);
#5936 = CARTESIAN_POINT('',(-32.8,30.3,6.));
#5937 = SURFACE_CURVE('',#5938,(#5942,#5948),.PCURVE_S1.);
#5938 = LINE('',#5939,#5940);
#5939 = CARTESIAN_POINT('',(-35.8,30.3,6.));
#5940 = VECTOR('',#5941,1.);
#5941 = DIRECTION('',(-1.,-0.,0.));
#5942 = PCURVE('',#240,#5943);
#5943 = DEFINITIONAL_REPRESENTATION('',(#5944),#5947);
#5944 = B_SPLINE_CURVE_WITH_KNOTS('',1,(#5945,#5946),.UNSPECIFIED.,.F.,
  .F.,(2,2),(-3.,0.),.PIECEWISE_BEZIER_KNOTS.);
#5945 = CARTESIAN_POINT('',(3.,70.3));
#5946 = CARTESIAN_POINT('',(0.,70.3));
#5947 = ( GEOMETRIC_REPRESENTATION_CONTEXT(2) 
PARAMETRIC_REPRESENTATION_CONTEXT() REPRESENTATION_CONTEXT('2D SPACE',''
  ) );
#5948 = PCURVE('',#375,#5949);
#5949 = DEFINITIONAL_REPRESENTATION('',(#5950),#5953);
#5950 = B_SPLINE_CURVE_WITH_KNOTS('',1,(#5951,#5952),.UNSPECIFIED.,.F.,
  .F.,(2,2),(-3.,0.),.PIECEWISE_BEZIER_KNOTS.);
#5951 = CARTESIAN_POINT('',(0.4,3.));
#5952 = CARTESIAN_POINT('',(0.4,0.));
#5953 = ( GEOMETRIC_REPRESENTATION_CONTEXT(2) 
PARAMETRIC_REPRESENTATION_CONTEXT() REPRESENTATION_CONTEXT('2D SPACE',''
  ) );
#5954 = ORIENTED_EDGE('',*,*,#5955,.F.);
#5955 = EDGE_CURVE('',#5956,#5935,#5958,.T.);
#5956 = VERTEX_POINT('',#5957);
#5957 = CARTESIAN_POINT('',(-32.8,29.7,6.));
#5958 = SURFACE_CURVE('',#5959,(#5963,#5969),.PCURVE_S1.);
#5959 = LINE('',#5960,#5961);
#5960 = CARTESIAN_POINT('',(-32.8,-5.15,6.));
#5961 = VECTOR('',#5962,1.);
#5962 = DIRECTION('',(-0.,1.,0.));
#5963 = PCURVE('',#240,#5964);
#5964 = DEFINITIONAL_REPRESENTATION('',(#5965),#5968);
#5965 = B_SPLINE_CURVE_WITH_KNOTS('',1,(#5966,#5967),.UNSPECIFIED.,.F.,
  .F.,(2,2),(34.85,35.45),.PIECEWISE_BEZIER_KNOTS.);
#5966 = CARTESIAN_POINT('',(3.,69.7));
#5967 = CARTESIAN_POINT('',(3.,70.3));
#5968 = ( GEOMETRIC_REPRESENTATION_CONTEXT(2) 
PARAMETRIC_REPRESENTATION_CONTEXT() REPRESENTATION_CONTEXT('2D SPACE',''
  ) );
#5969 = PCURVE('',#5970,#5975);
#5970 = PLANE('',#5971);
#5971 = AXIS2_PLACEMENT_3D('',#5972,#5973,#5974);
#5972 = CARTESIAN_POINT('',(-32.8,29.7,5.6));
#5973 = DIRECTION('',(1.,0.,-0.));
#5974 = DIRECTION('',(0.,0.,1.));
#5975 = DEFINITIONAL_REPRESENTATION('',(#5976),#5979);
#5976 = B_SPLINE_CURVE_WITH_KNOTS('',1,(#5977,#5978),.UNSPECIFIED.,.F.,
  .F.,(2,2),(34.85,35.45),.PIECEWISE_BEZIER_KNOTS.);
#5977 = CARTESIAN_POINT('',(0.4,0.));
#5978 = CARTESIAN_POINT('',(0.4,-0.6));
#5979 = ( GEOMETRIC_REPRESENTATION_CONTEXT(2) 
PARAMETRIC_REPRESENTATION_CONTEXT() REPRESENTATION_CONTEXT('2D SPACE',''
  ) );
#5980 = ORIENTED_EDGE('',*,*,#5981,.T.);
#5981 = EDGE_CURVE('',#5956,#416,#5982,.T.);
#5982 = SURFACE_CURVE('',#5983,(#5987,#5993),.PCURVE_S1.);
#5983 = LINE('',#5984,#5985);
#5984 = CARTESIAN_POINT('',(-35.8,29.7,6.));
#5985 = VECTOR('',#5986,1.);
#5986 = DIRECTION('',(-1.,-0.,0.));
#5987 = PCURVE('',#240,#5988);
#5988 = DEFINITIONAL_REPRESENTATION('',(#5989),#5992);
#5989 = B_SPLINE_CURVE_WITH_KNOTS('',1,(#5990,#5991),.UNSPECIFIED.,.F.,
  .F.,(2,2),(-3.,0.),.PIECEWISE_BEZIER_KNOTS.);
#5990 = CARTESIAN_POINT('',(3.,69.7));
#5991 = CARTESIAN_POINT('',(0.,69.7));
#5992 = ( GEOMETRIC_REPRESENTATION_CONTEXT(2) 
PARAMETRIC_REPRESENTATION_CONTEXT() REPRESENTATION_CONTEXT('2D SPACE',''
  ) );
#5993 = PCURVE('',#431,#5994);
#5994 = DEFINITIONAL_REPRESENTATION('',(#5995),#5998);
#5995 = B_SPLINE_CURVE_WITH_KNOTS('',1,(#5996,#5997),.UNSPECIFIED.,.F.,
  .F.,(2,2),(-3.,0.),.PIECEWISE_BEZIER_KNOTS.);
#5996 = CARTESIAN_POINT('',(0.4,3.));
#5997 = CARTESIAN_POINT('',(0.4,0.));
#5998 = ( GEOMETRIC_REPRESENTATION_CONTEXT(2) 
PARAMETRIC_REPRESENTATION_CONTEXT() REPRESENTATION_CONTEXT('2D SPACE',''
  ) );
#5999 = ORIENTED_EDGE('',*,*,#443,.F.);
#6000 = ORIENTED_EDGE('',*,*,#6001,.F.);
#6001 = EDGE_CURVE('',#6002,#444,#6004,.T.);
#6002 = VERTEX_POINT('',#6003);
#6003 = CARTESIAN_POINT('',(-34.3,25.3,6.));
#6004 = SURFACE_CURVE('',#6005,(#6009,#6015),.PCURVE_S1.);
#6005 = LINE('',#6006,#6007);
#6006 = CARTESIAN_POINT('',(-35.8,25.3,6.));
#6007 = VECTOR('',#6008,1.);
#6008 = DIRECTION('',(-1.,-0.,0.));
#6009 = PCURVE('',#240,#6010);
#6010 = DEFINITIONAL_REPRESENTATION('',(#6011),#6014);
#6011 = B_SPLINE_CURVE_WITH_KNOTS('',1,(#6012,#6013),.UNSPECIFIED.,.F.,
  .F.,(2,2),(-1.5,0.),.PIECEWISE_BEZIER_KNOTS.);
#6012 = CARTESIAN_POINT('',(1.5,65.3));
#6013 = CARTESIAN_POINT('',(0.,65.3));
#6014 = ( GEOMETRIC_REPRESENTATION_CONTEXT(2) 
PARAMETRIC_REPRESENTATION_CONTEXT() REPRESENTATION_CONTEXT('2D SPACE',''
  ) );
#6015 = PCURVE('',#482,#6016);
#6016 = DEFINITIONAL_REPRESENTATION('',(#6017),#6020);
#6017 = B_SPLINE_CURVE_WITH_KNOTS('',1,(#6018,#6019),.UNSPECIFIED.,.F.,
  .F.,(2,2),(-1.5,0.),.PIECEWISE_BEZIER_KNOTS.);
#6018 = CARTESIAN_POINT('',(0.4,1.5));
#6019 = CARTESIAN_POINT('',(0.4,0.));
#6020 = ( GEOMETRIC_REPRESENTATION_CONTEXT(2) 
PARAMETRIC_REPRESENTATION_CONTEXT() REPRESENTATION_CONTEXT('2D SPACE',''
  ) );
#6021 = ORIENTED_EDGE('',*,*,#6022,.F.);
#6022 = EDGE_CURVE('',#6023,#6002,#6025,.T.);
#6023 = VERTEX_POINT('',#6024);
#6024 = CARTESIAN_POINT('',(-34.3,24.7,6.));
#6025 = SURFACE_CURVE('',#6026,(#6030,#6036),.PCURVE_S1.);
#6026 = LINE('',#6027,#6028);
#6027 = CARTESIAN_POINT('',(-34.3,-7.65,6.));
#6028 = VECTOR('',#6029,1.);
#6029 = DIRECTION('',(-0.,1.,0.));
#6030 = PCURVE('',#240,#6031);
#6031 = DEFINITIONAL_REPRESENTATION('',(#6032),#6035);
#6032 = B_SPLINE_CURVE_WITH_KNOTS('',1,(#6033,#6034),.UNSPECIFIED.,.F.,
  .F.,(2,2),(32.35,32.95),.PIECEWISE_BEZIER_KNOTS.);
#6033 = CARTESIAN_POINT('',(1.5,64.7));
#6034 = CARTESIAN_POINT('',(1.5,65.3));
#6035 = ( GEOMETRIC_REPRESENTATION_CONTEXT(2) 
PARAMETRIC_REPRESENTATION_CONTEXT() REPRESENTATION_CONTEXT('2D SPACE',''
  ) );
#6036 = PCURVE('',#6037,#6042);
#6037 = PLANE('',#6038);
#6038 = AXIS2_PLACEMENT_3D('',#6039,#6040,#6041);
#6039 = CARTESIAN_POINT('',(-34.3,24.7,5.6));
#6040 = DIRECTION('',(1.,0.,-0.));
#6041 = DIRECTION('',(0.,0.,1.));
#6042 = DEFINITIONAL_REPRESENTATION('',(#6043),#6046);
#6043 = B_SPLINE_CURVE_WITH_KNOTS('',1,(#6044,#6045),.UNSPECIFIED.,.F.,
  .F.,(2,2),(32.35,32.95),.PIECEWISE_BEZIER_KNOTS.);
#6044 = CARTESIAN_POINT('',(0.4,0.));
#6045 = CARTESIAN_POINT('',(0.4,-0.6));
#6046 = ( GEOMETRIC_REPRESENTATION_CONTEXT(2) 
PARAMETRIC_REPRESENTATION_CONTEXT() REPRESENTATION_CONTEXT('2D SPACE',''
  ) );
#6047 = ORIENTED_EDGE('',*,*,#6048,.T.);
#6048 = EDGE_CURVE('',#6023,#523,#6049,.T.);
#6049 = SURFACE_CURVE('',#6050,(#6054,#6060),.PCURVE_S1.);
#6050 = LINE('',#6051,#6052);
#6051 = CARTESIAN_POINT('',(-35.8,24.7,6.));
#6052 = VECTOR('',#6053,1.);
#6053 = DIRECTION('',(-1.,-0.,0.));
#6054 = PCURVE('',#240,#6055);
#6055 = DEFINITIONAL_REPRESENTATION('',(#6056),#6059);
#6056 = B_SPLINE_CURVE_WITH_KNOTS('',1,(#6057,#6058),.UNSPECIFIED.,.F.,
  .F.,(2,2),(-1.5,0.),.PIECEWISE_BEZIER_KNOTS.);
#6057 = CARTESIAN_POINT('',(1.5,64.7));
#6058 = CARTESIAN_POINT('',(0.,64.7));
#6059 = ( GEOMETRIC_REPRESENTATION_CONTEXT(2) 
PARAMETRIC_REPRESENTATION_CONTEXT() REPRESENTATION_CONTEXT('2D SPACE',''
  ) );
#6060 = PCURVE('',#538,#6061);
#6061 = DEFINITIONAL_REPRESENTATION('',(#6062),#6065);
#6062 = B_SPLINE_CURVE_WITH_KNOTS('',1,(#6063,#6064),.UNSPECIFIED.,.F.,
  .F.,(2,2),(-1.5,0.),.PIECEWISE_BEZIER_KNOTS.);
#6063 = CARTESIAN_POINT('',(0.4,1.5));
#6064 = CARTESIAN_POINT('',(0.4,0.));
#6065 = ( GEOMETRIC_REPRESENTATION_CONTEXT(2) 
PARAMETRIC_REPRESENTATION_CONTEXT() REPRESENTATION_CONTEXT('2D SPACE',''
  ) );
#6066 = ORIENTED_EDGE('',*,*,#550,.F.);
#6067 = ORIENTED_EDGE('',*,*,#6068,.F.);
#6068 = EDGE_CURVE('',#6069,#551,#6071,.T.);
#6069 = VERTEX_POINT('',#6070);
#6070 = CARTESIAN_POINT('',(-32.8,20.3,6.));
#6071 = SURFACE_CURVE('',#6072,(#6076,#6082),.PCURVE_S1.);
#6072 = LINE('',#6073,#6074);
#6073 = CARTESIAN_POINT('',(-35.8,20.3,6.));
#6074 = VECTOR('',#6075,1.);
#6075 = DIRECTION('',(-1.,-0.,0.));
#6076 = PCURVE('',#240,#6077);
#6077 = DEFINITIONAL_REPRESENTATION('',(#6078),#6081);
#6078 = B_SPLINE_CURVE_WITH_KNOTS('',1,(#6079,#6080),.UNSPECIFIED.,.F.,
  .F.,(2,2),(-3.,0.),.PIECEWISE_BEZIER_KNOTS.);
#6079 = CARTESIAN_POINT('',(3.,60.3));
#6080 = CARTESIAN_POINT('',(0.,60.3));
#6081 = ( GEOMETRIC_REPRESENTATION_CONTEXT(2) 
PARAMETRIC_REPRESENTATION_CONTEXT() REPRESENTATION_CONTEXT('2D SPACE',''
  ) );
#6082 = PCURVE('',#589,#6083);
#6083 = DEFINITIONAL_REPRESENTATION('',(#6084),#6087);
#6084 = B_SPLINE_CURVE_WITH_KNOTS('',1,(#6085,#6086),.UNSPECIFIED.,.F.,
  .F.,(2,2),(-3.,0.),.PIECEWISE_BEZIER_KNOTS.);
#6085 = CARTESIAN_POINT('',(0.4,3.));
#6086 = CARTESIAN_POINT('',(0.4,0.));
#6087 = ( GEOMETRIC_REPRESENTATION_CONTEXT(2) 
PARAMETRIC_REPRESENTATION_CONTEXT() REPRESENTATION_CONTEXT('2D SPACE',''
  ) );
#6088 = ORIENTED_EDGE('',*,*,#6089,.F.);
#6089 = EDGE_CURVE('',#6090,#6069,#6092,.T.);
#6090 = VERTEX_POINT('',#6091);
#6091 = CARTESIAN_POINT('',(-32.8,19.7,6.));
#6092 = SURFACE_CURVE('',#6093,(#6097,#6103),.PCURVE_S1.);
#6093 = LINE('',#6094,#6095);
#6094 = CARTESIAN_POINT('',(-32.8,-10.15,6.));
#6095 = VECTOR('',#6096,1.);
#6096 = DIRECTION('',(-0.,1.,0.));
#6097 = PCURVE('',#240,#6098);
#6098 = DEFINITIONAL_REPRESENTATION('',(#6099),#6102);
#6099 = B_SPLINE_CURVE_WITH_KNOTS('',1,(#6100,#6101),.UNSPECIFIED.,.F.,
  .F.,(2,2),(29.85,30.45),.PIECEWISE_BEZIER_KNOTS.);
#6100 = CARTESIAN_POINT('',(3.,59.7));
#6101 = CARTESIAN_POINT('',(3.,60.3));
#6102 = ( GEOMETRIC_REPRESENTATION_CONTEXT(2) 
PARAMETRIC_REPRESENTATION_CONTEXT() REPRESENTATION_CONTEXT('2D SPACE',''
  ) );
#6103 = PCURVE('',#6104,#6109);
#6104 = PLANE('',#6105);
#6105 = AXIS2_PLACEMENT_3D('',#6106,#6107,#6108);
#6106 = CARTESIAN_POINT('',(-32.8,19.7,5.6));
#6107 = DIRECTION('',(1.,0.,-0.));
#6108 = DIRECTION('',(0.,0.,1.));
#6109 = DEFINITIONAL_REPRESENTATION('',(#6110),#6113);
#6110 = B_SPLINE_CURVE_WITH_KNOTS('',1,(#6111,#6112),.UNSPECIFIED.,.F.,
  .F.,(2,2),(29.85,30.45),.PIECEWISE_BEZIER_KNOTS.);
#6111 = CARTESIAN_POINT('',(0.4,0.));
#6112 = CARTESIAN_POINT('',(0.4,-0.6));
#6113 = ( GEOMETRIC_REPRESENTATION_CONTEXT(2) 
PARAMETRIC_REPRESENTATION_CONTEXT() REPRESENTATION_CONTEXT('2D SPACE',''
  ) );
#6114 = ORIENTED_EDGE('',*,*,#6115,.T.);
#6115 = EDGE_CURVE('',#6090,#630,#6116,.T.);
#6116 = SURFACE_CURVE('',#6117,(#6121,#6127),.PCURVE_S1.);
#6117 = LINE('',#6118,#6119);
#6118 = CARTESIAN_POINT('',(-35.8,19.7,6.));
#6119 = VECTOR('',#6120,1.);
#6120 = DIRECTION('',(-1.,-0.,0.));
#6121 = PCURVE('',#240,#6122);
#6122 = DEFINITIONAL_REPRESENTATION('',(#6123),#6126);
#6123 = B_SPLINE_CURVE_WITH_KNOTS('',1,(#6124,#6125),.UNSPECIFIED.,.F.,
  .F.,(2,2),(-3.,0.),.PIECEWISE_BEZIER_KNOTS.);
#6124 = CARTESIAN_POINT('',(3.,59.7));
#6125 = CARTESIAN_POINT('',(0.,59.7));
#6126 = ( GEOMETRIC_REPRESENTATION_CONTEXT(2) 
PARAMETRIC_REPRESENTATION_CONTEXT() REPRESENTATION_CONTEXT('2D SPACE',''
  ) );
#6127 = PCURVE('',#645,#6128);
#6128 = DEFINITIONAL_REPRESENTATION('',(#6129),#6132);
#6129 = B_SPLINE_CURVE_WITH_KNOTS('',1,(#6130,#6131),.UNSPECIFIED.,.F.,
  .F.,(2,2),(-3.,0.),.PIECEWISE_BEZIER_KNOTS.);
#6130 = CARTESIAN_POINT('',(0.4,3.));
#6131 = CARTESIAN_POINT('',(0.4,0.));
#6132 = ( GEOMETRIC_REPRESENTATION_CONTEXT(2) 
PARAMETRIC_REPRESENTATION_CONTEXT() REPRESENTATION_CONTEXT('2D SPACE',''
  ) );
#6133 = ORIENTED_EDGE('',*,*,#657,.F.);
#6134 = ORIENTED_EDGE('',*,*,#6135,.F.);
#6135 = EDGE_CURVE('',#6136,#658,#6138,.T.);
#6136 = VERTEX_POINT('',#6137);
#6137 = CARTESIAN_POINT('',(-34.3,15.3,6.));
#6138 = SURFACE_CURVE('',#6139,(#6143,#6149),.PCURVE_S1.);
#6139 = LINE('',#6140,#6141);
#6140 = CARTESIAN_POINT('',(-35.8,15.3,6.));
#6141 = VECTOR('',#6142,1.);
#6142 = DIRECTION('',(-1.,-0.,0.));
#6143 = PCURVE('',#240,#6144);
#6144 = DEFINITIONAL_REPRESENTATION('',(#6145),#6148);
#6145 = B_SPLINE_CURVE_WITH_KNOTS('',1,(#6146,#6147),.UNSPECIFIED.,.F.,
  .F.,(2,2),(-1.5,0.),.PIECEWISE_BEZIER_KNOTS.);
#6146 = CARTESIAN_POINT('',(1.5,55.3));
#6147 = CARTESIAN_POINT('',(0.,55.3));
#6148 = ( GEOMETRIC_REPRESENTATION_CONTEXT(2) 
PARAMETRIC_REPRESENTATION_CONTEXT() REPRESENTATION_CONTEXT('2D SPACE',''
  ) );
#6149 = PCURVE('',#696,#6150);
#6150 = DEFINITIONAL_REPRESENTATION('',(#6151),#6154);
#6151 = B_SPLINE_CURVE_WITH_KNOTS('',1,(#6152,#6153),.UNSPECIFIED.,.F.,
  .F.,(2,2),(-1.5,0.),.PIECEWISE_BEZIER_KNOTS.);
#6152 = CARTESIAN_POINT('',(0.4,1.5));
#6153 = CARTESIAN_POINT('',(0.4,0.));
#6154 = ( GEOMETRIC_REPRESENTATION_CONTEXT(2) 
PARAMETRIC_REPRESENTATION_CONTEXT() REPRESENTATION_CONTEXT('2D SPACE',''
  ) );
#6155 = ORIENTED_EDGE('',*,*,#6156,.F.);
#6156 = EDGE_CURVE('',#6157,#6136,#6159,.T.);
#6157 = VERTEX_POINT('',#6158);
#6158 = CARTESIAN_POINT('',(-34.3,14.7,6.));
#6159 = SURFACE_CURVE('',#6160,(#6164,#6170),.PCURVE_S1.);
#6160 = LINE('',#6161,#6162);
#6161 = CARTESIAN_POINT('',(-34.3,-12.65,6.));
#6162 = VECTOR('',#6163,1.);
#6163 = DIRECTION('',(-0.,1.,0.));
#6164 = PCURVE('',#240,#6165);
#6165 = DEFINITIONAL_REPRESENTATION('',(#6166),#6169);
#6166 = B_SPLINE_CURVE_WITH_KNOTS('',1,(#6167,#6168),.UNSPECIFIED.,.F.,
  .F.,(2,2),(27.35,27.95),.PIECEWISE_BEZIER_KNOTS.);
#6167 = CARTESIAN_POINT('',(1.5,54.7));
#6168 = CARTESIAN_POINT('',(1.5,55.3));
#6169 = ( GEOMETRIC_REPRESENTATION_CONTEXT(2) 
PARAMETRIC_REPRESENTATION_CONTEXT() REPRESENTATION_CONTEXT('2D SPACE',''
  ) );
#6170 = PCURVE('',#6171,#6176);
#6171 = PLANE('',#6172);
#6172 = AXIS2_PLACEMENT_3D('',#6173,#6174,#6175);
#6173 = CARTESIAN_POINT('',(-34.3,14.7,5.6));
#6174 = DIRECTION('',(1.,0.,-0.));
#6175 = DIRECTION('',(0.,0.,1.));
#6176 = DEFINITIONAL_REPRESENTATION('',(#6177),#6180);
#6177 = B_SPLINE_CURVE_WITH_KNOTS('',1,(#6178,#6179),.UNSPECIFIED.,.F.,
  .F.,(2,2),(27.35,27.95),.PIECEWISE_BEZIER_KNOTS.);
#6178 = CARTESIAN_POINT('',(0.4,0.));
#6179 = CARTESIAN_POINT('',(0.4,-0.6));
#6180 = ( GEOMETRIC_REPRESENTATION_CONTEXT(2) 
PARAMETRIC_REPRESENTATION_CONTEXT() REPRESENTATION_CONTEXT('2D SPACE',''
  ) );
#6181 = ORIENTED_EDGE('',*,*,#6182,.T.);
#6182 = EDGE_CURVE('',#6157,#737,#6183,.T.);
#6183 = SURFACE_CURVE('',#6184,(#6188,#6194),.PCURVE_S1.);
#6184 = LINE('',#6185,#6186);
#6185 = CARTESIAN_POINT('',(-35.8,14.7,6.));
#6186 = VECTOR('',#6187,1.);
#6187 = DIRECTION('',(-1.,-0.,0.));
#6188 = PCURVE('',#240,#6189);
#6189 = DEFINITIONAL_REPRESENTATION('',(#6190),#6193);
#6190 = B_SPLINE_CURVE_WITH_KNOTS('',1,(#6191,#6192),.UNSPECIFIED.,.F.,
  .F.,(2,2),(-1.5,0.),.PIECEWISE_BEZIER_KNOTS.);
#6191 = CARTESIAN_POINT('',(1.5,54.7));
#6192 = CARTESIAN_POINT('',(0.,54.7));
#6193 = ( GEOMETRIC_REPRESENTATION_CONTEXT(2) 
PARAMETRIC_REPRESENTATION_CONTEXT() REPRESENTATION_CONTEXT('2D SPACE',''
  ) );
#6194 = PCURVE('',#752,#6195);
#6195 = DEFINITIONAL_REPRESENTATION('',(#6196),#6199);
#6196 = B_SPLINE_CURVE_WITH_KNOTS('',1,(#6197,#6198),.UNSPECIFIED.,.F.,
  .F.,(2,2),(-1.5,0.),.PIECEWISE_BEZIER_KNOTS.);
#6197 = CARTESIAN_POINT('',(0.4,1.5));
#6198 = CARTESIAN_POINT('',(0.4,0.));
#6199 = ( GEOMETRIC_REPRESENTATION_CONTEXT(2) 
PARAMETRIC_REPRESENTATION_CONTEXT() REPRESENTATION_CONTEXT('2D SPACE',''
  ) );
#6200 = ORIENTED_EDGE('',*,*,#764,.F.);
#6201 = ORIENTED_EDGE('',*,*,#6202,.F.);
#6202 = EDGE_CURVE('',#6203,#765,#6205,.T.);
#6203 = VERTEX_POINT('',#6204);
#6204 = CARTESIAN_POINT('',(-32.8,10.3,6.));
#6205 = SURFACE_CURVE('',#6206,(#6210,#6216),.PCURVE_S1.);
#6206 = LINE('',#6207,#6208);
#6207 = CARTESIAN_POINT('',(-35.8,10.3,6.));
#6208 = VECTOR('',#6209,1.);
#6209 = DIRECTION('',(-1.,-0.,0.));
#6210 = PCURVE('',#240,#6211);
#6211 = DEFINITIONAL_REPRESENTATION('',(#6212),#6215);
#6212 = B_SPLINE_CURVE_WITH_KNOTS('',1,(#6213,#6214),.UNSPECIFIED.,.F.,
  .F.,(2,2),(-3.,0.),.PIECEWISE_BEZIER_KNOTS.);
#6213 = CARTESIAN_POINT('',(3.,50.3));
#6214 = CARTESIAN_POINT('',(0.,50.3));
#6215 = ( GEOMETRIC_REPRESENTATION_CONTEXT(2) 
PARAMETRIC_REPRESENTATION_CONTEXT() REPRESENTATION_CONTEXT('2D SPACE',''
  ) );
#6216 = PCURVE('',#803,#6217);
#6217 = DEFINITIONAL_REPRESENTATION('',(#6218),#6221);
#6218 = B_SPLINE_CURVE_WITH_KNOTS('',1,(#6219,#6220),.UNSPECIFIED.,.F.,
  .F.,(2,2),(-3.,0.),.PIECEWISE_BEZIER_KNOTS.);
#6219 = CARTESIAN_POINT('',(0.4,3.));
#6220 = CARTESIAN_POINT('',(0.4,0.));
#6221 = ( GEOMETRIC_REPRESENTATION_CONTEXT(2) 
PARAMETRIC_REPRESENTATION_CONTEXT() REPRESENTATION_CONTEXT('2D SPACE',''
  ) );
#6222 = ORIENTED_EDGE('',*,*,#6223,.F.);
#6223 = EDGE_CURVE('',#6224,#6203,#6226,.T.);
#6224 = VERTEX_POINT('',#6225);
#6225 = CARTESIAN_POINT('',(-32.8,9.7,6.));
#6226 = SURFACE_CURVE('',#6227,(#6231,#6237),.PCURVE_S1.);
#6227 = LINE('',#6228,#6229);
#6228 = CARTESIAN_POINT('',(-32.8,-15.15,6.));
#6229 = VECTOR('',#6230,1.);
#6230 = DIRECTION('',(-0.,1.,0.));
#6231 = PCURVE('',#240,#6232);
#6232 = DEFINITIONAL_REPRESENTATION('',(#6233),#6236);
#6233 = B_SPLINE_CURVE_WITH_KNOTS('',1,(#6234,#6235),.UNSPECIFIED.,.F.,
  .F.,(2,2),(24.85,25.45),.PIECEWISE_BEZIER_KNOTS.);
#6234 = CARTESIAN_POINT('',(3.,49.7));
#6235 = CARTESIAN_POINT('',(3.,50.3));
#6236 = ( GEOMETRIC_REPRESENTATION_CONTEXT(2) 
PARAMETRIC_REPRESENTATION_CONTEXT() REPRESENTATION_CONTEXT('2D SPACE',''
  ) );
#6237 = PCURVE('',#6238,#6243);
#6238 = PLANE('',#6239);
#6239 = AXIS2_PLACEMENT_3D('',#6240,#6241,#6242);
#6240 = CARTESIAN_POINT('',(-32.8,9.7,5.6));
#6241 = DIRECTION('',(1.,0.,-0.));
#6242 = DIRECTION('',(0.,0.,1.));
#6243 = DEFINITIONAL_REPRESENTATION('',(#6244),#6247);
#6244 = B_SPLINE_CURVE_WITH_KNOTS('',1,(#6245,#6246),.UNSPECIFIED.,.F.,
  .F.,(2,2),(24.85,25.45),.PIECEWISE_BEZIER_KNOTS.);
#6245 = CARTESIAN_POINT('',(0.4,0.));
#6246 = CARTESIAN_POINT('',(0.4,-0.6));
#6247 = ( GEOMETRIC_REPRESENTATION_CONTEXT(2) 
PARAMETRIC_REPRESENTATION_CONTEXT() REPRESENTATION_CONTEXT('2D SPACE',''
  ) );
#6248 = ORIENTED_EDGE('',*,*,#6249,.T.);
#6249 = EDGE_CURVE('',#6224,#844,#6250,.T.);
#6250 = SURFACE_CURVE('',#6251,(#6255,#6261),.PCURVE_S1.);
#6251 = LINE('',#6252,#6253);
#6252 = CARTESIAN_POINT('',(-35.8,9.7,6.));
#6253 = VECTOR('',#6254,1.);
#6254 = DIRECTION('',(-1.,-0.,0.));
#6255 = PCURVE('',#240,#6256);
#6256 = DEFINITIONAL_REPRESENTATION('',(#6257),#6260);
#6257 = B_SPLINE_CURVE_WITH_KNOTS('',1,(#6258,#6259),.UNSPECIFIED.,.F.,
  .F.,(2,2),(-3.,0.),.PIECEWISE_BEZIER_KNOTS.);
#6258 = CARTESIAN_POINT('',(3.,49.7));
#6259 = CARTESIAN_POINT('',(0.,49.7));
#6260 = ( GEOMETRIC_REPRESENTATION_CONTEXT(2) 
PARAMETRIC_REPRESENTATION_CONTEXT() REPRESENTATION_CONTEXT('2D SPACE',''
  ) );
#6261 = PCURVE('',#859,#6262);
#6262 = DEFINITIONAL_REPRESENTATION('',(#6263),#6266);
#6263 = B_SPLINE_CURVE_WITH_KNOTS('',1,(#6264,#6265),.UNSPECIFIED.,.F.,
  .F.,(2,2),(-3.,0.),.PIECEWISE_BEZIER_KNOTS.);
#6264 = CARTESIAN_POINT('',(0.4,3.));
#6265 = CARTESIAN_POINT('',(0.4,0.));
#6266 = ( GEOMETRIC_REPRESENTATION_CONTEXT(2) 
PARAMETRIC_REPRESENTATION_CONTEXT() REPRESENTATION_CONTEXT('2D SPACE',''
  ) );
#6267 = ORIENTED_EDGE('',*,*,#871,.F.);
#6268 = ORIENTED_EDGE('',*,*,#6269,.F.);
#6269 = EDGE_CURVE('',#6270,#872,#6272,.T.);
#6270 = VERTEX_POINT('',#6271);
#6271 = CARTESIAN_POINT('',(-34.3,5.3,6.));
#6272 = SURFACE_CURVE('',#6273,(#6277,#6283),.PCURVE_S1.);
#6273 = LINE('',#6274,#6275);
#6274 = CARTESIAN_POINT('',(-35.8,5.3,6.));
#6275 = VECTOR('',#6276,1.);
#6276 = DIRECTION('',(-1.,-0.,0.));
#6277 = PCURVE('',#240,#6278);
#6278 = DEFINITIONAL_REPRESENTATION('',(#6279),#6282);
#6279 = B_SPLINE_CURVE_WITH_KNOTS('',1,(#6280,#6281),.UNSPECIFIED.,.F.,
  .F.,(2,2),(-1.5,0.),.PIECEWISE_BEZIER_KNOTS.);
#6280 = CARTESIAN_POINT('',(1.5,45.3));
#6281 = CARTESIAN_POINT('',(0.,45.3));
#6282 = ( GEOMETRIC_REPRESENTATION_CONTEXT(2) 
PARAMETRIC_REPRESENTATION_CONTEXT() REPRESENTATION_CONTEXT('2D SPACE',''
  ) );
#6283 = PCURVE('',#910,#6284);
#6284 = DEFINITIONAL_REPRESENTATION('',(#6285),#6288);
#6285 = B_SPLINE_CURVE_WITH_KNOTS('',1,(#6286,#6287),.UNSPECIFIED.,.F.,
  .F.,(2,2),(-1.5,0.),.PIECEWISE_BEZIER_KNOTS.);
#6286 = CARTESIAN_POINT('',(0.4,1.5));
#6287 = CARTESIAN_POINT('',(0.4,0.));
#6288 = ( GEOMETRIC_REPRESENTATION_CONTEXT(2) 
PARAMETRIC_REPRESENTATION_CONTEXT() REPRESENTATION_CONTEXT('2D SPACE',''
  ) );
#6289 = ORIENTED_EDGE('',*,*,#6290,.F.);
#6290 = EDGE_CURVE('',#6291,#6270,#6293,.T.);
#6291 = VERTEX_POINT('',#6292);
#6292 = CARTESIAN_POINT('',(-34.3,4.7,6.));
#6293 = SURFACE_CURVE('',#6294,(#6298,#6304),.PCURVE_S1.);
#6294 = LINE('',#6295,#6296);
#6295 = CARTESIAN_POINT('',(-34.3,-17.65,6.));
#6296 = VECTOR('',#6297,1.);
#6297 = DIRECTION('',(-0.,1.,0.));
#6298 = PCURVE('',#240,#6299);
#6299 = DEFINITIONAL_REPRESENTATION('',(#6300),#6303);
#6300 = B_SPLINE_CURVE_WITH_KNOTS('',1,(#6301,#6302),.UNSPECIFIED.,.F.,
  .F.,(2,2),(22.35,22.95),.PIECEWISE_BEZIER_KNOTS.);
#6301 = CARTESIAN_POINT('',(1.5,44.7));
#6302 = CARTESIAN_POINT('',(1.5,45.3));
#6303 = ( GEOMETRIC_REPRESENTATION_CONTEXT(2) 
PARAMETRIC_REPRESENTATION_CONTEXT() REPRESENTATION_CONTEXT('2D SPACE',''
  ) );
#6304 = PCURVE('',#6305,#6310);
#6305 = PLANE('',#6306);
#6306 = AXIS2_PLACEMENT_3D('',#6307,#6308,#6309);
#6307 = CARTESIAN_POINT('',(-34.3,4.7,5.6));
#6308 = DIRECTION('',(1.,0.,-0.));
#6309 = DIRECTION('',(0.,0.,1.));
#6310 = DEFINITIONAL_REPRESENTATION('',(#6311),#6314);
#6311 = B_SPLINE_CURVE_WITH_KNOTS('',1,(#6312,#6313),.UNSPECIFIED.,.F.,
  .F.,(2,2),(22.35,22.95),.PIECEWISE_BEZIER_KNOTS.);
#6312 = CARTESIAN_POINT('',(0.4,0.));
#6313 = CARTESIAN_POINT('',(0.4,-0.6));
#6314 = ( GEOMETRIC_REPRESENTATION_CONTEXT(2) 
PARAMETRIC_REPRESENTATION_CONTEXT() REPRESENTATION_CONTEXT('2D SPACE',''
  ) );
#6315 = ORIENTED_EDGE('',*,*,#6316,.T.);
#6316 = EDGE_CURVE('',#6291,#951,#6317,.T.);
#6317 = SURFACE_CURVE('',#6318,(#6322,#6328),.PCURVE_S1.);
#6318 = LINE('',#6319,#6320);
#6319 = CARTESIAN_POINT('',(-35.8,4.7,6.));
#6320 = VECTOR('',#6321,1.);
#6321 = DIRECTION('',(-1.,-0.,0.));
#6322 = PCURVE('',#240,#6323);
#6323 = DEFINITIONAL_REPRESENTATION('',(#6324),#6327);
#6324 = B_SPLINE_CURVE_WITH_KNOTS('',1,(#6325,#6326),.UNSPECIFIED.,.F.,
  .F.,(2,2),(-1.5,0.),.PIECEWISE_BEZIER_KNOTS.);
#6325 = CARTESIAN_POINT('',(1.5,44.7));
#6326 = CARTESIAN_POINT('',(0.,44.7));
#6327 = ( GEOMETRIC_REPRESENTATION_CONTEXT(2) 
PARAMETRIC_REPRESENTATION_CONTEXT() REPRESENTATION_CONTEXT('2D SPACE',''
  ) );
#6328 = PCURVE('',#966,#6329);
#6329 = DEFINITIONAL_REPRESENTATION('',(#6330),#6333);
#6330 = B_SPLINE_CURVE_WITH_KNOTS('',1,(#6331,#6332),.UNSPECIFIED.,.F.,
  .F.,(2,2),(-1.5,0.),.PIECEWISE_BEZIER_KNOTS.);
#6331 = CARTESIAN_POINT('',(0.4,1.5));
#6332 = CARTESIAN_POINT('',(0.4,0.));
#6333 = ( GEOMETRIC_REPRESENTATION_CONTEXT(2) 
PARAMETRIC_REPRESENTATION_CONTEXT() REPRESENTATION_CONTEXT('2D SPACE',''
  ) );
#6334 = ADVANCED_FACE('',(#6335),#966,.T.);
#6335 = FACE_BOUND('',#6336,.T.);
#6336 = EDGE_LOOP('',(#6337,#6360,#6381,#6382));
#6337 = ORIENTED_EDGE('',*,*,#6338,.F.);
#6338 = EDGE_CURVE('',#6339,#6291,#6341,.T.);
#6339 = VERTEX_POINT('',#6340);
#6340 = CARTESIAN_POINT('',(-34.3,4.7,5.6));
#6341 = SURFACE_CURVE('',#6342,(#6346,#6353),.PCURVE_S1.);
#6342 = LINE('',#6343,#6344);
#6343 = CARTESIAN_POINT('',(-34.3,4.7,5.6));
#6344 = VECTOR('',#6345,1.);
#6345 = DIRECTION('',(0.,0.,1.));
#6346 = PCURVE('',#966,#6347);
#6347 = DEFINITIONAL_REPRESENTATION('',(#6348),#6352);
#6348 = LINE('',#6349,#6350);
#6349 = CARTESIAN_POINT('',(0.,1.5));
#6350 = VECTOR('',#6351,1.);
#6351 = DIRECTION('',(1.,0.));
#6352 = ( GEOMETRIC_REPRESENTATION_CONTEXT(2) 
PARAMETRIC_REPRESENTATION_CONTEXT() REPRESENTATION_CONTEXT('2D SPACE',''
  ) );
#6353 = PCURVE('',#6305,#6354);
#6354 = DEFINITIONAL_REPRESENTATION('',(#6355),#6359);
#6355 = LINE('',#6356,#6357);
#6356 = CARTESIAN_POINT('',(0.,0.));
#6357 = VECTOR('',#6358,1.);
#6358 = DIRECTION('',(1.,0.));
#6359 = ( GEOMETRIC_REPRESENTATION_CONTEXT(2) 
PARAMETRIC_REPRESENTATION_CONTEXT() REPRESENTATION_CONTEXT('2D SPACE',''
  ) );
#6360 = ORIENTED_EDGE('',*,*,#6361,.F.);
#6361 = EDGE_CURVE('',#923,#6339,#6362,.T.);
#6362 = SURFACE_CURVE('',#6363,(#6367,#6374),.PCURVE_S1.);
#6363 = LINE('',#6364,#6365);
#6364 = CARTESIAN_POINT('',(-35.8,4.7,5.6));
#6365 = VECTOR('',#6366,1.);
#6366 = DIRECTION('',(1.,0.,-0.));
#6367 = PCURVE('',#966,#6368);
#6368 = DEFINITIONAL_REPRESENTATION('',(#6369),#6373);
#6369 = LINE('',#6370,#6371);
#6370 = CARTESIAN_POINT('',(0.,0.));
#6371 = VECTOR('',#6372,1.);
#6372 = DIRECTION('',(0.,1.));
#6373 = ( GEOMETRIC_REPRESENTATION_CONTEXT(2) 
PARAMETRIC_REPRESENTATION_CONTEXT() REPRESENTATION_CONTEXT('2D SPACE',''
  ) );
#6374 = PCURVE('',#938,#6375);
#6375 = DEFINITIONAL_REPRESENTATION('',(#6376),#6380);
#6376 = LINE('',#6377,#6378);
#6377 = CARTESIAN_POINT('',(0.,0.));
#6378 = VECTOR('',#6379,1.);
#6379 = DIRECTION('',(1.,0.));
#6380 = ( GEOMETRIC_REPRESENTATION_CONTEXT(2) 
PARAMETRIC_REPRESENTATION_CONTEXT() REPRESENTATION_CONTEXT('2D SPACE',''
  ) );
#6381 = ORIENTED_EDGE('',*,*,#950,.T.);
#6382 = ORIENTED_EDGE('',*,*,#6316,.F.);
#6383 = ADVANCED_FACE('',(#6384),#938,.T.);
#6384 = FACE_BOUND('',#6385,.T.);
#6385 = EDGE_LOOP('',(#6386,#6387,#6388,#6411));
#6386 = ORIENTED_EDGE('',*,*,#922,.F.);
#6387 = ORIENTED_EDGE('',*,*,#6361,.T.);
#6388 = ORIENTED_EDGE('',*,*,#6389,.T.);
#6389 = EDGE_CURVE('',#6339,#6390,#6392,.T.);
#6390 = VERTEX_POINT('',#6391);
#6391 = CARTESIAN_POINT('',(-34.3,5.3,5.6));
#6392 = SURFACE_CURVE('',#6393,(#6397,#6404),.PCURVE_S1.);
#6393 = LINE('',#6394,#6395);
#6394 = CARTESIAN_POINT('',(-34.3,4.7,5.6));
#6395 = VECTOR('',#6396,1.);
#6396 = DIRECTION('',(-0.,1.,0.));
#6397 = PCURVE('',#938,#6398);
#6398 = DEFINITIONAL_REPRESENTATION('',(#6399),#6403);
#6399 = LINE('',#6400,#6401);
#6400 = CARTESIAN_POINT('',(1.5,0.));
#6401 = VECTOR('',#6402,1.);
#6402 = DIRECTION('',(0.,1.));
#6403 = ( GEOMETRIC_REPRESENTATION_CONTEXT(2) 
PARAMETRIC_REPRESENTATION_CONTEXT() REPRESENTATION_CONTEXT('2D SPACE',''
  ) );
#6404 = PCURVE('',#6305,#6405);
#6405 = DEFINITIONAL_REPRESENTATION('',(#6406),#6410);
#6406 = LINE('',#6407,#6408);
#6407 = CARTESIAN_POINT('',(0.,0.));
#6408 = VECTOR('',#6409,1.);
#6409 = DIRECTION('',(0.,-1.));
#6410 = ( GEOMETRIC_REPRESENTATION_CONTEXT(2) 
PARAMETRIC_REPRESENTATION_CONTEXT() REPRESENTATION_CONTEXT('2D SPACE',''
  ) );
#6411 = ORIENTED_EDGE('',*,*,#6412,.F.);
#6412 = EDGE_CURVE('',#895,#6390,#6413,.T.);
#6413 = SURFACE_CURVE('',#6414,(#6418,#6425),.PCURVE_S1.);
#6414 = LINE('',#6415,#6416);
#6415 = CARTESIAN_POINT('',(-35.8,5.3,5.6));
#6416 = VECTOR('',#6417,1.);
#6417 = DIRECTION('',(1.,0.,-0.));
#6418 = PCURVE('',#938,#6419);
#6419 = DEFINITIONAL_REPRESENTATION('',(#6420),#6424);
#6420 = LINE('',#6421,#6422);
#6421 = CARTESIAN_POINT('',(0.,0.6));
#6422 = VECTOR('',#6423,1.);
#6423 = DIRECTION('',(1.,0.));
#6424 = ( GEOMETRIC_REPRESENTATION_CONTEXT(2) 
PARAMETRIC_REPRESENTATION_CONTEXT() REPRESENTATION_CONTEXT('2D SPACE',''
  ) );
#6425 = PCURVE('',#910,#6426);
#6426 = DEFINITIONAL_REPRESENTATION('',(#6427),#6431);
#6427 = LINE('',#6428,#6429);
#6428 = CARTESIAN_POINT('',(0.,0.));
#6429 = VECTOR('',#6430,1.);
#6430 = DIRECTION('',(0.,1.));
#6431 = ( GEOMETRIC_REPRESENTATION_CONTEXT(2) 
PARAMETRIC_REPRESENTATION_CONTEXT() REPRESENTATION_CONTEXT('2D SPACE',''
  ) );
#6432 = ADVANCED_FACE('',(#6433),#910,.F.);
#6433 = FACE_BOUND('',#6434,.F.);
#6434 = EDGE_LOOP('',(#6435,#6456,#6457,#6458));
#6435 = ORIENTED_EDGE('',*,*,#6436,.F.);
#6436 = EDGE_CURVE('',#6390,#6270,#6437,.T.);
#6437 = SURFACE_CURVE('',#6438,(#6442,#6449),.PCURVE_S1.);
#6438 = LINE('',#6439,#6440);
#6439 = CARTESIAN_POINT('',(-34.3,5.3,5.6));
#6440 = VECTOR('',#6441,1.);
#6441 = DIRECTION('',(0.,0.,1.));
#6442 = PCURVE('',#910,#6443);
#6443 = DEFINITIONAL_REPRESENTATION('',(#6444),#6448);
#6444 = LINE('',#6445,#6446);
#6445 = CARTESIAN_POINT('',(0.,1.5));
#6446 = VECTOR('',#6447,1.);
#6447 = DIRECTION('',(1.,0.));
#6448 = ( GEOMETRIC_REPRESENTATION_CONTEXT(2) 
PARAMETRIC_REPRESENTATION_CONTEXT() REPRESENTATION_CONTEXT('2D SPACE',''
  ) );
#6449 = PCURVE('',#6305,#6450);
#6450 = DEFINITIONAL_REPRESENTATION('',(#6451),#6455);
#6451 = LINE('',#6452,#6453);
#6452 = CARTESIAN_POINT('',(0.,-0.6));
#6453 = VECTOR('',#6454,1.);
#6454 = DIRECTION('',(1.,0.));
#6455 = ( GEOMETRIC_REPRESENTATION_CONTEXT(2) 
PARAMETRIC_REPRESENTATION_CONTEXT() REPRESENTATION_CONTEXT('2D SPACE',''
  ) );
#6456 = ORIENTED_EDGE('',*,*,#6412,.F.);
#6457 = ORIENTED_EDGE('',*,*,#894,.T.);
#6458 = ORIENTED_EDGE('',*,*,#6269,.F.);
#6459 = ADVANCED_FACE('',(#6460),#859,.T.);
#6460 = FACE_BOUND('',#6461,.T.);
#6461 = EDGE_LOOP('',(#6462,#6485,#6506,#6507));
#6462 = ORIENTED_EDGE('',*,*,#6463,.F.);
#6463 = EDGE_CURVE('',#6464,#6224,#6466,.T.);
#6464 = VERTEX_POINT('',#6465);
#6465 = CARTESIAN_POINT('',(-32.8,9.7,5.6));
#6466 = SURFACE_CURVE('',#6467,(#6471,#6478),.PCURVE_S1.);
#6467 = LINE('',#6468,#6469);
#6468 = CARTESIAN_POINT('',(-32.8,9.7,5.6));
#6469 = VECTOR('',#6470,1.);
#6470 = DIRECTION('',(0.,0.,1.));
#6471 = PCURVE('',#859,#6472);
#6472 = DEFINITIONAL_REPRESENTATION('',(#6473),#6477);
#6473 = LINE('',#6474,#6475);
#6474 = CARTESIAN_POINT('',(0.,3.));
#6475 = VECTOR('',#6476,1.);
#6476 = DIRECTION('',(1.,0.));
#6477 = ( GEOMETRIC_REPRESENTATION_CONTEXT(2) 
PARAMETRIC_REPRESENTATION_CONTEXT() REPRESENTATION_CONTEXT('2D SPACE',''
  ) );
#6478 = PCURVE('',#6238,#6479);
#6479 = DEFINITIONAL_REPRESENTATION('',(#6480),#6484);
#6480 = LINE('',#6481,#6482);
#6481 = CARTESIAN_POINT('',(0.,0.));
#6482 = VECTOR('',#6483,1.);
#6483 = DIRECTION('',(1.,0.));
#6484 = ( GEOMETRIC_REPRESENTATION_CONTEXT(2) 
PARAMETRIC_REPRESENTATION_CONTEXT() REPRESENTATION_CONTEXT('2D SPACE',''
  ) );
#6485 = ORIENTED_EDGE('',*,*,#6486,.F.);
#6486 = EDGE_CURVE('',#816,#6464,#6487,.T.);
#6487 = SURFACE_CURVE('',#6488,(#6492,#6499),.PCURVE_S1.);
#6488 = LINE('',#6489,#6490);
#6489 = CARTESIAN_POINT('',(-35.8,9.7,5.6));
#6490 = VECTOR('',#6491,1.);
#6491 = DIRECTION('',(1.,0.,-0.));
#6492 = PCURVE('',#859,#6493);
#6493 = DEFINITIONAL_REPRESENTATION('',(#6494),#6498);
#6494 = LINE('',#6495,#6496);
#6495 = CARTESIAN_POINT('',(0.,0.));
#6496 = VECTOR('',#6497,1.);
#6497 = DIRECTION('',(0.,1.));
#6498 = ( GEOMETRIC_REPRESENTATION_CONTEXT(2) 
PARAMETRIC_REPRESENTATION_CONTEXT() REPRESENTATION_CONTEXT('2D SPACE',''
  ) );
#6499 = PCURVE('',#831,#6500);
#6500 = DEFINITIONAL_REPRESENTATION('',(#6501),#6505);
#6501 = LINE('',#6502,#6503);
#6502 = CARTESIAN_POINT('',(0.,0.));
#6503 = VECTOR('',#6504,1.);
#6504 = DIRECTION('',(1.,0.));
#6505 = ( GEOMETRIC_REPRESENTATION_CONTEXT(2) 
PARAMETRIC_REPRESENTATION_CONTEXT() REPRESENTATION_CONTEXT('2D SPACE',''
  ) );
#6506 = ORIENTED_EDGE('',*,*,#843,.T.);
#6507 = ORIENTED_EDGE('',*,*,#6249,.F.);
#6508 = ADVANCED_FACE('',(#6509),#831,.T.);
#6509 = FACE_BOUND('',#6510,.T.);
#6510 = EDGE_LOOP('',(#6511,#6512,#6513,#6536));
#6511 = ORIENTED_EDGE('',*,*,#815,.F.);
#6512 = ORIENTED_EDGE('',*,*,#6486,.T.);
#6513 = ORIENTED_EDGE('',*,*,#6514,.T.);
#6514 = EDGE_CURVE('',#6464,#6515,#6517,.T.);
#6515 = VERTEX_POINT('',#6516);
#6516 = CARTESIAN_POINT('',(-32.8,10.3,5.6));
#6517 = SURFACE_CURVE('',#6518,(#6522,#6529),.PCURVE_S1.);
#6518 = LINE('',#6519,#6520);
#6519 = CARTESIAN_POINT('',(-32.8,9.7,5.6));
#6520 = VECTOR('',#6521,1.);
#6521 = DIRECTION('',(-0.,1.,0.));
#6522 = PCURVE('',#831,#6523);
#6523 = DEFINITIONAL_REPRESENTATION('',(#6524),#6528);
#6524 = LINE('',#6525,#6526);
#6525 = CARTESIAN_POINT('',(3.,0.));
#6526 = VECTOR('',#6527,1.);
#6527 = DIRECTION('',(0.,1.));
#6528 = ( GEOMETRIC_REPRESENTATION_CONTEXT(2) 
PARAMETRIC_REPRESENTATION_CONTEXT() REPRESENTATION_CONTEXT('2D SPACE',''
  ) );
#6529 = PCURVE('',#6238,#6530);
#6530 = DEFINITIONAL_REPRESENTATION('',(#6531),#6535);
#6531 = LINE('',#6532,#6533);
#6532 = CARTESIAN_POINT('',(0.,0.));
#6533 = VECTOR('',#6534,1.);
#6534 = DIRECTION('',(0.,-1.));
#6535 = ( GEOMETRIC_REPRESENTATION_CONTEXT(2) 
PARAMETRIC_REPRESENTATION_CONTEXT() REPRESENTATION_CONTEXT('2D SPACE',''
  ) );
#6536 = ORIENTED_EDGE('',*,*,#6537,.F.);
#6537 = EDGE_CURVE('',#788,#6515,#6538,.T.);
#6538 = SURFACE_CURVE('',#6539,(#6543,#6550),.PCURVE_S1.);
#6539 = LINE('',#6540,#6541);
#6540 = CARTESIAN_POINT('',(-35.8,10.3,5.6));
#6541 = VECTOR('',#6542,1.);
#6542 = DIRECTION('',(1.,0.,-0.));
#6543 = PCURVE('',#831,#6544);
#6544 = DEFINITIONAL_REPRESENTATION('',(#6545),#6549);
#6545 = LINE('',#6546,#6547);
#6546 = CARTESIAN_POINT('',(0.,0.6));
#6547 = VECTOR('',#6548,1.);
#6548 = DIRECTION('',(1.,0.));
#6549 = ( GEOMETRIC_REPRESENTATION_CONTEXT(2) 
PARAMETRIC_REPRESENTATION_CONTEXT() REPRESENTATION_CONTEXT('2D SPACE',''
  ) );
#6550 = PCURVE('',#803,#6551);
#6551 = DEFINITIONAL_REPRESENTATION('',(#6552),#6556);
#6552 = LINE('',#6553,#6554);
#6553 = CARTESIAN_POINT('',(0.,0.));
#6554 = VECTOR('',#6555,1.);
#6555 = DIRECTION('',(0.,1.));
#6556 = ( GEOMETRIC_REPRESENTATION_CONTEXT(2) 
PARAMETRIC_REPRESENTATION_CONTEXT() REPRESENTATION_CONTEXT('2D SPACE',''
  ) );
#6557 = ADVANCED_FACE('',(#6558),#803,.F.);
#6558 = FACE_BOUND('',#6559,.F.);
#6559 = EDGE_LOOP('',(#6560,#6581,#6582,#6583));
#6560 = ORIENTED_EDGE('',*,*,#6561,.F.);
#6561 = EDGE_CURVE('',#6515,#6203,#6562,.T.);
#6562 = SURFACE_CURVE('',#6563,(#6567,#6574),.PCURVE_S1.);
#6563 = LINE('',#6564,#6565);
#6564 = CARTESIAN_POINT('',(-32.8,10.3,5.6));
#6565 = VECTOR('',#6566,1.);
#6566 = DIRECTION('',(0.,0.,1.));
#6567 = PCURVE('',#803,#6568);
#6568 = DEFINITIONAL_REPRESENTATION('',(#6569),#6573);
#6569 = LINE('',#6570,#6571);
#6570 = CARTESIAN_POINT('',(0.,3.));
#6571 = VECTOR('',#6572,1.);
#6572 = DIRECTION('',(1.,0.));
#6573 = ( GEOMETRIC_REPRESENTATION_CONTEXT(2) 
PARAMETRIC_REPRESENTATION_CONTEXT() REPRESENTATION_CONTEXT('2D SPACE',''
  ) );
#6574 = PCURVE('',#6238,#6575);
#6575 = DEFINITIONAL_REPRESENTATION('',(#6576),#6580);
#6576 = LINE('',#6577,#6578);
#6577 = CARTESIAN_POINT('',(0.,-0.6));
#6578 = VECTOR('',#6579,1.);
#6579 = DIRECTION('',(1.,0.));
#6580 = ( GEOMETRIC_REPRESENTATION_CONTEXT(2) 
PARAMETRIC_REPRESENTATION_CONTEXT() REPRESENTATION_CONTEXT('2D SPACE',''
  ) );
#6581 = ORIENTED_EDGE('',*,*,#6537,.F.);
#6582 = ORIENTED_EDGE('',*,*,#787,.T.);
#6583 = ORIENTED_EDGE('',*,*,#6202,.F.);
#6584 = ADVANCED_FACE('',(#6585),#752,.T.);
#6585 = FACE_BOUND('',#6586,.T.);
#6586 = EDGE_LOOP('',(#6587,#6610,#6631,#6632));
#6587 = ORIENTED_EDGE('',*,*,#6588,.F.);
#6588 = EDGE_CURVE('',#6589,#6157,#6591,.T.);
#6589 = VERTEX_POINT('',#6590);
#6590 = CARTESIAN_POINT('',(-34.3,14.7,5.6));
#6591 = SURFACE_CURVE('',#6592,(#6596,#6603),.PCURVE_S1.);
#6592 = LINE('',#6593,#6594);
#6593 = CARTESIAN_POINT('',(-34.3,14.7,5.6));
#6594 = VECTOR('',#6595,1.);
#6595 = DIRECTION('',(0.,0.,1.));
#6596 = PCURVE('',#752,#6597);
#6597 = DEFINITIONAL_REPRESENTATION('',(#6598),#6602);
#6598 = LINE('',#6599,#6600);
#6599 = CARTESIAN_POINT('',(0.,1.5));
#6600 = VECTOR('',#6601,1.);
#6601 = DIRECTION('',(1.,0.));
#6602 = ( GEOMETRIC_REPRESENTATION_CONTEXT(2) 
PARAMETRIC_REPRESENTATION_CONTEXT() REPRESENTATION_CONTEXT('2D SPACE',''
  ) );
#6603 = PCURVE('',#6171,#6604);
#6604 = DEFINITIONAL_REPRESENTATION('',(#6605),#6609);
#6605 = LINE('',#6606,#6607);
#6606 = CARTESIAN_POINT('',(0.,0.));
#6607 = VECTOR('',#6608,1.);
#6608 = DIRECTION('',(1.,0.));
#6609 = ( GEOMETRIC_REPRESENTATION_CONTEXT(2) 
PARAMETRIC_REPRESENTATION_CONTEXT() REPRESENTATION_CONTEXT('2D SPACE',''
  ) );
#6610 = ORIENTED_EDGE('',*,*,#6611,.F.);
#6611 = EDGE_CURVE('',#709,#6589,#6612,.T.);
#6612 = SURFACE_CURVE('',#6613,(#6617,#6624),.PCURVE_S1.);
#6613 = LINE('',#6614,#6615);
#6614 = CARTESIAN_POINT('',(-35.8,14.7,5.6));
#6615 = VECTOR('',#6616,1.);
#6616 = DIRECTION('',(1.,0.,-0.));
#6617 = PCURVE('',#752,#6618);
#6618 = DEFINITIONAL_REPRESENTATION('',(#6619),#6623);
#6619 = LINE('',#6620,#6621);
#6620 = CARTESIAN_POINT('',(0.,0.));
#6621 = VECTOR('',#6622,1.);
#6622 = DIRECTION('',(0.,1.));
#6623 = ( GEOMETRIC_REPRESENTATION_CONTEXT(2) 
PARAMETRIC_REPRESENTATION_CONTEXT() REPRESENTATION_CONTEXT('2D SPACE',''
  ) );
#6624 = PCURVE('',#724,#6625);
#6625 = DEFINITIONAL_REPRESENTATION('',(#6626),#6630);
#6626 = LINE('',#6627,#6628);
#6627 = CARTESIAN_POINT('',(0.,0.));
#6628 = VECTOR('',#6629,1.);
#6629 = DIRECTION('',(1.,0.));
#6630 = ( GEOMETRIC_REPRESENTATION_CONTEXT(2) 
PARAMETRIC_REPRESENTATION_CONTEXT() REPRESENTATION_CONTEXT('2D SPACE',''
  ) );
#6631 = ORIENTED_EDGE('',*,*,#736,.T.);
#6632 = ORIENTED_EDGE('',*,*,#6182,.F.);
#6633 = ADVANCED_FACE('',(#6634),#724,.T.);
#6634 = FACE_BOUND('',#6635,.T.);
#6635 = EDGE_LOOP('',(#6636,#6637,#6638,#6661));
#6636 = ORIENTED_EDGE('',*,*,#708,.F.);
#6637 = ORIENTED_EDGE('',*,*,#6611,.T.);
#6638 = ORIENTED_EDGE('',*,*,#6639,.T.);
#6639 = EDGE_CURVE('',#6589,#6640,#6642,.T.);
#6640 = VERTEX_POINT('',#6641);
#6641 = CARTESIAN_POINT('',(-34.3,15.3,5.6));
#6642 = SURFACE_CURVE('',#6643,(#6647,#6654),.PCURVE_S1.);
#6643 = LINE('',#6644,#6645);
#6644 = CARTESIAN_POINT('',(-34.3,14.7,5.6));
#6645 = VECTOR('',#6646,1.);
#6646 = DIRECTION('',(-0.,1.,0.));
#6647 = PCURVE('',#724,#6648);
#6648 = DEFINITIONAL_REPRESENTATION('',(#6649),#6653);
#6649 = LINE('',#6650,#6651);
#6650 = CARTESIAN_POINT('',(1.5,0.));
#6651 = VECTOR('',#6652,1.);
#6652 = DIRECTION('',(0.,1.));
#6653 = ( GEOMETRIC_REPRESENTATION_CONTEXT(2) 
PARAMETRIC_REPRESENTATION_CONTEXT() REPRESENTATION_CONTEXT('2D SPACE',''
  ) );
#6654 = PCURVE('',#6171,#6655);
#6655 = DEFINITIONAL_REPRESENTATION('',(#6656),#6660);
#6656 = LINE('',#6657,#6658);
#6657 = CARTESIAN_POINT('',(0.,0.));
#6658 = VECTOR('',#6659,1.);
#6659 = DIRECTION('',(0.,-1.));
#6660 = ( GEOMETRIC_REPRESENTATION_CONTEXT(2) 
PARAMETRIC_REPRESENTATION_CONTEXT() REPRESENTATION_CONTEXT('2D SPACE',''
  ) );
#6661 = ORIENTED_EDGE('',*,*,#6662,.F.);
#6662 = EDGE_CURVE('',#681,#6640,#6663,.T.);
#6663 = SURFACE_CURVE('',#6664,(#6668,#6675),.PCURVE_S1.);
#6664 = LINE('',#6665,#6666);
#6665 = CARTESIAN_POINT('',(-35.8,15.3,5.6));
#6666 = VECTOR('',#6667,1.);
#6667 = DIRECTION('',(1.,0.,-0.));
#6668 = PCURVE('',#724,#6669);
#6669 = DEFINITIONAL_REPRESENTATION('',(#6670),#6674);
#6670 = LINE('',#6671,#6672);
#6671 = CARTESIAN_POINT('',(0.,0.6));
#6672 = VECTOR('',#6673,1.);
#6673 = DIRECTION('',(1.,0.));
#6674 = ( GEOMETRIC_REPRESENTATION_CONTEXT(2) 
PARAMETRIC_REPRESENTATION_CONTEXT() REPRESENTATION_CONTEXT('2D SPACE',''
  ) );
#6675 = PCURVE('',#696,#6676);
#6676 = DEFINITIONAL_REPRESENTATION('',(#6677),#6681);
#6677 = LINE('',#6678,#6679);
#6678 = CARTESIAN_POINT('',(0.,0.));
#6679 = VECTOR('',#6680,1.);
#6680 = DIRECTION('',(0.,1.));
#6681 = ( GEOMETRIC_REPRESENTATION_CONTEXT(2) 
PARAMETRIC_REPRESENTATION_CONTEXT() REPRESENTATION_CONTEXT('2D SPACE',''
  ) );
#6682 = ADVANCED_FACE('',(#6683),#696,.F.);
#6683 = FACE_BOUND('',#6684,.F.);
#6684 = EDGE_LOOP('',(#6685,#6706,#6707,#6708));
#6685 = ORIENTED_EDGE('',*,*,#6686,.F.);
#6686 = EDGE_CURVE('',#6640,#6136,#6687,.T.);
#6687 = SURFACE_CURVE('',#6688,(#6692,#6699),.PCURVE_S1.);
#6688 = LINE('',#6689,#6690);
#6689 = CARTESIAN_POINT('',(-34.3,15.3,5.6));
#6690 = VECTOR('',#6691,1.);
#6691 = DIRECTION('',(0.,0.,1.));
#6692 = PCURVE('',#696,#6693);
#6693 = DEFINITIONAL_REPRESENTATION('',(#6694),#6698);
#6694 = LINE('',#6695,#6696);
#6695 = CARTESIAN_POINT('',(0.,1.5));
#6696 = VECTOR('',#6697,1.);
#6697 = DIRECTION('',(1.,0.));
#6698 = ( GEOMETRIC_REPRESENTATION_CONTEXT(2) 
PARAMETRIC_REPRESENTATION_CONTEXT() REPRESENTATION_CONTEXT('2D SPACE',''
  ) );
#6699 = PCURVE('',#6171,#6700);
#6700 = DEFINITIONAL_REPRESENTATION('',(#6701),#6705);
#6701 = LINE('',#6702,#6703);
#6702 = CARTESIAN_POINT('',(0.,-0.6));
#6703 = VECTOR('',#6704,1.);
#6704 = DIRECTION('',(1.,0.));
#6705 = ( GEOMETRIC_REPRESENTATION_CONTEXT(2) 
PARAMETRIC_REPRESENTATION_CONTEXT() REPRESENTATION_CONTEXT('2D SPACE',''
  ) );
#6706 = ORIENTED_EDGE('',*,*,#6662,.F.);
#6707 = ORIENTED_EDGE('',*,*,#680,.T.);
#6708 = ORIENTED_EDGE('',*,*,#6135,.F.);
#6709 = ADVANCED_FACE('',(#6710),#645,.T.);
#6710 = FACE_BOUND('',#6711,.T.);
#6711 = EDGE_LOOP('',(#6712,#6735,#6756,#6757));
#6712 = ORIENTED_EDGE('',*,*,#6713,.F.);
#6713 = EDGE_CURVE('',#6714,#6090,#6716,.T.);
#6714 = VERTEX_POINT('',#6715);
#6715 = CARTESIAN_POINT('',(-32.8,19.7,5.6));
#6716 = SURFACE_CURVE('',#6717,(#6721,#6728),.PCURVE_S1.);
#6717 = LINE('',#6718,#6719);
#6718 = CARTESIAN_POINT('',(-32.8,19.7,5.6));
#6719 = VECTOR('',#6720,1.);
#6720 = DIRECTION('',(0.,0.,1.));
#6721 = PCURVE('',#645,#6722);
#6722 = DEFINITIONAL_REPRESENTATION('',(#6723),#6727);
#6723 = LINE('',#6724,#6725);
#6724 = CARTESIAN_POINT('',(0.,3.));
#6725 = VECTOR('',#6726,1.);
#6726 = DIRECTION('',(1.,0.));
#6727 = ( GEOMETRIC_REPRESENTATION_CONTEXT(2) 
PARAMETRIC_REPRESENTATION_CONTEXT() REPRESENTATION_CONTEXT('2D SPACE',''
  ) );
#6728 = PCURVE('',#6104,#6729);
#6729 = DEFINITIONAL_REPRESENTATION('',(#6730),#6734);
#6730 = LINE('',#6731,#6732);
#6731 = CARTESIAN_POINT('',(0.,0.));
#6732 = VECTOR('',#6733,1.);
#6733 = DIRECTION('',(1.,0.));
#6734 = ( GEOMETRIC_REPRESENTATION_CONTEXT(2) 
PARAMETRIC_REPRESENTATION_CONTEXT() REPRESENTATION_CONTEXT('2D SPACE',''
  ) );
#6735 = ORIENTED_EDGE('',*,*,#6736,.F.);
#6736 = EDGE_CURVE('',#602,#6714,#6737,.T.);
#6737 = SURFACE_CURVE('',#6738,(#6742,#6749),.PCURVE_S1.);
#6738 = LINE('',#6739,#6740);
#6739 = CARTESIAN_POINT('',(-35.8,19.7,5.6));
#6740 = VECTOR('',#6741,1.);
#6741 = DIRECTION('',(1.,0.,-0.));
#6742 = PCURVE('',#645,#6743);
#6743 = DEFINITIONAL_REPRESENTATION('',(#6744),#6748);
#6744 = LINE('',#6745,#6746);
#6745 = CARTESIAN_POINT('',(0.,0.));
#6746 = VECTOR('',#6747,1.);
#6747 = DIRECTION('',(0.,1.));
#6748 = ( GEOMETRIC_REPRESENTATION_CONTEXT(2) 
PARAMETRIC_REPRESENTATION_CONTEXT() REPRESENTATION_CONTEXT('2D SPACE',''
  ) );
#6749 = PCURVE('',#617,#6750);
#6750 = DEFINITIONAL_REPRESENTATION('',(#6751),#6755);
#6751 = LINE('',#6752,#6753);
#6752 = CARTESIAN_POINT('',(0.,0.));
#6753 = VECTOR('',#6754,1.);
#6754 = DIRECTION('',(1.,0.));
#6755 = ( GEOMETRIC_REPRESENTATION_CONTEXT(2) 
PARAMETRIC_REPRESENTATION_CONTEXT() REPRESENTATION_CONTEXT('2D SPACE',''
  ) );
#6756 = ORIENTED_EDGE('',*,*,#629,.T.);
#6757 = ORIENTED_EDGE('',*,*,#6115,.F.);
#6758 = ADVANCED_FACE('',(#6759),#617,.T.);
#6759 = FACE_BOUND('',#6760,.T.);
#6760 = EDGE_LOOP('',(#6761,#6762,#6763,#6786));
#6761 = ORIENTED_EDGE('',*,*,#601,.F.);
#6762 = ORIENTED_EDGE('',*,*,#6736,.T.);
#6763 = ORIENTED_EDGE('',*,*,#6764,.T.);
#6764 = EDGE_CURVE('',#6714,#6765,#6767,.T.);
#6765 = VERTEX_POINT('',#6766);
#6766 = CARTESIAN_POINT('',(-32.8,20.3,5.6));
#6767 = SURFACE_CURVE('',#6768,(#6772,#6779),.PCURVE_S1.);
#6768 = LINE('',#6769,#6770);
#6769 = CARTESIAN_POINT('',(-32.8,19.7,5.6));
#6770 = VECTOR('',#6771,1.);
#6771 = DIRECTION('',(-0.,1.,0.));
#6772 = PCURVE('',#617,#6773);
#6773 = DEFINITIONAL_REPRESENTATION('',(#6774),#6778);
#6774 = LINE('',#6775,#6776);
#6775 = CARTESIAN_POINT('',(3.,0.));
#6776 = VECTOR('',#6777,1.);
#6777 = DIRECTION('',(0.,1.));
#6778 = ( GEOMETRIC_REPRESENTATION_CONTEXT(2) 
PARAMETRIC_REPRESENTATION_CONTEXT() REPRESENTATION_CONTEXT('2D SPACE',''
  ) );
#6779 = PCURVE('',#6104,#6780);
#6780 = DEFINITIONAL_REPRESENTATION('',(#6781),#6785);
#6781 = LINE('',#6782,#6783);
#6782 = CARTESIAN_POINT('',(0.,0.));
#6783 = VECTOR('',#6784,1.);
#6784 = DIRECTION('',(0.,-1.));
#6785 = ( GEOMETRIC_REPRESENTATION_CONTEXT(2) 
PARAMETRIC_REPRESENTATION_CONTEXT() REPRESENTATION_CONTEXT('2D SPACE',''
  ) );
#6786 = ORIENTED_EDGE('',*,*,#6787,.F.);
#6787 = EDGE_CURVE('',#574,#6765,#6788,.T.);
#6788 = SURFACE_CURVE('',#6789,(#6793,#6800),.PCURVE_S1.);
#6789 = LINE('',#6790,#6791);
#6790 = CARTESIAN_POINT('',(-35.8,20.3,5.6));
#6791 = VECTOR('',#6792,1.);
#6792 = DIRECTION('',(1.,0.,-0.));
#6793 = PCURVE('',#617,#6794);
#6794 = DEFINITIONAL_REPRESENTATION('',(#6795),#6799);
#6795 = LINE('',#6796,#6797);
#6796 = CARTESIAN_POINT('',(0.,0.6));
#6797 = VECTOR('',#6798,1.);
#6798 = DIRECTION('',(1.,0.));
#6799 = ( GEOMETRIC_REPRESENTATION_CONTEXT(2) 
PARAMETRIC_REPRESENTATION_CONTEXT() REPRESENTATION_CONTEXT('2D SPACE',''
  ) );
#6800 = PCURVE('',#589,#6801);
#6801 = DEFINITIONAL_REPRESENTATION('',(#6802),#6806);
#6802 = LINE('',#6803,#6804);
#6803 = CARTESIAN_POINT('',(0.,0.));
#6804 = VECTOR('',#6805,1.);
#6805 = DIRECTION('',(0.,1.));
#6806 = ( GEOMETRIC_REPRESENTATION_CONTEXT(2) 
PARAMETRIC_REPRESENTATION_CONTEXT() REPRESENTATION_CONTEXT('2D SPACE',''
  ) );
#6807 = ADVANCED_FACE('',(#6808),#589,.F.);
#6808 = FACE_BOUND('',#6809,.F.);
#6809 = EDGE_LOOP('',(#6810,#6831,#6832,#6833));
#6810 = ORIENTED_EDGE('',*,*,#6811,.F.);
#6811 = EDGE_CURVE('',#6765,#6069,#6812,.T.);
#6812 = SURFACE_CURVE('',#6813,(#6817,#6824),.PCURVE_S1.);
#6813 = LINE('',#6814,#6815);
#6814 = CARTESIAN_POINT('',(-32.8,20.3,5.6));
#6815 = VECTOR('',#6816,1.);
#6816 = DIRECTION('',(0.,0.,1.));
#6817 = PCURVE('',#589,#6818);
#6818 = DEFINITIONAL_REPRESENTATION('',(#6819),#6823);
#6819 = LINE('',#6820,#6821);
#6820 = CARTESIAN_POINT('',(0.,3.));
#6821 = VECTOR('',#6822,1.);
#6822 = DIRECTION('',(1.,0.));
#6823 = ( GEOMETRIC_REPRESENTATION_CONTEXT(2) 
PARAMETRIC_REPRESENTATION_CONTEXT() REPRESENTATION_CONTEXT('2D SPACE',''
  ) );
#6824 = PCURVE('',#6104,#6825);
#6825 = DEFINITIONAL_REPRESENTATION('',(#6826),#6830);
#6826 = LINE('',#6827,#6828);
#6827 = CARTESIAN_POINT('',(0.,-0.6));
#6828 = VECTOR('',#6829,1.);
#6829 = DIRECTION('',(1.,0.));
#6830 = ( GEOMETRIC_REPRESENTATION_CONTEXT(2) 
PARAMETRIC_REPRESENTATION_CONTEXT() REPRESENTATION_CONTEXT('2D SPACE',''
  ) );
#6831 = ORIENTED_EDGE('',*,*,#6787,.F.);
#6832 = ORIENTED_EDGE('',*,*,#573,.T.);
#6833 = ORIENTED_EDGE('',*,*,#6068,.F.);
#6834 = ADVANCED_FACE('',(#6835),#538,.T.);
#6835 = FACE_BOUND('',#6836,.T.);
#6836 = EDGE_LOOP('',(#6837,#6860,#6881,#6882));
#6837 = ORIENTED_EDGE('',*,*,#6838,.F.);
#6838 = EDGE_CURVE('',#6839,#6023,#6841,.T.);
#6839 = VERTEX_POINT('',#6840);
#6840 = CARTESIAN_POINT('',(-34.3,24.7,5.6));
#6841 = SURFACE_CURVE('',#6842,(#6846,#6853),.PCURVE_S1.);
#6842 = LINE('',#6843,#6844);
#6843 = CARTESIAN_POINT('',(-34.3,24.7,5.6));
#6844 = VECTOR('',#6845,1.);
#6845 = DIRECTION('',(0.,0.,1.));
#6846 = PCURVE('',#538,#6847);
#6847 = DEFINITIONAL_REPRESENTATION('',(#6848),#6852);
#6848 = LINE('',#6849,#6850);
#6849 = CARTESIAN_POINT('',(0.,1.5));
#6850 = VECTOR('',#6851,1.);
#6851 = DIRECTION('',(1.,0.));
#6852 = ( GEOMETRIC_REPRESENTATION_CONTEXT(2) 
PARAMETRIC_REPRESENTATION_CONTEXT() REPRESENTATION_CONTEXT('2D SPACE',''
  ) );
#6853 = PCURVE('',#6037,#6854);
#6854 = DEFINITIONAL_REPRESENTATION('',(#6855),#6859);
#6855 = LINE('',#6856,#6857);
#6856 = CARTESIAN_POINT('',(0.,0.));
#6857 = VECTOR('',#6858,1.);
#6858 = DIRECTION('',(1.,0.));
#6859 = ( GEOMETRIC_REPRESENTATION_CONTEXT(2) 
PARAMETRIC_REPRESENTATION_CONTEXT() REPRESENTATION_CONTEXT('2D SPACE',''
  ) );
#6860 = ORIENTED_EDGE('',*,*,#6861,.F.);
#6861 = EDGE_CURVE('',#495,#6839,#6862,.T.);
#6862 = SURFACE_CURVE('',#6863,(#6867,#6874),.PCURVE_S1.);
#6863 = LINE('',#6864,#6865);
#6864 = CARTESIAN_POINT('',(-35.8,24.7,5.6));
#6865 = VECTOR('',#6866,1.);
#6866 = DIRECTION('',(1.,0.,-0.));
#6867 = PCURVE('',#538,#6868);
#6868 = DEFINITIONAL_REPRESENTATION('',(#6869),#6873);
#6869 = LINE('',#6870,#6871);
#6870 = CARTESIAN_POINT('',(0.,0.));
#6871 = VECTOR('',#6872,1.);
#6872 = DIRECTION('',(0.,1.));
#6873 = ( GEOMETRIC_REPRESENTATION_CONTEXT(2) 
PARAMETRIC_REPRESENTATION_CONTEXT() REPRESENTATION_CONTEXT('2D SPACE',''
  ) );
#6874 = PCURVE('',#510,#6875);
#6875 = DEFINITIONAL_REPRESENTATION('',(#6876),#6880);
#6876 = LINE('',#6877,#6878);
#6877 = CARTESIAN_POINT('',(0.,0.));
#6878 = VECTOR('',#6879,1.);
#6879 = DIRECTION('',(1.,0.));
#6880 = ( GEOMETRIC_REPRESENTATION_CONTEXT(2) 
PARAMETRIC_REPRESENTATION_CONTEXT() REPRESENTATION_CONTEXT('2D SPACE',''
  ) );
#6881 = ORIENTED_EDGE('',*,*,#522,.T.);
#6882 = ORIENTED_EDGE('',*,*,#6048,.F.);
#6883 = ADVANCED_FACE('',(#6884),#510,.T.);
#6884 = FACE_BOUND('',#6885,.T.);
#6885 = EDGE_LOOP('',(#6886,#6887,#6888,#6911));
#6886 = ORIENTED_EDGE('',*,*,#494,.F.);
#6887 = ORIENTED_EDGE('',*,*,#6861,.T.);
#6888 = ORIENTED_EDGE('',*,*,#6889,.T.);
#6889 = EDGE_CURVE('',#6839,#6890,#6892,.T.);
#6890 = VERTEX_POINT('',#6891);
#6891 = CARTESIAN_POINT('',(-34.3,25.3,5.6));
#6892 = SURFACE_CURVE('',#6893,(#6897,#6904),.PCURVE_S1.);
#6893 = LINE('',#6894,#6895);
#6894 = CARTESIAN_POINT('',(-34.3,24.7,5.6));
#6895 = VECTOR('',#6896,1.);
#6896 = DIRECTION('',(-0.,1.,0.));
#6897 = PCURVE('',#510,#6898);
#6898 = DEFINITIONAL_REPRESENTATION('',(#6899),#6903);
#6899 = LINE('',#6900,#6901);
#6900 = CARTESIAN_POINT('',(1.5,0.));
#6901 = VECTOR('',#6902,1.);
#6902 = DIRECTION('',(0.,1.));
#6903 = ( GEOMETRIC_REPRESENTATION_CONTEXT(2) 
PARAMETRIC_REPRESENTATION_CONTEXT() REPRESENTATION_CONTEXT('2D SPACE',''
  ) );
#6904 = PCURVE('',#6037,#6905);
#6905 = DEFINITIONAL_REPRESENTATION('',(#6906),#6910);
#6906 = LINE('',#6907,#6908);
#6907 = CARTESIAN_POINT('',(0.,0.));
#6908 = VECTOR('',#6909,1.);
#6909 = DIRECTION('',(0.,-1.));
#6910 = ( GEOMETRIC_REPRESENTATION_CONTEXT(2) 
PARAMETRIC_REPRESENTATION_CONTEXT() REPRESENTATION_CONTEXT('2D SPACE',''
  ) );
#6911 = ORIENTED_EDGE('',*,*,#6912,.F.);
#6912 = EDGE_CURVE('',#467,#6890,#6913,.T.);
#6913 = SURFACE_CURVE('',#6914,(#6918,#6925),.PCURVE_S1.);
#6914 = LINE('',#6915,#6916);
#6915 = CARTESIAN_POINT('',(-35.8,25.3,5.6));
#6916 = VECTOR('',#6917,1.);
#6917 = DIRECTION('',(1.,0.,-0.));
#6918 = PCURVE('',#510,#6919);
#6919 = DEFINITIONAL_REPRESENTATION('',(#6920),#6924);
#6920 = LINE('',#6921,#6922);
#6921 = CARTESIAN_POINT('',(0.,0.6));
#6922 = VECTOR('',#6923,1.);
#6923 = DIRECTION('',(1.,0.));
#6924 = ( GEOMETRIC_REPRESENTATION_CONTEXT(2) 
PARAMETRIC_REPRESENTATION_CONTEXT() REPRESENTATION_CONTEXT('2D SPACE',''
  ) );
#6925 = PCURVE('',#482,#6926);
#6926 = DEFINITIONAL_REPRESENTATION('',(#6927),#6931);
#6927 = LINE('',#6928,#6929);
#6928 = CARTESIAN_POINT('',(0.,0.));
#6929 = VECTOR('',#6930,1.);
#6930 = DIRECTION('',(0.,1.));
#6931 = ( GEOMETRIC_REPRESENTATION_CONTEXT(2) 
PARAMETRIC_REPRESENTATION_CONTEXT() REPRESENTATION_CONTEXT('2D SPACE',''
  ) );
#6932 = ADVANCED_FACE('',(#6933),#482,.F.);
#6933 = FACE_BOUND('',#6934,.F.);
#6934 = EDGE_LOOP('',(#6935,#6956,#6957,#6958));
#6935 = ORIENTED_EDGE('',*,*,#6936,.F.);
#6936 = EDGE_CURVE('',#6890,#6002,#6937,.T.);
#6937 = SURFACE_CURVE('',#6938,(#6942,#6949),.PCURVE_S1.);
#6938 = LINE('',#6939,#6940);
#6939 = CARTESIAN_POINT('',(-34.3,25.3,5.6));
#6940 = VECTOR('',#6941,1.);
#6941 = DIRECTION('',(0.,0.,1.));
#6942 = PCURVE('',#482,#6943);
#6943 = DEFINITIONAL_REPRESENTATION('',(#6944),#6948);
#6944 = LINE('',#6945,#6946);
#6945 = CARTESIAN_POINT('',(0.,1.5));
#6946 = VECTOR('',#6947,1.);
#6947 = DIRECTION('',(1.,0.));
#6948 = ( GEOMETRIC_REPRESENTATION_CONTEXT(2) 
PARAMETRIC_REPRESENTATION_CONTEXT() REPRESENTATION_CONTEXT('2D SPACE',''
  ) );
#6949 = PCURVE('',#6037,#6950);
#6950 = DEFINITIONAL_REPRESENTATION('',(#6951),#6955);
#6951 = LINE('',#6952,#6953);
#6952 = CARTESIAN_POINT('',(0.,-0.6));
#6953 = VECTOR('',#6954,1.);
#6954 = DIRECTION('',(1.,0.));
#6955 = ( GEOMETRIC_REPRESENTATION_CONTEXT(2) 
PARAMETRIC_REPRESENTATION_CONTEXT() REPRESENTATION_CONTEXT('2D SPACE',''
  ) );
#6956 = ORIENTED_EDGE('',*,*,#6912,.F.);
#6957 = ORIENTED_EDGE('',*,*,#466,.T.);
#6958 = ORIENTED_EDGE('',*,*,#6001,.F.);
#6959 = ADVANCED_FACE('',(#6960),#431,.T.);
#6960 = FACE_BOUND('',#6961,.T.);
#6961 = EDGE_LOOP('',(#6962,#6985,#7006,#7007));
#6962 = ORIENTED_EDGE('',*,*,#6963,.F.);
#6963 = EDGE_CURVE('',#6964,#5956,#6966,.T.);
#6964 = VERTEX_POINT('',#6965);
#6965 = CARTESIAN_POINT('',(-32.8,29.7,5.6));
#6966 = SURFACE_CURVE('',#6967,(#6971,#6978),.PCURVE_S1.);
#6967 = LINE('',#6968,#6969);
#6968 = CARTESIAN_POINT('',(-32.8,29.7,5.6));
#6969 = VECTOR('',#6970,1.);
#6970 = DIRECTION('',(0.,0.,1.));
#6971 = PCURVE('',#431,#6972);
#6972 = DEFINITIONAL_REPRESENTATION('',(#6973),#6977);
#6973 = LINE('',#6974,#6975);
#6974 = CARTESIAN_POINT('',(0.,3.));
#6975 = VECTOR('',#6976,1.);
#6976 = DIRECTION('',(1.,0.));
#6977 = ( GEOMETRIC_REPRESENTATION_CONTEXT(2) 
PARAMETRIC_REPRESENTATION_CONTEXT() REPRESENTATION_CONTEXT('2D SPACE',''
  ) );
#6978 = PCURVE('',#5970,#6979);
#6979 = DEFINITIONAL_REPRESENTATION('',(#6980),#6984);
#6980 = LINE('',#6981,#6982);
#6981 = CARTESIAN_POINT('',(0.,0.));
#6982 = VECTOR('',#6983,1.);
#6983 = DIRECTION('',(1.,0.));
#6984 = ( GEOMETRIC_REPRESENTATION_CONTEXT(2) 
PARAMETRIC_REPRESENTATION_CONTEXT() REPRESENTATION_CONTEXT('2D SPACE',''
  ) );
#6985 = ORIENTED_EDGE('',*,*,#6986,.F.);
#6986 = EDGE_CURVE('',#388,#6964,#6987,.T.);
#6987 = SURFACE_CURVE('',#6988,(#6992,#6999),.PCURVE_S1.);
#6988 = LINE('',#6989,#6990);
#6989 = CARTESIAN_POINT('',(-35.8,29.7,5.6));
#6990 = VECTOR('',#6991,1.);
#6991 = DIRECTION('',(1.,0.,-0.));
#6992 = PCURVE('',#431,#6993);
#6993 = DEFINITIONAL_REPRESENTATION('',(#6994),#6998);
#6994 = LINE('',#6995,#6996);
#6995 = CARTESIAN_POINT('',(0.,0.));
#6996 = VECTOR('',#6997,1.);
#6997 = DIRECTION('',(0.,1.));
#6998 = ( GEOMETRIC_REPRESENTATION_CONTEXT(2) 
PARAMETRIC_REPRESENTATION_CONTEXT() REPRESENTATION_CONTEXT('2D SPACE',''
  ) );
#6999 = PCURVE('',#403,#7000);
#7000 = DEFINITIONAL_REPRESENTATION('',(#7001),#7005);
#7001 = LINE('',#7002,#7003);
#7002 = CARTESIAN_POINT('',(0.,0.));
#7003 = VECTOR('',#7004,1.);
#7004 = DIRECTION('',(1.,0.));
#7005 = ( GEOMETRIC_REPRESENTATION_CONTEXT(2) 
PARAMETRIC_REPRESENTATION_CONTEXT() REPRESENTATION_CONTEXT('2D SPACE',''
  ) );
#7006 = ORIENTED_EDGE('',*,*,#415,.T.);
#7007 = ORIENTED_EDGE('',*,*,#5981,.F.);
#7008 = ADVANCED_FACE('',(#7009),#403,.T.);
#7009 = FACE_BOUND('',#7010,.T.);
#7010 = EDGE_LOOP('',(#7011,#7012,#7013,#7036));
#7011 = ORIENTED_EDGE('',*,*,#387,.F.);
#7012 = ORIENTED_EDGE('',*,*,#6986,.T.);
#7013 = ORIENTED_EDGE('',*,*,#7014,.T.);
#7014 = EDGE_CURVE('',#6964,#7015,#7017,.T.);
#7015 = VERTEX_POINT('',#7016);
#7016 = CARTESIAN_POINT('',(-32.8,30.3,5.6));
#7017 = SURFACE_CURVE('',#7018,(#7022,#7029),.PCURVE_S1.);
#7018 = LINE('',#7019,#7020);
#7019 = CARTESIAN_POINT('',(-32.8,29.7,5.6));
#7020 = VECTOR('',#7021,1.);
#7021 = DIRECTION('',(-0.,1.,0.));
#7022 = PCURVE('',#403,#7023);
#7023 = DEFINITIONAL_REPRESENTATION('',(#7024),#7028);
#7024 = LINE('',#7025,#7026);
#7025 = CARTESIAN_POINT('',(3.,0.));
#7026 = VECTOR('',#7027,1.);
#7027 = DIRECTION('',(0.,1.));
#7028 = ( GEOMETRIC_REPRESENTATION_CONTEXT(2) 
PARAMETRIC_REPRESENTATION_CONTEXT() REPRESENTATION_CONTEXT('2D SPACE',''
  ) );
#7029 = PCURVE('',#5970,#7030);
#7030 = DEFINITIONAL_REPRESENTATION('',(#7031),#7035);
#7031 = LINE('',#7032,#7033);
#7032 = CARTESIAN_POINT('',(0.,0.));
#7033 = VECTOR('',#7034,1.);
#7034 = DIRECTION('',(0.,-1.));
#7035 = ( GEOMETRIC_REPRESENTATION_CONTEXT(2) 
PARAMETRIC_REPRESENTATION_CONTEXT() REPRESENTATION_CONTEXT('2D SPACE',''
  ) );
#7036 = ORIENTED_EDGE('',*,*,#7037,.F.);
#7037 = EDGE_CURVE('',#360,#7015,#7038,.T.);
#7038 = SURFACE_CURVE('',#7039,(#7043,#7050),.PCURVE_S1.);
#7039 = LINE('',#7040,#7041);
#7040 = CARTESIAN_POINT('',(-35.8,30.3,5.6));
#7041 = VECTOR('',#7042,1.);
#7042 = DIRECTION('',(1.,0.,-0.));
#7043 = PCURVE('',#403,#7044);
#7044 = DEFINITIONAL_REPRESENTATION('',(#7045),#7049);
#7045 = LINE('',#7046,#7047);
#7046 = CARTESIAN_POINT('',(0.,0.6));
#7047 = VECTOR('',#7048,1.);
#7048 = DIRECTION('',(1.,0.));
#7049 = ( GEOMETRIC_REPRESENTATION_CONTEXT(2) 
PARAMETRIC_REPRESENTATION_CONTEXT() REPRESENTATION_CONTEXT('2D SPACE',''
  ) );
#7050 = PCURVE('',#375,#7051);
#7051 = DEFINITIONAL_REPRESENTATION('',(#7052),#7056);
#7052 = LINE('',#7053,#7054);
#7053 = CARTESIAN_POINT('',(0.,0.));
#7054 = VECTOR('',#7055,1.);
#7055 = DIRECTION('',(0.,1.));
#7056 = ( GEOMETRIC_REPRESENTATION_CONTEXT(2) 
PARAMETRIC_REPRESENTATION_CONTEXT() REPRESENTATION_CONTEXT('2D SPACE',''
  ) );
#7057 = ADVANCED_FACE('',(#7058),#375,.F.);
#7058 = FACE_BOUND('',#7059,.F.);
#7059 = EDGE_LOOP('',(#7060,#7081,#7082,#7083));
#7060 = ORIENTED_EDGE('',*,*,#7061,.F.);
#7061 = EDGE_CURVE('',#7015,#5935,#7062,.T.);
#7062 = SURFACE_CURVE('',#7063,(#7067,#7074),.PCURVE_S1.);
#7063 = LINE('',#7064,#7065);
#7064 = CARTESIAN_POINT('',(-32.8,30.3,5.6));
#7065 = VECTOR('',#7066,1.);
#7066 = DIRECTION('',(0.,0.,1.));
#7067 = PCURVE('',#375,#7068);
#7068 = DEFINITIONAL_REPRESENTATION('',(#7069),#7073);
#7069 = LINE('',#7070,#7071);
#7070 = CARTESIAN_POINT('',(0.,3.));
#7071 = VECTOR('',#7072,1.);
#7072 = DIRECTION('',(1.,0.));
#7073 = ( GEOMETRIC_REPRESENTATION_CONTEXT(2) 
PARAMETRIC_REPRESENTATION_CONTEXT() REPRESENTATION_CONTEXT('2D SPACE',''
  ) );
#7074 = PCURVE('',#5970,#7075);
#7075 = DEFINITIONAL_REPRESENTATION('',(#7076),#7080);
#7076 = LINE('',#7077,#7078);
#7077 = CARTESIAN_POINT('',(0.,-0.6));
#7078 = VECTOR('',#7079,1.);
#7079 = DIRECTION('',(1.,0.));
#7080 = ( GEOMETRIC_REPRESENTATION_CONTEXT(2) 
PARAMETRIC_REPRESENTATION_CONTEXT() REPRESENTATION_CONTEXT('2D SPACE',''
  ) );
#7081 = ORIENTED_EDGE('',*,*,#7037,.F.);
#7082 = ORIENTED_EDGE('',*,*,#359,.T.);
#7083 = ORIENTED_EDGE('',*,*,#5934,.F.);
#7084 = ADVANCED_FACE('',(#7085),#324,.T.);
#7085 = FACE_BOUND('',#7086,.T.);
#7086 = EDGE_LOOP('',(#7087,#7110,#7131,#7132));
#7087 = ORIENTED_EDGE('',*,*,#7088,.F.);
#7088 = EDGE_CURVE('',#7089,#5889,#7091,.T.);
#7089 = VERTEX_POINT('',#7090);
#7090 = CARTESIAN_POINT('',(-34.3,34.7,5.6));
#7091 = SURFACE_CURVE('',#7092,(#7096,#7103),.PCURVE_S1.);
#7092 = LINE('',#7093,#7094);
#7093 = CARTESIAN_POINT('',(-34.3,34.7,5.6));
#7094 = VECTOR('',#7095,1.);
#7095 = DIRECTION('',(0.,0.,1.));
#7096 = PCURVE('',#324,#7097);
#7097 = DEFINITIONAL_REPRESENTATION('',(#7098),#7102);
#7098 = LINE('',#7099,#7100);
#7099 = CARTESIAN_POINT('',(0.,1.5));
#7100 = VECTOR('',#7101,1.);
#7101 = DIRECTION('',(1.,0.));
#7102 = ( GEOMETRIC_REPRESENTATION_CONTEXT(2) 
PARAMETRIC_REPRESENTATION_CONTEXT() REPRESENTATION_CONTEXT('2D SPACE',''
  ) );
#7103 = PCURVE('',#5903,#7104);
#7104 = DEFINITIONAL_REPRESENTATION('',(#7105),#7109);
#7105 = LINE('',#7106,#7107);
#7106 = CARTESIAN_POINT('',(0.,0.));
#7107 = VECTOR('',#7108,1.);
#7108 = DIRECTION('',(1.,0.));
#7109 = ( GEOMETRIC_REPRESENTATION_CONTEXT(2) 
PARAMETRIC_REPRESENTATION_CONTEXT() REPRESENTATION_CONTEXT('2D SPACE',''
  ) );
#7110 = ORIENTED_EDGE('',*,*,#7111,.F.);
#7111 = EDGE_CURVE('',#281,#7089,#7112,.T.);
#7112 = SURFACE_CURVE('',#7113,(#7117,#7124),.PCURVE_S1.);
#7113 = LINE('',#7114,#7115);
#7114 = CARTESIAN_POINT('',(-35.8,34.7,5.6));
#7115 = VECTOR('',#7116,1.);
#7116 = DIRECTION('',(1.,0.,-0.));
#7117 = PCURVE('',#324,#7118);
#7118 = DEFINITIONAL_REPRESENTATION('',(#7119),#7123);
#7119 = LINE('',#7120,#7121);
#7120 = CARTESIAN_POINT('',(0.,0.));
#7121 = VECTOR('',#7122,1.);
#7122 = DIRECTION('',(0.,1.));
#7123 = ( GEOMETRIC_REPRESENTATION_CONTEXT(2) 
PARAMETRIC_REPRESENTATION_CONTEXT() REPRESENTATION_CONTEXT('2D SPACE',''
  ) );
#7124 = PCURVE('',#296,#7125);
#7125 = DEFINITIONAL_REPRESENTATION('',(#7126),#7130);
#7126 = LINE('',#7127,#7128);
#7127 = CARTESIAN_POINT('',(0.,0.));
#7128 = VECTOR('',#7129,1.);
#7129 = DIRECTION('',(1.,0.));
#7130 = ( GEOMETRIC_REPRESENTATION_CONTEXT(2) 
PARAMETRIC_REPRESENTATION_CONTEXT() REPRESENTATION_CONTEXT('2D SPACE',''
  ) );
#7131 = ORIENTED_EDGE('',*,*,#308,.T.);
#7132 = ORIENTED_EDGE('',*,*,#5914,.F.);
#7133 = ADVANCED_FACE('',(#7134),#296,.T.);
#7134 = FACE_BOUND('',#7135,.T.);
#7135 = EDGE_LOOP('',(#7136,#7137,#7138,#7161));
#7136 = ORIENTED_EDGE('',*,*,#280,.F.);
#7137 = ORIENTED_EDGE('',*,*,#7111,.T.);
#7138 = ORIENTED_EDGE('',*,*,#7139,.T.);
#7139 = EDGE_CURVE('',#7089,#7140,#7142,.T.);
#7140 = VERTEX_POINT('',#7141);
#7141 = CARTESIAN_POINT('',(-34.3,35.3,5.6));
#7142 = SURFACE_CURVE('',#7143,(#7147,#7154),.PCURVE_S1.);
#7143 = LINE('',#7144,#7145);
#7144 = CARTESIAN_POINT('',(-34.3,34.7,5.6));
#7145 = VECTOR('',#7146,1.);
#7146 = DIRECTION('',(-0.,1.,0.));
#7147 = PCURVE('',#296,#7148);
#7148 = DEFINITIONAL_REPRESENTATION('',(#7149),#7153);
#7149 = LINE('',#7150,#7151);
#7150 = CARTESIAN_POINT('',(1.5,0.));
#7151 = VECTOR('',#7152,1.);
#7152 = DIRECTION('',(0.,1.));
#7153 = ( GEOMETRIC_REPRESENTATION_CONTEXT(2) 
PARAMETRIC_REPRESENTATION_CONTEXT() REPRESENTATION_CONTEXT('2D SPACE',''
  ) );
#7154 = PCURVE('',#5903,#7155);
#7155 = DEFINITIONAL_REPRESENTATION('',(#7156),#7160);
#7156 = LINE('',#7157,#7158);
#7157 = CARTESIAN_POINT('',(0.,0.));
#7158 = VECTOR('',#7159,1.);
#7159 = DIRECTION('',(0.,-1.));
#7160 = ( GEOMETRIC_REPRESENTATION_CONTEXT(2) 
PARAMETRIC_REPRESENTATION_CONTEXT() REPRESENTATION_CONTEXT('2D SPACE',''
  ) );
#7161 = ORIENTED_EDGE('',*,*,#7162,.F.);
#7162 = EDGE_CURVE('',#253,#7140,#7163,.T.);
#7163 = SURFACE_CURVE('',#7164,(#7168,#7175),.PCURVE_S1.);
#7164 = LINE('',#7165,#7166);
#7165 = CARTESIAN_POINT('',(-35.8,35.3,5.6));
#7166 = VECTOR('',#7167,1.);
#7167 = DIRECTION('',(1.,0.,-0.));
#7168 = PCURVE('',#296,#7169);
#7169 = DEFINITIONAL_REPRESENTATION('',(#7170),#7174);
#7170 = LINE('',#7171,#7172);
#7171 = CARTESIAN_POINT('',(0.,0.6));
#7172 = VECTOR('',#7173,1.);
#7173 = DIRECTION('',(1.,0.));
#7174 = ( GEOMETRIC_REPRESENTATION_CONTEXT(2) 
PARAMETRIC_REPRESENTATION_CONTEXT() REPRESENTATION_CONTEXT('2D SPACE',''
  ) );
#7175 = PCURVE('',#268,#7176);
#7176 = DEFINITIONAL_REPRESENTATION('',(#7177),#7181);
#7177 = LINE('',#7178,#7179);
#7178 = CARTESIAN_POINT('',(0.,0.));
#7179 = VECTOR('',#7180,1.);
#7180 = DIRECTION('',(0.,1.));
#7181 = ( GEOMETRIC_REPRESENTATION_CONTEXT(2) 
PARAMETRIC_REPRESENTATION_CONTEXT() REPRESENTATION_CONTEXT('2D SPACE',''
  ) );
#7182 = ADVANCED_FACE('',(#7183),#268,.F.);
#7183 = FACE_BOUND('',#7184,.F.);
#7184 = EDGE_LOOP('',(#7185,#7206,#7207,#7208));
#7185 = ORIENTED_EDGE('',*,*,#7186,.F.);
#7186 = EDGE_CURVE('',#7140,#5868,#7187,.T.);
#7187 = SURFACE_CURVE('',#7188,(#7192,#7199),.PCURVE_S1.);
#7188 = LINE('',#7189,#7190);
#7189 = CARTESIAN_POINT('',(-34.3,35.3,5.6));
#7190 = VECTOR('',#7191,1.);
#7191 = DIRECTION('',(0.,0.,1.));
#7192 = PCURVE('',#268,#7193);
#7193 = DEFINITIONAL_REPRESENTATION('',(#7194),#7198);
#7194 = LINE('',#7195,#7196);
#7195 = CARTESIAN_POINT('',(0.,1.5));
#7196 = VECTOR('',#7197,1.);
#7197 = DIRECTION('',(1.,0.));
#7198 = ( GEOMETRIC_REPRESENTATION_CONTEXT(2) 
PARAMETRIC_REPRESENTATION_CONTEXT() REPRESENTATION_CONTEXT('2D SPACE',''
  ) );
#7199 = PCURVE('',#5903,#7200);
#7200 = DEFINITIONAL_REPRESENTATION('',(#7201),#7205);
#7201 = LINE('',#7202,#7203);
#7202 = CARTESIAN_POINT('',(0.,-0.6));
#7203 = VECTOR('',#7204,1.);
#7204 = DIRECTION('',(1.,0.));
#7205 = ( GEOMETRIC_REPRESENTATION_CONTEXT(2) 
PARAMETRIC_REPRESENTATION_CONTEXT() REPRESENTATION_CONTEXT('2D SPACE',''
  ) );
#7206 = ORIENTED_EDGE('',*,*,#7162,.F.);
#7207 = ORIENTED_EDGE('',*,*,#252,.T.);
#7208 = ORIENTED_EDGE('',*,*,#5867,.F.);
#7209 = ADVANCED_FACE('',(#7210),#212,.T.);
#7210 = FACE_BOUND('',#7211,.T.);
#7211 = EDGE_LOOP('',(#7212,#7235,#7256,#7257));
#7212 = ORIENTED_EDGE('',*,*,#7213,.F.);
#7213 = EDGE_CURVE('',#7214,#5822,#7216,.T.);
#7214 = VERTEX_POINT('',#7215);
#7215 = CARTESIAN_POINT('',(-32.8,39.7,5.6));
#7216 = SURFACE_CURVE('',#7217,(#7221,#7228),.PCURVE_S1.);
#7217 = LINE('',#7218,#7219);
#7218 = CARTESIAN_POINT('',(-32.8,39.7,5.6));
#7219 = VECTOR('',#7220,1.);
#7220 = DIRECTION('',(0.,0.,1.));
#7221 = PCURVE('',#212,#7222);
#7222 = DEFINITIONAL_REPRESENTATION('',(#7223),#7227);
#7223 = LINE('',#7224,#7225);
#7224 = CARTESIAN_POINT('',(0.,3.));
#7225 = VECTOR('',#7226,1.);
#7226 = DIRECTION('',(1.,0.));
#7227 = ( GEOMETRIC_REPRESENTATION_CONTEXT(2) 
PARAMETRIC_REPRESENTATION_CONTEXT() REPRESENTATION_CONTEXT('2D SPACE',''
  ) );
#7228 = PCURVE('',#5836,#7229);
#7229 = DEFINITIONAL_REPRESENTATION('',(#7230),#7234);
#7230 = LINE('',#7231,#7232);
#7231 = CARTESIAN_POINT('',(0.,0.));
#7232 = VECTOR('',#7233,1.);
#7233 = DIRECTION('',(1.,0.));
#7234 = ( GEOMETRIC_REPRESENTATION_CONTEXT(2) 
PARAMETRIC_REPRESENTATION_CONTEXT() REPRESENTATION_CONTEXT('2D SPACE',''
  ) );
#7235 = ORIENTED_EDGE('',*,*,#7236,.F.);
#7236 = EDGE_CURVE('',#169,#7214,#7237,.T.);
#7237 = SURFACE_CURVE('',#7238,(#7242,#7249),.PCURVE_S1.);
#7238 = LINE('',#7239,#7240);
#7239 = CARTESIAN_POINT('',(-35.8,39.7,5.6));
#7240 = VECTOR('',#7241,1.);
#7241 = DIRECTION('',(1.,0.,-0.));
#7242 = PCURVE('',#212,#7243);
#7243 = DEFINITIONAL_REPRESENTATION('',(#7244),#7248);
#7244 = LINE('',#7245,#7246);
#7245 = CARTESIAN_POINT('',(0.,0.));
#7246 = VECTOR('',#7247,1.);
#7247 = DIRECTION('',(0.,1.));
#7248 = ( GEOMETRIC_REPRESENTATION_CONTEXT(2) 
PARAMETRIC_REPRESENTATION_CONTEXT() REPRESENTATION_CONTEXT('2D SPACE',''
  ) );
#7249 = PCURVE('',#184,#7250);
#7250 = DEFINITIONAL_REPRESENTATION('',(#7251),#7255);
#7251 = LINE('',#7252,#7253);
#7252 = CARTESIAN_POINT('',(0.,0.));
#7253 = VECTOR('',#7254,1.);
#7254 = DIRECTION('',(1.,0.));
#7255 = ( GEOMETRIC_REPRESENTATION_CONTEXT(2) 
PARAMETRIC_REPRESENTATION_CONTEXT() REPRESENTATION_CONTEXT('2D SPACE',''
  ) );
#7256 = ORIENTED_EDGE('',*,*,#196,.T.);
#7257 = ORIENTED_EDGE('',*,*,#5847,.F.);
#7258 = ADVANCED_FACE('',(#7259),#184,.T.);
#7259 = FACE_BOUND('',#7260,.T.);
#7260 = EDGE_LOOP('',(#7261,#7262,#7263,#7286));
#7261 = ORIENTED_EDGE('',*,*,#168,.F.);
#7262 = ORIENTED_EDGE('',*,*,#7236,.T.);
#7263 = ORIENTED_EDGE('',*,*,#7264,.T.);
#7264 = EDGE_CURVE('',#7214,#7265,#7267,.T.);
#7265 = VERTEX_POINT('',#7266);
#7266 = CARTESIAN_POINT('',(-32.8,40.,5.6));
#7267 = SURFACE_CURVE('',#7268,(#7272,#7279),.PCURVE_S1.);
#7268 = LINE('',#7269,#7270);
#7269 = CARTESIAN_POINT('',(-32.8,39.7,5.6));
#7270 = VECTOR('',#7271,1.);
#7271 = DIRECTION('',(-0.,1.,0.));
#7272 = PCURVE('',#184,#7273);
#7273 = DEFINITIONAL_REPRESENTATION('',(#7274),#7278);
#7274 = LINE('',#7275,#7276);
#7275 = CARTESIAN_POINT('',(3.,0.));
#7276 = VECTOR('',#7277,1.);
#7277 = DIRECTION('',(0.,1.));
#7278 = ( GEOMETRIC_REPRESENTATION_CONTEXT(2) 
PARAMETRIC_REPRESENTATION_CONTEXT() REPRESENTATION_CONTEXT('2D SPACE',''
  ) );
#7279 = PCURVE('',#5836,#7280);
#7280 = DEFINITIONAL_REPRESENTATION('',(#7281),#7285);
#7281 = LINE('',#7282,#7283);
#7282 = CARTESIAN_POINT('',(0.,0.));
#7283 = VECTOR('',#7284,1.);
#7284 = DIRECTION('',(0.,-1.));
#7285 = ( GEOMETRIC_REPRESENTATION_CONTEXT(2) 
PARAMETRIC_REPRESENTATION_CONTEXT() REPRESENTATION_CONTEXT('2D SPACE',''
  ) );
#7286 = ORIENTED_EDGE('',*,*,#7287,.F.);
#7287 = EDGE_CURVE('',#141,#7265,#7288,.T.);
#7288 = SURFACE_CURVE('',#7289,(#7293,#7299),.PCURVE_S1.);
#7289 = LINE('',#7290,#7291);
#7290 = CARTESIAN_POINT('',(-35.8,40.,5.6));
#7291 = VECTOR('',#7292,1.);
#7292 = DIRECTION('',(1.,0.,-0.));
#7293 = PCURVE('',#184,#7294);
#7294 = DEFINITIONAL_REPRESENTATION('',(#7295),#7298);
#7295 = B_SPLINE_CURVE_WITH_KNOTS('',1,(#7296,#7297),.UNSPECIFIED.,.F.,
  .F.,(2,2),(0.,3.),.PIECEWISE_BEZIER_KNOTS.);
#7296 = CARTESIAN_POINT('',(0.,0.3));
#7297 = CARTESIAN_POINT('',(3.,0.3));
#7298 = ( GEOMETRIC_REPRESENTATION_CONTEXT(2) 
PARAMETRIC_REPRESENTATION_CONTEXT() REPRESENTATION_CONTEXT('2D SPACE',''
  ) );
#7299 = PCURVE('',#156,#7300);
#7300 = DEFINITIONAL_REPRESENTATION('',(#7301),#7304);
#7301 = B_SPLINE_CURVE_WITH_KNOTS('',1,(#7302,#7303),.UNSPECIFIED.,.F.,
  .F.,(2,2),(0.,3.),.PIECEWISE_BEZIER_KNOTS.);
#7302 = CARTESIAN_POINT('',(5.6,0.));
#7303 = CARTESIAN_POINT('',(5.6,3.));
#7304 = ( GEOMETRIC_REPRESENTATION_CONTEXT(2) 
PARAMETRIC_REPRESENTATION_CONTEXT() REPRESENTATION_CONTEXT('2D SPACE',''
  ) );
#7305 = ADVANCED_FACE('',(#7306),#156,.T.);
#7306 = FACE_BOUND('',#7307,.T.);
#7307 = EDGE_LOOP('',(#7308,#7333,#7354,#7355,#7356,#7375,#7376,#7397));
#7308 = ORIENTED_EDGE('',*,*,#7309,.F.);
#7309 = EDGE_CURVE('',#7310,#7312,#7314,.T.);
#7310 = VERTEX_POINT('',#7311);
#7311 = CARTESIAN_POINT('',(35.8,40.,0.));
#7312 = VERTEX_POINT('',#7313);
#7313 = CARTESIAN_POINT('',(35.8,40.,5.6));
#7314 = SURFACE_CURVE('',#7315,(#7319,#7326),.PCURVE_S1.);
#7315 = LINE('',#7316,#7317);
#7316 = CARTESIAN_POINT('',(35.8,40.,0.));
#7317 = VECTOR('',#7318,1.);
#7318 = DIRECTION('',(0.,0.,1.));
#7319 = PCURVE('',#156,#7320);
#7320 = DEFINITIONAL_REPRESENTATION('',(#7321),#7325);
#7321 = LINE('',#7322,#7323);
#7322 = CARTESIAN_POINT('',(0.,71.6));
#7323 = VECTOR('',#7324,1.);
#7324 = DIRECTION('',(1.,0.));
#7325 = ( GEOMETRIC_REPRESENTATION_CONTEXT(2) 
PARAMETRIC_REPRESENTATION_CONTEXT() REPRESENTATION_CONTEXT('2D SPACE',''
  ) );
#7326 = PCURVE('',#1937,#7327);
#7327 = DEFINITIONAL_REPRESENTATION('',(#7328),#7332);
#7328 = LINE('',#7329,#7330);
#7329 = CARTESIAN_POINT('',(0.,-80.));
#7330 = VECTOR('',#7331,1.);
#7331 = DIRECTION('',(1.,0.));
#7332 = ( GEOMETRIC_REPRESENTATION_CONTEXT(2) 
PARAMETRIC_REPRESENTATION_CONTEXT() REPRESENTATION_CONTEXT('2D SPACE',''
  ) );
#7333 = ORIENTED_EDGE('',*,*,#7334,.F.);
#7334 = EDGE_CURVE('',#113,#7310,#7335,.T.);
#7335 = SURFACE_CURVE('',#7336,(#7340,#7347),.PCURVE_S1.);
#7336 = LINE('',#7337,#7338);
#7337 = CARTESIAN_POINT('',(-35.8,40.,0.));
#7338 = VECTOR('',#7339,1.);
#7339 = DIRECTION('',(1.,0.,-0.));
#7340 = PCURVE('',#156,#7341);
#7341 = DEFINITIONAL_REPRESENTATION('',(#7342),#7346);
#7342 = LINE('',#7343,#7344);
#7343 = CARTESIAN_POINT('',(0.,0.));
#7344 = VECTOR('',#7345,1.);
#7345 = DIRECTION('',(0.,1.));
#7346 = ( GEOMETRIC_REPRESENTATION_CONTEXT(2) 
PARAMETRIC_REPRESENTATION_CONTEXT() REPRESENTATION_CONTEXT('2D SPACE',''
  ) );
#7347 = PCURVE('',#128,#7348);
#7348 = DEFINITIONAL_REPRESENTATION('',(#7349),#7353);
#7349 = LINE('',#7350,#7351);
#7350 = CARTESIAN_POINT('',(0.,80.));
#7351 = VECTOR('',#7352,1.);
#7352 = DIRECTION('',(1.,0.));
#7353 = ( GEOMETRIC_REPRESENTATION_CONTEXT(2) 
PARAMETRIC_REPRESENTATION_CONTEXT() REPRESENTATION_CONTEXT('2D SPACE',''
  ) );
#7354 = ORIENTED_EDGE('',*,*,#140,.T.);
#7355 = ORIENTED_EDGE('',*,*,#7287,.T.);
#7356 = ORIENTED_EDGE('',*,*,#7357,.F.);
#7357 = EDGE_CURVE('',#5799,#7265,#7358,.T.);
#7358 = SURFACE_CURVE('',#7359,(#7363,#7369),.PCURVE_S1.);
#7359 = LINE('',#7360,#7361);
#7360 = CARTESIAN_POINT('',(-32.8,40.,2.8));
#7361 = VECTOR('',#7362,1.);
#7362 = DIRECTION('',(-0.,0.,-1.));
#7363 = PCURVE('',#156,#7364);
#7364 = DEFINITIONAL_REPRESENTATION('',(#7365),#7368);
#7365 = B_SPLINE_CURVE_WITH_KNOTS('',1,(#7366,#7367),.UNSPECIFIED.,.F.,
  .F.,(2,2),(-3.2,-2.8),.PIECEWISE_BEZIER_KNOTS.);
#7366 = CARTESIAN_POINT('',(6.,3.));
#7367 = CARTESIAN_POINT('',(5.6,3.));
#7368 = ( GEOMETRIC_REPRESENTATION_CONTEXT(2) 
PARAMETRIC_REPRESENTATION_CONTEXT() REPRESENTATION_CONTEXT('2D SPACE',''
  ) );
#7369 = PCURVE('',#5836,#7370);
#7370 = DEFINITIONAL_REPRESENTATION('',(#7371),#7374);
#7371 = B_SPLINE_CURVE_WITH_KNOTS('',1,(#7372,#7373),.UNSPECIFIED.,.F.,
  .F.,(2,2),(-3.2,-2.8),.PIECEWISE_BEZIER_KNOTS.);
#7372 = CARTESIAN_POINT('',(0.4,-0.3));
#7373 = CARTESIAN_POINT('',(0.,-0.3));
#7374 = ( GEOMETRIC_REPRESENTATION_CONTEXT(2) 
PARAMETRIC_REPRESENTATION_CONTEXT() REPRESENTATION_CONTEXT('2D SPACE',''
  ) );
#7375 = ORIENTED_EDGE('',*,*,#5798,.T.);
#7376 = ORIENTED_EDGE('',*,*,#7377,.T.);
#7377 = EDGE_CURVE('',#5773,#7378,#7380,.T.);
#7378 = VERTEX_POINT('',#7379);
#7379 = CARTESIAN_POINT('',(32.8,40.,5.6));
#7380 = SURFACE_CURVE('',#7381,(#7385,#7391),.PCURVE_S1.);
#7381 = LINE('',#7382,#7383);
#7382 = CARTESIAN_POINT('',(32.8,40.,2.8));
#7383 = VECTOR('',#7384,1.);
#7384 = DIRECTION('',(-0.,0.,-1.));
#7385 = PCURVE('',#156,#7386);
#7386 = DEFINITIONAL_REPRESENTATION('',(#7387),#7390);
#7387 = B_SPLINE_CURVE_WITH_KNOTS('',1,(#7388,#7389),.UNSPECIFIED.,.F.,
  .F.,(2,2),(-3.2,-2.8),.PIECEWISE_BEZIER_KNOTS.);
#7388 = CARTESIAN_POINT('',(6.,68.6));
#7389 = CARTESIAN_POINT('',(5.6,68.6));
#7390 = ( GEOMETRIC_REPRESENTATION_CONTEXT(2) 
PARAMETRIC_REPRESENTATION_CONTEXT() REPRESENTATION_CONTEXT('2D SPACE',''
  ) );
#7391 = PCURVE('',#5787,#7392);
#7392 = DEFINITIONAL_REPRESENTATION('',(#7393),#7396);
#7393 = B_SPLINE_CURVE_WITH_KNOTS('',1,(#7394,#7395),.UNSPECIFIED.,.F.,
  .F.,(2,2),(-3.2,-2.8),.PIECEWISE_BEZIER_KNOTS.);
#7394 = CARTESIAN_POINT('',(0.4,-0.3));
#7395 = CARTESIAN_POINT('',(0.,-0.3));
#7396 = ( GEOMETRIC_REPRESENTATION_CONTEXT(2) 
PARAMETRIC_REPRESENTATION_CONTEXT() REPRESENTATION_CONTEXT('2D SPACE',''
  ) );
#7397 = ORIENTED_EDGE('',*,*,#7398,.T.);
#7398 = EDGE_CURVE('',#7378,#7312,#7399,.T.);
#7399 = SURFACE_CURVE('',#7400,(#7404,#7410),.PCURVE_S1.);
#7400 = LINE('',#7401,#7402);
#7401 = CARTESIAN_POINT('',(-1.5,40.,5.6));
#7402 = VECTOR('',#7403,1.);
#7403 = DIRECTION('',(1.,0.,-0.));
#7404 = PCURVE('',#156,#7405);
#7405 = DEFINITIONAL_REPRESENTATION('',(#7406),#7409);
#7406 = B_SPLINE_CURVE_WITH_KNOTS('',1,(#7407,#7408),.UNSPECIFIED.,.F.,
  .F.,(2,2),(34.3,37.3),.PIECEWISE_BEZIER_KNOTS.);
#7407 = CARTESIAN_POINT('',(5.6,68.6));
#7408 = CARTESIAN_POINT('',(5.6,71.6));
#7409 = ( GEOMETRIC_REPRESENTATION_CONTEXT(2) 
PARAMETRIC_REPRESENTATION_CONTEXT() REPRESENTATION_CONTEXT('2D SPACE',''
  ) );
#7410 = PCURVE('',#7411,#7416);
#7411 = PLANE('',#7412);
#7412 = AXIS2_PLACEMENT_3D('',#7413,#7414,#7415);
#7413 = CARTESIAN_POINT('',(32.8,39.7,5.6));
#7414 = DIRECTION('',(0.,0.,1.));
#7415 = DIRECTION('',(1.,0.,-0.));
#7416 = DEFINITIONAL_REPRESENTATION('',(#7417),#7420);
#7417 = B_SPLINE_CURVE_WITH_KNOTS('',1,(#7418,#7419),.UNSPECIFIED.,.F.,
  .F.,(2,2),(34.3,37.3),.PIECEWISE_BEZIER_KNOTS.);
#7418 = CARTESIAN_POINT('',(0.,0.3));
#7419 = CARTESIAN_POINT('',(3.,0.3));
#7420 = ( GEOMETRIC_REPRESENTATION_CONTEXT(2) 
PARAMETRIC_REPRESENTATION_CONTEXT() REPRESENTATION_CONTEXT('2D SPACE',''
  ) );
#7421 = ADVANCED_FACE('',(#7422,#7470),#128,.F.);
#7422 = FACE_BOUND('',#7423,.F.);
#7423 = EDGE_LOOP('',(#7424,#7425,#7448,#7469));
#7424 = ORIENTED_EDGE('',*,*,#112,.T.);
#7425 = ORIENTED_EDGE('',*,*,#7426,.T.);
#7426 = EDGE_CURVE('',#85,#7427,#7429,.T.);
#7427 = VERTEX_POINT('',#7428);
#7428 = CARTESIAN_POINT('',(35.8,-52.,0.));
#7429 = SURFACE_CURVE('',#7430,(#7434,#7441),.PCURVE_S1.);
#7430 = LINE('',#7431,#7432);
#7431 = CARTESIAN_POINT('',(-35.8,-52.,0.));
#7432 = VECTOR('',#7433,1.);
#7433 = DIRECTION('',(1.,0.,-0.));
#7434 = PCURVE('',#128,#7435);
#7435 = DEFINITIONAL_REPRESENTATION('',(#7436),#7440);
#7436 = LINE('',#7437,#7438);
#7437 = CARTESIAN_POINT('',(0.,-12.));
#7438 = VECTOR('',#7439,1.);
#7439 = DIRECTION('',(1.,0.));
#7440 = ( GEOMETRIC_REPRESENTATION_CONTEXT(2) 
PARAMETRIC_REPRESENTATION_CONTEXT() REPRESENTATION_CONTEXT('2D SPACE',''
  ) );
#7441 = PCURVE('',#100,#7442);
#7442 = DEFINITIONAL_REPRESENTATION('',(#7443),#7447);
#7443 = LINE('',#7444,#7445);
#7444 = CARTESIAN_POINT('',(0.,0.));
#7445 = VECTOR('',#7446,1.);
#7446 = DIRECTION('',(0.,1.));
#7447 = ( GEOMETRIC_REPRESENTATION_CONTEXT(2) 
PARAMETRIC_REPRESENTATION_CONTEXT() REPRESENTATION_CONTEXT('2D SPACE',''
  ) );
#7448 = ORIENTED_EDGE('',*,*,#7449,.F.);
#7449 = EDGE_CURVE('',#7310,#7427,#7450,.T.);
#7450 = SURFACE_CURVE('',#7451,(#7455,#7462),.PCURVE_S1.);
#7451 = LINE('',#7452,#7453);
#7452 = CARTESIAN_POINT('',(35.8,40.,0.));
#7453 = VECTOR('',#7454,1.);
#7454 = DIRECTION('',(0.,-1.,0.));
#7455 = PCURVE('',#128,#7456);
#7456 = DEFINITIONAL_REPRESENTATION('',(#7457),#7461);
#7457 = LINE('',#7458,#7459);
#7458 = CARTESIAN_POINT('',(71.6,80.));
#7459 = VECTOR('',#7460,1.);
#7460 = DIRECTION('',(0.,-1.));
#7461 = ( GEOMETRIC_REPRESENTATION_CONTEXT(2) 
PARAMETRIC_REPRESENTATION_CONTEXT() REPRESENTATION_CONTEXT('2D SPACE',''
  ) );
#7462 = PCURVE('',#1937,#7463);
#7463 = DEFINITIONAL_REPRESENTATION('',(#7464),#7468);
#7464 = LINE('',#7465,#7466);
#7465 = CARTESIAN_POINT('',(0.,-80.));
#7466 = VECTOR('',#7467,1.);
#7467 = DIRECTION('',(0.,1.));
#7468 = ( GEOMETRIC_REPRESENTATION_CONTEXT(2) 
PARAMETRIC_REPRESENTATION_CONTEXT() REPRESENTATION_CONTEXT('2D SPACE',''
  ) );
#7469 = ORIENTED_EDGE('',*,*,#7334,.F.);
#7470 = FACE_BOUND('',#7471,.F.);
#7471 = EDGE_LOOP('',(#7472));
#7472 = ORIENTED_EDGE('',*,*,#7473,.F.);
#7473 = EDGE_CURVE('',#7474,#7474,#7476,.T.);
#7474 = VERTEX_POINT('',#7475);
#7475 = CARTESIAN_POINT('',(19.5,-4.776122516675E-15,0.));
#7476 = SURFACE_CURVE('',#7477,(#7482,#7489),.PCURVE_S1.);
#7477 = CIRCLE('',#7478,19.5);
#7478 = AXIS2_PLACEMENT_3D('',#7479,#7480,#7481);
#7479 = CARTESIAN_POINT('',(0.,0.,0.));
#7480 = DIRECTION('',(0.,0.,1.));
#7481 = DIRECTION('',(1.,0.,-0.));
#7482 = PCURVE('',#128,#7483);
#7483 = DEFINITIONAL_REPRESENTATION('',(#7484),#7488);
#7484 = CIRCLE('',#7485,19.5);
#7485 = AXIS2_PLACEMENT_2D('',#7486,#7487);
#7486 = CARTESIAN_POINT('',(35.8,40.));
#7487 = DIRECTION('',(1.,0.));
#7488 = ( GEOMETRIC_REPRESENTATION_CONTEXT(2) 
PARAMETRIC_REPRESENTATION_CONTEXT() REPRESENTATION_CONTEXT('2D SPACE',''
  ) );
#7489 = PCURVE('',#7490,#7495);
#7490 = CYLINDRICAL_SURFACE('',#7491,19.5);
#7491 = AXIS2_PLACEMENT_3D('',#7492,#7493,#7494);
#7492 = CARTESIAN_POINT('',(0.,0.,-1.));
#7493 = DIRECTION('',(0.,0.,1.));
#7494 = DIRECTION('',(1.,0.,-0.));
#7495 = DEFINITIONAL_REPRESENTATION('',(#7496),#7500);
#7496 = LINE('',#7497,#7498);
#7497 = CARTESIAN_POINT('',(0.,1.));
#7498 = VECTOR('',#7499,1.);
#7499 = DIRECTION('',(1.,0.));
#7500 = ( GEOMETRIC_REPRESENTATION_CONTEXT(2) 
PARAMETRIC_REPRESENTATION_CONTEXT() REPRESENTATION_CONTEXT('2D SPACE',''
  ) );
#7501 = ADVANCED_FACE('',(#7502),#100,.F.);
#7502 = FACE_BOUND('',#7503,.F.);
#7503 = EDGE_LOOP('',(#7504,#7505,#7506,#7529));
#7504 = ORIENTED_EDGE('',*,*,#7426,.F.);
#7505 = ORIENTED_EDGE('',*,*,#84,.T.);
#7506 = ORIENTED_EDGE('',*,*,#7507,.T.);
#7507 = EDGE_CURVE('',#57,#7508,#7510,.T.);
#7508 = VERTEX_POINT('',#7509);
#7509 = CARTESIAN_POINT('',(35.8,-52.,4.));
#7510 = SURFACE_CURVE('',#7511,(#7515,#7522),.PCURVE_S1.);
#7511 = LINE('',#7512,#7513);
#7512 = CARTESIAN_POINT('',(-35.8,-52.,4.));
#7513 = VECTOR('',#7514,1.);
#7514 = DIRECTION('',(1.,0.,-0.));
#7515 = PCURVE('',#100,#7516);
#7516 = DEFINITIONAL_REPRESENTATION('',(#7517),#7521);
#7517 = LINE('',#7518,#7519);
#7518 = CARTESIAN_POINT('',(4.,0.));
#7519 = VECTOR('',#7520,1.);
#7520 = DIRECTION('',(0.,1.));
#7521 = ( GEOMETRIC_REPRESENTATION_CONTEXT(2) 
PARAMETRIC_REPRESENTATION_CONTEXT() REPRESENTATION_CONTEXT('2D SPACE',''
  ) );
#7522 = PCURVE('',#72,#7523);
#7523 = DEFINITIONAL_REPRESENTATION('',(#7524),#7528);
#7524 = LINE('',#7525,#7526);
#7525 = CARTESIAN_POINT('',(0.,0.));
#7526 = VECTOR('',#7527,1.);
#7527 = DIRECTION('',(1.,0.));
#7528 = ( GEOMETRIC_REPRESENTATION_CONTEXT(2) 
PARAMETRIC_REPRESENTATION_CONTEXT() REPRESENTATION_CONTEXT('2D SPACE',''
  ) );
#7529 = ORIENTED_EDGE('',*,*,#7530,.F.);
#7530 = EDGE_CURVE('',#7427,#7508,#7531,.T.);
#7531 = SURFACE_CURVE('',#7532,(#7536,#7543),.PCURVE_S1.);
#7532 = LINE('',#7533,#7534);
#7533 = CARTESIAN_POINT('',(35.8,-52.,0.));
#7534 = VECTOR('',#7535,1.);
#7535 = DIRECTION('',(0.,0.,1.));
#7536 = PCURVE('',#100,#7537);
#7537 = DEFINITIONAL_REPRESENTATION('',(#7538),#7542);
#7538 = LINE('',#7539,#7540);
#7539 = CARTESIAN_POINT('',(0.,71.6));
#7540 = VECTOR('',#7541,1.);
#7541 = DIRECTION('',(1.,0.));
#7542 = ( GEOMETRIC_REPRESENTATION_CONTEXT(2) 
PARAMETRIC_REPRESENTATION_CONTEXT() REPRESENTATION_CONTEXT('2D SPACE',''
  ) );
#7543 = PCURVE('',#1937,#7544);
#7544 = DEFINITIONAL_REPRESENTATION('',(#7545),#7549);
#7545 = LINE('',#7546,#7547);
#7546 = CARTESIAN_POINT('',(0.,12.));
#7547 = VECTOR('',#7548,1.);
#7548 = DIRECTION('',(1.,0.));
#7549 = ( GEOMETRIC_REPRESENTATION_CONTEXT(2) 
PARAMETRIC_REPRESENTATION_CONTEXT() REPRESENTATION_CONTEXT('2D SPACE',''
  ) );
#7550 = ADVANCED_FACE('',(#7551),#72,.T.);
#7551 = FACE_BOUND('',#7552,.T.);
#7552 = EDGE_LOOP('',(#7553,#7554,#7555,#7576));
#7553 = ORIENTED_EDGE('',*,*,#56,.F.);
#7554 = ORIENTED_EDGE('',*,*,#7507,.T.);
#7555 = ORIENTED_EDGE('',*,*,#7556,.T.);
#7556 = EDGE_CURVE('',#7508,#1920,#7557,.T.);
#7557 = SURFACE_CURVE('',#7558,(#7562,#7569),.PCURVE_S1.);
#7558 = LINE('',#7559,#7560);
#7559 = CARTESIAN_POINT('',(35.8,-52.,4.));
#7560 = VECTOR('',#7561,1.);
#7561 = DIRECTION('',(-0.,1.,0.));
#7562 = PCURVE('',#72,#7563);
#7563 = DEFINITIONAL_REPRESENTATION('',(#7564),#7568);
#7564 = LINE('',#7565,#7566);
#7565 = CARTESIAN_POINT('',(71.6,0.));
#7566 = VECTOR('',#7567,1.);
#7567 = DIRECTION('',(0.,1.));
#7568 = ( GEOMETRIC_REPRESENTATION_CONTEXT(2) 
PARAMETRIC_REPRESENTATION_CONTEXT() REPRESENTATION_CONTEXT('2D SPACE',''
  ) );
#7569 = PCURVE('',#1937,#7570);
#7570 = DEFINITIONAL_REPRESENTATION('',(#7571),#7575);
#7571 = LINE('',#7572,#7573);
#7572 = CARTESIAN_POINT('',(4.,12.));
#7573 = VECTOR('',#7574,1.);
#7574 = DIRECTION('',(0.,-1.));
#7575 = ( GEOMETRIC_REPRESENTATION_CONTEXT(2) 
PARAMETRIC_REPRESENTATION_CONTEXT() REPRESENTATION_CONTEXT('2D SPACE',''
  ) );
#7576 = ORIENTED_EDGE('',*,*,#1949,.F.);
#7577 = ADVANCED_FACE('',(#7578),#1937,.T.);
#7578 = FACE_BOUND('',#7579,.T.);
#7579 = EDGE_LOOP('',(#7580,#7581,#7582,#7583,#7584,#7585,#7608,#7629,
    #7630,#7653,#7681,#7702,#7703,#7726,#7754,#7775,#7776,#7799,#7827,
    #7848,#7849,#7872,#7900,#7921,#7922,#7945,#7973,#7994,#7995,#8018,
    #8046,#8067,#8068,#8091,#8119,#8140,#8141,#8164,#8192,#8213,#8214,
    #8237,#8265,#8286,#8287,#8310,#8338,#8359,#8360,#8383,#8411,#8432,
    #8433,#8456,#8484,#8505,#8506,#8529,#8557,#8578,#8579,#8602,#8630,
    #8651,#8652,#8675,#8703,#8724,#8725,#8748));
#7580 = ORIENTED_EDGE('',*,*,#1919,.F.);
#7581 = ORIENTED_EDGE('',*,*,#7556,.F.);
#7582 = ORIENTED_EDGE('',*,*,#7530,.F.);
#7583 = ORIENTED_EDGE('',*,*,#7449,.F.);
#7584 = ORIENTED_EDGE('',*,*,#7309,.T.);
#7585 = ORIENTED_EDGE('',*,*,#7586,.F.);
#7586 = EDGE_CURVE('',#7587,#7312,#7589,.T.);
#7587 = VERTEX_POINT('',#7588);
#7588 = CARTESIAN_POINT('',(35.8,39.7,5.6));
#7589 = SURFACE_CURVE('',#7590,(#7594,#7601),.PCURVE_S1.);
#7590 = LINE('',#7591,#7592);
#7591 = CARTESIAN_POINT('',(35.8,39.7,5.6));
#7592 = VECTOR('',#7593,1.);
#7593 = DIRECTION('',(-0.,1.,0.));
#7594 = PCURVE('',#1937,#7595);
#7595 = DEFINITIONAL_REPRESENTATION('',(#7596),#7600);
#7596 = LINE('',#7597,#7598);
#7597 = CARTESIAN_POINT('',(5.6,-79.7));
#7598 = VECTOR('',#7599,1.);
#7599 = DIRECTION('',(0.,-1.));
#7600 = ( GEOMETRIC_REPRESENTATION_CONTEXT(2) 
PARAMETRIC_REPRESENTATION_CONTEXT() REPRESENTATION_CONTEXT('2D SPACE',''
  ) );
#7601 = PCURVE('',#7411,#7602);
#7602 = DEFINITIONAL_REPRESENTATION('',(#7603),#7607);
#7603 = LINE('',#7604,#7605);
#7604 = CARTESIAN_POINT('',(3.,0.));
#7605 = VECTOR('',#7606,1.);
#7606 = DIRECTION('',(0.,1.));
#7607 = ( GEOMETRIC_REPRESENTATION_CONTEXT(2) 
PARAMETRIC_REPRESENTATION_CONTEXT() REPRESENTATION_CONTEXT('2D SPACE',''
  ) );
#7608 = ORIENTED_EDGE('',*,*,#7609,.T.);
#7609 = EDGE_CURVE('',#7587,#5724,#7610,.T.);
#7610 = SURFACE_CURVE('',#7611,(#7615,#7622),.PCURVE_S1.);
#7611 = LINE('',#7612,#7613);
#7612 = CARTESIAN_POINT('',(35.8,39.7,5.6));
#7613 = VECTOR('',#7614,1.);
#7614 = DIRECTION('',(0.,0.,1.));
#7615 = PCURVE('',#1937,#7616);
#7616 = DEFINITIONAL_REPRESENTATION('',(#7617),#7621);
#7617 = LINE('',#7618,#7619);
#7618 = CARTESIAN_POINT('',(5.6,-79.7));
#7619 = VECTOR('',#7620,1.);
#7620 = DIRECTION('',(1.,0.));
#7621 = ( GEOMETRIC_REPRESENTATION_CONTEXT(2) 
PARAMETRIC_REPRESENTATION_CONTEXT() REPRESENTATION_CONTEXT('2D SPACE',''
  ) );
#7622 = PCURVE('',#5761,#7623);
#7623 = DEFINITIONAL_REPRESENTATION('',(#7624),#7628);
#7624 = LINE('',#7625,#7626);
#7625 = CARTESIAN_POINT('',(0.,3.));
#7626 = VECTOR('',#7627,1.);
#7627 = DIRECTION('',(1.,0.));
#7628 = ( GEOMETRIC_REPRESENTATION_CONTEXT(2) 
PARAMETRIC_REPRESENTATION_CONTEXT() REPRESENTATION_CONTEXT('2D SPACE',''
  ) );
#7629 = ORIENTED_EDGE('',*,*,#5723,.F.);
#7630 = ORIENTED_EDGE('',*,*,#7631,.F.);
#7631 = EDGE_CURVE('',#7632,#5698,#7634,.T.);
#7632 = VERTEX_POINT('',#7633);
#7633 = CARTESIAN_POINT('',(35.8,35.3,5.6));
#7634 = SURFACE_CURVE('',#7635,(#7639,#7646),.PCURVE_S1.);
#7635 = LINE('',#7636,#7637);
#7636 = CARTESIAN_POINT('',(35.8,35.3,5.6));
#7637 = VECTOR('',#7638,1.);
#7638 = DIRECTION('',(0.,0.,1.));
#7639 = PCURVE('',#1937,#7640);
#7640 = DEFINITIONAL_REPRESENTATION('',(#7641),#7645);
#7641 = LINE('',#7642,#7643);
#7642 = CARTESIAN_POINT('',(5.6,-75.3));
#7643 = VECTOR('',#7644,1.);
#7644 = DIRECTION('',(1.,0.));
#7645 = ( GEOMETRIC_REPRESENTATION_CONTEXT(2) 
PARAMETRIC_REPRESENTATION_CONTEXT() REPRESENTATION_CONTEXT('2D SPACE',''
  ) );
#7646 = PCURVE('',#5712,#7647);
#7647 = DEFINITIONAL_REPRESENTATION('',(#7648),#7652);
#7648 = LINE('',#7649,#7650);
#7649 = CARTESIAN_POINT('',(0.,1.5));
#7650 = VECTOR('',#7651,1.);
#7651 = DIRECTION('',(1.,0.));
#7652 = ( GEOMETRIC_REPRESENTATION_CONTEXT(2) 
PARAMETRIC_REPRESENTATION_CONTEXT() REPRESENTATION_CONTEXT('2D SPACE',''
  ) );
#7653 = ORIENTED_EDGE('',*,*,#7654,.F.);
#7654 = EDGE_CURVE('',#7655,#7632,#7657,.T.);
#7655 = VERTEX_POINT('',#7656);
#7656 = CARTESIAN_POINT('',(35.8,34.7,5.6));
#7657 = SURFACE_CURVE('',#7658,(#7662,#7669),.PCURVE_S1.);
#7658 = LINE('',#7659,#7660);
#7659 = CARTESIAN_POINT('',(35.8,34.7,5.6));
#7660 = VECTOR('',#7661,1.);
#7661 = DIRECTION('',(-0.,1.,0.));
#7662 = PCURVE('',#1937,#7663);
#7663 = DEFINITIONAL_REPRESENTATION('',(#7664),#7668);
#7664 = LINE('',#7665,#7666);
#7665 = CARTESIAN_POINT('',(5.6,-74.7));
#7666 = VECTOR('',#7667,1.);
#7667 = DIRECTION('',(0.,-1.));
#7668 = ( GEOMETRIC_REPRESENTATION_CONTEXT(2) 
PARAMETRIC_REPRESENTATION_CONTEXT() REPRESENTATION_CONTEXT('2D SPACE',''
  ) );
#7669 = PCURVE('',#7670,#7675);
#7670 = PLANE('',#7671);
#7671 = AXIS2_PLACEMENT_3D('',#7672,#7673,#7674);
#7672 = CARTESIAN_POINT('',(34.3,34.7,5.6));
#7673 = DIRECTION('',(0.,0.,1.));
#7674 = DIRECTION('',(1.,0.,-0.));
#7675 = DEFINITIONAL_REPRESENTATION('',(#7676),#7680);
#7676 = LINE('',#7677,#7678);
#7677 = CARTESIAN_POINT('',(1.5,0.));
#7678 = VECTOR('',#7679,1.);
#7679 = DIRECTION('',(0.,1.));
#7680 = ( GEOMETRIC_REPRESENTATION_CONTEXT(2) 
PARAMETRIC_REPRESENTATION_CONTEXT() REPRESENTATION_CONTEXT('2D SPACE',''
  ) );
#7681 = ORIENTED_EDGE('',*,*,#7682,.T.);
#7682 = EDGE_CURVE('',#7655,#5623,#7683,.T.);
#7683 = SURFACE_CURVE('',#7684,(#7688,#7695),.PCURVE_S1.);
#7684 = LINE('',#7685,#7686);
#7685 = CARTESIAN_POINT('',(35.8,34.7,5.6));
#7686 = VECTOR('',#7687,1.);
#7687 = DIRECTION('',(0.,0.,1.));
#7688 = PCURVE('',#1937,#7689);
#7689 = DEFINITIONAL_REPRESENTATION('',(#7690),#7694);
#7690 = LINE('',#7691,#7692);
#7691 = CARTESIAN_POINT('',(5.6,-74.7));
#7692 = VECTOR('',#7693,1.);
#7693 = DIRECTION('',(1.,0.));
#7694 = ( GEOMETRIC_REPRESENTATION_CONTEXT(2) 
PARAMETRIC_REPRESENTATION_CONTEXT() REPRESENTATION_CONTEXT('2D SPACE',''
  ) );
#7695 = PCURVE('',#5660,#7696);
#7696 = DEFINITIONAL_REPRESENTATION('',(#7697),#7701);
#7697 = LINE('',#7698,#7699);
#7698 = CARTESIAN_POINT('',(0.,1.5));
#7699 = VECTOR('',#7700,1.);
#7700 = DIRECTION('',(1.,0.));
#7701 = ( GEOMETRIC_REPRESENTATION_CONTEXT(2) 
PARAMETRIC_REPRESENTATION_CONTEXT() REPRESENTATION_CONTEXT('2D SPACE',''
  ) );
#7702 = ORIENTED_EDGE('',*,*,#5622,.F.);
#7703 = ORIENTED_EDGE('',*,*,#7704,.F.);
#7704 = EDGE_CURVE('',#7705,#5597,#7707,.T.);
#7705 = VERTEX_POINT('',#7706);
#7706 = CARTESIAN_POINT('',(35.8,30.3,5.6));
#7707 = SURFACE_CURVE('',#7708,(#7712,#7719),.PCURVE_S1.);
#7708 = LINE('',#7709,#7710);
#7709 = CARTESIAN_POINT('',(35.8,30.3,5.6));
#7710 = VECTOR('',#7711,1.);
#7711 = DIRECTION('',(0.,0.,1.));
#7712 = PCURVE('',#1937,#7713);
#7713 = DEFINITIONAL_REPRESENTATION('',(#7714),#7718);
#7714 = LINE('',#7715,#7716);
#7715 = CARTESIAN_POINT('',(5.6,-70.3));
#7716 = VECTOR('',#7717,1.);
#7717 = DIRECTION('',(1.,0.));
#7718 = ( GEOMETRIC_REPRESENTATION_CONTEXT(2) 
PARAMETRIC_REPRESENTATION_CONTEXT() REPRESENTATION_CONTEXT('2D SPACE',''
  ) );
#7719 = PCURVE('',#5611,#7720);
#7720 = DEFINITIONAL_REPRESENTATION('',(#7721),#7725);
#7721 = LINE('',#7722,#7723);
#7722 = CARTESIAN_POINT('',(0.,3.));
#7723 = VECTOR('',#7724,1.);
#7724 = DIRECTION('',(1.,0.));
#7725 = ( GEOMETRIC_REPRESENTATION_CONTEXT(2) 
PARAMETRIC_REPRESENTATION_CONTEXT() REPRESENTATION_CONTEXT('2D SPACE',''
  ) );
#7726 = ORIENTED_EDGE('',*,*,#7727,.F.);
#7727 = EDGE_CURVE('',#7728,#7705,#7730,.T.);
#7728 = VERTEX_POINT('',#7729);
#7729 = CARTESIAN_POINT('',(35.8,29.7,5.6));
#7730 = SURFACE_CURVE('',#7731,(#7735,#7742),.PCURVE_S1.);
#7731 = LINE('',#7732,#7733);
#7732 = CARTESIAN_POINT('',(35.8,29.7,5.6));
#7733 = VECTOR('',#7734,1.);
#7734 = DIRECTION('',(-0.,1.,0.));
#7735 = PCURVE('',#1937,#7736);
#7736 = DEFINITIONAL_REPRESENTATION('',(#7737),#7741);
#7737 = LINE('',#7738,#7739);
#7738 = CARTESIAN_POINT('',(5.6,-69.7));
#7739 = VECTOR('',#7740,1.);
#7740 = DIRECTION('',(0.,-1.));
#7741 = ( GEOMETRIC_REPRESENTATION_CONTEXT(2) 
PARAMETRIC_REPRESENTATION_CONTEXT() REPRESENTATION_CONTEXT('2D SPACE',''
  ) );
#7742 = PCURVE('',#7743,#7748);
#7743 = PLANE('',#7744);
#7744 = AXIS2_PLACEMENT_3D('',#7745,#7746,#7747);
#7745 = CARTESIAN_POINT('',(32.8,29.7,5.6));
#7746 = DIRECTION('',(0.,0.,1.));
#7747 = DIRECTION('',(1.,0.,-0.));
#7748 = DEFINITIONAL_REPRESENTATION('',(#7749),#7753);
#7749 = LINE('',#7750,#7751);
#7750 = CARTESIAN_POINT('',(3.,0.));
#7751 = VECTOR('',#7752,1.);
#7752 = DIRECTION('',(0.,1.));
#7753 = ( GEOMETRIC_REPRESENTATION_CONTEXT(2) 
PARAMETRIC_REPRESENTATION_CONTEXT() REPRESENTATION_CONTEXT('2D SPACE',''
  ) );
#7754 = ORIENTED_EDGE('',*,*,#7755,.T.);
#7755 = EDGE_CURVE('',#7728,#5522,#7756,.T.);
#7756 = SURFACE_CURVE('',#7757,(#7761,#7768),.PCURVE_S1.);
#7757 = LINE('',#7758,#7759);
#7758 = CARTESIAN_POINT('',(35.8,29.7,5.6));
#7759 = VECTOR('',#7760,1.);
#7760 = DIRECTION('',(0.,0.,1.));
#7761 = PCURVE('',#1937,#7762);
#7762 = DEFINITIONAL_REPRESENTATION('',(#7763),#7767);
#7763 = LINE('',#7764,#7765);
#7764 = CARTESIAN_POINT('',(5.6,-69.7));
#7765 = VECTOR('',#7766,1.);
#7766 = DIRECTION('',(1.,0.));
#7767 = ( GEOMETRIC_REPRESENTATION_CONTEXT(2) 
PARAMETRIC_REPRESENTATION_CONTEXT() REPRESENTATION_CONTEXT('2D SPACE',''
  ) );
#7768 = PCURVE('',#5559,#7769);
#7769 = DEFINITIONAL_REPRESENTATION('',(#7770),#7774);
#7770 = LINE('',#7771,#7772);
#7771 = CARTESIAN_POINT('',(0.,3.));
#7772 = VECTOR('',#7773,1.);
#7773 = DIRECTION('',(1.,0.));
#7774 = ( GEOMETRIC_REPRESENTATION_CONTEXT(2) 
PARAMETRIC_REPRESENTATION_CONTEXT() REPRESENTATION_CONTEXT('2D SPACE',''
  ) );
#7775 = ORIENTED_EDGE('',*,*,#5521,.F.);
#7776 = ORIENTED_EDGE('',*,*,#7777,.F.);
#7777 = EDGE_CURVE('',#7778,#5496,#7780,.T.);
#7778 = VERTEX_POINT('',#7779);
#7779 = CARTESIAN_POINT('',(35.8,25.3,5.6));
#7780 = SURFACE_CURVE('',#7781,(#7785,#7792),.PCURVE_S1.);
#7781 = LINE('',#7782,#7783);
#7782 = CARTESIAN_POINT('',(35.8,25.3,5.6));
#7783 = VECTOR('',#7784,1.);
#7784 = DIRECTION('',(0.,0.,1.));
#7785 = PCURVE('',#1937,#7786);
#7786 = DEFINITIONAL_REPRESENTATION('',(#7787),#7791);
#7787 = LINE('',#7788,#7789);
#7788 = CARTESIAN_POINT('',(5.6,-65.3));
#7789 = VECTOR('',#7790,1.);
#7790 = DIRECTION('',(1.,0.));
#7791 = ( GEOMETRIC_REPRESENTATION_CONTEXT(2) 
PARAMETRIC_REPRESENTATION_CONTEXT() REPRESENTATION_CONTEXT('2D SPACE',''
  ) );
#7792 = PCURVE('',#5510,#7793);
#7793 = DEFINITIONAL_REPRESENTATION('',(#7794),#7798);
#7794 = LINE('',#7795,#7796);
#7795 = CARTESIAN_POINT('',(0.,1.5));
#7796 = VECTOR('',#7797,1.);
#7797 = DIRECTION('',(1.,0.));
#7798 = ( GEOMETRIC_REPRESENTATION_CONTEXT(2) 
PARAMETRIC_REPRESENTATION_CONTEXT() REPRESENTATION_CONTEXT('2D SPACE',''
  ) );
#7799 = ORIENTED_EDGE('',*,*,#7800,.F.);
#7800 = EDGE_CURVE('',#7801,#7778,#7803,.T.);
#7801 = VERTEX_POINT('',#7802);
#7802 = CARTESIAN_POINT('',(35.8,24.7,5.6));
#7803 = SURFACE_CURVE('',#7804,(#7808,#7815),.PCURVE_S1.);
#7804 = LINE('',#7805,#7806);
#7805 = CARTESIAN_POINT('',(35.8,24.7,5.6));
#7806 = VECTOR('',#7807,1.);
#7807 = DIRECTION('',(-0.,1.,0.));
#7808 = PCURVE('',#1937,#7809);
#7809 = DEFINITIONAL_REPRESENTATION('',(#7810),#7814);
#7810 = LINE('',#7811,#7812);
#7811 = CARTESIAN_POINT('',(5.6,-64.7));
#7812 = VECTOR('',#7813,1.);
#7813 = DIRECTION('',(0.,-1.));
#7814 = ( GEOMETRIC_REPRESENTATION_CONTEXT(2) 
PARAMETRIC_REPRESENTATION_CONTEXT() REPRESENTATION_CONTEXT('2D SPACE',''
  ) );
#7815 = PCURVE('',#7816,#7821);
#7816 = PLANE('',#7817);
#7817 = AXIS2_PLACEMENT_3D('',#7818,#7819,#7820);
#7818 = CARTESIAN_POINT('',(34.3,24.7,5.6));
#7819 = DIRECTION('',(0.,0.,1.));
#7820 = DIRECTION('',(1.,0.,-0.));
#7821 = DEFINITIONAL_REPRESENTATION('',(#7822),#7826);
#7822 = LINE('',#7823,#7824);
#7823 = CARTESIAN_POINT('',(1.5,0.));
#7824 = VECTOR('',#7825,1.);
#7825 = DIRECTION('',(0.,1.));
#7826 = ( GEOMETRIC_REPRESENTATION_CONTEXT(2) 
PARAMETRIC_REPRESENTATION_CONTEXT() REPRESENTATION_CONTEXT('2D SPACE',''
  ) );
#7827 = ORIENTED_EDGE('',*,*,#7828,.T.);
#7828 = EDGE_CURVE('',#7801,#5421,#7829,.T.);
#7829 = SURFACE_CURVE('',#7830,(#7834,#7841),.PCURVE_S1.);
#7830 = LINE('',#7831,#7832);
#7831 = CARTESIAN_POINT('',(35.8,24.7,5.6));
#7832 = VECTOR('',#7833,1.);
#7833 = DIRECTION('',(0.,0.,1.));
#7834 = PCURVE('',#1937,#7835);
#7835 = DEFINITIONAL_REPRESENTATION('',(#7836),#7840);
#7836 = LINE('',#7837,#7838);
#7837 = CARTESIAN_POINT('',(5.6,-64.7));
#7838 = VECTOR('',#7839,1.);
#7839 = DIRECTION('',(1.,0.));
#7840 = ( GEOMETRIC_REPRESENTATION_CONTEXT(2) 
PARAMETRIC_REPRESENTATION_CONTEXT() REPRESENTATION_CONTEXT('2D SPACE',''
  ) );
#7841 = PCURVE('',#5458,#7842);
#7842 = DEFINITIONAL_REPRESENTATION('',(#7843),#7847);
#7843 = LINE('',#7844,#7845);
#7844 = CARTESIAN_POINT('',(0.,1.5));
#7845 = VECTOR('',#7846,1.);
#7846 = DIRECTION('',(1.,0.));
#7847 = ( GEOMETRIC_REPRESENTATION_CONTEXT(2) 
PARAMETRIC_REPRESENTATION_CONTEXT() REPRESENTATION_CONTEXT('2D SPACE',''
  ) );
#7848 = ORIENTED_EDGE('',*,*,#5420,.F.);
#7849 = ORIENTED_EDGE('',*,*,#7850,.F.);
#7850 = EDGE_CURVE('',#7851,#5395,#7853,.T.);
#7851 = VERTEX_POINT('',#7852);
#7852 = CARTESIAN_POINT('',(35.8,20.3,5.6));
#7853 = SURFACE_CURVE('',#7854,(#7858,#7865),.PCURVE_S1.);
#7854 = LINE('',#7855,#7856);
#7855 = CARTESIAN_POINT('',(35.8,20.3,5.6));
#7856 = VECTOR('',#7857,1.);
#7857 = DIRECTION('',(0.,0.,1.));
#7858 = PCURVE('',#1937,#7859);
#7859 = DEFINITIONAL_REPRESENTATION('',(#7860),#7864);
#7860 = LINE('',#7861,#7862);
#7861 = CARTESIAN_POINT('',(5.6,-60.3));
#7862 = VECTOR('',#7863,1.);
#7863 = DIRECTION('',(1.,0.));
#7864 = ( GEOMETRIC_REPRESENTATION_CONTEXT(2) 
PARAMETRIC_REPRESENTATION_CONTEXT() REPRESENTATION_CONTEXT('2D SPACE',''
  ) );
#7865 = PCURVE('',#5409,#7866);
#7866 = DEFINITIONAL_REPRESENTATION('',(#7867),#7871);
#7867 = LINE('',#7868,#7869);
#7868 = CARTESIAN_POINT('',(0.,3.));
#7869 = VECTOR('',#7870,1.);
#7870 = DIRECTION('',(1.,0.));
#7871 = ( GEOMETRIC_REPRESENTATION_CONTEXT(2) 
PARAMETRIC_REPRESENTATION_CONTEXT() REPRESENTATION_CONTEXT('2D SPACE',''
  ) );
#7872 = ORIENTED_EDGE('',*,*,#7873,.F.);
#7873 = EDGE_CURVE('',#7874,#7851,#7876,.T.);
#7874 = VERTEX_POINT('',#7875);
#7875 = CARTESIAN_POINT('',(35.8,19.7,5.6));
#7876 = SURFACE_CURVE('',#7877,(#7881,#7888),.PCURVE_S1.);
#7877 = LINE('',#7878,#7879);
#7878 = CARTESIAN_POINT('',(35.8,19.7,5.6));
#7879 = VECTOR('',#7880,1.);
#7880 = DIRECTION('',(-0.,1.,0.));
#7881 = PCURVE('',#1937,#7882);
#7882 = DEFINITIONAL_REPRESENTATION('',(#7883),#7887);
#7883 = LINE('',#7884,#7885);
#7884 = CARTESIAN_POINT('',(5.6,-59.7));
#7885 = VECTOR('',#7886,1.);
#7886 = DIRECTION('',(0.,-1.));
#7887 = ( GEOMETRIC_REPRESENTATION_CONTEXT(2) 
PARAMETRIC_REPRESENTATION_CONTEXT() REPRESENTATION_CONTEXT('2D SPACE',''
  ) );
#7888 = PCURVE('',#7889,#7894);
#7889 = PLANE('',#7890);
#7890 = AXIS2_PLACEMENT_3D('',#7891,#7892,#7893);
#7891 = CARTESIAN_POINT('',(32.8,19.7,5.6));
#7892 = DIRECTION('',(0.,0.,1.));
#7893 = DIRECTION('',(1.,0.,-0.));
#7894 = DEFINITIONAL_REPRESENTATION('',(#7895),#7899);
#7895 = LINE('',#7896,#7897);
#7896 = CARTESIAN_POINT('',(3.,0.));
#7897 = VECTOR('',#7898,1.);
#7898 = DIRECTION('',(0.,1.));
#7899 = ( GEOMETRIC_REPRESENTATION_CONTEXT(2) 
PARAMETRIC_REPRESENTATION_CONTEXT() REPRESENTATION_CONTEXT('2D SPACE',''
  ) );
#7900 = ORIENTED_EDGE('',*,*,#7901,.T.);
#7901 = EDGE_CURVE('',#7874,#5320,#7902,.T.);
#7902 = SURFACE_CURVE('',#7903,(#7907,#7914),.PCURVE_S1.);
#7903 = LINE('',#7904,#7905);
#7904 = CARTESIAN_POINT('',(35.8,19.7,5.6));
#7905 = VECTOR('',#7906,1.);
#7906 = DIRECTION('',(0.,0.,1.));
#7907 = PCURVE('',#1937,#7908);
#7908 = DEFINITIONAL_REPRESENTATION('',(#7909),#7913);
#7909 = LINE('',#7910,#7911);
#7910 = CARTESIAN_POINT('',(5.6,-59.7));
#7911 = VECTOR('',#7912,1.);
#7912 = DIRECTION('',(1.,0.));
#7913 = ( GEOMETRIC_REPRESENTATION_CONTEXT(2) 
PARAMETRIC_REPRESENTATION_CONTEXT() REPRESENTATION_CONTEXT('2D SPACE',''
  ) );
#7914 = PCURVE('',#5357,#7915);
#7915 = DEFINITIONAL_REPRESENTATION('',(#7916),#7920);
#7916 = LINE('',#7917,#7918);
#7917 = CARTESIAN_POINT('',(0.,3.));
#7918 = VECTOR('',#7919,1.);
#7919 = DIRECTION('',(1.,0.));
#7920 = ( GEOMETRIC_REPRESENTATION_CONTEXT(2) 
PARAMETRIC_REPRESENTATION_CONTEXT() REPRESENTATION_CONTEXT('2D SPACE',''
  ) );
#7921 = ORIENTED_EDGE('',*,*,#5319,.F.);
#7922 = ORIENTED_EDGE('',*,*,#7923,.F.);
#7923 = EDGE_CURVE('',#7924,#5294,#7926,.T.);
#7924 = VERTEX_POINT('',#7925);
#7925 = CARTESIAN_POINT('',(35.8,15.3,5.6));
#7926 = SURFACE_CURVE('',#7927,(#7931,#7938),.PCURVE_S1.);
#7927 = LINE('',#7928,#7929);
#7928 = CARTESIAN_POINT('',(35.8,15.3,5.6));
#7929 = VECTOR('',#7930,1.);
#7930 = DIRECTION('',(0.,0.,1.));
#7931 = PCURVE('',#1937,#7932);
#7932 = DEFINITIONAL_REPRESENTATION('',(#7933),#7937);
#7933 = LINE('',#7934,#7935);
#7934 = CARTESIAN_POINT('',(5.6,-55.3));
#7935 = VECTOR('',#7936,1.);
#7936 = DIRECTION('',(1.,0.));
#7937 = ( GEOMETRIC_REPRESENTATION_CONTEXT(2) 
PARAMETRIC_REPRESENTATION_CONTEXT() REPRESENTATION_CONTEXT('2D SPACE',''
  ) );
#7938 = PCURVE('',#5308,#7939);
#7939 = DEFINITIONAL_REPRESENTATION('',(#7940),#7944);
#7940 = LINE('',#7941,#7942);
#7941 = CARTESIAN_POINT('',(0.,1.5));
#7942 = VECTOR('',#7943,1.);
#7943 = DIRECTION('',(1.,0.));
#7944 = ( GEOMETRIC_REPRESENTATION_CONTEXT(2) 
PARAMETRIC_REPRESENTATION_CONTEXT() REPRESENTATION_CONTEXT('2D SPACE',''
  ) );
#7945 = ORIENTED_EDGE('',*,*,#7946,.F.);
#7946 = EDGE_CURVE('',#7947,#7924,#7949,.T.);
#7947 = VERTEX_POINT('',#7948);
#7948 = CARTESIAN_POINT('',(35.8,14.7,5.6));
#7949 = SURFACE_CURVE('',#7950,(#7954,#7961),.PCURVE_S1.);
#7950 = LINE('',#7951,#7952);
#7951 = CARTESIAN_POINT('',(35.8,14.7,5.6));
#7952 = VECTOR('',#7953,1.);
#7953 = DIRECTION('',(-0.,1.,0.));
#7954 = PCURVE('',#1937,#7955);
#7955 = DEFINITIONAL_REPRESENTATION('',(#7956),#7960);
#7956 = LINE('',#7957,#7958);
#7957 = CARTESIAN_POINT('',(5.6,-54.7));
#7958 = VECTOR('',#7959,1.);
#7959 = DIRECTION('',(0.,-1.));
#7960 = ( GEOMETRIC_REPRESENTATION_CONTEXT(2) 
PARAMETRIC_REPRESENTATION_CONTEXT() REPRESENTATION_CONTEXT('2D SPACE',''
  ) );
#7961 = PCURVE('',#7962,#7967);
#7962 = PLANE('',#7963);
#7963 = AXIS2_PLACEMENT_3D('',#7964,#7965,#7966);
#7964 = CARTESIAN_POINT('',(34.3,14.7,5.6));
#7965 = DIRECTION('',(0.,0.,1.));
#7966 = DIRECTION('',(1.,0.,-0.));
#7967 = DEFINITIONAL_REPRESENTATION('',(#7968),#7972);
#7968 = LINE('',#7969,#7970);
#7969 = CARTESIAN_POINT('',(1.5,0.));
#7970 = VECTOR('',#7971,1.);
#7971 = DIRECTION('',(0.,1.));
#7972 = ( GEOMETRIC_REPRESENTATION_CONTEXT(2) 
PARAMETRIC_REPRESENTATION_CONTEXT() REPRESENTATION_CONTEXT('2D SPACE',''
  ) );
#7973 = ORIENTED_EDGE('',*,*,#7974,.T.);
#7974 = EDGE_CURVE('',#7947,#5219,#7975,.T.);
#7975 = SURFACE_CURVE('',#7976,(#7980,#7987),.PCURVE_S1.);
#7976 = LINE('',#7977,#7978);
#7977 = CARTESIAN_POINT('',(35.8,14.7,5.6));
#7978 = VECTOR('',#7979,1.);
#7979 = DIRECTION('',(0.,0.,1.));
#7980 = PCURVE('',#1937,#7981);
#7981 = DEFINITIONAL_REPRESENTATION('',(#7982),#7986);
#7982 = LINE('',#7983,#7984);
#7983 = CARTESIAN_POINT('',(5.6,-54.7));
#7984 = VECTOR('',#7985,1.);
#7985 = DIRECTION('',(1.,0.));
#7986 = ( GEOMETRIC_REPRESENTATION_CONTEXT(2) 
PARAMETRIC_REPRESENTATION_CONTEXT() REPRESENTATION_CONTEXT('2D SPACE',''
  ) );
#7987 = PCURVE('',#5256,#7988);
#7988 = DEFINITIONAL_REPRESENTATION('',(#7989),#7993);
#7989 = LINE('',#7990,#7991);
#7990 = CARTESIAN_POINT('',(0.,1.5));
#7991 = VECTOR('',#7992,1.);
#7992 = DIRECTION('',(1.,0.));
#7993 = ( GEOMETRIC_REPRESENTATION_CONTEXT(2) 
PARAMETRIC_REPRESENTATION_CONTEXT() REPRESENTATION_CONTEXT('2D SPACE',''
  ) );
#7994 = ORIENTED_EDGE('',*,*,#5218,.F.);
#7995 = ORIENTED_EDGE('',*,*,#7996,.F.);
#7996 = EDGE_CURVE('',#7997,#5193,#7999,.T.);
#7997 = VERTEX_POINT('',#7998);
#7998 = CARTESIAN_POINT('',(35.8,10.3,5.6));
#7999 = SURFACE_CURVE('',#8000,(#8004,#8011),.PCURVE_S1.);
#8000 = LINE('',#8001,#8002);
#8001 = CARTESIAN_POINT('',(35.8,10.3,5.6));
#8002 = VECTOR('',#8003,1.);
#8003 = DIRECTION('',(0.,0.,1.));
#8004 = PCURVE('',#1937,#8005);
#8005 = DEFINITIONAL_REPRESENTATION('',(#8006),#8010);
#8006 = LINE('',#8007,#8008);
#8007 = CARTESIAN_POINT('',(5.6,-50.3));
#8008 = VECTOR('',#8009,1.);
#8009 = DIRECTION('',(1.,0.));
#8010 = ( GEOMETRIC_REPRESENTATION_CONTEXT(2) 
PARAMETRIC_REPRESENTATION_CONTEXT() REPRESENTATION_CONTEXT('2D SPACE',''
  ) );
#8011 = PCURVE('',#5207,#8012);
#8012 = DEFINITIONAL_REPRESENTATION('',(#8013),#8017);
#8013 = LINE('',#8014,#8015);
#8014 = CARTESIAN_POINT('',(0.,3.));
#8015 = VECTOR('',#8016,1.);
#8016 = DIRECTION('',(1.,0.));
#8017 = ( GEOMETRIC_REPRESENTATION_CONTEXT(2) 
PARAMETRIC_REPRESENTATION_CONTEXT() REPRESENTATION_CONTEXT('2D SPACE',''
  ) );
#8018 = ORIENTED_EDGE('',*,*,#8019,.F.);
#8019 = EDGE_CURVE('',#8020,#7997,#8022,.T.);
#8020 = VERTEX_POINT('',#8021);
#8021 = CARTESIAN_POINT('',(35.8,9.7,5.6));
#8022 = SURFACE_CURVE('',#8023,(#8027,#8034),.PCURVE_S1.);
#8023 = LINE('',#8024,#8025);
#8024 = CARTESIAN_POINT('',(35.8,9.7,5.6));
#8025 = VECTOR('',#8026,1.);
#8026 = DIRECTION('',(-0.,1.,0.));
#8027 = PCURVE('',#1937,#8028);
#8028 = DEFINITIONAL_REPRESENTATION('',(#8029),#8033);
#8029 = LINE('',#8030,#8031);
#8030 = CARTESIAN_POINT('',(5.6,-49.7));
#8031 = VECTOR('',#8032,1.);
#8032 = DIRECTION('',(0.,-1.));
#8033 = ( GEOMETRIC_REPRESENTATION_CONTEXT(2) 
PARAMETRIC_REPRESENTATION_CONTEXT() REPRESENTATION_CONTEXT('2D SPACE',''
  ) );
#8034 = PCURVE('',#8035,#8040);
#8035 = PLANE('',#8036);
#8036 = AXIS2_PLACEMENT_3D('',#8037,#8038,#8039);
#8037 = CARTESIAN_POINT('',(32.8,9.7,5.6));
#8038 = DIRECTION('',(0.,0.,1.));
#8039 = DIRECTION('',(1.,0.,-0.));
#8040 = DEFINITIONAL_REPRESENTATION('',(#8041),#8045);
#8041 = LINE('',#8042,#8043);
#8042 = CARTESIAN_POINT('',(3.,0.));
#8043 = VECTOR('',#8044,1.);
#8044 = DIRECTION('',(0.,1.));
#8045 = ( GEOMETRIC_REPRESENTATION_CONTEXT(2) 
PARAMETRIC_REPRESENTATION_CONTEXT() REPRESENTATION_CONTEXT('2D SPACE',''
  ) );
#8046 = ORIENTED_EDGE('',*,*,#8047,.T.);
#8047 = EDGE_CURVE('',#8020,#5118,#8048,.T.);
#8048 = SURFACE_CURVE('',#8049,(#8053,#8060),.PCURVE_S1.);
#8049 = LINE('',#8050,#8051);
#8050 = CARTESIAN_POINT('',(35.8,9.7,5.6));
#8051 = VECTOR('',#8052,1.);
#8052 = DIRECTION('',(0.,0.,1.));
#8053 = PCURVE('',#1937,#8054);
#8054 = DEFINITIONAL_REPRESENTATION('',(#8055),#8059);
#8055 = LINE('',#8056,#8057);
#8056 = CARTESIAN_POINT('',(5.6,-49.7));
#8057 = VECTOR('',#8058,1.);
#8058 = DIRECTION('',(1.,0.));
#8059 = ( GEOMETRIC_REPRESENTATION_CONTEXT(2) 
PARAMETRIC_REPRESENTATION_CONTEXT() REPRESENTATION_CONTEXT('2D SPACE',''
  ) );
#8060 = PCURVE('',#5155,#8061);
#8061 = DEFINITIONAL_REPRESENTATION('',(#8062),#8066);
#8062 = LINE('',#8063,#8064);
#8063 = CARTESIAN_POINT('',(0.,3.));
#8064 = VECTOR('',#8065,1.);
#8065 = DIRECTION('',(1.,0.));
#8066 = ( GEOMETRIC_REPRESENTATION_CONTEXT(2) 
PARAMETRIC_REPRESENTATION_CONTEXT() REPRESENTATION_CONTEXT('2D SPACE',''
  ) );
#8067 = ORIENTED_EDGE('',*,*,#5117,.F.);
#8068 = ORIENTED_EDGE('',*,*,#8069,.F.);
#8069 = EDGE_CURVE('',#8070,#5092,#8072,.T.);
#8070 = VERTEX_POINT('',#8071);
#8071 = CARTESIAN_POINT('',(35.8,5.3,5.6));
#8072 = SURFACE_CURVE('',#8073,(#8077,#8084),.PCURVE_S1.);
#8073 = LINE('',#8074,#8075);
#8074 = CARTESIAN_POINT('',(35.8,5.3,5.6));
#8075 = VECTOR('',#8076,1.);
#8076 = DIRECTION('',(0.,0.,1.));
#8077 = PCURVE('',#1937,#8078);
#8078 = DEFINITIONAL_REPRESENTATION('',(#8079),#8083);
#8079 = LINE('',#8080,#8081);
#8080 = CARTESIAN_POINT('',(5.6,-45.3));
#8081 = VECTOR('',#8082,1.);
#8082 = DIRECTION('',(1.,0.));
#8083 = ( GEOMETRIC_REPRESENTATION_CONTEXT(2) 
PARAMETRIC_REPRESENTATION_CONTEXT() REPRESENTATION_CONTEXT('2D SPACE',''
  ) );
#8084 = PCURVE('',#5106,#8085);
#8085 = DEFINITIONAL_REPRESENTATION('',(#8086),#8090);
#8086 = LINE('',#8087,#8088);
#8087 = CARTESIAN_POINT('',(0.,1.5));
#8088 = VECTOR('',#8089,1.);
#8089 = DIRECTION('',(1.,0.));
#8090 = ( GEOMETRIC_REPRESENTATION_CONTEXT(2) 
PARAMETRIC_REPRESENTATION_CONTEXT() REPRESENTATION_CONTEXT('2D SPACE',''
  ) );
#8091 = ORIENTED_EDGE('',*,*,#8092,.F.);
#8092 = EDGE_CURVE('',#8093,#8070,#8095,.T.);
#8093 = VERTEX_POINT('',#8094);
#8094 = CARTESIAN_POINT('',(35.8,4.7,5.6));
#8095 = SURFACE_CURVE('',#8096,(#8100,#8107),.PCURVE_S1.);
#8096 = LINE('',#8097,#8098);
#8097 = CARTESIAN_POINT('',(35.8,4.7,5.6));
#8098 = VECTOR('',#8099,1.);
#8099 = DIRECTION('',(-0.,1.,0.));
#8100 = PCURVE('',#1937,#8101);
#8101 = DEFINITIONAL_REPRESENTATION('',(#8102),#8106);
#8102 = LINE('',#8103,#8104);
#8103 = CARTESIAN_POINT('',(5.6,-44.7));
#8104 = VECTOR('',#8105,1.);
#8105 = DIRECTION('',(0.,-1.));
#8106 = ( GEOMETRIC_REPRESENTATION_CONTEXT(2) 
PARAMETRIC_REPRESENTATION_CONTEXT() REPRESENTATION_CONTEXT('2D SPACE',''
  ) );
#8107 = PCURVE('',#8108,#8113);
#8108 = PLANE('',#8109);
#8109 = AXIS2_PLACEMENT_3D('',#8110,#8111,#8112);
#8110 = CARTESIAN_POINT('',(34.3,4.7,5.6));
#8111 = DIRECTION('',(0.,0.,1.));
#8112 = DIRECTION('',(1.,0.,-0.));
#8113 = DEFINITIONAL_REPRESENTATION('',(#8114),#8118);
#8114 = LINE('',#8115,#8116);
#8115 = CARTESIAN_POINT('',(1.5,0.));
#8116 = VECTOR('',#8117,1.);
#8117 = DIRECTION('',(0.,1.));
#8118 = ( GEOMETRIC_REPRESENTATION_CONTEXT(2) 
PARAMETRIC_REPRESENTATION_CONTEXT() REPRESENTATION_CONTEXT('2D SPACE',''
  ) );
#8119 = ORIENTED_EDGE('',*,*,#8120,.T.);
#8120 = EDGE_CURVE('',#8093,#5017,#8121,.T.);
#8121 = SURFACE_CURVE('',#8122,(#8126,#8133),.PCURVE_S1.);
#8122 = LINE('',#8123,#8124);
#8123 = CARTESIAN_POINT('',(35.8,4.7,5.6));
#8124 = VECTOR('',#8125,1.);
#8125 = DIRECTION('',(0.,0.,1.));
#8126 = PCURVE('',#1937,#8127);
#8127 = DEFINITIONAL_REPRESENTATION('',(#8128),#8132);
#8128 = LINE('',#8129,#8130);
#8129 = CARTESIAN_POINT('',(5.6,-44.7));
#8130 = VECTOR('',#8131,1.);
#8131 = DIRECTION('',(1.,0.));
#8132 = ( GEOMETRIC_REPRESENTATION_CONTEXT(2) 
PARAMETRIC_REPRESENTATION_CONTEXT() REPRESENTATION_CONTEXT('2D SPACE',''
  ) );
#8133 = PCURVE('',#5054,#8134);
#8134 = DEFINITIONAL_REPRESENTATION('',(#8135),#8139);
#8135 = LINE('',#8136,#8137);
#8136 = CARTESIAN_POINT('',(0.,1.5));
#8137 = VECTOR('',#8138,1.);
#8138 = DIRECTION('',(1.,0.));
#8139 = ( GEOMETRIC_REPRESENTATION_CONTEXT(2) 
PARAMETRIC_REPRESENTATION_CONTEXT() REPRESENTATION_CONTEXT('2D SPACE',''
  ) );
#8140 = ORIENTED_EDGE('',*,*,#5016,.F.);
#8141 = ORIENTED_EDGE('',*,*,#8142,.F.);
#8142 = EDGE_CURVE('',#8143,#4989,#8145,.T.);
#8143 = VERTEX_POINT('',#8144);
#8144 = CARTESIAN_POINT('',(35.8,0.3,5.6));
#8145 = SURFACE_CURVE('',#8146,(#8150,#8157),.PCURVE_S1.);
#8146 = LINE('',#8147,#8148);
#8147 = CARTESIAN_POINT('',(35.8,0.3,5.6));
#8148 = VECTOR('',#8149,1.);
#8149 = DIRECTION('',(0.,0.,1.));
#8150 = PCURVE('',#1937,#8151);
#8151 = DEFINITIONAL_REPRESENTATION('',(#8152),#8156);
#8152 = LINE('',#8153,#8154);
#8153 = CARTESIAN_POINT('',(5.6,-40.3));
#8154 = VECTOR('',#8155,1.);
#8155 = DIRECTION('',(1.,0.));
#8156 = ( GEOMETRIC_REPRESENTATION_CONTEXT(2) 
PARAMETRIC_REPRESENTATION_CONTEXT() REPRESENTATION_CONTEXT('2D SPACE',''
  ) );
#8157 = PCURVE('',#5004,#8158);
#8158 = DEFINITIONAL_REPRESENTATION('',(#8159),#8163);
#8159 = LINE('',#8160,#8161);
#8160 = CARTESIAN_POINT('',(0.,3.));
#8161 = VECTOR('',#8162,1.);
#8162 = DIRECTION('',(1.,0.));
#8163 = ( GEOMETRIC_REPRESENTATION_CONTEXT(2) 
PARAMETRIC_REPRESENTATION_CONTEXT() REPRESENTATION_CONTEXT('2D SPACE',''
  ) );
#8164 = ORIENTED_EDGE('',*,*,#8165,.F.);
#8165 = EDGE_CURVE('',#8166,#8143,#8168,.T.);
#8166 = VERTEX_POINT('',#8167);
#8167 = CARTESIAN_POINT('',(35.8,-0.3,5.6));
#8168 = SURFACE_CURVE('',#8169,(#8173,#8180),.PCURVE_S1.);
#8169 = LINE('',#8170,#8171);
#8170 = CARTESIAN_POINT('',(35.8,-0.3,5.6));
#8171 = VECTOR('',#8172,1.);
#8172 = DIRECTION('',(-0.,1.,0.));
#8173 = PCURVE('',#1937,#8174);
#8174 = DEFINITIONAL_REPRESENTATION('',(#8175),#8179);
#8175 = LINE('',#8176,#8177);
#8176 = CARTESIAN_POINT('',(5.6,-39.7));
#8177 = VECTOR('',#8178,1.);
#8178 = DIRECTION('',(0.,-1.));
#8179 = ( GEOMETRIC_REPRESENTATION_CONTEXT(2) 
PARAMETRIC_REPRESENTATION_CONTEXT() REPRESENTATION_CONTEXT('2D SPACE',''
  ) );
#8180 = PCURVE('',#8181,#8186);
#8181 = PLANE('',#8182);
#8182 = AXIS2_PLACEMENT_3D('',#8183,#8184,#8185);
#8183 = CARTESIAN_POINT('',(32.8,-0.3,5.6));
#8184 = DIRECTION('',(0.,0.,1.));
#8185 = DIRECTION('',(1.,0.,-0.));
#8186 = DEFINITIONAL_REPRESENTATION('',(#8187),#8191);
#8187 = LINE('',#8188,#8189);
#8188 = CARTESIAN_POINT('',(3.,0.));
#8189 = VECTOR('',#8190,1.);
#8190 = DIRECTION('',(0.,1.));
#8191 = ( GEOMETRIC_REPRESENTATION_CONTEXT(2) 
PARAMETRIC_REPRESENTATION_CONTEXT() REPRESENTATION_CONTEXT('2D SPACE',''
  ) );
#8192 = ORIENTED_EDGE('',*,*,#8193,.T.);
#8193 = EDGE_CURVE('',#8166,#2967,#8194,.T.);
#8194 = SURFACE_CURVE('',#8195,(#8199,#8206),.PCURVE_S1.);
#8195 = LINE('',#8196,#8197);
#8196 = CARTESIAN_POINT('',(35.8,-0.3,5.6));
#8197 = VECTOR('',#8198,1.);
#8198 = DIRECTION('',(0.,0.,1.));
#8199 = PCURVE('',#1937,#8200);
#8200 = DEFINITIONAL_REPRESENTATION('',(#8201),#8205);
#8201 = LINE('',#8202,#8203);
#8202 = CARTESIAN_POINT('',(5.6,-39.7));
#8203 = VECTOR('',#8204,1.);
#8204 = DIRECTION('',(1.,0.));
#8205 = ( GEOMETRIC_REPRESENTATION_CONTEXT(2) 
PARAMETRIC_REPRESENTATION_CONTEXT() REPRESENTATION_CONTEXT('2D SPACE',''
  ) );
#8206 = PCURVE('',#3005,#8207);
#8207 = DEFINITIONAL_REPRESENTATION('',(#8208),#8212);
#8208 = LINE('',#8209,#8210);
#8209 = CARTESIAN_POINT('',(0.,71.6));
#8210 = VECTOR('',#8211,1.);
#8211 = DIRECTION('',(1.,0.));
#8212 = ( GEOMETRIC_REPRESENTATION_CONTEXT(2) 
PARAMETRIC_REPRESENTATION_CONTEXT() REPRESENTATION_CONTEXT('2D SPACE',''
  ) );
#8213 = ORIENTED_EDGE('',*,*,#2966,.F.);
#8214 = ORIENTED_EDGE('',*,*,#8215,.F.);
#8215 = EDGE_CURVE('',#8216,#2941,#8218,.T.);
#8216 = VERTEX_POINT('',#8217);
#8217 = CARTESIAN_POINT('',(35.8,-4.7,5.6));
#8218 = SURFACE_CURVE('',#8219,(#8223,#8230),.PCURVE_S1.);
#8219 = LINE('',#8220,#8221);
#8220 = CARTESIAN_POINT('',(35.8,-4.7,5.6));
#8221 = VECTOR('',#8222,1.);
#8222 = DIRECTION('',(0.,0.,1.));
#8223 = PCURVE('',#1937,#8224);
#8224 = DEFINITIONAL_REPRESENTATION('',(#8225),#8229);
#8225 = LINE('',#8226,#8227);
#8226 = CARTESIAN_POINT('',(5.6,-35.3));
#8227 = VECTOR('',#8228,1.);
#8228 = DIRECTION('',(1.,0.));
#8229 = ( GEOMETRIC_REPRESENTATION_CONTEXT(2) 
PARAMETRIC_REPRESENTATION_CONTEXT() REPRESENTATION_CONTEXT('2D SPACE',''
  ) );
#8230 = PCURVE('',#2955,#8231);
#8231 = DEFINITIONAL_REPRESENTATION('',(#8232),#8236);
#8232 = LINE('',#8233,#8234);
#8233 = CARTESIAN_POINT('',(0.,1.5));
#8234 = VECTOR('',#8235,1.);
#8235 = DIRECTION('',(1.,0.));
#8236 = ( GEOMETRIC_REPRESENTATION_CONTEXT(2) 
PARAMETRIC_REPRESENTATION_CONTEXT() REPRESENTATION_CONTEXT('2D SPACE',''
  ) );
#8237 = ORIENTED_EDGE('',*,*,#8238,.F.);
#8238 = EDGE_CURVE('',#8239,#8216,#8241,.T.);
#8239 = VERTEX_POINT('',#8240);
#8240 = CARTESIAN_POINT('',(35.8,-5.3,5.6));
#8241 = SURFACE_CURVE('',#8242,(#8246,#8253),.PCURVE_S1.);
#8242 = LINE('',#8243,#8244);
#8243 = CARTESIAN_POINT('',(35.8,-5.3,5.6));
#8244 = VECTOR('',#8245,1.);
#8245 = DIRECTION('',(-0.,1.,0.));
#8246 = PCURVE('',#1937,#8247);
#8247 = DEFINITIONAL_REPRESENTATION('',(#8248),#8252);
#8248 = LINE('',#8249,#8250);
#8249 = CARTESIAN_POINT('',(5.6,-34.7));
#8250 = VECTOR('',#8251,1.);
#8251 = DIRECTION('',(0.,-1.));
#8252 = ( GEOMETRIC_REPRESENTATION_CONTEXT(2) 
PARAMETRIC_REPRESENTATION_CONTEXT() REPRESENTATION_CONTEXT('2D SPACE',''
  ) );
#8253 = PCURVE('',#8254,#8259);
#8254 = PLANE('',#8255);
#8255 = AXIS2_PLACEMENT_3D('',#8256,#8257,#8258);
#8256 = CARTESIAN_POINT('',(34.3,-5.3,5.6));
#8257 = DIRECTION('',(0.,0.,1.));
#8258 = DIRECTION('',(1.,0.,-0.));
#8259 = DEFINITIONAL_REPRESENTATION('',(#8260),#8264);
#8260 = LINE('',#8261,#8262);
#8261 = CARTESIAN_POINT('',(1.5,0.));
#8262 = VECTOR('',#8263,1.);
#8263 = DIRECTION('',(0.,1.));
#8264 = ( GEOMETRIC_REPRESENTATION_CONTEXT(2) 
PARAMETRIC_REPRESENTATION_CONTEXT() REPRESENTATION_CONTEXT('2D SPACE',''
  ) );
#8265 = ORIENTED_EDGE('',*,*,#8266,.T.);
#8266 = EDGE_CURVE('',#8239,#2866,#8267,.T.);
#8267 = SURFACE_CURVE('',#8268,(#8272,#8279),.PCURVE_S1.);
#8268 = LINE('',#8269,#8270);
#8269 = CARTESIAN_POINT('',(35.8,-5.3,5.6));
#8270 = VECTOR('',#8271,1.);
#8271 = DIRECTION('',(0.,0.,1.));
#8272 = PCURVE('',#1937,#8273);
#8273 = DEFINITIONAL_REPRESENTATION('',(#8274),#8278);
#8274 = LINE('',#8275,#8276);
#8275 = CARTESIAN_POINT('',(5.6,-34.7));
#8276 = VECTOR('',#8277,1.);
#8277 = DIRECTION('',(1.,0.));
#8278 = ( GEOMETRIC_REPRESENTATION_CONTEXT(2) 
PARAMETRIC_REPRESENTATION_CONTEXT() REPRESENTATION_CONTEXT('2D SPACE',''
  ) );
#8279 = PCURVE('',#2903,#8280);
#8280 = DEFINITIONAL_REPRESENTATION('',(#8281),#8285);
#8281 = LINE('',#8282,#8283);
#8282 = CARTESIAN_POINT('',(0.,1.5));
#8283 = VECTOR('',#8284,1.);
#8284 = DIRECTION('',(1.,0.));
#8285 = ( GEOMETRIC_REPRESENTATION_CONTEXT(2) 
PARAMETRIC_REPRESENTATION_CONTEXT() REPRESENTATION_CONTEXT('2D SPACE',''
  ) );
#8286 = ORIENTED_EDGE('',*,*,#2865,.F.);
#8287 = ORIENTED_EDGE('',*,*,#8288,.F.);
#8288 = EDGE_CURVE('',#8289,#2840,#8291,.T.);
#8289 = VERTEX_POINT('',#8290);
#8290 = CARTESIAN_POINT('',(35.8,-9.7,5.6));
#8291 = SURFACE_CURVE('',#8292,(#8296,#8303),.PCURVE_S1.);
#8292 = LINE('',#8293,#8294);
#8293 = CARTESIAN_POINT('',(35.8,-9.7,5.6));
#8294 = VECTOR('',#8295,1.);
#8295 = DIRECTION('',(0.,0.,1.));
#8296 = PCURVE('',#1937,#8297);
#8297 = DEFINITIONAL_REPRESENTATION('',(#8298),#8302);
#8298 = LINE('',#8299,#8300);
#8299 = CARTESIAN_POINT('',(5.6,-30.3));
#8300 = VECTOR('',#8301,1.);
#8301 = DIRECTION('',(1.,0.));
#8302 = ( GEOMETRIC_REPRESENTATION_CONTEXT(2) 
PARAMETRIC_REPRESENTATION_CONTEXT() REPRESENTATION_CONTEXT('2D SPACE',''
  ) );
#8303 = PCURVE('',#2854,#8304);
#8304 = DEFINITIONAL_REPRESENTATION('',(#8305),#8309);
#8305 = LINE('',#8306,#8307);
#8306 = CARTESIAN_POINT('',(0.,3.));
#8307 = VECTOR('',#8308,1.);
#8308 = DIRECTION('',(1.,0.));
#8309 = ( GEOMETRIC_REPRESENTATION_CONTEXT(2) 
PARAMETRIC_REPRESENTATION_CONTEXT() REPRESENTATION_CONTEXT('2D SPACE',''
  ) );
#8310 = ORIENTED_EDGE('',*,*,#8311,.F.);
#8311 = EDGE_CURVE('',#8312,#8289,#8314,.T.);
#8312 = VERTEX_POINT('',#8313);
#8313 = CARTESIAN_POINT('',(35.8,-10.3,5.6));
#8314 = SURFACE_CURVE('',#8315,(#8319,#8326),.PCURVE_S1.);
#8315 = LINE('',#8316,#8317);
#8316 = CARTESIAN_POINT('',(35.8,-10.3,5.6));
#8317 = VECTOR('',#8318,1.);
#8318 = DIRECTION('',(-0.,1.,0.));
#8319 = PCURVE('',#1937,#8320);
#8320 = DEFINITIONAL_REPRESENTATION('',(#8321),#8325);
#8321 = LINE('',#8322,#8323);
#8322 = CARTESIAN_POINT('',(5.6,-29.7));
#8323 = VECTOR('',#8324,1.);
#8324 = DIRECTION('',(0.,-1.));
#8325 = ( GEOMETRIC_REPRESENTATION_CONTEXT(2) 
PARAMETRIC_REPRESENTATION_CONTEXT() REPRESENTATION_CONTEXT('2D SPACE',''
  ) );
#8326 = PCURVE('',#8327,#8332);
#8327 = PLANE('',#8328);
#8328 = AXIS2_PLACEMENT_3D('',#8329,#8330,#8331);
#8329 = CARTESIAN_POINT('',(32.8,-10.3,5.6));
#8330 = DIRECTION('',(0.,0.,1.));
#8331 = DIRECTION('',(1.,0.,-0.));
#8332 = DEFINITIONAL_REPRESENTATION('',(#8333),#8337);
#8333 = LINE('',#8334,#8335);
#8334 = CARTESIAN_POINT('',(3.,0.));
#8335 = VECTOR('',#8336,1.);
#8336 = DIRECTION('',(0.,1.));
#8337 = ( GEOMETRIC_REPRESENTATION_CONTEXT(2) 
PARAMETRIC_REPRESENTATION_CONTEXT() REPRESENTATION_CONTEXT('2D SPACE',''
  ) );
#8338 = ORIENTED_EDGE('',*,*,#8339,.T.);
#8339 = EDGE_CURVE('',#8312,#2765,#8340,.T.);
#8340 = SURFACE_CURVE('',#8341,(#8345,#8352),.PCURVE_S1.);
#8341 = LINE('',#8342,#8343);
#8342 = CARTESIAN_POINT('',(35.8,-10.3,5.6));
#8343 = VECTOR('',#8344,1.);
#8344 = DIRECTION('',(0.,0.,1.));
#8345 = PCURVE('',#1937,#8346);
#8346 = DEFINITIONAL_REPRESENTATION('',(#8347),#8351);
#8347 = LINE('',#8348,#8349);
#8348 = CARTESIAN_POINT('',(5.6,-29.7));
#8349 = VECTOR('',#8350,1.);
#8350 = DIRECTION('',(1.,0.));
#8351 = ( GEOMETRIC_REPRESENTATION_CONTEXT(2) 
PARAMETRIC_REPRESENTATION_CONTEXT() REPRESENTATION_CONTEXT('2D SPACE',''
  ) );
#8352 = PCURVE('',#2802,#8353);
#8353 = DEFINITIONAL_REPRESENTATION('',(#8354),#8358);
#8354 = LINE('',#8355,#8356);
#8355 = CARTESIAN_POINT('',(0.,3.));
#8356 = VECTOR('',#8357,1.);
#8357 = DIRECTION('',(1.,0.));
#8358 = ( GEOMETRIC_REPRESENTATION_CONTEXT(2) 
PARAMETRIC_REPRESENTATION_CONTEXT() REPRESENTATION_CONTEXT('2D SPACE',''
  ) );
#8359 = ORIENTED_EDGE('',*,*,#2764,.F.);
#8360 = ORIENTED_EDGE('',*,*,#8361,.F.);
#8361 = EDGE_CURVE('',#8362,#2739,#8364,.T.);
#8362 = VERTEX_POINT('',#8363);
#8363 = CARTESIAN_POINT('',(35.8,-14.7,5.6));
#8364 = SURFACE_CURVE('',#8365,(#8369,#8376),.PCURVE_S1.);
#8365 = LINE('',#8366,#8367);
#8366 = CARTESIAN_POINT('',(35.8,-14.7,5.6));
#8367 = VECTOR('',#8368,1.);
#8368 = DIRECTION('',(0.,0.,1.));
#8369 = PCURVE('',#1937,#8370);
#8370 = DEFINITIONAL_REPRESENTATION('',(#8371),#8375);
#8371 = LINE('',#8372,#8373);
#8372 = CARTESIAN_POINT('',(5.6,-25.3));
#8373 = VECTOR('',#8374,1.);
#8374 = DIRECTION('',(1.,0.));
#8375 = ( GEOMETRIC_REPRESENTATION_CONTEXT(2) 
PARAMETRIC_REPRESENTATION_CONTEXT() REPRESENTATION_CONTEXT('2D SPACE',''
  ) );
#8376 = PCURVE('',#2753,#8377);
#8377 = DEFINITIONAL_REPRESENTATION('',(#8378),#8382);
#8378 = LINE('',#8379,#8380);
#8379 = CARTESIAN_POINT('',(0.,1.5));
#8380 = VECTOR('',#8381,1.);
#8381 = DIRECTION('',(1.,0.));
#8382 = ( GEOMETRIC_REPRESENTATION_CONTEXT(2) 
PARAMETRIC_REPRESENTATION_CONTEXT() REPRESENTATION_CONTEXT('2D SPACE',''
  ) );
#8383 = ORIENTED_EDGE('',*,*,#8384,.F.);
#8384 = EDGE_CURVE('',#8385,#8362,#8387,.T.);
#8385 = VERTEX_POINT('',#8386);
#8386 = CARTESIAN_POINT('',(35.8,-15.3,5.6));
#8387 = SURFACE_CURVE('',#8388,(#8392,#8399),.PCURVE_S1.);
#8388 = LINE('',#8389,#8390);
#8389 = CARTESIAN_POINT('',(35.8,-15.3,5.6));
#8390 = VECTOR('',#8391,1.);
#8391 = DIRECTION('',(-0.,1.,0.));
#8392 = PCURVE('',#1937,#8393);
#8393 = DEFINITIONAL_REPRESENTATION('',(#8394),#8398);
#8394 = LINE('',#8395,#8396);
#8395 = CARTESIAN_POINT('',(5.6,-24.7));
#8396 = VECTOR('',#8397,1.);
#8397 = DIRECTION('',(0.,-1.));
#8398 = ( GEOMETRIC_REPRESENTATION_CONTEXT(2) 
PARAMETRIC_REPRESENTATION_CONTEXT() REPRESENTATION_CONTEXT('2D SPACE',''
  ) );
#8399 = PCURVE('',#8400,#8405);
#8400 = PLANE('',#8401);
#8401 = AXIS2_PLACEMENT_3D('',#8402,#8403,#8404);
#8402 = CARTESIAN_POINT('',(34.3,-15.3,5.6));
#8403 = DIRECTION('',(0.,0.,1.));
#8404 = DIRECTION('',(1.,0.,-0.));
#8405 = DEFINITIONAL_REPRESENTATION('',(#8406),#8410);
#8406 = LINE('',#8407,#8408);
#8407 = CARTESIAN_POINT('',(1.5,0.));
#8408 = VECTOR('',#8409,1.);
#8409 = DIRECTION('',(0.,1.));
#8410 = ( GEOMETRIC_REPRESENTATION_CONTEXT(2) 
PARAMETRIC_REPRESENTATION_CONTEXT() REPRESENTATION_CONTEXT('2D SPACE',''
  ) );
#8411 = ORIENTED_EDGE('',*,*,#8412,.T.);
#8412 = EDGE_CURVE('',#8385,#2664,#8413,.T.);
#8413 = SURFACE_CURVE('',#8414,(#8418,#8425),.PCURVE_S1.);
#8414 = LINE('',#8415,#8416);
#8415 = CARTESIAN_POINT('',(35.8,-15.3,5.6));
#8416 = VECTOR('',#8417,1.);
#8417 = DIRECTION('',(0.,0.,1.));
#8418 = PCURVE('',#1937,#8419);
#8419 = DEFINITIONAL_REPRESENTATION('',(#8420),#8424);
#8420 = LINE('',#8421,#8422);
#8421 = CARTESIAN_POINT('',(5.6,-24.7));
#8422 = VECTOR('',#8423,1.);
#8423 = DIRECTION('',(1.,0.));
#8424 = ( GEOMETRIC_REPRESENTATION_CONTEXT(2) 
PARAMETRIC_REPRESENTATION_CONTEXT() REPRESENTATION_CONTEXT('2D SPACE',''
  ) );
#8425 = PCURVE('',#2701,#8426);
#8426 = DEFINITIONAL_REPRESENTATION('',(#8427),#8431);
#8427 = LINE('',#8428,#8429);
#8428 = CARTESIAN_POINT('',(0.,1.5));
#8429 = VECTOR('',#8430,1.);
#8430 = DIRECTION('',(1.,0.));
#8431 = ( GEOMETRIC_REPRESENTATION_CONTEXT(2) 
PARAMETRIC_REPRESENTATION_CONTEXT() REPRESENTATION_CONTEXT('2D SPACE',''
  ) );
#8432 = ORIENTED_EDGE('',*,*,#2663,.F.);
#8433 = ORIENTED_EDGE('',*,*,#8434,.F.);
#8434 = EDGE_CURVE('',#8435,#2638,#8437,.T.);
#8435 = VERTEX_POINT('',#8436);
#8436 = CARTESIAN_POINT('',(35.8,-19.7,5.6));
#8437 = SURFACE_CURVE('',#8438,(#8442,#8449),.PCURVE_S1.);
#8438 = LINE('',#8439,#8440);
#8439 = CARTESIAN_POINT('',(35.8,-19.7,5.6));
#8440 = VECTOR('',#8441,1.);
#8441 = DIRECTION('',(0.,0.,1.));
#8442 = PCURVE('',#1937,#8443);
#8443 = DEFINITIONAL_REPRESENTATION('',(#8444),#8448);
#8444 = LINE('',#8445,#8446);
#8445 = CARTESIAN_POINT('',(5.6,-20.3));
#8446 = VECTOR('',#8447,1.);
#8447 = DIRECTION('',(1.,0.));
#8448 = ( GEOMETRIC_REPRESENTATION_CONTEXT(2) 
PARAMETRIC_REPRESENTATION_CONTEXT() REPRESENTATION_CONTEXT('2D SPACE',''
  ) );
#8449 = PCURVE('',#2652,#8450);
#8450 = DEFINITIONAL_REPRESENTATION('',(#8451),#8455);
#8451 = LINE('',#8452,#8453);
#8452 = CARTESIAN_POINT('',(0.,3.));
#8453 = VECTOR('',#8454,1.);
#8454 = DIRECTION('',(1.,0.));
#8455 = ( GEOMETRIC_REPRESENTATION_CONTEXT(2) 
PARAMETRIC_REPRESENTATION_CONTEXT() REPRESENTATION_CONTEXT('2D SPACE',''
  ) );
#8456 = ORIENTED_EDGE('',*,*,#8457,.F.);
#8457 = EDGE_CURVE('',#8458,#8435,#8460,.T.);
#8458 = VERTEX_POINT('',#8459);
#8459 = CARTESIAN_POINT('',(35.8,-20.3,5.6));
#8460 = SURFACE_CURVE('',#8461,(#8465,#8472),.PCURVE_S1.);
#8461 = LINE('',#8462,#8463);
#8462 = CARTESIAN_POINT('',(35.8,-20.3,5.6));
#8463 = VECTOR('',#8464,1.);
#8464 = DIRECTION('',(-0.,1.,0.));
#8465 = PCURVE('',#1937,#8466);
#8466 = DEFINITIONAL_REPRESENTATION('',(#8467),#8471);
#8467 = LINE('',#8468,#8469);
#8468 = CARTESIAN_POINT('',(5.6,-19.7));
#8469 = VECTOR('',#8470,1.);
#8470 = DIRECTION('',(0.,-1.));
#8471 = ( GEOMETRIC_REPRESENTATION_CONTEXT(2) 
PARAMETRIC_REPRESENTATION_CONTEXT() REPRESENTATION_CONTEXT('2D SPACE',''
  ) );
#8472 = PCURVE('',#8473,#8478);
#8473 = PLANE('',#8474);
#8474 = AXIS2_PLACEMENT_3D('',#8475,#8476,#8477);
#8475 = CARTESIAN_POINT('',(32.8,-20.3,5.6));
#8476 = DIRECTION('',(0.,0.,1.));
#8477 = DIRECTION('',(1.,0.,-0.));
#8478 = DEFINITIONAL_REPRESENTATION('',(#8479),#8483);
#8479 = LINE('',#8480,#8481);
#8480 = CARTESIAN_POINT('',(3.,0.));
#8481 = VECTOR('',#8482,1.);
#8482 = DIRECTION('',(0.,1.));
#8483 = ( GEOMETRIC_REPRESENTATION_CONTEXT(2) 
PARAMETRIC_REPRESENTATION_CONTEXT() REPRESENTATION_CONTEXT('2D SPACE',''
  ) );
#8484 = ORIENTED_EDGE('',*,*,#8485,.T.);
#8485 = EDGE_CURVE('',#8458,#2563,#8486,.T.);
#8486 = SURFACE_CURVE('',#8487,(#8491,#8498),.PCURVE_S1.);
#8487 = LINE('',#8488,#8489);
#8488 = CARTESIAN_POINT('',(35.8,-20.3,5.6));
#8489 = VECTOR('',#8490,1.);
#8490 = DIRECTION('',(0.,0.,1.));
#8491 = PCURVE('',#1937,#8492);
#8492 = DEFINITIONAL_REPRESENTATION('',(#8493),#8497);
#8493 = LINE('',#8494,#8495);
#8494 = CARTESIAN_POINT('',(5.6,-19.7));
#8495 = VECTOR('',#8496,1.);
#8496 = DIRECTION('',(1.,0.));
#8497 = ( GEOMETRIC_REPRESENTATION_CONTEXT(2) 
PARAMETRIC_REPRESENTATION_CONTEXT() REPRESENTATION_CONTEXT('2D SPACE',''
  ) );
#8498 = PCURVE('',#2600,#8499);
#8499 = DEFINITIONAL_REPRESENTATION('',(#8500),#8504);
#8500 = LINE('',#8501,#8502);
#8501 = CARTESIAN_POINT('',(0.,3.));
#8502 = VECTOR('',#8503,1.);
#8503 = DIRECTION('',(1.,0.));
#8504 = ( GEOMETRIC_REPRESENTATION_CONTEXT(2) 
PARAMETRIC_REPRESENTATION_CONTEXT() REPRESENTATION_CONTEXT('2D SPACE',''
  ) );
#8505 = ORIENTED_EDGE('',*,*,#2562,.F.);
#8506 = ORIENTED_EDGE('',*,*,#8507,.F.);
#8507 = EDGE_CURVE('',#8508,#2537,#8510,.T.);
#8508 = VERTEX_POINT('',#8509);
#8509 = CARTESIAN_POINT('',(35.8,-24.7,5.6));
#8510 = SURFACE_CURVE('',#8511,(#8515,#8522),.PCURVE_S1.);
#8511 = LINE('',#8512,#8513);
#8512 = CARTESIAN_POINT('',(35.8,-24.7,5.6));
#8513 = VECTOR('',#8514,1.);
#8514 = DIRECTION('',(0.,0.,1.));
#8515 = PCURVE('',#1937,#8516);
#8516 = DEFINITIONAL_REPRESENTATION('',(#8517),#8521);
#8517 = LINE('',#8518,#8519);
#8518 = CARTESIAN_POINT('',(5.6,-15.3));
#8519 = VECTOR('',#8520,1.);
#8520 = DIRECTION('',(1.,0.));
#8521 = ( GEOMETRIC_REPRESENTATION_CONTEXT(2) 
PARAMETRIC_REPRESENTATION_CONTEXT() REPRESENTATION_CONTEXT('2D SPACE',''
  ) );
#8522 = PCURVE('',#2551,#8523);
#8523 = DEFINITIONAL_REPRESENTATION('',(#8524),#8528);
#8524 = LINE('',#8525,#8526);
#8525 = CARTESIAN_POINT('',(0.,1.5));
#8526 = VECTOR('',#8527,1.);
#8527 = DIRECTION('',(1.,0.));
#8528 = ( GEOMETRIC_REPRESENTATION_CONTEXT(2) 
PARAMETRIC_REPRESENTATION_CONTEXT() REPRESENTATION_CONTEXT('2D SPACE',''
  ) );
#8529 = ORIENTED_EDGE('',*,*,#8530,.F.);
#8530 = EDGE_CURVE('',#8531,#8508,#8533,.T.);
#8531 = VERTEX_POINT('',#8532);
#8532 = CARTESIAN_POINT('',(35.8,-25.3,5.6));
#8533 = SURFACE_CURVE('',#8534,(#8538,#8545),.PCURVE_S1.);
#8534 = LINE('',#8535,#8536);
#8535 = CARTESIAN_POINT('',(35.8,-25.3,5.6));
#8536 = VECTOR('',#8537,1.);
#8537 = DIRECTION('',(-0.,1.,0.));
#8538 = PCURVE('',#1937,#8539);
#8539 = DEFINITIONAL_REPRESENTATION('',(#8540),#8544);
#8540 = LINE('',#8541,#8542);
#8541 = CARTESIAN_POINT('',(5.6,-14.7));
#8542 = VECTOR('',#8543,1.);
#8543 = DIRECTION('',(0.,-1.));
#8544 = ( GEOMETRIC_REPRESENTATION_CONTEXT(2) 
PARAMETRIC_REPRESENTATION_CONTEXT() REPRESENTATION_CONTEXT('2D SPACE',''
  ) );
#8545 = PCURVE('',#8546,#8551);
#8546 = PLANE('',#8547);
#8547 = AXIS2_PLACEMENT_3D('',#8548,#8549,#8550);
#8548 = CARTESIAN_POINT('',(34.3,-25.3,5.6));
#8549 = DIRECTION('',(0.,0.,1.));
#8550 = DIRECTION('',(1.,0.,-0.));
#8551 = DEFINITIONAL_REPRESENTATION('',(#8552),#8556);
#8552 = LINE('',#8553,#8554);
#8553 = CARTESIAN_POINT('',(1.5,0.));
#8554 = VECTOR('',#8555,1.);
#8555 = DIRECTION('',(0.,1.));
#8556 = ( GEOMETRIC_REPRESENTATION_CONTEXT(2) 
PARAMETRIC_REPRESENTATION_CONTEXT() REPRESENTATION_CONTEXT('2D SPACE',''
  ) );
#8557 = ORIENTED_EDGE('',*,*,#8558,.T.);
#8558 = EDGE_CURVE('',#8531,#2462,#8559,.T.);
#8559 = SURFACE_CURVE('',#8560,(#8564,#8571),.PCURVE_S1.);
#8560 = LINE('',#8561,#8562);
#8561 = CARTESIAN_POINT('',(35.8,-25.3,5.6));
#8562 = VECTOR('',#8563,1.);
#8563 = DIRECTION('',(0.,0.,1.));
#8564 = PCURVE('',#1937,#8565);
#8565 = DEFINITIONAL_REPRESENTATION('',(#8566),#8570);
#8566 = LINE('',#8567,#8568);
#8567 = CARTESIAN_POINT('',(5.6,-14.7));
#8568 = VECTOR('',#8569,1.);
#8569 = DIRECTION('',(1.,0.));
#8570 = ( GEOMETRIC_REPRESENTATION_CONTEXT(2) 
PARAMETRIC_REPRESENTATION_CONTEXT() REPRESENTATION_CONTEXT('2D SPACE',''
  ) );
#8571 = PCURVE('',#2499,#8572);
#8572 = DEFINITIONAL_REPRESENTATION('',(#8573),#8577);
#8573 = LINE('',#8574,#8575);
#8574 = CARTESIAN_POINT('',(0.,1.5));
#8575 = VECTOR('',#8576,1.);
#8576 = DIRECTION('',(1.,0.));
#8577 = ( GEOMETRIC_REPRESENTATION_CONTEXT(2) 
PARAMETRIC_REPRESENTATION_CONTEXT() REPRESENTATION_CONTEXT('2D SPACE',''
  ) );
#8578 = ORIENTED_EDGE('',*,*,#2461,.F.);
#8579 = ORIENTED_EDGE('',*,*,#8580,.F.);
#8580 = EDGE_CURVE('',#8581,#2436,#8583,.T.);
#8581 = VERTEX_POINT('',#8582);
#8582 = CARTESIAN_POINT('',(35.8,-29.7,5.6));
#8583 = SURFACE_CURVE('',#8584,(#8588,#8595),.PCURVE_S1.);
#8584 = LINE('',#8585,#8586);
#8585 = CARTESIAN_POINT('',(35.8,-29.7,5.6));
#8586 = VECTOR('',#8587,1.);
#8587 = DIRECTION('',(0.,0.,1.));
#8588 = PCURVE('',#1937,#8589);
#8589 = DEFINITIONAL_REPRESENTATION('',(#8590),#8594);
#8590 = LINE('',#8591,#8592);
#8591 = CARTESIAN_POINT('',(5.6,-10.3));
#8592 = VECTOR('',#8593,1.);
#8593 = DIRECTION('',(1.,0.));
#8594 = ( GEOMETRIC_REPRESENTATION_CONTEXT(2) 
PARAMETRIC_REPRESENTATION_CONTEXT() REPRESENTATION_CONTEXT('2D SPACE',''
  ) );
#8595 = PCURVE('',#2450,#8596);
#8596 = DEFINITIONAL_REPRESENTATION('',(#8597),#8601);
#8597 = LINE('',#8598,#8599);
#8598 = CARTESIAN_POINT('',(0.,3.));
#8599 = VECTOR('',#8600,1.);
#8600 = DIRECTION('',(1.,0.));
#8601 = ( GEOMETRIC_REPRESENTATION_CONTEXT(2) 
PARAMETRIC_REPRESENTATION_CONTEXT() REPRESENTATION_CONTEXT('2D SPACE',''
  ) );
#8602 = ORIENTED_EDGE('',*,*,#8603,.F.);
#8603 = EDGE_CURVE('',#8604,#8581,#8606,.T.);
#8604 = VERTEX_POINT('',#8605);
#8605 = CARTESIAN_POINT('',(35.8,-30.3,5.6));
#8606 = SURFACE_CURVE('',#8607,(#8611,#8618),.PCURVE_S1.);
#8607 = LINE('',#8608,#8609);
#8608 = CARTESIAN_POINT('',(35.8,-30.3,5.6));
#8609 = VECTOR('',#8610,1.);
#8610 = DIRECTION('',(-0.,1.,0.));
#8611 = PCURVE('',#1937,#8612);
#8612 = DEFINITIONAL_REPRESENTATION('',(#8613),#8617);
#8613 = LINE('',#8614,#8615);
#8614 = CARTESIAN_POINT('',(5.6,-9.7));
#8615 = VECTOR('',#8616,1.);
#8616 = DIRECTION('',(0.,-1.));
#8617 = ( GEOMETRIC_REPRESENTATION_CONTEXT(2) 
PARAMETRIC_REPRESENTATION_CONTEXT() REPRESENTATION_CONTEXT('2D SPACE',''
  ) );
#8618 = PCURVE('',#8619,#8624);
#8619 = PLANE('',#8620);
#8620 = AXIS2_PLACEMENT_3D('',#8621,#8622,#8623);
#8621 = CARTESIAN_POINT('',(32.8,-30.3,5.6));
#8622 = DIRECTION('',(0.,0.,1.));
#8623 = DIRECTION('',(1.,0.,-0.));
#8624 = DEFINITIONAL_REPRESENTATION('',(#8625),#8629);
#8625 = LINE('',#8626,#8627);
#8626 = CARTESIAN_POINT('',(3.,0.));
#8627 = VECTOR('',#8628,1.);
#8628 = DIRECTION('',(0.,1.));
#8629 = ( GEOMETRIC_REPRESENTATION_CONTEXT(2) 
PARAMETRIC_REPRESENTATION_CONTEXT() REPRESENTATION_CONTEXT('2D SPACE',''
  ) );
#8630 = ORIENTED_EDGE('',*,*,#8631,.T.);
#8631 = EDGE_CURVE('',#8604,#2361,#8632,.T.);
#8632 = SURFACE_CURVE('',#8633,(#8637,#8644),.PCURVE_S1.);
#8633 = LINE('',#8634,#8635);
#8634 = CARTESIAN_POINT('',(35.8,-30.3,5.6));
#8635 = VECTOR('',#8636,1.);
#8636 = DIRECTION('',(0.,0.,1.));
#8637 = PCURVE('',#1937,#8638);
#8638 = DEFINITIONAL_REPRESENTATION('',(#8639),#8643);
#8639 = LINE('',#8640,#8641);
#8640 = CARTESIAN_POINT('',(5.6,-9.7));
#8641 = VECTOR('',#8642,1.);
#8642 = DIRECTION('',(1.,0.));
#8643 = ( GEOMETRIC_REPRESENTATION_CONTEXT(2) 
PARAMETRIC_REPRESENTATION_CONTEXT() REPRESENTATION_CONTEXT('2D SPACE',''
  ) );
#8644 = PCURVE('',#2398,#8645);
#8645 = DEFINITIONAL_REPRESENTATION('',(#8646),#8650);
#8646 = LINE('',#8647,#8648);
#8647 = CARTESIAN_POINT('',(0.,3.));
#8648 = VECTOR('',#8649,1.);
#8649 = DIRECTION('',(1.,0.));
#8650 = ( GEOMETRIC_REPRESENTATION_CONTEXT(2) 
PARAMETRIC_REPRESENTATION_CONTEXT() REPRESENTATION_CONTEXT('2D SPACE',''
  ) );
#8651 = ORIENTED_EDGE('',*,*,#2360,.F.);
#8652 = ORIENTED_EDGE('',*,*,#8653,.F.);
#8653 = EDGE_CURVE('',#8654,#2335,#8656,.T.);
#8654 = VERTEX_POINT('',#8655);
#8655 = CARTESIAN_POINT('',(35.8,-34.7,5.6));
#8656 = SURFACE_CURVE('',#8657,(#8661,#8668),.PCURVE_S1.);
#8657 = LINE('',#8658,#8659);
#8658 = CARTESIAN_POINT('',(35.8,-34.7,5.6));
#8659 = VECTOR('',#8660,1.);
#8660 = DIRECTION('',(0.,0.,1.));
#8661 = PCURVE('',#1937,#8662);
#8662 = DEFINITIONAL_REPRESENTATION('',(#8663),#8667);
#8663 = LINE('',#8664,#8665);
#8664 = CARTESIAN_POINT('',(5.6,-5.3));
#8665 = VECTOR('',#8666,1.);
#8666 = DIRECTION('',(1.,0.));
#8667 = ( GEOMETRIC_REPRESENTATION_CONTEXT(2) 
PARAMETRIC_REPRESENTATION_CONTEXT() REPRESENTATION_CONTEXT('2D SPACE',''
  ) );
#8668 = PCURVE('',#2349,#8669);
#8669 = DEFINITIONAL_REPRESENTATION('',(#8670),#8674);
#8670 = LINE('',#8671,#8672);
#8671 = CARTESIAN_POINT('',(0.,1.5));
#8672 = VECTOR('',#8673,1.);
#8673 = DIRECTION('',(1.,0.));
#8674 = ( GEOMETRIC_REPRESENTATION_CONTEXT(2) 
PARAMETRIC_REPRESENTATION_CONTEXT() REPRESENTATION_CONTEXT('2D SPACE',''
  ) );
#8675 = ORIENTED_EDGE('',*,*,#8676,.F.);
#8676 = EDGE_CURVE('',#8677,#8654,#8679,.T.);
#8677 = VERTEX_POINT('',#8678);
#8678 = CARTESIAN_POINT('',(35.8,-35.3,5.6));
#8679 = SURFACE_CURVE('',#8680,(#8684,#8691),.PCURVE_S1.);
#8680 = LINE('',#8681,#8682);
#8681 = CARTESIAN_POINT('',(35.8,-35.3,5.6));
#8682 = VECTOR('',#8683,1.);
#8683 = DIRECTION('',(-0.,1.,0.));
#8684 = PCURVE('',#1937,#8685);
#8685 = DEFINITIONAL_REPRESENTATION('',(#8686),#8690);
#8686 = LINE('',#8687,#8688);
#8687 = CARTESIAN_POINT('',(5.6,-4.7));
#8688 = VECTOR('',#8689,1.);
#8689 = DIRECTION('',(0.,-1.));
#8690 = ( GEOMETRIC_REPRESENTATION_CONTEXT(2) 
PARAMETRIC_REPRESENTATION_CONTEXT() REPRESENTATION_CONTEXT('2D SPACE',''
  ) );
#8691 = PCURVE('',#8692,#8697);
#8692 = PLANE('',#8693);
#8693 = AXIS2_PLACEMENT_3D('',#8694,#8695,#8696);
#8694 = CARTESIAN_POINT('',(34.3,-35.3,5.6));
#8695 = DIRECTION('',(0.,0.,1.));
#8696 = DIRECTION('',(1.,0.,-0.));
#8697 = DEFINITIONAL_REPRESENTATION('',(#8698),#8702);
#8698 = LINE('',#8699,#8700);
#8699 = CARTESIAN_POINT('',(1.5,0.));
#8700 = VECTOR('',#8701,1.);
#8701 = DIRECTION('',(0.,1.));
#8702 = ( GEOMETRIC_REPRESENTATION_CONTEXT(2) 
PARAMETRIC_REPRESENTATION_CONTEXT() REPRESENTATION_CONTEXT('2D SPACE',''
  ) );
#8703 = ORIENTED_EDGE('',*,*,#8704,.T.);
#8704 = EDGE_CURVE('',#8677,#2260,#8705,.T.);
#8705 = SURFACE_CURVE('',#8706,(#8710,#8717),.PCURVE_S1.);
#8706 = LINE('',#8707,#8708);
#8707 = CARTESIAN_POINT('',(35.8,-35.3,5.6));
#8708 = VECTOR('',#8709,1.);
#8709 = DIRECTION('',(0.,0.,1.));
#8710 = PCURVE('',#1937,#8711);
#8711 = DEFINITIONAL_REPRESENTATION('',(#8712),#8716);
#8712 = LINE('',#8713,#8714);
#8713 = CARTESIAN_POINT('',(5.6,-4.7));
#8714 = VECTOR('',#8715,1.);
#8715 = DIRECTION('',(1.,0.));
#8716 = ( GEOMETRIC_REPRESENTATION_CONTEXT(2) 
PARAMETRIC_REPRESENTATION_CONTEXT() REPRESENTATION_CONTEXT('2D SPACE',''
  ) );
#8717 = PCURVE('',#2297,#8718);
#8718 = DEFINITIONAL_REPRESENTATION('',(#8719),#8723);
#8719 = LINE('',#8720,#8721);
#8720 = CARTESIAN_POINT('',(0.,1.5));
#8721 = VECTOR('',#8722,1.);
#8722 = DIRECTION('',(1.,0.));
#8723 = ( GEOMETRIC_REPRESENTATION_CONTEXT(2) 
PARAMETRIC_REPRESENTATION_CONTEXT() REPRESENTATION_CONTEXT('2D SPACE',''
  ) );
#8724 = ORIENTED_EDGE('',*,*,#2259,.F.);
#8725 = ORIENTED_EDGE('',*,*,#8726,.F.);
#8726 = EDGE_CURVE('',#8727,#2234,#8729,.T.);
#8727 = VERTEX_POINT('',#8728);
#8728 = CARTESIAN_POINT('',(35.8,-39.7,5.6));
#8729 = SURFACE_CURVE('',#8730,(#8734,#8741),.PCURVE_S1.);
#8730 = LINE('',#8731,#8732);
#8731 = CARTESIAN_POINT('',(35.8,-39.7,5.6));
#8732 = VECTOR('',#8733,1.);
#8733 = DIRECTION('',(0.,0.,1.));
#8734 = PCURVE('',#1937,#8735);
#8735 = DEFINITIONAL_REPRESENTATION('',(#8736),#8740);
#8736 = LINE('',#8737,#8738);
#8737 = CARTESIAN_POINT('',(5.6,-0.3));
#8738 = VECTOR('',#8739,1.);
#8739 = DIRECTION('',(1.,0.));
#8740 = ( GEOMETRIC_REPRESENTATION_CONTEXT(2) 
PARAMETRIC_REPRESENTATION_CONTEXT() REPRESENTATION_CONTEXT('2D SPACE',''
  ) );
#8741 = PCURVE('',#2248,#8742);
#8742 = DEFINITIONAL_REPRESENTATION('',(#8743),#8747);
#8743 = LINE('',#8744,#8745);
#8744 = CARTESIAN_POINT('',(0.,3.));
#8745 = VECTOR('',#8746,1.);
#8746 = DIRECTION('',(1.,0.));
#8747 = ( GEOMETRIC_REPRESENTATION_CONTEXT(2) 
PARAMETRIC_REPRESENTATION_CONTEXT() REPRESENTATION_CONTEXT('2D SPACE',''
  ) );
#8748 = ORIENTED_EDGE('',*,*,#8749,.F.);
#8749 = EDGE_CURVE('',#1922,#8727,#8750,.T.);
#8750 = SURFACE_CURVE('',#8751,(#8755,#8762),.PCURVE_S1.);
#8751 = LINE('',#8752,#8753);
#8752 = CARTESIAN_POINT('',(35.8,-40.3,5.6));
#8753 = VECTOR('',#8754,1.);
#8754 = DIRECTION('',(-0.,1.,0.));
#8755 = PCURVE('',#1937,#8756);
#8756 = DEFINITIONAL_REPRESENTATION('',(#8757),#8761);
#8757 = LINE('',#8758,#8759);
#8758 = CARTESIAN_POINT('',(5.6,0.3));
#8759 = VECTOR('',#8760,1.);
#8760 = DIRECTION('',(0.,-1.));
#8761 = ( GEOMETRIC_REPRESENTATION_CONTEXT(2) 
PARAMETRIC_REPRESENTATION_CONTEXT() REPRESENTATION_CONTEXT('2D SPACE',''
  ) );
#8762 = PCURVE('',#2080,#8763);
#8763 = DEFINITIONAL_REPRESENTATION('',(#8764),#8768);
#8764 = LINE('',#8765,#8766);
#8765 = CARTESIAN_POINT('',(3.,0.));
#8766 = VECTOR('',#8767,1.);
#8767 = DIRECTION('',(0.,1.));
#8768 = ( GEOMETRIC_REPRESENTATION_CONTEXT(2) 
PARAMETRIC_REPRESENTATION_CONTEXT() REPRESENTATION_CONTEXT('2D SPACE',''
  ) );
#8769 = ADVANCED_FACE('',(#8770),#2080,.T.);
#8770 = FACE_BOUND('',#8771,.T.);
#8771 = EDGE_LOOP('',(#8772,#8795,#8796,#8797));
#8772 = ORIENTED_EDGE('',*,*,#8773,.F.);
#8773 = EDGE_CURVE('',#2042,#8774,#8776,.T.);
#8774 = VERTEX_POINT('',#8775);
#8775 = CARTESIAN_POINT('',(32.8,-39.7,5.6));
#8776 = SURFACE_CURVE('',#8777,(#8781,#8788),.PCURVE_S1.);
#8777 = LINE('',#8778,#8779);
#8778 = CARTESIAN_POINT('',(32.8,-40.3,5.6));
#8779 = VECTOR('',#8780,1.);
#8780 = DIRECTION('',(-0.,1.,0.));
#8781 = PCURVE('',#2080,#8782);
#8782 = DEFINITIONAL_REPRESENTATION('',(#8783),#8787);
#8783 = LINE('',#8784,#8785);
#8784 = CARTESIAN_POINT('',(0.,0.));
#8785 = VECTOR('',#8786,1.);
#8786 = DIRECTION('',(0.,1.));
#8787 = ( GEOMETRIC_REPRESENTATION_CONTEXT(2) 
PARAMETRIC_REPRESENTATION_CONTEXT() REPRESENTATION_CONTEXT('2D SPACE',''
  ) );
#8788 = PCURVE('',#2056,#8789);
#8789 = DEFINITIONAL_REPRESENTATION('',(#8790),#8794);
#8790 = LINE('',#8791,#8792);
#8791 = CARTESIAN_POINT('',(0.,0.));
#8792 = VECTOR('',#8793,1.);
#8793 = DIRECTION('',(0.,-1.));
#8794 = ( GEOMETRIC_REPRESENTATION_CONTEXT(2) 
PARAMETRIC_REPRESENTATION_CONTEXT() REPRESENTATION_CONTEXT('2D SPACE',''
  ) );
#8795 = ORIENTED_EDGE('',*,*,#2067,.T.);
#8796 = ORIENTED_EDGE('',*,*,#8749,.T.);
#8797 = ORIENTED_EDGE('',*,*,#8798,.F.);
#8798 = EDGE_CURVE('',#8774,#8727,#8799,.T.);
#8799 = SURFACE_CURVE('',#8800,(#8804,#8811),.PCURVE_S1.);
#8800 = LINE('',#8801,#8802);
#8801 = CARTESIAN_POINT('',(32.8,-39.7,5.6));
#8802 = VECTOR('',#8803,1.);
#8803 = DIRECTION('',(1.,0.,-0.));
#8804 = PCURVE('',#2080,#8805);
#8805 = DEFINITIONAL_REPRESENTATION('',(#8806),#8810);
#8806 = LINE('',#8807,#8808);
#8807 = CARTESIAN_POINT('',(0.,0.6));
#8808 = VECTOR('',#8809,1.);
#8809 = DIRECTION('',(1.,0.));
#8810 = ( GEOMETRIC_REPRESENTATION_CONTEXT(2) 
PARAMETRIC_REPRESENTATION_CONTEXT() REPRESENTATION_CONTEXT('2D SPACE',''
  ) );
#8811 = PCURVE('',#2248,#8812);
#8812 = DEFINITIONAL_REPRESENTATION('',(#8813),#8817);
#8813 = LINE('',#8814,#8815);
#8814 = CARTESIAN_POINT('',(0.,0.));
#8815 = VECTOR('',#8816,1.);
#8816 = DIRECTION('',(0.,1.));
#8817 = ( GEOMETRIC_REPRESENTATION_CONTEXT(2) 
PARAMETRIC_REPRESENTATION_CONTEXT() REPRESENTATION_CONTEXT('2D SPACE',''
  ) );
#8818 = ADVANCED_FACE('',(#8819),#2056,.T.);
#8819 = FACE_BOUND('',#8820,.T.);
#8820 = EDGE_LOOP('',(#8821,#8822,#8823,#8844));
#8821 = ORIENTED_EDGE('',*,*,#2041,.T.);
#8822 = ORIENTED_EDGE('',*,*,#8773,.T.);
#8823 = ORIENTED_EDGE('',*,*,#8824,.T.);
#8824 = EDGE_CURVE('',#8774,#2213,#8825,.T.);
#8825 = SURFACE_CURVE('',#8826,(#8830,#8837),.PCURVE_S1.);
#8826 = LINE('',#8827,#8828);
#8827 = CARTESIAN_POINT('',(32.8,-39.7,5.6));
#8828 = VECTOR('',#8829,1.);
#8829 = DIRECTION('',(0.,0.,1.));
#8830 = PCURVE('',#2056,#8831);
#8831 = DEFINITIONAL_REPRESENTATION('',(#8832),#8836);
#8832 = LINE('',#8833,#8834);
#8833 = CARTESIAN_POINT('',(0.,-0.6));
#8834 = VECTOR('',#8835,1.);
#8835 = DIRECTION('',(1.,0.));
#8836 = ( GEOMETRIC_REPRESENTATION_CONTEXT(2) 
PARAMETRIC_REPRESENTATION_CONTEXT() REPRESENTATION_CONTEXT('2D SPACE',''
  ) );
#8837 = PCURVE('',#2248,#8838);
#8838 = DEFINITIONAL_REPRESENTATION('',(#8839),#8843);
#8839 = LINE('',#8840,#8841);
#8840 = CARTESIAN_POINT('',(0.,0.));
#8841 = VECTOR('',#8842,1.);
#8842 = DIRECTION('',(1.,0.));
#8843 = ( GEOMETRIC_REPRESENTATION_CONTEXT(2) 
PARAMETRIC_REPRESENTATION_CONTEXT() REPRESENTATION_CONTEXT('2D SPACE',''
  ) );
#8844 = ORIENTED_EDGE('',*,*,#2212,.F.);
#8845 = ADVANCED_FACE('',(#8846),#2007,.F.);
#8846 = FACE_BOUND('',#8847,.F.);
#8847 = EDGE_LOOP('',(#8848,#8849,#8850,#8851));
#8848 = ORIENTED_EDGE('',*,*,#1992,.T.);
#8849 = ORIENTED_EDGE('',*,*,#2096,.T.);
#8850 = ORIENTED_EDGE('',*,*,#2143,.T.);
#8851 = ORIENTED_EDGE('',*,*,#2192,.F.);
#8852 = ADVANCED_FACE('',(#8853),#3707,.F.);
#8853 = FACE_BOUND('',#8854,.F.);
#8854 = EDGE_LOOP('',(#8855,#8856,#8857,#8858));
#8855 = ORIENTED_EDGE('',*,*,#3740,.F.);
#8856 = ORIENTED_EDGE('',*,*,#3791,.T.);
#8857 = ORIENTED_EDGE('',*,*,#3838,.T.);
#8858 = ORIENTED_EDGE('',*,*,#3692,.F.);
#8859 = ADVANCED_FACE('',(#8860),#3640,.F.);
#8860 = FACE_BOUND('',#8861,.F.);
#8861 = EDGE_LOOP('',(#8862,#8863,#8864,#8865));
#8862 = ORIENTED_EDGE('',*,*,#3865,.F.);
#8863 = ORIENTED_EDGE('',*,*,#3916,.T.);
#8864 = ORIENTED_EDGE('',*,*,#3963,.T.);
#8865 = ORIENTED_EDGE('',*,*,#3625,.F.);
#8866 = ADVANCED_FACE('',(#8867),#3573,.F.);
#8867 = FACE_BOUND('',#8868,.F.);
#8868 = EDGE_LOOP('',(#8869,#8870,#8871,#8872));
#8869 = ORIENTED_EDGE('',*,*,#3990,.F.);
#8870 = ORIENTED_EDGE('',*,*,#4041,.T.);
#8871 = ORIENTED_EDGE('',*,*,#4088,.T.);
#8872 = ORIENTED_EDGE('',*,*,#3558,.F.);
#8873 = ADVANCED_FACE('',(#8874),#3506,.F.);
#8874 = FACE_BOUND('',#8875,.F.);
#8875 = EDGE_LOOP('',(#8876,#8877,#8878,#8879));
#8876 = ORIENTED_EDGE('',*,*,#4115,.F.);
#8877 = ORIENTED_EDGE('',*,*,#4166,.T.);
#8878 = ORIENTED_EDGE('',*,*,#4213,.T.);
#8879 = ORIENTED_EDGE('',*,*,#3491,.F.);
#8880 = ADVANCED_FACE('',(#8881),#3439,.F.);
#8881 = FACE_BOUND('',#8882,.F.);
#8882 = EDGE_LOOP('',(#8883,#8884,#8885,#8886));
#8883 = ORIENTED_EDGE('',*,*,#4240,.F.);
#8884 = ORIENTED_EDGE('',*,*,#4291,.T.);
#8885 = ORIENTED_EDGE('',*,*,#4338,.T.);
#8886 = ORIENTED_EDGE('',*,*,#3424,.F.);
#8887 = ADVANCED_FACE('',(#8888),#3372,.F.);
#8888 = FACE_BOUND('',#8889,.F.);
#8889 = EDGE_LOOP('',(#8890,#8891,#8892,#8893));
#8890 = ORIENTED_EDGE('',*,*,#4365,.F.);
#8891 = ORIENTED_EDGE('',*,*,#4416,.T.);
#8892 = ORIENTED_EDGE('',*,*,#4463,.T.);
#8893 = ORIENTED_EDGE('',*,*,#3357,.F.);
#8894 = ADVANCED_FACE('',(#8895),#3305,.F.);
#8895 = FACE_BOUND('',#8896,.F.);
#8896 = EDGE_LOOP('',(#8897,#8898,#8899,#8900));
#8897 = ORIENTED_EDGE('',*,*,#4490,.F.);
#8898 = ORIENTED_EDGE('',*,*,#4541,.T.);
#8899 = ORIENTED_EDGE('',*,*,#4588,.T.);
#8900 = ORIENTED_EDGE('',*,*,#3290,.F.);
#8901 = ADVANCED_FACE('',(#8902),#3034,.F.);
#8902 = FACE_BOUND('',#8903,.F.);
#8903 = EDGE_LOOP('',(#8904,#8929,#8956,#8957,#8981,#9001,#9002,#9023,
    #9052,#9071,#9072,#9073,#9074,#9075,#9076,#9097,#9126,#9145,#9146,
    #9168));
#8904 = ORIENTED_EDGE('',*,*,#8905,.F.);
#8905 = EDGE_CURVE('',#8906,#8908,#8910,.T.);
#8906 = VERTEX_POINT('',#8907);
#8907 = CARTESIAN_POINT('',(25.25,-6.184466335694E-15,3.));
#8908 = VERTEX_POINT('',#8909);
#8909 = CARTESIAN_POINT('',(25.25,-6.184466335694E-15,5.6));
#8910 = SEAM_CURVE('',#8911,(#8915,#8922),.PCURVE_S1.);
#8911 = LINE('',#8912,#8913);
#8912 = CARTESIAN_POINT('',(25.25,-6.184466335694E-15,3.));
#8913 = VECTOR('',#8914,1.);
#8914 = DIRECTION('',(0.,0.,1.));
#8915 = PCURVE('',#3034,#8916);
#8916 = DEFINITIONAL_REPRESENTATION('',(#8917),#8921);
#8917 = LINE('',#8918,#8919);
#8918 = CARTESIAN_POINT('',(0.,-0.));
#8919 = VECTOR('',#8920,1.);
#8920 = DIRECTION('',(0.,1.));
#8921 = ( GEOMETRIC_REPRESENTATION_CONTEXT(2) 
PARAMETRIC_REPRESENTATION_CONTEXT() REPRESENTATION_CONTEXT('2D SPACE',''
  ) );
#8922 = PCURVE('',#3034,#8923);
#8923 = DEFINITIONAL_REPRESENTATION('',(#8924),#8928);
#8924 = LINE('',#8925,#8926);
#8925 = CARTESIAN_POINT('',(6.28318530718,-0.));
#8926 = VECTOR('',#8927,1.);
#8927 = DIRECTION('',(0.,1.));
#8928 = ( GEOMETRIC_REPRESENTATION_CONTEXT(2) 
PARAMETRIC_REPRESENTATION_CONTEXT() REPRESENTATION_CONTEXT('2D SPACE',''
  ) );
#8929 = ORIENTED_EDGE('',*,*,#8930,.T.);
#8930 = EDGE_CURVE('',#8906,#8906,#8931,.T.);
#8931 = SURFACE_CURVE('',#8932,(#8937,#8944),.PCURVE_S1.);
#8932 = CIRCLE('',#8933,25.25);
#8933 = AXIS2_PLACEMENT_3D('',#8934,#8935,#8936);
#8934 = CARTESIAN_POINT('',(0.,0.,3.));
#8935 = DIRECTION('',(0.,0.,1.));
#8936 = DIRECTION('',(1.,0.,-0.));
#8937 = PCURVE('',#3034,#8938);
#8938 = DEFINITIONAL_REPRESENTATION('',(#8939),#8943);
#8939 = LINE('',#8940,#8941);
#8940 = CARTESIAN_POINT('',(0.,0.));
#8941 = VECTOR('',#8942,1.);
#8942 = DIRECTION('',(1.,0.));
#8943 = ( GEOMETRIC_REPRESENTATION_CONTEXT(2) 
PARAMETRIC_REPRESENTATION_CONTEXT() REPRESENTATION_CONTEXT('2D SPACE',''
  ) );
#8944 = PCURVE('',#8945,#8950);
#8945 = PLANE('',#8946);
#8946 = AXIS2_PLACEMENT_3D('',#8947,#8948,#8949);
#8947 = CARTESIAN_POINT('',(0.,0.,3.));
#8948 = DIRECTION('',(0.,0.,1.));
#8949 = DIRECTION('',(1.,0.,-0.));
#8950 = DEFINITIONAL_REPRESENTATION('',(#8951),#8955);
#8951 = CIRCLE('',#8952,25.25);
#8952 = AXIS2_PLACEMENT_2D('',#8953,#8954);
#8953 = CARTESIAN_POINT('',(0.,0.));
#8954 = DIRECTION('',(1.,0.));
#8955 = ( GEOMETRIC_REPRESENTATION_CONTEXT(2) 
PARAMETRIC_REPRESENTATION_CONTEXT() REPRESENTATION_CONTEXT('2D SPACE',''
  ) );
#8956 = ORIENTED_EDGE('',*,*,#8905,.T.);
#8957 = ORIENTED_EDGE('',*,*,#8958,.F.);
#8958 = EDGE_CURVE('',#8959,#8908,#8961,.T.);
#8959 = VERTEX_POINT('',#8960);
#8960 = CARTESIAN_POINT('',(25.248217758883,-0.3,5.6));
#8961 = SURFACE_CURVE('',#8962,(#8967,#8974),.PCURVE_S1.);
#8962 = CIRCLE('',#8963,25.25);
#8963 = AXIS2_PLACEMENT_3D('',#8964,#8965,#8966);
#8964 = CARTESIAN_POINT('',(0.,0.,5.6));
#8965 = DIRECTION('',(0.,0.,1.));
#8966 = DIRECTION('',(1.,0.,-0.));
#8967 = PCURVE('',#3034,#8968);
#8968 = DEFINITIONAL_REPRESENTATION('',(#8969),#8973);
#8969 = LINE('',#8970,#8971);
#8970 = CARTESIAN_POINT('',(0.,2.6));
#8971 = VECTOR('',#8972,1.);
#8972 = DIRECTION('',(1.,0.));
#8973 = ( GEOMETRIC_REPRESENTATION_CONTEXT(2) 
PARAMETRIC_REPRESENTATION_CONTEXT() REPRESENTATION_CONTEXT('2D SPACE',''
  ) );
#8974 = PCURVE('',#8181,#8975);
#8975 = DEFINITIONAL_REPRESENTATION('',(#8976),#8980);
#8976 = CIRCLE('',#8977,25.25);
#8977 = AXIS2_PLACEMENT_2D('',#8978,#8979);
#8978 = CARTESIAN_POINT('',(-32.8,0.3));
#8979 = DIRECTION('',(1.,0.));
#8980 = ( GEOMETRIC_REPRESENTATION_CONTEXT(2) 
PARAMETRIC_REPRESENTATION_CONTEXT() REPRESENTATION_CONTEXT('2D SPACE',''
  ) );
#8981 = ORIENTED_EDGE('',*,*,#8982,.T.);
#8982 = EDGE_CURVE('',#8959,#2990,#8983,.T.);
#8983 = SURFACE_CURVE('',#8984,(#8988,#8994),.PCURVE_S1.);
#8984 = LINE('',#8985,#8986);
#8985 = CARTESIAN_POINT('',(25.248217758883,-0.3,3.));
#8986 = VECTOR('',#8987,1.);
#8987 = DIRECTION('',(0.,0.,1.));
#8988 = PCURVE('',#3034,#8989);
#8989 = DEFINITIONAL_REPRESENTATION('',(#8990),#8993);
#8990 = B_SPLINE_CURVE_WITH_KNOTS('',1,(#8991,#8992),.UNSPECIFIED.,.F.,
  .F.,(2,2),(2.55,3.0000006),.PIECEWISE_BEZIER_KNOTS.);
#8991 = CARTESIAN_POINT('',(6.271303839513,2.55));
#8992 = CARTESIAN_POINT('',(6.271303839513,3.0000006));
#8993 = ( GEOMETRIC_REPRESENTATION_CONTEXT(2) 
PARAMETRIC_REPRESENTATION_CONTEXT() REPRESENTATION_CONTEXT('2D SPACE',''
  ) );
#8994 = PCURVE('',#3005,#8995);
#8995 = DEFINITIONAL_REPRESENTATION('',(#8996),#9000);
#8996 = LINE('',#8997,#8998);
#8997 = CARTESIAN_POINT('',(-2.6,61.048217758883));
#8998 = VECTOR('',#8999,1.);
#8999 = DIRECTION('',(1.,0.));
#9000 = ( GEOMETRIC_REPRESENTATION_CONTEXT(2) 
PARAMETRIC_REPRESENTATION_CONTEXT() REPRESENTATION_CONTEXT('2D SPACE',''
  ) );
#9001 = ORIENTED_EDGE('',*,*,#3017,.F.);
#9002 = ORIENTED_EDGE('',*,*,#9003,.F.);
#9003 = EDGE_CURVE('',#9004,#3018,#9006,.T.);
#9004 = VERTEX_POINT('',#9005);
#9005 = CARTESIAN_POINT('',(3.,-25.07114875708,4.));
#9006 = SURFACE_CURVE('',#9007,(#9011,#9017),.PCURVE_S1.);
#9007 = LINE('',#9008,#9009);
#9008 = CARTESIAN_POINT('',(3.,-25.07114875708,3.));
#9009 = VECTOR('',#9010,1.);
#9010 = DIRECTION('',(0.,0.,1.));
#9011 = PCURVE('',#3034,#9012);
#9012 = DEFINITIONAL_REPRESENTATION('',(#9013),#9016);
#9013 = B_SPLINE_CURVE_WITH_KNOTS('',1,(#9014,#9015),.UNSPECIFIED.,.F.,
  .F.,(2,2),(0.4,3.0000006),.PIECEWISE_BEZIER_KNOTS.);
#9014 = CARTESIAN_POINT('',(4.831482182264,0.4));
#9015 = CARTESIAN_POINT('',(4.831482182264,3.0000006));
#9016 = ( GEOMETRIC_REPRESENTATION_CONTEXT(2) 
PARAMETRIC_REPRESENTATION_CONTEXT() REPRESENTATION_CONTEXT('2D SPACE',''
  ) );
#9017 = PCURVE('',#3061,#9018);
#9018 = DEFINITIONAL_REPRESENTATION('',(#9019),#9022);
#9019 = B_SPLINE_CURVE_WITH_KNOTS('',1,(#9020,#9021),.UNSPECIFIED.,.F.,
  .F.,(2,2),(0.4,3.0000006),.PIECEWISE_BEZIER_KNOTS.);
#9020 = CARTESIAN_POINT('',(-0.6,-1.678851242913));
#9021 = CARTESIAN_POINT('',(2.0000006,-1.678851242913));
#9022 = ( GEOMETRIC_REPRESENTATION_CONTEXT(2) 
PARAMETRIC_REPRESENTATION_CONTEXT() REPRESENTATION_CONTEXT('2D SPACE',''
  ) );
#9023 = ORIENTED_EDGE('',*,*,#9024,.F.);
#9024 = EDGE_CURVE('',#9025,#9004,#9027,.T.);
#9025 = VERTEX_POINT('',#9026);
#9026 = CARTESIAN_POINT('',(-3.,-25.07114875708,4.));
#9027 = SURFACE_CURVE('',#9028,(#9033,#9040),.PCURVE_S1.);
#9028 = CIRCLE('',#9029,25.25);
#9029 = AXIS2_PLACEMENT_3D('',#9030,#9031,#9032);
#9030 = CARTESIAN_POINT('',(0.,0.,4.));
#9031 = DIRECTION('',(0.,0.,1.));
#9032 = DIRECTION('',(1.,0.,-0.));
#9033 = PCURVE('',#3034,#9034);
#9034 = DEFINITIONAL_REPRESENTATION('',(#9035),#9039);
#9035 = LINE('',#9036,#9037);
#9036 = CARTESIAN_POINT('',(0.,1.));
#9037 = VECTOR('',#9038,1.);
#9038 = DIRECTION('',(1.,0.));
#9039 = ( GEOMETRIC_REPRESENTATION_CONTEXT(2) 
PARAMETRIC_REPRESENTATION_CONTEXT() REPRESENTATION_CONTEXT('2D SPACE',''
  ) );
#9040 = PCURVE('',#9041,#9046);
#9041 = PLANE('',#9042);
#9042 = AXIS2_PLACEMENT_3D('',#9043,#9044,#9045);
#9043 = CARTESIAN_POINT('',(-3.,-26.75,4.));
#9044 = DIRECTION('',(0.,0.,1.));
#9045 = DIRECTION('',(1.,0.,-0.));
#9046 = DEFINITIONAL_REPRESENTATION('',(#9047),#9051);
#9047 = CIRCLE('',#9048,25.25);
#9048 = AXIS2_PLACEMENT_2D('',#9049,#9050);
#9049 = CARTESIAN_POINT('',(3.,26.75));
#9050 = DIRECTION('',(1.,0.));
#9051 = ( GEOMETRIC_REPRESENTATION_CONTEXT(2) 
PARAMETRIC_REPRESENTATION_CONTEXT() REPRESENTATION_CONTEXT('2D SPACE',''
  ) );
#9052 = ORIENTED_EDGE('',*,*,#9053,.T.);
#9053 = EDGE_CURVE('',#9025,#3198,#9054,.T.);
#9054 = SURFACE_CURVE('',#9055,(#9059,#9065),.PCURVE_S1.);
#9055 = LINE('',#9056,#9057);
#9056 = CARTESIAN_POINT('',(-3.,-25.07114875708,3.));
#9057 = VECTOR('',#9058,1.);
#9058 = DIRECTION('',(0.,0.,1.));
#9059 = PCURVE('',#3034,#9060);
#9060 = DEFINITIONAL_REPRESENTATION('',(#9061),#9064);
#9061 = B_SPLINE_CURVE_WITH_KNOTS('',1,(#9062,#9063),.UNSPECIFIED.,.F.,
  .F.,(2,2),(0.4,3.0000006),.PIECEWISE_BEZIER_KNOTS.);
#9062 = CARTESIAN_POINT('',(4.593295778506,0.4));
#9063 = CARTESIAN_POINT('',(4.593295778506,3.0000006));
#9064 = ( GEOMETRIC_REPRESENTATION_CONTEXT(2) 
PARAMETRIC_REPRESENTATION_CONTEXT() REPRESENTATION_CONTEXT('2D SPACE',''
  ) );
#9065 = PCURVE('',#3212,#9066);
#9066 = DEFINITIONAL_REPRESENTATION('',(#9067),#9070);
#9067 = B_SPLINE_CURVE_WITH_KNOTS('',1,(#9068,#9069),.UNSPECIFIED.,.F.,
  .F.,(2,2),(0.4,3.0000006),.PIECEWISE_BEZIER_KNOTS.);
#9068 = CARTESIAN_POINT('',(-0.6,-1.678851242913));
#9069 = CARTESIAN_POINT('',(2.0000006,-1.678851242913));
#9070 = ( GEOMETRIC_REPRESENTATION_CONTEXT(2) 
PARAMETRIC_REPRESENTATION_CONTEXT() REPRESENTATION_CONTEXT('2D SPACE',''
  ) );
#9071 = ORIENTED_EDGE('',*,*,#3223,.F.);
#9072 = ORIENTED_EDGE('',*,*,#4616,.F.);
#9073 = ORIENTED_EDGE('',*,*,#4665,.F.);
#9074 = ORIENTED_EDGE('',*,*,#4736,.T.);
#9075 = ORIENTED_EDGE('',*,*,#4763,.F.);
#9076 = ORIENTED_EDGE('',*,*,#9077,.F.);
#9077 = EDGE_CURVE('',#9078,#4764,#9080,.T.);
#9078 = VERTEX_POINT('',#9079);
#9079 = CARTESIAN_POINT('',(-3.,25.071148757087,4.));
#9080 = SURFACE_CURVE('',#9081,(#9085,#9091),.PCURVE_S1.);
#9081 = LINE('',#9082,#9083);
#9082 = CARTESIAN_POINT('',(-3.,25.071148757087,3.));
#9083 = VECTOR('',#9084,1.);
#9084 = DIRECTION('',(0.,0.,1.));
#9085 = PCURVE('',#3034,#9086);
#9086 = DEFINITIONAL_REPRESENTATION('',(#9087),#9090);
#9087 = B_SPLINE_CURVE_WITH_KNOTS('',1,(#9088,#9089),.UNSPECIFIED.,.F.,
  .F.,(2,2),(0.4,3.0000006),.PIECEWISE_BEZIER_KNOTS.);
#9088 = CARTESIAN_POINT('',(1.689889528674,0.4));
#9089 = CARTESIAN_POINT('',(1.689889528674,3.0000006));
#9090 = ( GEOMETRIC_REPRESENTATION_CONTEXT(2) 
PARAMETRIC_REPRESENTATION_CONTEXT() REPRESENTATION_CONTEXT('2D SPACE',''
  ) );
#9091 = PCURVE('',#4802,#9092);
#9092 = DEFINITIONAL_REPRESENTATION('',(#9093),#9096);
#9093 = B_SPLINE_CURVE_WITH_KNOTS('',1,(#9094,#9095),.UNSPECIFIED.,.F.,
  .F.,(2,2),(0.4,3.0000006),.PIECEWISE_BEZIER_KNOTS.);
#9094 = CARTESIAN_POINT('',(-0.6,-1.321148757087));
#9095 = CARTESIAN_POINT('',(2.0000006,-1.321148757087));
#9096 = ( GEOMETRIC_REPRESENTATION_CONTEXT(2) 
PARAMETRIC_REPRESENTATION_CONTEXT() REPRESENTATION_CONTEXT('2D SPACE',''
  ) );
#9097 = ORIENTED_EDGE('',*,*,#9098,.F.);
#9098 = EDGE_CURVE('',#9099,#9078,#9101,.T.);
#9099 = VERTEX_POINT('',#9100);
#9100 = CARTESIAN_POINT('',(3.,25.071148757087,4.));
#9101 = SURFACE_CURVE('',#9102,(#9107,#9114),.PCURVE_S1.);
#9102 = CIRCLE('',#9103,25.25);
#9103 = AXIS2_PLACEMENT_3D('',#9104,#9105,#9106);
#9104 = CARTESIAN_POINT('',(0.,0.,4.));
#9105 = DIRECTION('',(0.,0.,1.));
#9106 = DIRECTION('',(1.,0.,-0.));
#9107 = PCURVE('',#3034,#9108);
#9108 = DEFINITIONAL_REPRESENTATION('',(#9109),#9113);
#9109 = LINE('',#9110,#9111);
#9110 = CARTESIAN_POINT('',(0.,1.));
#9111 = VECTOR('',#9112,1.);
#9112 = DIRECTION('',(1.,0.));
#9113 = ( GEOMETRIC_REPRESENTATION_CONTEXT(2) 
PARAMETRIC_REPRESENTATION_CONTEXT() REPRESENTATION_CONTEXT('2D SPACE',''
  ) );
#9114 = PCURVE('',#9115,#9120);
#9115 = PLANE('',#9116);
#9116 = AXIS2_PLACEMENT_3D('',#9117,#9118,#9119);
#9117 = CARTESIAN_POINT('',(-3.,23.75,4.));
#9118 = DIRECTION('',(0.,0.,1.));
#9119 = DIRECTION('',(1.,0.,-0.));
#9120 = DEFINITIONAL_REPRESENTATION('',(#9121),#9125);
#9121 = CIRCLE('',#9122,25.25);
#9122 = AXIS2_PLACEMENT_2D('',#9123,#9124);
#9123 = CARTESIAN_POINT('',(3.,-23.75));
#9124 = DIRECTION('',(1.,0.));
#9125 = ( GEOMETRIC_REPRESENTATION_CONTEXT(2) 
PARAMETRIC_REPRESENTATION_CONTEXT() REPRESENTATION_CONTEXT('2D SPACE',''
  ) );
#9126 = ORIENTED_EDGE('',*,*,#9127,.T.);
#9127 = EDGE_CURVE('',#9099,#4939,#9128,.T.);
#9128 = SURFACE_CURVE('',#9129,(#9133,#9139),.PCURVE_S1.);
#9129 = LINE('',#9130,#9131);
#9130 = CARTESIAN_POINT('',(3.,25.071148757087,3.));
#9131 = VECTOR('',#9132,1.);
#9132 = DIRECTION('',(0.,0.,1.));
#9133 = PCURVE('',#3034,#9134);
#9134 = DEFINITIONAL_REPRESENTATION('',(#9135),#9138);
#9135 = B_SPLINE_CURVE_WITH_KNOTS('',1,(#9136,#9137),.UNSPECIFIED.,.F.,
  .F.,(2,2),(0.4,3.0000006),.PIECEWISE_BEZIER_KNOTS.);
#9136 = CARTESIAN_POINT('',(1.451703124916,0.4));
#9137 = CARTESIAN_POINT('',(1.451703124916,3.0000006));
#9138 = ( GEOMETRIC_REPRESENTATION_CONTEXT(2) 
PARAMETRIC_REPRESENTATION_CONTEXT() REPRESENTATION_CONTEXT('2D SPACE',''
  ) );
#9139 = PCURVE('',#4953,#9140);
#9140 = DEFINITIONAL_REPRESENTATION('',(#9141),#9144);
#9141 = B_SPLINE_CURVE_WITH_KNOTS('',1,(#9142,#9143),.UNSPECIFIED.,.F.,
  .F.,(2,2),(0.4,3.0000006),.PIECEWISE_BEZIER_KNOTS.);
#9142 = CARTESIAN_POINT('',(-0.6,-1.321148757087));
#9143 = CARTESIAN_POINT('',(2.0000006,-1.321148757087));
#9144 = ( GEOMETRIC_REPRESENTATION_CONTEXT(2) 
PARAMETRIC_REPRESENTATION_CONTEXT() REPRESENTATION_CONTEXT('2D SPACE',''
  ) );
#9145 = ORIENTED_EDGE('',*,*,#4964,.F.);
#9146 = ORIENTED_EDGE('',*,*,#9147,.F.);
#9147 = EDGE_CURVE('',#9148,#4965,#9150,.T.);
#9148 = VERTEX_POINT('',#9149);
#9149 = CARTESIAN_POINT('',(25.248217758883,0.3,5.6));
#9150 = SURFACE_CURVE('',#9151,(#9155,#9161),.PCURVE_S1.);
#9151 = LINE('',#9152,#9153);
#9152 = CARTESIAN_POINT('',(25.248217758883,0.3,3.));
#9153 = VECTOR('',#9154,1.);
#9154 = DIRECTION('',(0.,0.,1.));
#9155 = PCURVE('',#3034,#9156);
#9156 = DEFINITIONAL_REPRESENTATION('',(#9157),#9160);
#9157 = B_SPLINE_CURVE_WITH_KNOTS('',1,(#9158,#9159),.UNSPECIFIED.,.F.,
  .F.,(2,2),(2.55,3.0000006),.PIECEWISE_BEZIER_KNOTS.);
#9158 = CARTESIAN_POINT('',(1.188146766653E-02,2.55));
#9159 = CARTESIAN_POINT('',(1.188146766653E-02,3.0000006));
#9160 = ( GEOMETRIC_REPRESENTATION_CONTEXT(2) 
PARAMETRIC_REPRESENTATION_CONTEXT() REPRESENTATION_CONTEXT('2D SPACE',''
  ) );
#9161 = PCURVE('',#5004,#9162);
#9162 = DEFINITIONAL_REPRESENTATION('',(#9163),#9167);
#9163 = LINE('',#9164,#9165);
#9164 = CARTESIAN_POINT('',(-2.6,-7.551782241117));
#9165 = VECTOR('',#9166,1.);
#9166 = DIRECTION('',(1.,0.));
#9167 = ( GEOMETRIC_REPRESENTATION_CONTEXT(2) 
PARAMETRIC_REPRESENTATION_CONTEXT() REPRESENTATION_CONTEXT('2D SPACE',''
  ) );
#9168 = ORIENTED_EDGE('',*,*,#9169,.F.);
#9169 = EDGE_CURVE('',#8908,#9148,#9170,.T.);
#9170 = SURFACE_CURVE('',#9171,(#9176,#9183),.PCURVE_S1.);
#9171 = CIRCLE('',#9172,25.25);
#9172 = AXIS2_PLACEMENT_3D('',#9173,#9174,#9175);
#9173 = CARTESIAN_POINT('',(0.,0.,5.6));
#9174 = DIRECTION('',(0.,0.,1.));
#9175 = DIRECTION('',(1.,0.,-0.));
#9176 = PCURVE('',#3034,#9177);
#9177 = DEFINITIONAL_REPRESENTATION('',(#9178),#9182);
#9178 = LINE('',#9179,#9180);
#9179 = CARTESIAN_POINT('',(0.,2.6));
#9180 = VECTOR('',#9181,1.);
#9181 = DIRECTION('',(1.,0.));
#9182 = ( GEOMETRIC_REPRESENTATION_CONTEXT(2) 
PARAMETRIC_REPRESENTATION_CONTEXT() REPRESENTATION_CONTEXT('2D SPACE',''
  ) );
#9183 = PCURVE('',#8181,#9184);
#9184 = DEFINITIONAL_REPRESENTATION('',(#9185),#9189);
#9185 = CIRCLE('',#9186,25.25);
#9186 = AXIS2_PLACEMENT_2D('',#9187,#9188);
#9187 = CARTESIAN_POINT('',(-32.8,0.3));
#9188 = DIRECTION('',(1.,0.));
#9189 = ( GEOMETRIC_REPRESENTATION_CONTEXT(2) 
PARAMETRIC_REPRESENTATION_CONTEXT() REPRESENTATION_CONTEXT('2D SPACE',''
  ) );
#9190 = ADVANCED_FACE('',(#9191),#3212,.T.);
#9191 = FACE_BOUND('',#9192,.T.);
#9192 = EDGE_LOOP('',(#9193,#9216,#9237,#9238));
#9193 = ORIENTED_EDGE('',*,*,#9194,.F.);
#9194 = EDGE_CURVE('',#9195,#3177,#9197,.T.);
#9195 = VERTEX_POINT('',#9196);
#9196 = CARTESIAN_POINT('',(-3.,-26.75,4.));
#9197 = SURFACE_CURVE('',#9198,(#9202,#9209),.PCURVE_S1.);
#9198 = LINE('',#9199,#9200);
#9199 = CARTESIAN_POINT('',(-3.,-26.75,4.));
#9200 = VECTOR('',#9201,1.);
#9201 = DIRECTION('',(0.,0.,1.));
#9202 = PCURVE('',#3212,#9203);
#9203 = DEFINITIONAL_REPRESENTATION('',(#9204),#9208);
#9204 = LINE('',#9205,#9206);
#9205 = CARTESIAN_POINT('',(0.,0.));
#9206 = VECTOR('',#9207,1.);
#9207 = DIRECTION('',(1.,0.));
#9208 = ( GEOMETRIC_REPRESENTATION_CONTEXT(2) 
PARAMETRIC_REPRESENTATION_CONTEXT() REPRESENTATION_CONTEXT('2D SPACE',''
  ) );
#9209 = PCURVE('',#3087,#9210);
#9210 = DEFINITIONAL_REPRESENTATION('',(#9211),#9215);
#9211 = LINE('',#9212,#9213);
#9212 = CARTESIAN_POINT('',(0.,0.));
#9213 = VECTOR('',#9214,1.);
#9214 = DIRECTION('',(1.,0.));
#9215 = ( GEOMETRIC_REPRESENTATION_CONTEXT(2) 
PARAMETRIC_REPRESENTATION_CONTEXT() REPRESENTATION_CONTEXT('2D SPACE',''
  ) );
#9216 = ORIENTED_EDGE('',*,*,#9217,.T.);
#9217 = EDGE_CURVE('',#9195,#9025,#9218,.T.);
#9218 = SURFACE_CURVE('',#9219,(#9223,#9230),.PCURVE_S1.);
#9219 = LINE('',#9220,#9221);
#9220 = CARTESIAN_POINT('',(-3.,-26.75,4.));
#9221 = VECTOR('',#9222,1.);
#9222 = DIRECTION('',(-0.,1.,0.));
#9223 = PCURVE('',#3212,#9224);
#9224 = DEFINITIONAL_REPRESENTATION('',(#9225),#9229);
#9225 = LINE('',#9226,#9227);
#9226 = CARTESIAN_POINT('',(0.,0.));
#9227 = VECTOR('',#9228,1.);
#9228 = DIRECTION('',(0.,-1.));
#9229 = ( GEOMETRIC_REPRESENTATION_CONTEXT(2) 
PARAMETRIC_REPRESENTATION_CONTEXT() REPRESENTATION_CONTEXT('2D SPACE',''
  ) );
#9230 = PCURVE('',#9041,#9231);
#9231 = DEFINITIONAL_REPRESENTATION('',(#9232),#9236);
#9232 = LINE('',#9233,#9234);
#9233 = CARTESIAN_POINT('',(0.,0.));
#9234 = VECTOR('',#9235,1.);
#9235 = DIRECTION('',(0.,1.));
#9236 = ( GEOMETRIC_REPRESENTATION_CONTEXT(2) 
PARAMETRIC_REPRESENTATION_CONTEXT() REPRESENTATION_CONTEXT('2D SPACE',''
  ) );
#9237 = ORIENTED_EDGE('',*,*,#9053,.T.);
#9238 = ORIENTED_EDGE('',*,*,#3197,.F.);
#9239 = ADVANCED_FACE('',(#9240),#3087,.T.);
#9240 = FACE_BOUND('',#9241,.T.);
#9241 = EDGE_LOOP('',(#9242,#9265,#9286,#9287,#9288,#9309,#9335,#9354));
#9242 = ORIENTED_EDGE('',*,*,#9243,.F.);
#9243 = EDGE_CURVE('',#9244,#3047,#9246,.T.);
#9244 = VERTEX_POINT('',#9245);
#9245 = CARTESIAN_POINT('',(3.,-26.75,4.));
#9246 = SURFACE_CURVE('',#9247,(#9251,#9258),.PCURVE_S1.);
#9247 = LINE('',#9248,#9249);
#9248 = CARTESIAN_POINT('',(3.,-26.75,4.));
#9249 = VECTOR('',#9250,1.);
#9250 = DIRECTION('',(0.,0.,1.));
#9251 = PCURVE('',#3087,#9252);
#9252 = DEFINITIONAL_REPRESENTATION('',(#9253),#9257);
#9253 = LINE('',#9254,#9255);
#9254 = CARTESIAN_POINT('',(0.,6.));
#9255 = VECTOR('',#9256,1.);
#9256 = DIRECTION('',(1.,0.));
#9257 = ( GEOMETRIC_REPRESENTATION_CONTEXT(2) 
PARAMETRIC_REPRESENTATION_CONTEXT() REPRESENTATION_CONTEXT('2D SPACE',''
  ) );
#9258 = PCURVE('',#3061,#9259);
#9259 = DEFINITIONAL_REPRESENTATION('',(#9260),#9264);
#9260 = LINE('',#9261,#9262);
#9261 = CARTESIAN_POINT('',(0.,0.));
#9262 = VECTOR('',#9263,1.);
#9263 = DIRECTION('',(1.,0.));
#9264 = ( GEOMETRIC_REPRESENTATION_CONTEXT(2) 
PARAMETRIC_REPRESENTATION_CONTEXT() REPRESENTATION_CONTEXT('2D SPACE',''
  ) );
#9265 = ORIENTED_EDGE('',*,*,#9266,.F.);
#9266 = EDGE_CURVE('',#9195,#9244,#9267,.T.);
#9267 = SURFACE_CURVE('',#9268,(#9272,#9279),.PCURVE_S1.);
#9268 = LINE('',#9269,#9270);
#9269 = CARTESIAN_POINT('',(-3.,-26.75,4.));
#9270 = VECTOR('',#9271,1.);
#9271 = DIRECTION('',(1.,0.,-0.));
#9272 = PCURVE('',#3087,#9273);
#9273 = DEFINITIONAL_REPRESENTATION('',(#9274),#9278);
#9274 = LINE('',#9275,#9276);
#9275 = CARTESIAN_POINT('',(0.,0.));
#9276 = VECTOR('',#9277,1.);
#9277 = DIRECTION('',(0.,1.));
#9278 = ( GEOMETRIC_REPRESENTATION_CONTEXT(2) 
PARAMETRIC_REPRESENTATION_CONTEXT() REPRESENTATION_CONTEXT('2D SPACE',''
  ) );
#9279 = PCURVE('',#9041,#9280);
#9280 = DEFINITIONAL_REPRESENTATION('',(#9281),#9285);
#9281 = LINE('',#9282,#9283);
#9282 = CARTESIAN_POINT('',(0.,0.));
#9283 = VECTOR('',#9284,1.);
#9284 = DIRECTION('',(1.,0.));
#9285 = ( GEOMETRIC_REPRESENTATION_CONTEXT(2) 
PARAMETRIC_REPRESENTATION_CONTEXT() REPRESENTATION_CONTEXT('2D SPACE',''
  ) );
#9286 = ORIENTED_EDGE('',*,*,#9194,.T.);
#9287 = ORIENTED_EDGE('',*,*,#3176,.F.);
#9288 = ORIENTED_EDGE('',*,*,#9289,.F.);
#9289 = EDGE_CURVE('',#9290,#3151,#9292,.T.);
#9290 = VERTEX_POINT('',#9291);
#9291 = CARTESIAN_POINT('',(-0.3,-26.75,5.6));
#9292 = SURFACE_CURVE('',#9293,(#9297,#9303),.PCURVE_S1.);
#9293 = LINE('',#9294,#9295);
#9294 = CARTESIAN_POINT('',(-0.3,-26.75,4.8));
#9295 = VECTOR('',#9296,1.);
#9296 = DIRECTION('',(0.,0.,1.));
#9297 = PCURVE('',#3087,#9298);
#9298 = DEFINITIONAL_REPRESENTATION('',(#9299),#9302);
#9299 = B_SPLINE_CURVE_WITH_KNOTS('',1,(#9300,#9301),.UNSPECIFIED.,.F.,
  .F.,(2,2),(0.8,1.2),.PIECEWISE_BEZIER_KNOTS.);
#9300 = CARTESIAN_POINT('',(1.6,2.7));
#9301 = CARTESIAN_POINT('',(2.,2.7));
#9302 = ( GEOMETRIC_REPRESENTATION_CONTEXT(2) 
PARAMETRIC_REPRESENTATION_CONTEXT() REPRESENTATION_CONTEXT('2D SPACE',''
  ) );
#9303 = PCURVE('',#3165,#9304);
#9304 = DEFINITIONAL_REPRESENTATION('',(#9305),#9308);
#9305 = B_SPLINE_CURVE_WITH_KNOTS('',1,(#9306,#9307),.UNSPECIFIED.,.F.,
  .F.,(2,2),(0.8,1.2),.PIECEWISE_BEZIER_KNOTS.);
#9306 = CARTESIAN_POINT('',(0.,9.05));
#9307 = CARTESIAN_POINT('',(0.4,9.05));
#9308 = ( GEOMETRIC_REPRESENTATION_CONTEXT(2) 
PARAMETRIC_REPRESENTATION_CONTEXT() REPRESENTATION_CONTEXT('2D SPACE',''
  ) );
#9309 = ORIENTED_EDGE('',*,*,#9310,.T.);
#9310 = EDGE_CURVE('',#9290,#9311,#9313,.T.);
#9311 = VERTEX_POINT('',#9312);
#9312 = CARTESIAN_POINT('',(0.3,-26.75,5.6));
#9313 = SURFACE_CURVE('',#9314,(#9318,#9324),.PCURVE_S1.);
#9314 = LINE('',#9315,#9316);
#9315 = CARTESIAN_POINT('',(-1.35,-26.75,5.6));
#9316 = VECTOR('',#9317,1.);
#9317 = DIRECTION('',(1.,0.,-0.));
#9318 = PCURVE('',#3087,#9319);
#9319 = DEFINITIONAL_REPRESENTATION('',(#9320),#9323);
#9320 = B_SPLINE_CURVE_WITH_KNOTS('',1,(#9321,#9322),.UNSPECIFIED.,.F.,
  .F.,(2,2),(1.05,1.65),.PIECEWISE_BEZIER_KNOTS.);
#9321 = CARTESIAN_POINT('',(1.6,2.7));
#9322 = CARTESIAN_POINT('',(1.6,3.3));
#9323 = ( GEOMETRIC_REPRESENTATION_CONTEXT(2) 
PARAMETRIC_REPRESENTATION_CONTEXT() REPRESENTATION_CONTEXT('2D SPACE',''
  ) );
#9324 = PCURVE('',#9325,#9330);
#9325 = PLANE('',#9326);
#9326 = AXIS2_PLACEMENT_3D('',#9327,#9328,#9329);
#9327 = CARTESIAN_POINT('',(0.3,-35.8,5.6));
#9328 = DIRECTION('',(0.,0.,1.));
#9329 = DIRECTION('',(2.22044604925E-16,1.,0.));
#9330 = DEFINITIONAL_REPRESENTATION('',(#9331),#9334);
#9331 = B_SPLINE_CURVE_WITH_KNOTS('',1,(#9332,#9333),.UNSPECIFIED.,.F.,
  .F.,(2,2),(1.05,1.65),.PIECEWISE_BEZIER_KNOTS.);
#9332 = CARTESIAN_POINT('',(9.05,0.6));
#9333 = CARTESIAN_POINT('',(9.05,0.));
#9334 = ( GEOMETRIC_REPRESENTATION_CONTEXT(2) 
PARAMETRIC_REPRESENTATION_CONTEXT() REPRESENTATION_CONTEXT('2D SPACE',''
  ) );
#9335 = ORIENTED_EDGE('',*,*,#9336,.T.);
#9336 = EDGE_CURVE('',#9311,#3073,#9337,.T.);
#9337 = SURFACE_CURVE('',#9338,(#9342,#9348),.PCURVE_S1.);
#9338 = LINE('',#9339,#9340);
#9339 = CARTESIAN_POINT('',(0.3,-26.75,4.8));
#9340 = VECTOR('',#9341,1.);
#9341 = DIRECTION('',(0.,0.,1.));
#9342 = PCURVE('',#3087,#9343);
#9343 = DEFINITIONAL_REPRESENTATION('',(#9344),#9347);
#9344 = B_SPLINE_CURVE_WITH_KNOTS('',1,(#9345,#9346),.UNSPECIFIED.,.F.,
  .F.,(2,2),(0.8,1.2),.PIECEWISE_BEZIER_KNOTS.);
#9345 = CARTESIAN_POINT('',(1.6,3.3));
#9346 = CARTESIAN_POINT('',(2.,3.3));
#9347 = ( GEOMETRIC_REPRESENTATION_CONTEXT(2) 
PARAMETRIC_REPRESENTATION_CONTEXT() REPRESENTATION_CONTEXT('2D SPACE',''
  ) );
#9348 = PCURVE('',#3113,#9349);
#9349 = DEFINITIONAL_REPRESENTATION('',(#9350),#9353);
#9350 = B_SPLINE_CURVE_WITH_KNOTS('',1,(#9351,#9352),.UNSPECIFIED.,.F.,
  .F.,(2,2),(0.8,1.2),.PIECEWISE_BEZIER_KNOTS.);
#9351 = CARTESIAN_POINT('',(0.,9.05));
#9352 = CARTESIAN_POINT('',(0.4,9.05));
#9353 = ( GEOMETRIC_REPRESENTATION_CONTEXT(2) 
PARAMETRIC_REPRESENTATION_CONTEXT() REPRESENTATION_CONTEXT('2D SPACE',''
  ) );
#9354 = ORIENTED_EDGE('',*,*,#3072,.F.);
#9355 = ADVANCED_FACE('',(#9356),#3165,.F.);
#9356 = FACE_BOUND('',#9357,.F.);
#9357 = EDGE_LOOP('',(#9358,#9381,#9402,#9403));
#9358 = ORIENTED_EDGE('',*,*,#9359,.F.);
#9359 = EDGE_CURVE('',#9360,#9290,#9362,.T.);
#9360 = VERTEX_POINT('',#9361);
#9361 = CARTESIAN_POINT('',(-0.3,-35.8,5.6));
#9362 = SURFACE_CURVE('',#9363,(#9367,#9374),.PCURVE_S1.);
#9363 = LINE('',#9364,#9365);
#9364 = CARTESIAN_POINT('',(-0.3,-35.8,5.6));
#9365 = VECTOR('',#9366,1.);
#9366 = DIRECTION('',(2.22044604925E-16,1.,0.));
#9367 = PCURVE('',#3165,#9368);
#9368 = DEFINITIONAL_REPRESENTATION('',(#9369),#9373);
#9369 = LINE('',#9370,#9371);
#9370 = CARTESIAN_POINT('',(0.,0.));
#9371 = VECTOR('',#9372,1.);
#9372 = DIRECTION('',(0.,1.));
#9373 = ( GEOMETRIC_REPRESENTATION_CONTEXT(2) 
PARAMETRIC_REPRESENTATION_CONTEXT() REPRESENTATION_CONTEXT('2D SPACE',''
  ) );
#9374 = PCURVE('',#9325,#9375);
#9375 = DEFINITIONAL_REPRESENTATION('',(#9376),#9380);
#9376 = LINE('',#9377,#9378);
#9377 = CARTESIAN_POINT('',(0.,0.6));
#9378 = VECTOR('',#9379,1.);
#9379 = DIRECTION('',(1.,0.));
#9380 = ( GEOMETRIC_REPRESENTATION_CONTEXT(2) 
PARAMETRIC_REPRESENTATION_CONTEXT() REPRESENTATION_CONTEXT('2D SPACE',''
  ) );
#9381 = ORIENTED_EDGE('',*,*,#9382,.T.);
#9382 = EDGE_CURVE('',#9360,#3125,#9383,.T.);
#9383 = SURFACE_CURVE('',#9384,(#9388,#9395),.PCURVE_S1.);
#9384 = LINE('',#9385,#9386);
#9385 = CARTESIAN_POINT('',(-0.3,-35.8,5.6));
#9386 = VECTOR('',#9387,1.);
#9387 = DIRECTION('',(0.,0.,1.));
#9388 = PCURVE('',#3165,#9389);
#9389 = DEFINITIONAL_REPRESENTATION('',(#9390),#9394);
#9390 = LINE('',#9391,#9392);
#9391 = CARTESIAN_POINT('',(0.,0.));
#9392 = VECTOR('',#9393,1.);
#9393 = DIRECTION('',(1.,0.));
#9394 = ( GEOMETRIC_REPRESENTATION_CONTEXT(2) 
PARAMETRIC_REPRESENTATION_CONTEXT() REPRESENTATION_CONTEXT('2D SPACE',''
  ) );
#9395 = PCURVE('',#3139,#9396);
#9396 = DEFINITIONAL_REPRESENTATION('',(#9397),#9401);
#9397 = LINE('',#9398,#9399);
#9398 = CARTESIAN_POINT('',(0.,-0.6));
#9399 = VECTOR('',#9400,1.);
#9400 = DIRECTION('',(1.,0.));
#9401 = ( GEOMETRIC_REPRESENTATION_CONTEXT(2) 
PARAMETRIC_REPRESENTATION_CONTEXT() REPRESENTATION_CONTEXT('2D SPACE',''
  ) );
#9402 = ORIENTED_EDGE('',*,*,#3150,.F.);
#9403 = ORIENTED_EDGE('',*,*,#9289,.F.);
#9404 = ADVANCED_FACE('',(#9405),#3139,.T.);
#9405 = FACE_BOUND('',#9406,.T.);
#9406 = EDGE_LOOP('',(#9407,#9430,#9451,#9452));
#9407 = ORIENTED_EDGE('',*,*,#9408,.F.);
#9408 = EDGE_CURVE('',#9409,#3099,#9411,.T.);
#9409 = VERTEX_POINT('',#9410);
#9410 = CARTESIAN_POINT('',(0.3,-35.8,5.6));
#9411 = SURFACE_CURVE('',#9412,(#9416,#9423),.PCURVE_S1.);
#9412 = LINE('',#9413,#9414);
#9413 = CARTESIAN_POINT('',(0.3,-35.8,5.6));
#9414 = VECTOR('',#9415,1.);
#9415 = DIRECTION('',(0.,0.,1.));
#9416 = PCURVE('',#3139,#9417);
#9417 = DEFINITIONAL_REPRESENTATION('',(#9418),#9422);
#9418 = LINE('',#9419,#9420);
#9419 = CARTESIAN_POINT('',(0.,0.));
#9420 = VECTOR('',#9421,1.);
#9421 = DIRECTION('',(1.,0.));
#9422 = ( GEOMETRIC_REPRESENTATION_CONTEXT(2) 
PARAMETRIC_REPRESENTATION_CONTEXT() REPRESENTATION_CONTEXT('2D SPACE',''
  ) );
#9423 = PCURVE('',#3113,#9424);
#9424 = DEFINITIONAL_REPRESENTATION('',(#9425),#9429);
#9425 = LINE('',#9426,#9427);
#9426 = CARTESIAN_POINT('',(0.,0.));
#9427 = VECTOR('',#9428,1.);
#9428 = DIRECTION('',(1.,0.));
#9429 = ( GEOMETRIC_REPRESENTATION_CONTEXT(2) 
PARAMETRIC_REPRESENTATION_CONTEXT() REPRESENTATION_CONTEXT('2D SPACE',''
  ) );
#9430 = ORIENTED_EDGE('',*,*,#9431,.T.);
#9431 = EDGE_CURVE('',#9409,#9360,#9432,.T.);
#9432 = SURFACE_CURVE('',#9433,(#9437,#9444),.PCURVE_S1.);
#9433 = LINE('',#9434,#9435);
#9434 = CARTESIAN_POINT('',(0.3,-35.8,5.6));
#9435 = VECTOR('',#9436,1.);
#9436 = DIRECTION('',(-1.,2.22044604925E-16,0.));
#9437 = PCURVE('',#3139,#9438);
#9438 = DEFINITIONAL_REPRESENTATION('',(#9439),#9443);
#9439 = LINE('',#9440,#9441);
#9440 = CARTESIAN_POINT('',(0.,0.));
#9441 = VECTOR('',#9442,1.);
#9442 = DIRECTION('',(0.,-1.));
#9443 = ( GEOMETRIC_REPRESENTATION_CONTEXT(2) 
PARAMETRIC_REPRESENTATION_CONTEXT() REPRESENTATION_CONTEXT('2D SPACE',''
  ) );
#9444 = PCURVE('',#9325,#9445);
#9445 = DEFINITIONAL_REPRESENTATION('',(#9446),#9450);
#9446 = LINE('',#9447,#9448);
#9447 = CARTESIAN_POINT('',(0.,0.));
#9448 = VECTOR('',#9449,1.);
#9449 = DIRECTION('',(0.,1.));
#9450 = ( GEOMETRIC_REPRESENTATION_CONTEXT(2) 
PARAMETRIC_REPRESENTATION_CONTEXT() REPRESENTATION_CONTEXT('2D SPACE',''
  ) );
#9451 = ORIENTED_EDGE('',*,*,#9382,.T.);
#9452 = ORIENTED_EDGE('',*,*,#3124,.F.);
#9453 = ADVANCED_FACE('',(#9454),#3113,.T.);
#9454 = FACE_BOUND('',#9455,.T.);
#9455 = EDGE_LOOP('',(#9456,#9477,#9478,#9479));
#9456 = ORIENTED_EDGE('',*,*,#9457,.F.);
#9457 = EDGE_CURVE('',#9409,#9311,#9458,.T.);
#9458 = SURFACE_CURVE('',#9459,(#9463,#9470),.PCURVE_S1.);
#9459 = LINE('',#9460,#9461);
#9460 = CARTESIAN_POINT('',(0.3,-35.8,5.6));
#9461 = VECTOR('',#9462,1.);
#9462 = DIRECTION('',(2.22044604925E-16,1.,0.));
#9463 = PCURVE('',#3113,#9464);
#9464 = DEFINITIONAL_REPRESENTATION('',(#9465),#9469);
#9465 = LINE('',#9466,#9467);
#9466 = CARTESIAN_POINT('',(0.,0.));
#9467 = VECTOR('',#9468,1.);
#9468 = DIRECTION('',(0.,1.));
#9469 = ( GEOMETRIC_REPRESENTATION_CONTEXT(2) 
PARAMETRIC_REPRESENTATION_CONTEXT() REPRESENTATION_CONTEXT('2D SPACE',''
  ) );
#9470 = PCURVE('',#9325,#9471);
#9471 = DEFINITIONAL_REPRESENTATION('',(#9472),#9476);
#9472 = LINE('',#9473,#9474);
#9473 = CARTESIAN_POINT('',(0.,0.));
#9474 = VECTOR('',#9475,1.);
#9475 = DIRECTION('',(1.,0.));
#9476 = ( GEOMETRIC_REPRESENTATION_CONTEXT(2) 
PARAMETRIC_REPRESENTATION_CONTEXT() REPRESENTATION_CONTEXT('2D SPACE',''
  ) );
#9477 = ORIENTED_EDGE('',*,*,#9408,.T.);
#9478 = ORIENTED_EDGE('',*,*,#3098,.F.);
#9479 = ORIENTED_EDGE('',*,*,#9336,.F.);
#9480 = ADVANCED_FACE('',(#9481),#3061,.F.);
#9481 = FACE_BOUND('',#9482,.F.);
#9482 = EDGE_LOOP('',(#9483,#9484,#9505,#9506));
#9483 = ORIENTED_EDGE('',*,*,#9243,.F.);
#9484 = ORIENTED_EDGE('',*,*,#9485,.T.);
#9485 = EDGE_CURVE('',#9244,#9004,#9486,.T.);
#9486 = SURFACE_CURVE('',#9487,(#9491,#9498),.PCURVE_S1.);
#9487 = LINE('',#9488,#9489);
#9488 = CARTESIAN_POINT('',(3.,-26.75,4.));
#9489 = VECTOR('',#9490,1.);
#9490 = DIRECTION('',(-0.,1.,0.));
#9491 = PCURVE('',#3061,#9492);
#9492 = DEFINITIONAL_REPRESENTATION('',(#9493),#9497);
#9493 = LINE('',#9494,#9495);
#9494 = CARTESIAN_POINT('',(0.,0.));
#9495 = VECTOR('',#9496,1.);
#9496 = DIRECTION('',(0.,-1.));
#9497 = ( GEOMETRIC_REPRESENTATION_CONTEXT(2) 
PARAMETRIC_REPRESENTATION_CONTEXT() REPRESENTATION_CONTEXT('2D SPACE',''
  ) );
#9498 = PCURVE('',#9041,#9499);
#9499 = DEFINITIONAL_REPRESENTATION('',(#9500),#9504);
#9500 = LINE('',#9501,#9502);
#9501 = CARTESIAN_POINT('',(6.,0.));
#9502 = VECTOR('',#9503,1.);
#9503 = DIRECTION('',(0.,1.));
#9504 = ( GEOMETRIC_REPRESENTATION_CONTEXT(2) 
PARAMETRIC_REPRESENTATION_CONTEXT() REPRESENTATION_CONTEXT('2D SPACE',''
  ) );
#9505 = ORIENTED_EDGE('',*,*,#9003,.T.);
#9506 = ORIENTED_EDGE('',*,*,#3046,.F.);
#9507 = ADVANCED_FACE('',(#9508),#3005,.T.);
#9508 = FACE_BOUND('',#9509,.T.);
#9509 = EDGE_LOOP('',(#9510,#9511,#9512,#9513));
#9510 = ORIENTED_EDGE('',*,*,#8982,.T.);
#9511 = ORIENTED_EDGE('',*,*,#2989,.F.);
#9512 = ORIENTED_EDGE('',*,*,#8193,.F.);
#9513 = ORIENTED_EDGE('',*,*,#9514,.T.);
#9514 = EDGE_CURVE('',#8166,#8959,#9515,.T.);
#9515 = SURFACE_CURVE('',#9516,(#9520,#9527),.PCURVE_S1.);
#9516 = LINE('',#9517,#9518);
#9517 = CARTESIAN_POINT('',(35.8,-0.3,5.6));
#9518 = VECTOR('',#9519,1.);
#9519 = DIRECTION('',(-1.,0.,0.));
#9520 = PCURVE('',#3005,#9521);
#9521 = DEFINITIONAL_REPRESENTATION('',(#9522),#9526);
#9522 = LINE('',#9523,#9524);
#9523 = CARTESIAN_POINT('',(0.,71.6));
#9524 = VECTOR('',#9525,1.);
#9525 = DIRECTION('',(0.,-1.));
#9526 = ( GEOMETRIC_REPRESENTATION_CONTEXT(2) 
PARAMETRIC_REPRESENTATION_CONTEXT() REPRESENTATION_CONTEXT('2D SPACE',''
  ) );
#9527 = PCURVE('',#8181,#9528);
#9528 = DEFINITIONAL_REPRESENTATION('',(#9529),#9533);
#9529 = LINE('',#9530,#9531);
#9530 = CARTESIAN_POINT('',(3.,0.));
#9531 = VECTOR('',#9532,1.);
#9532 = DIRECTION('',(-1.,0.));
#9533 = ( GEOMETRIC_REPRESENTATION_CONTEXT(2) 
PARAMETRIC_REPRESENTATION_CONTEXT() REPRESENTATION_CONTEXT('2D SPACE',''
  ) );
#9534 = ADVANCED_FACE('',(#9535),#2955,.F.);
#9535 = FACE_BOUND('',#9536,.F.);
#9536 = EDGE_LOOP('',(#9537,#9538,#9561,#9582));
#9537 = ORIENTED_EDGE('',*,*,#8215,.F.);
#9538 = ORIENTED_EDGE('',*,*,#9539,.F.);
#9539 = EDGE_CURVE('',#9540,#8216,#9542,.T.);
#9540 = VERTEX_POINT('',#9541);
#9541 = CARTESIAN_POINT('',(34.3,-4.7,5.6));
#9542 = SURFACE_CURVE('',#9543,(#9547,#9554),.PCURVE_S1.);
#9543 = LINE('',#9544,#9545);
#9544 = CARTESIAN_POINT('',(34.3,-4.7,5.6));
#9545 = VECTOR('',#9546,1.);
#9546 = DIRECTION('',(1.,0.,-0.));
#9547 = PCURVE('',#2955,#9548);
#9548 = DEFINITIONAL_REPRESENTATION('',(#9549),#9553);
#9549 = LINE('',#9550,#9551);
#9550 = CARTESIAN_POINT('',(0.,0.));
#9551 = VECTOR('',#9552,1.);
#9552 = DIRECTION('',(0.,1.));
#9553 = ( GEOMETRIC_REPRESENTATION_CONTEXT(2) 
PARAMETRIC_REPRESENTATION_CONTEXT() REPRESENTATION_CONTEXT('2D SPACE',''
  ) );
#9554 = PCURVE('',#8254,#9555);
#9555 = DEFINITIONAL_REPRESENTATION('',(#9556),#9560);
#9556 = LINE('',#9557,#9558);
#9557 = CARTESIAN_POINT('',(0.,0.6));
#9558 = VECTOR('',#9559,1.);
#9559 = DIRECTION('',(1.,0.));
#9560 = ( GEOMETRIC_REPRESENTATION_CONTEXT(2) 
PARAMETRIC_REPRESENTATION_CONTEXT() REPRESENTATION_CONTEXT('2D SPACE',''
  ) );
#9561 = ORIENTED_EDGE('',*,*,#9562,.T.);
#9562 = EDGE_CURVE('',#9540,#2915,#9563,.T.);
#9563 = SURFACE_CURVE('',#9564,(#9568,#9575),.PCURVE_S1.);
#9564 = LINE('',#9565,#9566);
#9565 = CARTESIAN_POINT('',(34.3,-4.7,5.6));
#9566 = VECTOR('',#9567,1.);
#9567 = DIRECTION('',(0.,0.,1.));
#9568 = PCURVE('',#2955,#9569);
#9569 = DEFINITIONAL_REPRESENTATION('',(#9570),#9574);
#9570 = LINE('',#9571,#9572);
#9571 = CARTESIAN_POINT('',(0.,0.));
#9572 = VECTOR('',#9573,1.);
#9573 = DIRECTION('',(1.,0.));
#9574 = ( GEOMETRIC_REPRESENTATION_CONTEXT(2) 
PARAMETRIC_REPRESENTATION_CONTEXT() REPRESENTATION_CONTEXT('2D SPACE',''
  ) );
#9575 = PCURVE('',#2929,#9576);
#9576 = DEFINITIONAL_REPRESENTATION('',(#9577),#9581);
#9577 = LINE('',#9578,#9579);
#9578 = CARTESIAN_POINT('',(0.,-0.6));
#9579 = VECTOR('',#9580,1.);
#9580 = DIRECTION('',(1.,0.));
#9581 = ( GEOMETRIC_REPRESENTATION_CONTEXT(2) 
PARAMETRIC_REPRESENTATION_CONTEXT() REPRESENTATION_CONTEXT('2D SPACE',''
  ) );
#9582 = ORIENTED_EDGE('',*,*,#2940,.F.);
#9583 = ADVANCED_FACE('',(#9584),#2929,.T.);
#9584 = FACE_BOUND('',#9585,.T.);
#9585 = EDGE_LOOP('',(#9586,#9609,#9630,#9631));
#9586 = ORIENTED_EDGE('',*,*,#9587,.F.);
#9587 = EDGE_CURVE('',#9588,#2889,#9590,.T.);
#9588 = VERTEX_POINT('',#9589);
#9589 = CARTESIAN_POINT('',(34.3,-5.3,5.6));
#9590 = SURFACE_CURVE('',#9591,(#9595,#9602),.PCURVE_S1.);
#9591 = LINE('',#9592,#9593);
#9592 = CARTESIAN_POINT('',(34.3,-5.3,5.6));
#9593 = VECTOR('',#9594,1.);
#9594 = DIRECTION('',(0.,0.,1.));
#9595 = PCURVE('',#2929,#9596);
#9596 = DEFINITIONAL_REPRESENTATION('',(#9597),#9601);
#9597 = LINE('',#9598,#9599);
#9598 = CARTESIAN_POINT('',(0.,0.));
#9599 = VECTOR('',#9600,1.);
#9600 = DIRECTION('',(1.,0.));
#9601 = ( GEOMETRIC_REPRESENTATION_CONTEXT(2) 
PARAMETRIC_REPRESENTATION_CONTEXT() REPRESENTATION_CONTEXT('2D SPACE',''
  ) );
#9602 = PCURVE('',#2903,#9603);
#9603 = DEFINITIONAL_REPRESENTATION('',(#9604),#9608);
#9604 = LINE('',#9605,#9606);
#9605 = CARTESIAN_POINT('',(0.,0.));
#9606 = VECTOR('',#9607,1.);
#9607 = DIRECTION('',(1.,0.));
#9608 = ( GEOMETRIC_REPRESENTATION_CONTEXT(2) 
PARAMETRIC_REPRESENTATION_CONTEXT() REPRESENTATION_CONTEXT('2D SPACE',''
  ) );
#9609 = ORIENTED_EDGE('',*,*,#9610,.T.);
#9610 = EDGE_CURVE('',#9588,#9540,#9611,.T.);
#9611 = SURFACE_CURVE('',#9612,(#9616,#9623),.PCURVE_S1.);
#9612 = LINE('',#9613,#9614);
#9613 = CARTESIAN_POINT('',(34.3,-5.3,5.6));
#9614 = VECTOR('',#9615,1.);
#9615 = DIRECTION('',(-0.,1.,0.));
#9616 = PCURVE('',#2929,#9617);
#9617 = DEFINITIONAL_REPRESENTATION('',(#9618),#9622);
#9618 = LINE('',#9619,#9620);
#9619 = CARTESIAN_POINT('',(0.,0.));
#9620 = VECTOR('',#9621,1.);
#9621 = DIRECTION('',(0.,-1.));
#9622 = ( GEOMETRIC_REPRESENTATION_CONTEXT(2) 
PARAMETRIC_REPRESENTATION_CONTEXT() REPRESENTATION_CONTEXT('2D SPACE',''
  ) );
#9623 = PCURVE('',#8254,#9624);
#9624 = DEFINITIONAL_REPRESENTATION('',(#9625),#9629);
#9625 = LINE('',#9626,#9627);
#9626 = CARTESIAN_POINT('',(0.,0.));
#9627 = VECTOR('',#9628,1.);
#9628 = DIRECTION('',(0.,1.));
#9629 = ( GEOMETRIC_REPRESENTATION_CONTEXT(2) 
PARAMETRIC_REPRESENTATION_CONTEXT() REPRESENTATION_CONTEXT('2D SPACE',''
  ) );
#9630 = ORIENTED_EDGE('',*,*,#9562,.T.);
#9631 = ORIENTED_EDGE('',*,*,#2914,.F.);
#9632 = ADVANCED_FACE('',(#9633),#2903,.T.);
#9633 = FACE_BOUND('',#9634,.T.);
#9634 = EDGE_LOOP('',(#9635,#9636,#9657,#9658));
#9635 = ORIENTED_EDGE('',*,*,#8266,.F.);
#9636 = ORIENTED_EDGE('',*,*,#9637,.F.);
#9637 = EDGE_CURVE('',#9588,#8239,#9638,.T.);
#9638 = SURFACE_CURVE('',#9639,(#9643,#9650),.PCURVE_S1.);
#9639 = LINE('',#9640,#9641);
#9640 = CARTESIAN_POINT('',(34.3,-5.3,5.6));
#9641 = VECTOR('',#9642,1.);
#9642 = DIRECTION('',(1.,0.,-0.));
#9643 = PCURVE('',#2903,#9644);
#9644 = DEFINITIONAL_REPRESENTATION('',(#9645),#9649);
#9645 = LINE('',#9646,#9647);
#9646 = CARTESIAN_POINT('',(0.,0.));
#9647 = VECTOR('',#9648,1.);
#9648 = DIRECTION('',(0.,1.));
#9649 = ( GEOMETRIC_REPRESENTATION_CONTEXT(2) 
PARAMETRIC_REPRESENTATION_CONTEXT() REPRESENTATION_CONTEXT('2D SPACE',''
  ) );
#9650 = PCURVE('',#8254,#9651);
#9651 = DEFINITIONAL_REPRESENTATION('',(#9652),#9656);
#9652 = LINE('',#9653,#9654);
#9653 = CARTESIAN_POINT('',(0.,0.));
#9654 = VECTOR('',#9655,1.);
#9655 = DIRECTION('',(1.,0.));
#9656 = ( GEOMETRIC_REPRESENTATION_CONTEXT(2) 
PARAMETRIC_REPRESENTATION_CONTEXT() REPRESENTATION_CONTEXT('2D SPACE',''
  ) );
#9657 = ORIENTED_EDGE('',*,*,#9587,.T.);
#9658 = ORIENTED_EDGE('',*,*,#2888,.F.);
#9659 = ADVANCED_FACE('',(#9660),#2854,.F.);
#9660 = FACE_BOUND('',#9661,.F.);
#9661 = EDGE_LOOP('',(#9662,#9663,#9686,#9707));
#9662 = ORIENTED_EDGE('',*,*,#8288,.F.);
#9663 = ORIENTED_EDGE('',*,*,#9664,.F.);
#9664 = EDGE_CURVE('',#9665,#8289,#9667,.T.);
#9665 = VERTEX_POINT('',#9666);
#9666 = CARTESIAN_POINT('',(32.8,-9.7,5.6));
#9667 = SURFACE_CURVE('',#9668,(#9672,#9679),.PCURVE_S1.);
#9668 = LINE('',#9669,#9670);
#9669 = CARTESIAN_POINT('',(32.8,-9.7,5.6));
#9670 = VECTOR('',#9671,1.);
#9671 = DIRECTION('',(1.,0.,-0.));
#9672 = PCURVE('',#2854,#9673);
#9673 = DEFINITIONAL_REPRESENTATION('',(#9674),#9678);
#9674 = LINE('',#9675,#9676);
#9675 = CARTESIAN_POINT('',(0.,0.));
#9676 = VECTOR('',#9677,1.);
#9677 = DIRECTION('',(0.,1.));
#9678 = ( GEOMETRIC_REPRESENTATION_CONTEXT(2) 
PARAMETRIC_REPRESENTATION_CONTEXT() REPRESENTATION_CONTEXT('2D SPACE',''
  ) );
#9679 = PCURVE('',#8327,#9680);
#9680 = DEFINITIONAL_REPRESENTATION('',(#9681),#9685);
#9681 = LINE('',#9682,#9683);
#9682 = CARTESIAN_POINT('',(0.,0.6));
#9683 = VECTOR('',#9684,1.);
#9684 = DIRECTION('',(1.,0.));
#9685 = ( GEOMETRIC_REPRESENTATION_CONTEXT(2) 
PARAMETRIC_REPRESENTATION_CONTEXT() REPRESENTATION_CONTEXT('2D SPACE',''
  ) );
#9686 = ORIENTED_EDGE('',*,*,#9687,.T.);
#9687 = EDGE_CURVE('',#9665,#2814,#9688,.T.);
#9688 = SURFACE_CURVE('',#9689,(#9693,#9700),.PCURVE_S1.);
#9689 = LINE('',#9690,#9691);
#9690 = CARTESIAN_POINT('',(32.8,-9.7,5.6));
#9691 = VECTOR('',#9692,1.);
#9692 = DIRECTION('',(0.,0.,1.));
#9693 = PCURVE('',#2854,#9694);
#9694 = DEFINITIONAL_REPRESENTATION('',(#9695),#9699);
#9695 = LINE('',#9696,#9697);
#9696 = CARTESIAN_POINT('',(0.,0.));
#9697 = VECTOR('',#9698,1.);
#9698 = DIRECTION('',(1.,0.));
#9699 = ( GEOMETRIC_REPRESENTATION_CONTEXT(2) 
PARAMETRIC_REPRESENTATION_CONTEXT() REPRESENTATION_CONTEXT('2D SPACE',''
  ) );
#9700 = PCURVE('',#2828,#9701);
#9701 = DEFINITIONAL_REPRESENTATION('',(#9702),#9706);
#9702 = LINE('',#9703,#9704);
#9703 = CARTESIAN_POINT('',(0.,-0.6));
#9704 = VECTOR('',#9705,1.);
#9705 = DIRECTION('',(1.,0.));
#9706 = ( GEOMETRIC_REPRESENTATION_CONTEXT(2) 
PARAMETRIC_REPRESENTATION_CONTEXT() REPRESENTATION_CONTEXT('2D SPACE',''
  ) );
#9707 = ORIENTED_EDGE('',*,*,#2839,.F.);
#9708 = ADVANCED_FACE('',(#9709),#2828,.T.);
#9709 = FACE_BOUND('',#9710,.T.);
#9710 = EDGE_LOOP('',(#9711,#9734,#9755,#9756));
#9711 = ORIENTED_EDGE('',*,*,#9712,.F.);
#9712 = EDGE_CURVE('',#9713,#2788,#9715,.T.);
#9713 = VERTEX_POINT('',#9714);
#9714 = CARTESIAN_POINT('',(32.8,-10.3,5.6));
#9715 = SURFACE_CURVE('',#9716,(#9720,#9727),.PCURVE_S1.);
#9716 = LINE('',#9717,#9718);
#9717 = CARTESIAN_POINT('',(32.8,-10.3,5.6));
#9718 = VECTOR('',#9719,1.);
#9719 = DIRECTION('',(0.,0.,1.));
#9720 = PCURVE('',#2828,#9721);
#9721 = DEFINITIONAL_REPRESENTATION('',(#9722),#9726);
#9722 = LINE('',#9723,#9724);
#9723 = CARTESIAN_POINT('',(0.,0.));
#9724 = VECTOR('',#9725,1.);
#9725 = DIRECTION('',(1.,0.));
#9726 = ( GEOMETRIC_REPRESENTATION_CONTEXT(2) 
PARAMETRIC_REPRESENTATION_CONTEXT() REPRESENTATION_CONTEXT('2D SPACE',''
  ) );
#9727 = PCURVE('',#2802,#9728);
#9728 = DEFINITIONAL_REPRESENTATION('',(#9729),#9733);
#9729 = LINE('',#9730,#9731);
#9730 = CARTESIAN_POINT('',(0.,0.));
#9731 = VECTOR('',#9732,1.);
#9732 = DIRECTION('',(1.,0.));
#9733 = ( GEOMETRIC_REPRESENTATION_CONTEXT(2) 
PARAMETRIC_REPRESENTATION_CONTEXT() REPRESENTATION_CONTEXT('2D SPACE',''
  ) );
#9734 = ORIENTED_EDGE('',*,*,#9735,.T.);
#9735 = EDGE_CURVE('',#9713,#9665,#9736,.T.);
#9736 = SURFACE_CURVE('',#9737,(#9741,#9748),.PCURVE_S1.);
#9737 = LINE('',#9738,#9739);
#9738 = CARTESIAN_POINT('',(32.8,-10.3,5.6));
#9739 = VECTOR('',#9740,1.);
#9740 = DIRECTION('',(-0.,1.,0.));
#9741 = PCURVE('',#2828,#9742);
#9742 = DEFINITIONAL_REPRESENTATION('',(#9743),#9747);
#9743 = LINE('',#9744,#9745);
#9744 = CARTESIAN_POINT('',(0.,0.));
#9745 = VECTOR('',#9746,1.);
#9746 = DIRECTION('',(0.,-1.));
#9747 = ( GEOMETRIC_REPRESENTATION_CONTEXT(2) 
PARAMETRIC_REPRESENTATION_CONTEXT() REPRESENTATION_CONTEXT('2D SPACE',''
  ) );
#9748 = PCURVE('',#8327,#9749);
#9749 = DEFINITIONAL_REPRESENTATION('',(#9750),#9754);
#9750 = LINE('',#9751,#9752);
#9751 = CARTESIAN_POINT('',(0.,0.));
#9752 = VECTOR('',#9753,1.);
#9753 = DIRECTION('',(0.,1.));
#9754 = ( GEOMETRIC_REPRESENTATION_CONTEXT(2) 
PARAMETRIC_REPRESENTATION_CONTEXT() REPRESENTATION_CONTEXT('2D SPACE',''
  ) );
#9755 = ORIENTED_EDGE('',*,*,#9687,.T.);
#9756 = ORIENTED_EDGE('',*,*,#2813,.F.);
#9757 = ADVANCED_FACE('',(#9758),#2802,.T.);
#9758 = FACE_BOUND('',#9759,.T.);
#9759 = EDGE_LOOP('',(#9760,#9761,#9782,#9783));
#9760 = ORIENTED_EDGE('',*,*,#8339,.F.);
#9761 = ORIENTED_EDGE('',*,*,#9762,.F.);
#9762 = EDGE_CURVE('',#9713,#8312,#9763,.T.);
#9763 = SURFACE_CURVE('',#9764,(#9768,#9775),.PCURVE_S1.);
#9764 = LINE('',#9765,#9766);
#9765 = CARTESIAN_POINT('',(32.8,-10.3,5.6));
#9766 = VECTOR('',#9767,1.);
#9767 = DIRECTION('',(1.,0.,-0.));
#9768 = PCURVE('',#2802,#9769);
#9769 = DEFINITIONAL_REPRESENTATION('',(#9770),#9774);
#9770 = LINE('',#9771,#9772);
#9771 = CARTESIAN_POINT('',(0.,0.));
#9772 = VECTOR('',#9773,1.);
#9773 = DIRECTION('',(0.,1.));
#9774 = ( GEOMETRIC_REPRESENTATION_CONTEXT(2) 
PARAMETRIC_REPRESENTATION_CONTEXT() REPRESENTATION_CONTEXT('2D SPACE',''
  ) );
#9775 = PCURVE('',#8327,#9776);
#9776 = DEFINITIONAL_REPRESENTATION('',(#9777),#9781);
#9777 = LINE('',#9778,#9779);
#9778 = CARTESIAN_POINT('',(0.,0.));
#9779 = VECTOR('',#9780,1.);
#9780 = DIRECTION('',(1.,0.));
#9781 = ( GEOMETRIC_REPRESENTATION_CONTEXT(2) 
PARAMETRIC_REPRESENTATION_CONTEXT() REPRESENTATION_CONTEXT('2D SPACE',''
  ) );
#9782 = ORIENTED_EDGE('',*,*,#9712,.T.);
#9783 = ORIENTED_EDGE('',*,*,#2787,.F.);
#9784 = ADVANCED_FACE('',(#9785),#2753,.F.);
#9785 = FACE_BOUND('',#9786,.F.);
#9786 = EDGE_LOOP('',(#9787,#9788,#9811,#9832));
#9787 = ORIENTED_EDGE('',*,*,#8361,.F.);
#9788 = ORIENTED_EDGE('',*,*,#9789,.F.);
#9789 = EDGE_CURVE('',#9790,#8362,#9792,.T.);
#9790 = VERTEX_POINT('',#9791);
#9791 = CARTESIAN_POINT('',(34.3,-14.7,5.6));
#9792 = SURFACE_CURVE('',#9793,(#9797,#9804),.PCURVE_S1.);
#9793 = LINE('',#9794,#9795);
#9794 = CARTESIAN_POINT('',(34.3,-14.7,5.6));
#9795 = VECTOR('',#9796,1.);
#9796 = DIRECTION('',(1.,0.,-0.));
#9797 = PCURVE('',#2753,#9798);
#9798 = DEFINITIONAL_REPRESENTATION('',(#9799),#9803);
#9799 = LINE('',#9800,#9801);
#9800 = CARTESIAN_POINT('',(0.,0.));
#9801 = VECTOR('',#9802,1.);
#9802 = DIRECTION('',(0.,1.));
#9803 = ( GEOMETRIC_REPRESENTATION_CONTEXT(2) 
PARAMETRIC_REPRESENTATION_CONTEXT() REPRESENTATION_CONTEXT('2D SPACE',''
  ) );
#9804 = PCURVE('',#8400,#9805);
#9805 = DEFINITIONAL_REPRESENTATION('',(#9806),#9810);
#9806 = LINE('',#9807,#9808);
#9807 = CARTESIAN_POINT('',(0.,0.6));
#9808 = VECTOR('',#9809,1.);
#9809 = DIRECTION('',(1.,0.));
#9810 = ( GEOMETRIC_REPRESENTATION_CONTEXT(2) 
PARAMETRIC_REPRESENTATION_CONTEXT() REPRESENTATION_CONTEXT('2D SPACE',''
  ) );
#9811 = ORIENTED_EDGE('',*,*,#9812,.T.);
#9812 = EDGE_CURVE('',#9790,#2713,#9813,.T.);
#9813 = SURFACE_CURVE('',#9814,(#9818,#9825),.PCURVE_S1.);
#9814 = LINE('',#9815,#9816);
#9815 = CARTESIAN_POINT('',(34.3,-14.7,5.6));
#9816 = VECTOR('',#9817,1.);
#9817 = DIRECTION('',(0.,0.,1.));
#9818 = PCURVE('',#2753,#9819);
#9819 = DEFINITIONAL_REPRESENTATION('',(#9820),#9824);
#9820 = LINE('',#9821,#9822);
#9821 = CARTESIAN_POINT('',(0.,0.));
#9822 = VECTOR('',#9823,1.);
#9823 = DIRECTION('',(1.,0.));
#9824 = ( GEOMETRIC_REPRESENTATION_CONTEXT(2) 
PARAMETRIC_REPRESENTATION_CONTEXT() REPRESENTATION_CONTEXT('2D SPACE',''
  ) );
#9825 = PCURVE('',#2727,#9826);
#9826 = DEFINITIONAL_REPRESENTATION('',(#9827),#9831);
#9827 = LINE('',#9828,#9829);
#9828 = CARTESIAN_POINT('',(0.,-0.6));
#9829 = VECTOR('',#9830,1.);
#9830 = DIRECTION('',(1.,0.));
#9831 = ( GEOMETRIC_REPRESENTATION_CONTEXT(2) 
PARAMETRIC_REPRESENTATION_CONTEXT() REPRESENTATION_CONTEXT('2D SPACE',''
  ) );
#9832 = ORIENTED_EDGE('',*,*,#2738,.F.);
#9833 = ADVANCED_FACE('',(#9834),#2727,.T.);
#9834 = FACE_BOUND('',#9835,.T.);
#9835 = EDGE_LOOP('',(#9836,#9859,#9880,#9881));
#9836 = ORIENTED_EDGE('',*,*,#9837,.F.);
#9837 = EDGE_CURVE('',#9838,#2687,#9840,.T.);
#9838 = VERTEX_POINT('',#9839);
#9839 = CARTESIAN_POINT('',(34.3,-15.3,5.6));
#9840 = SURFACE_CURVE('',#9841,(#9845,#9852),.PCURVE_S1.);
#9841 = LINE('',#9842,#9843);
#9842 = CARTESIAN_POINT('',(34.3,-15.3,5.6));
#9843 = VECTOR('',#9844,1.);
#9844 = DIRECTION('',(0.,0.,1.));
#9845 = PCURVE('',#2727,#9846);
#9846 = DEFINITIONAL_REPRESENTATION('',(#9847),#9851);
#9847 = LINE('',#9848,#9849);
#9848 = CARTESIAN_POINT('',(0.,0.));
#9849 = VECTOR('',#9850,1.);
#9850 = DIRECTION('',(1.,0.));
#9851 = ( GEOMETRIC_REPRESENTATION_CONTEXT(2) 
PARAMETRIC_REPRESENTATION_CONTEXT() REPRESENTATION_CONTEXT('2D SPACE',''
  ) );
#9852 = PCURVE('',#2701,#9853);
#9853 = DEFINITIONAL_REPRESENTATION('',(#9854),#9858);
#9854 = LINE('',#9855,#9856);
#9855 = CARTESIAN_POINT('',(0.,0.));
#9856 = VECTOR('',#9857,1.);
#9857 = DIRECTION('',(1.,0.));
#9858 = ( GEOMETRIC_REPRESENTATION_CONTEXT(2) 
PARAMETRIC_REPRESENTATION_CONTEXT() REPRESENTATION_CONTEXT('2D SPACE',''
  ) );
#9859 = ORIENTED_EDGE('',*,*,#9860,.T.);
#9860 = EDGE_CURVE('',#9838,#9790,#9861,.T.);
#9861 = SURFACE_CURVE('',#9862,(#9866,#9873),.PCURVE_S1.);
#9862 = LINE('',#9863,#9864);
#9863 = CARTESIAN_POINT('',(34.3,-15.3,5.6));
#9864 = VECTOR('',#9865,1.);
#9865 = DIRECTION('',(-0.,1.,0.));
#9866 = PCURVE('',#2727,#9867);
#9867 = DEFINITIONAL_REPRESENTATION('',(#9868),#9872);
#9868 = LINE('',#9869,#9870);
#9869 = CARTESIAN_POINT('',(0.,0.));
#9870 = VECTOR('',#9871,1.);
#9871 = DIRECTION('',(0.,-1.));
#9872 = ( GEOMETRIC_REPRESENTATION_CONTEXT(2) 
PARAMETRIC_REPRESENTATION_CONTEXT() REPRESENTATION_CONTEXT('2D SPACE',''
  ) );
#9873 = PCURVE('',#8400,#9874);
#9874 = DEFINITIONAL_REPRESENTATION('',(#9875),#9879);
#9875 = LINE('',#9876,#9877);
#9876 = CARTESIAN_POINT('',(0.,0.));
#9877 = VECTOR('',#9878,1.);
#9878 = DIRECTION('',(0.,1.));
#9879 = ( GEOMETRIC_REPRESENTATION_CONTEXT(2) 
PARAMETRIC_REPRESENTATION_CONTEXT() REPRESENTATION_CONTEXT('2D SPACE',''
  ) );
#9880 = ORIENTED_EDGE('',*,*,#9812,.T.);
#9881 = ORIENTED_EDGE('',*,*,#2712,.F.);
#9882 = ADVANCED_FACE('',(#9883),#2701,.T.);
#9883 = FACE_BOUND('',#9884,.T.);
#9884 = EDGE_LOOP('',(#9885,#9886,#9907,#9908));
#9885 = ORIENTED_EDGE('',*,*,#8412,.F.);
#9886 = ORIENTED_EDGE('',*,*,#9887,.F.);
#9887 = EDGE_CURVE('',#9838,#8385,#9888,.T.);
#9888 = SURFACE_CURVE('',#9889,(#9893,#9900),.PCURVE_S1.);
#9889 = LINE('',#9890,#9891);
#9890 = CARTESIAN_POINT('',(34.3,-15.3,5.6));
#9891 = VECTOR('',#9892,1.);
#9892 = DIRECTION('',(1.,0.,-0.));
#9893 = PCURVE('',#2701,#9894);
#9894 = DEFINITIONAL_REPRESENTATION('',(#9895),#9899);
#9895 = LINE('',#9896,#9897);
#9896 = CARTESIAN_POINT('',(0.,0.));
#9897 = VECTOR('',#9898,1.);
#9898 = DIRECTION('',(0.,1.));
#9899 = ( GEOMETRIC_REPRESENTATION_CONTEXT(2) 
PARAMETRIC_REPRESENTATION_CONTEXT() REPRESENTATION_CONTEXT('2D SPACE',''
  ) );
#9900 = PCURVE('',#8400,#9901);
#9901 = DEFINITIONAL_REPRESENTATION('',(#9902),#9906);
#9902 = LINE('',#9903,#9904);
#9903 = CARTESIAN_POINT('',(0.,0.));
#9904 = VECTOR('',#9905,1.);
#9905 = DIRECTION('',(1.,0.));
#9906 = ( GEOMETRIC_REPRESENTATION_CONTEXT(2) 
PARAMETRIC_REPRESENTATION_CONTEXT() REPRESENTATION_CONTEXT('2D SPACE',''
  ) );
#9907 = ORIENTED_EDGE('',*,*,#9837,.T.);
#9908 = ORIENTED_EDGE('',*,*,#2686,.F.);
#9909 = ADVANCED_FACE('',(#9910),#2652,.F.);
#9910 = FACE_BOUND('',#9911,.F.);
#9911 = EDGE_LOOP('',(#9912,#9913,#9936,#9957));
#9912 = ORIENTED_EDGE('',*,*,#8434,.F.);
#9913 = ORIENTED_EDGE('',*,*,#9914,.F.);
#9914 = EDGE_CURVE('',#9915,#8435,#9917,.T.);
#9915 = VERTEX_POINT('',#9916);
#9916 = CARTESIAN_POINT('',(32.8,-19.7,5.6));
#9917 = SURFACE_CURVE('',#9918,(#9922,#9929),.PCURVE_S1.);
#9918 = LINE('',#9919,#9920);
#9919 = CARTESIAN_POINT('',(32.8,-19.7,5.6));
#9920 = VECTOR('',#9921,1.);
#9921 = DIRECTION('',(1.,0.,-0.));
#9922 = PCURVE('',#2652,#9923);
#9923 = DEFINITIONAL_REPRESENTATION('',(#9924),#9928);
#9924 = LINE('',#9925,#9926);
#9925 = CARTESIAN_POINT('',(0.,0.));
#9926 = VECTOR('',#9927,1.);
#9927 = DIRECTION('',(0.,1.));
#9928 = ( GEOMETRIC_REPRESENTATION_CONTEXT(2) 
PARAMETRIC_REPRESENTATION_CONTEXT() REPRESENTATION_CONTEXT('2D SPACE',''
  ) );
#9929 = PCURVE('',#8473,#9930);
#9930 = DEFINITIONAL_REPRESENTATION('',(#9931),#9935);
#9931 = LINE('',#9932,#9933);
#9932 = CARTESIAN_POINT('',(0.,0.6));
#9933 = VECTOR('',#9934,1.);
#9934 = DIRECTION('',(1.,0.));
#9935 = ( GEOMETRIC_REPRESENTATION_CONTEXT(2) 
PARAMETRIC_REPRESENTATION_CONTEXT() REPRESENTATION_CONTEXT('2D SPACE',''
  ) );
#9936 = ORIENTED_EDGE('',*,*,#9937,.T.);
#9937 = EDGE_CURVE('',#9915,#2612,#9938,.T.);
#9938 = SURFACE_CURVE('',#9939,(#9943,#9950),.PCURVE_S1.);
#9939 = LINE('',#9940,#9941);
#9940 = CARTESIAN_POINT('',(32.8,-19.7,5.6));
#9941 = VECTOR('',#9942,1.);
#9942 = DIRECTION('',(0.,0.,1.));
#9943 = PCURVE('',#2652,#9944);
#9944 = DEFINITIONAL_REPRESENTATION('',(#9945),#9949);
#9945 = LINE('',#9946,#9947);
#9946 = CARTESIAN_POINT('',(0.,0.));
#9947 = VECTOR('',#9948,1.);
#9948 = DIRECTION('',(1.,0.));
#9949 = ( GEOMETRIC_REPRESENTATION_CONTEXT(2) 
PARAMETRIC_REPRESENTATION_CONTEXT() REPRESENTATION_CONTEXT('2D SPACE',''
  ) );
#9950 = PCURVE('',#2626,#9951);
#9951 = DEFINITIONAL_REPRESENTATION('',(#9952),#9956);
#9952 = LINE('',#9953,#9954);
#9953 = CARTESIAN_POINT('',(0.,-0.6));
#9954 = VECTOR('',#9955,1.);
#9955 = DIRECTION('',(1.,0.));
#9956 = ( GEOMETRIC_REPRESENTATION_CONTEXT(2) 
PARAMETRIC_REPRESENTATION_CONTEXT() REPRESENTATION_CONTEXT('2D SPACE',''
  ) );
#9957 = ORIENTED_EDGE('',*,*,#2637,.F.);
#9958 = ADVANCED_FACE('',(#9959),#2626,.T.);
#9959 = FACE_BOUND('',#9960,.T.);
#9960 = EDGE_LOOP('',(#9961,#9984,#10005,#10006));
#9961 = ORIENTED_EDGE('',*,*,#9962,.F.);
#9962 = EDGE_CURVE('',#9963,#2586,#9965,.T.);
#9963 = VERTEX_POINT('',#9964);
#9964 = CARTESIAN_POINT('',(32.8,-20.3,5.6));
#9965 = SURFACE_CURVE('',#9966,(#9970,#9977),.PCURVE_S1.);
#9966 = LINE('',#9967,#9968);
#9967 = CARTESIAN_POINT('',(32.8,-20.3,5.6));
#9968 = VECTOR('',#9969,1.);
#9969 = DIRECTION('',(0.,0.,1.));
#9970 = PCURVE('',#2626,#9971);
#9971 = DEFINITIONAL_REPRESENTATION('',(#9972),#9976);
#9972 = LINE('',#9973,#9974);
#9973 = CARTESIAN_POINT('',(0.,0.));
#9974 = VECTOR('',#9975,1.);
#9975 = DIRECTION('',(1.,0.));
#9976 = ( GEOMETRIC_REPRESENTATION_CONTEXT(2) 
PARAMETRIC_REPRESENTATION_CONTEXT() REPRESENTATION_CONTEXT('2D SPACE',''
  ) );
#9977 = PCURVE('',#2600,#9978);
#9978 = DEFINITIONAL_REPRESENTATION('',(#9979),#9983);
#9979 = LINE('',#9980,#9981);
#9980 = CARTESIAN_POINT('',(0.,0.));
#9981 = VECTOR('',#9982,1.);
#9982 = DIRECTION('',(1.,0.));
#9983 = ( GEOMETRIC_REPRESENTATION_CONTEXT(2) 
PARAMETRIC_REPRESENTATION_CONTEXT() REPRESENTATION_CONTEXT('2D SPACE',''
  ) );
#9984 = ORIENTED_EDGE('',*,*,#9985,.T.);
#9985 = EDGE_CURVE('',#9963,#9915,#9986,.T.);
#9986 = SURFACE_CURVE('',#9987,(#9991,#9998),.PCURVE_S1.);
#9987 = LINE('',#9988,#9989);
#9988 = CARTESIAN_POINT('',(32.8,-20.3,5.6));
#9989 = VECTOR('',#9990,1.);
#9990 = DIRECTION('',(-0.,1.,0.));
#9991 = PCURVE('',#2626,#9992);
#9992 = DEFINITIONAL_REPRESENTATION('',(#9993),#9997);
#9993 = LINE('',#9994,#9995);
#9994 = CARTESIAN_POINT('',(0.,0.));
#9995 = VECTOR('',#9996,1.);
#9996 = DIRECTION('',(0.,-1.));
#9997 = ( GEOMETRIC_REPRESENTATION_CONTEXT(2) 
PARAMETRIC_REPRESENTATION_CONTEXT() REPRESENTATION_CONTEXT('2D SPACE',''
  ) );
#9998 = PCURVE('',#8473,#9999);
#9999 = DEFINITIONAL_REPRESENTATION('',(#10000),#10004);
#10000 = LINE('',#10001,#10002);
#10001 = CARTESIAN_POINT('',(0.,0.));
#10002 = VECTOR('',#10003,1.);
#10003 = DIRECTION('',(0.,1.));
#10004 = ( GEOMETRIC_REPRESENTATION_CONTEXT(2) 
PARAMETRIC_REPRESENTATION_CONTEXT() REPRESENTATION_CONTEXT('2D SPACE',''
  ) );
#10005 = ORIENTED_EDGE('',*,*,#9937,.T.);
#10006 = ORIENTED_EDGE('',*,*,#2611,.F.);
#10007 = ADVANCED_FACE('',(#10008),#2600,.T.);
#10008 = FACE_BOUND('',#10009,.T.);
#10009 = EDGE_LOOP('',(#10010,#10011,#10032,#10033));
#10010 = ORIENTED_EDGE('',*,*,#8485,.F.);
#10011 = ORIENTED_EDGE('',*,*,#10012,.F.);
#10012 = EDGE_CURVE('',#9963,#8458,#10013,.T.);
#10013 = SURFACE_CURVE('',#10014,(#10018,#10025),.PCURVE_S1.);
#10014 = LINE('',#10015,#10016);
#10015 = CARTESIAN_POINT('',(32.8,-20.3,5.6));
#10016 = VECTOR('',#10017,1.);
#10017 = DIRECTION('',(1.,0.,-0.));
#10018 = PCURVE('',#2600,#10019);
#10019 = DEFINITIONAL_REPRESENTATION('',(#10020),#10024);
#10020 = LINE('',#10021,#10022);
#10021 = CARTESIAN_POINT('',(0.,0.));
#10022 = VECTOR('',#10023,1.);
#10023 = DIRECTION('',(0.,1.));
#10024 = ( GEOMETRIC_REPRESENTATION_CONTEXT(2) 
PARAMETRIC_REPRESENTATION_CONTEXT() REPRESENTATION_CONTEXT('2D SPACE',''
  ) );
#10025 = PCURVE('',#8473,#10026);
#10026 = DEFINITIONAL_REPRESENTATION('',(#10027),#10031);
#10027 = LINE('',#10028,#10029);
#10028 = CARTESIAN_POINT('',(0.,0.));
#10029 = VECTOR('',#10030,1.);
#10030 = DIRECTION('',(1.,0.));
#10031 = ( GEOMETRIC_REPRESENTATION_CONTEXT(2) 
PARAMETRIC_REPRESENTATION_CONTEXT() REPRESENTATION_CONTEXT('2D SPACE',''
  ) );
#10032 = ORIENTED_EDGE('',*,*,#9962,.T.);
#10033 = ORIENTED_EDGE('',*,*,#2585,.F.);
#10034 = ADVANCED_FACE('',(#10035),#2551,.F.);
#10035 = FACE_BOUND('',#10036,.F.);
#10036 = EDGE_LOOP('',(#10037,#10038,#10061,#10082));
#10037 = ORIENTED_EDGE('',*,*,#8507,.F.);
#10038 = ORIENTED_EDGE('',*,*,#10039,.F.);
#10039 = EDGE_CURVE('',#10040,#8508,#10042,.T.);
#10040 = VERTEX_POINT('',#10041);
#10041 = CARTESIAN_POINT('',(34.3,-24.7,5.6));
#10042 = SURFACE_CURVE('',#10043,(#10047,#10054),.PCURVE_S1.);
#10043 = LINE('',#10044,#10045);
#10044 = CARTESIAN_POINT('',(34.3,-24.7,5.6));
#10045 = VECTOR('',#10046,1.);
#10046 = DIRECTION('',(1.,0.,-0.));
#10047 = PCURVE('',#2551,#10048);
#10048 = DEFINITIONAL_REPRESENTATION('',(#10049),#10053);
#10049 = LINE('',#10050,#10051);
#10050 = CARTESIAN_POINT('',(0.,0.));
#10051 = VECTOR('',#10052,1.);
#10052 = DIRECTION('',(0.,1.));
#10053 = ( GEOMETRIC_REPRESENTATION_CONTEXT(2) 
PARAMETRIC_REPRESENTATION_CONTEXT() REPRESENTATION_CONTEXT('2D SPACE',''
  ) );
#10054 = PCURVE('',#8546,#10055);
#10055 = DEFINITIONAL_REPRESENTATION('',(#10056),#10060);
#10056 = LINE('',#10057,#10058);
#10057 = CARTESIAN_POINT('',(0.,0.6));
#10058 = VECTOR('',#10059,1.);
#10059 = DIRECTION('',(1.,0.));
#10060 = ( GEOMETRIC_REPRESENTATION_CONTEXT(2) 
PARAMETRIC_REPRESENTATION_CONTEXT() REPRESENTATION_CONTEXT('2D SPACE',''
  ) );
#10061 = ORIENTED_EDGE('',*,*,#10062,.T.);
#10062 = EDGE_CURVE('',#10040,#2511,#10063,.T.);
#10063 = SURFACE_CURVE('',#10064,(#10068,#10075),.PCURVE_S1.);
#10064 = LINE('',#10065,#10066);
#10065 = CARTESIAN_POINT('',(34.3,-24.7,5.6));
#10066 = VECTOR('',#10067,1.);
#10067 = DIRECTION('',(0.,0.,1.));
#10068 = PCURVE('',#2551,#10069);
#10069 = DEFINITIONAL_REPRESENTATION('',(#10070),#10074);
#10070 = LINE('',#10071,#10072);
#10071 = CARTESIAN_POINT('',(0.,0.));
#10072 = VECTOR('',#10073,1.);
#10073 = DIRECTION('',(1.,0.));
#10074 = ( GEOMETRIC_REPRESENTATION_CONTEXT(2) 
PARAMETRIC_REPRESENTATION_CONTEXT() REPRESENTATION_CONTEXT('2D SPACE',''
  ) );
#10075 = PCURVE('',#2525,#10076);
#10076 = DEFINITIONAL_REPRESENTATION('',(#10077),#10081);
#10077 = LINE('',#10078,#10079);
#10078 = CARTESIAN_POINT('',(0.,-0.6));
#10079 = VECTOR('',#10080,1.);
#10080 = DIRECTION('',(1.,0.));
#10081 = ( GEOMETRIC_REPRESENTATION_CONTEXT(2) 
PARAMETRIC_REPRESENTATION_CONTEXT() REPRESENTATION_CONTEXT('2D SPACE',''
  ) );
#10082 = ORIENTED_EDGE('',*,*,#2536,.F.);
#10083 = ADVANCED_FACE('',(#10084),#2525,.T.);
#10084 = FACE_BOUND('',#10085,.T.);
#10085 = EDGE_LOOP('',(#10086,#10109,#10130,#10131));
#10086 = ORIENTED_EDGE('',*,*,#10087,.F.);
#10087 = EDGE_CURVE('',#10088,#2485,#10090,.T.);
#10088 = VERTEX_POINT('',#10089);
#10089 = CARTESIAN_POINT('',(34.3,-25.3,5.6));
#10090 = SURFACE_CURVE('',#10091,(#10095,#10102),.PCURVE_S1.);
#10091 = LINE('',#10092,#10093);
#10092 = CARTESIAN_POINT('',(34.3,-25.3,5.6));
#10093 = VECTOR('',#10094,1.);
#10094 = DIRECTION('',(0.,0.,1.));
#10095 = PCURVE('',#2525,#10096);
#10096 = DEFINITIONAL_REPRESENTATION('',(#10097),#10101);
#10097 = LINE('',#10098,#10099);
#10098 = CARTESIAN_POINT('',(0.,0.));
#10099 = VECTOR('',#10100,1.);
#10100 = DIRECTION('',(1.,0.));
#10101 = ( GEOMETRIC_REPRESENTATION_CONTEXT(2) 
PARAMETRIC_REPRESENTATION_CONTEXT() REPRESENTATION_CONTEXT('2D SPACE',''
  ) );
#10102 = PCURVE('',#2499,#10103);
#10103 = DEFINITIONAL_REPRESENTATION('',(#10104),#10108);
#10104 = LINE('',#10105,#10106);
#10105 = CARTESIAN_POINT('',(0.,0.));
#10106 = VECTOR('',#10107,1.);
#10107 = DIRECTION('',(1.,0.));
#10108 = ( GEOMETRIC_REPRESENTATION_CONTEXT(2) 
PARAMETRIC_REPRESENTATION_CONTEXT() REPRESENTATION_CONTEXT('2D SPACE',''
  ) );
#10109 = ORIENTED_EDGE('',*,*,#10110,.T.);
#10110 = EDGE_CURVE('',#10088,#10040,#10111,.T.);
#10111 = SURFACE_CURVE('',#10112,(#10116,#10123),.PCURVE_S1.);
#10112 = LINE('',#10113,#10114);
#10113 = CARTESIAN_POINT('',(34.3,-25.3,5.6));
#10114 = VECTOR('',#10115,1.);
#10115 = DIRECTION('',(-0.,1.,0.));
#10116 = PCURVE('',#2525,#10117);
#10117 = DEFINITIONAL_REPRESENTATION('',(#10118),#10122);
#10118 = LINE('',#10119,#10120);
#10119 = CARTESIAN_POINT('',(0.,0.));
#10120 = VECTOR('',#10121,1.);
#10121 = DIRECTION('',(0.,-1.));
#10122 = ( GEOMETRIC_REPRESENTATION_CONTEXT(2) 
PARAMETRIC_REPRESENTATION_CONTEXT() REPRESENTATION_CONTEXT('2D SPACE',''
  ) );
#10123 = PCURVE('',#8546,#10124);
#10124 = DEFINITIONAL_REPRESENTATION('',(#10125),#10129);
#10125 = LINE('',#10126,#10127);
#10126 = CARTESIAN_POINT('',(0.,0.));
#10127 = VECTOR('',#10128,1.);
#10128 = DIRECTION('',(0.,1.));
#10129 = ( GEOMETRIC_REPRESENTATION_CONTEXT(2) 
PARAMETRIC_REPRESENTATION_CONTEXT() REPRESENTATION_CONTEXT('2D SPACE',''
  ) );
#10130 = ORIENTED_EDGE('',*,*,#10062,.T.);
#10131 = ORIENTED_EDGE('',*,*,#2510,.F.);
#10132 = ADVANCED_FACE('',(#10133),#2499,.T.);
#10133 = FACE_BOUND('',#10134,.T.);
#10134 = EDGE_LOOP('',(#10135,#10136,#10157,#10158));
#10135 = ORIENTED_EDGE('',*,*,#8558,.F.);
#10136 = ORIENTED_EDGE('',*,*,#10137,.F.);
#10137 = EDGE_CURVE('',#10088,#8531,#10138,.T.);
#10138 = SURFACE_CURVE('',#10139,(#10143,#10150),.PCURVE_S1.);
#10139 = LINE('',#10140,#10141);
#10140 = CARTESIAN_POINT('',(34.3,-25.3,5.6));
#10141 = VECTOR('',#10142,1.);
#10142 = DIRECTION('',(1.,0.,-0.));
#10143 = PCURVE('',#2499,#10144);
#10144 = DEFINITIONAL_REPRESENTATION('',(#10145),#10149);
#10145 = LINE('',#10146,#10147);
#10146 = CARTESIAN_POINT('',(0.,0.));
#10147 = VECTOR('',#10148,1.);
#10148 = DIRECTION('',(0.,1.));
#10149 = ( GEOMETRIC_REPRESENTATION_CONTEXT(2) 
PARAMETRIC_REPRESENTATION_CONTEXT() REPRESENTATION_CONTEXT('2D SPACE',''
  ) );
#10150 = PCURVE('',#8546,#10151);
#10151 = DEFINITIONAL_REPRESENTATION('',(#10152),#10156);
#10152 = LINE('',#10153,#10154);
#10153 = CARTESIAN_POINT('',(0.,0.));
#10154 = VECTOR('',#10155,1.);
#10155 = DIRECTION('',(1.,0.));
#10156 = ( GEOMETRIC_REPRESENTATION_CONTEXT(2) 
PARAMETRIC_REPRESENTATION_CONTEXT() REPRESENTATION_CONTEXT('2D SPACE',''
  ) );
#10157 = ORIENTED_EDGE('',*,*,#10087,.T.);
#10158 = ORIENTED_EDGE('',*,*,#2484,.F.);
#10159 = ADVANCED_FACE('',(#10160),#2450,.F.);
#10160 = FACE_BOUND('',#10161,.F.);
#10161 = EDGE_LOOP('',(#10162,#10163,#10186,#10207));
#10162 = ORIENTED_EDGE('',*,*,#8580,.F.);
#10163 = ORIENTED_EDGE('',*,*,#10164,.F.);
#10164 = EDGE_CURVE('',#10165,#8581,#10167,.T.);
#10165 = VERTEX_POINT('',#10166);
#10166 = CARTESIAN_POINT('',(32.8,-29.7,5.6));
#10167 = SURFACE_CURVE('',#10168,(#10172,#10179),.PCURVE_S1.);
#10168 = LINE('',#10169,#10170);
#10169 = CARTESIAN_POINT('',(32.8,-29.7,5.6));
#10170 = VECTOR('',#10171,1.);
#10171 = DIRECTION('',(1.,0.,-0.));
#10172 = PCURVE('',#2450,#10173);
#10173 = DEFINITIONAL_REPRESENTATION('',(#10174),#10178);
#10174 = LINE('',#10175,#10176);
#10175 = CARTESIAN_POINT('',(0.,0.));
#10176 = VECTOR('',#10177,1.);
#10177 = DIRECTION('',(0.,1.));
#10178 = ( GEOMETRIC_REPRESENTATION_CONTEXT(2) 
PARAMETRIC_REPRESENTATION_CONTEXT() REPRESENTATION_CONTEXT('2D SPACE',''
  ) );
#10179 = PCURVE('',#8619,#10180);
#10180 = DEFINITIONAL_REPRESENTATION('',(#10181),#10185);
#10181 = LINE('',#10182,#10183);
#10182 = CARTESIAN_POINT('',(0.,0.6));
#10183 = VECTOR('',#10184,1.);
#10184 = DIRECTION('',(1.,0.));
#10185 = ( GEOMETRIC_REPRESENTATION_CONTEXT(2) 
PARAMETRIC_REPRESENTATION_CONTEXT() REPRESENTATION_CONTEXT('2D SPACE',''
  ) );
#10186 = ORIENTED_EDGE('',*,*,#10187,.T.);
#10187 = EDGE_CURVE('',#10165,#2410,#10188,.T.);
#10188 = SURFACE_CURVE('',#10189,(#10193,#10200),.PCURVE_S1.);
#10189 = LINE('',#10190,#10191);
#10190 = CARTESIAN_POINT('',(32.8,-29.7,5.6));
#10191 = VECTOR('',#10192,1.);
#10192 = DIRECTION('',(0.,0.,1.));
#10193 = PCURVE('',#2450,#10194);
#10194 = DEFINITIONAL_REPRESENTATION('',(#10195),#10199);
#10195 = LINE('',#10196,#10197);
#10196 = CARTESIAN_POINT('',(0.,0.));
#10197 = VECTOR('',#10198,1.);
#10198 = DIRECTION('',(1.,0.));
#10199 = ( GEOMETRIC_REPRESENTATION_CONTEXT(2) 
PARAMETRIC_REPRESENTATION_CONTEXT() REPRESENTATION_CONTEXT('2D SPACE',''
  ) );
#10200 = PCURVE('',#2424,#10201);
#10201 = DEFINITIONAL_REPRESENTATION('',(#10202),#10206);
#10202 = LINE('',#10203,#10204);
#10203 = CARTESIAN_POINT('',(0.,-0.6));
#10204 = VECTOR('',#10205,1.);
#10205 = DIRECTION('',(1.,0.));
#10206 = ( GEOMETRIC_REPRESENTATION_CONTEXT(2) 
PARAMETRIC_REPRESENTATION_CONTEXT() REPRESENTATION_CONTEXT('2D SPACE',''
  ) );
#10207 = ORIENTED_EDGE('',*,*,#2435,.F.);
#10208 = ADVANCED_FACE('',(#10209),#2424,.T.);
#10209 = FACE_BOUND('',#10210,.T.);
#10210 = EDGE_LOOP('',(#10211,#10234,#10255,#10256));
#10211 = ORIENTED_EDGE('',*,*,#10212,.F.);
#10212 = EDGE_CURVE('',#10213,#2384,#10215,.T.);
#10213 = VERTEX_POINT('',#10214);
#10214 = CARTESIAN_POINT('',(32.8,-30.3,5.6));
#10215 = SURFACE_CURVE('',#10216,(#10220,#10227),.PCURVE_S1.);
#10216 = LINE('',#10217,#10218);
#10217 = CARTESIAN_POINT('',(32.8,-30.3,5.6));
#10218 = VECTOR('',#10219,1.);
#10219 = DIRECTION('',(0.,0.,1.));
#10220 = PCURVE('',#2424,#10221);
#10221 = DEFINITIONAL_REPRESENTATION('',(#10222),#10226);
#10222 = LINE('',#10223,#10224);
#10223 = CARTESIAN_POINT('',(0.,0.));
#10224 = VECTOR('',#10225,1.);
#10225 = DIRECTION('',(1.,0.));
#10226 = ( GEOMETRIC_REPRESENTATION_CONTEXT(2) 
PARAMETRIC_REPRESENTATION_CONTEXT() REPRESENTATION_CONTEXT('2D SPACE',''
  ) );
#10227 = PCURVE('',#2398,#10228);
#10228 = DEFINITIONAL_REPRESENTATION('',(#10229),#10233);
#10229 = LINE('',#10230,#10231);
#10230 = CARTESIAN_POINT('',(0.,0.));
#10231 = VECTOR('',#10232,1.);
#10232 = DIRECTION('',(1.,0.));
#10233 = ( GEOMETRIC_REPRESENTATION_CONTEXT(2) 
PARAMETRIC_REPRESENTATION_CONTEXT() REPRESENTATION_CONTEXT('2D SPACE',''
  ) );
#10234 = ORIENTED_EDGE('',*,*,#10235,.T.);
#10235 = EDGE_CURVE('',#10213,#10165,#10236,.T.);
#10236 = SURFACE_CURVE('',#10237,(#10241,#10248),.PCURVE_S1.);
#10237 = LINE('',#10238,#10239);
#10238 = CARTESIAN_POINT('',(32.8,-30.3,5.6));
#10239 = VECTOR('',#10240,1.);
#10240 = DIRECTION('',(-0.,1.,0.));
#10241 = PCURVE('',#2424,#10242);
#10242 = DEFINITIONAL_REPRESENTATION('',(#10243),#10247);
#10243 = LINE('',#10244,#10245);
#10244 = CARTESIAN_POINT('',(0.,0.));
#10245 = VECTOR('',#10246,1.);
#10246 = DIRECTION('',(0.,-1.));
#10247 = ( GEOMETRIC_REPRESENTATION_CONTEXT(2) 
PARAMETRIC_REPRESENTATION_CONTEXT() REPRESENTATION_CONTEXT('2D SPACE',''
  ) );
#10248 = PCURVE('',#8619,#10249);
#10249 = DEFINITIONAL_REPRESENTATION('',(#10250),#10254);
#10250 = LINE('',#10251,#10252);
#10251 = CARTESIAN_POINT('',(0.,0.));
#10252 = VECTOR('',#10253,1.);
#10253 = DIRECTION('',(0.,1.));
#10254 = ( GEOMETRIC_REPRESENTATION_CONTEXT(2) 
PARAMETRIC_REPRESENTATION_CONTEXT() REPRESENTATION_CONTEXT('2D SPACE',''
  ) );
#10255 = ORIENTED_EDGE('',*,*,#10187,.T.);
#10256 = ORIENTED_EDGE('',*,*,#2409,.F.);
#10257 = ADVANCED_FACE('',(#10258),#2398,.T.);
#10258 = FACE_BOUND('',#10259,.T.);
#10259 = EDGE_LOOP('',(#10260,#10261,#10282,#10283));
#10260 = ORIENTED_EDGE('',*,*,#8631,.F.);
#10261 = ORIENTED_EDGE('',*,*,#10262,.F.);
#10262 = EDGE_CURVE('',#10213,#8604,#10263,.T.);
#10263 = SURFACE_CURVE('',#10264,(#10268,#10275),.PCURVE_S1.);
#10264 = LINE('',#10265,#10266);
#10265 = CARTESIAN_POINT('',(32.8,-30.3,5.6));
#10266 = VECTOR('',#10267,1.);
#10267 = DIRECTION('',(1.,0.,-0.));
#10268 = PCURVE('',#2398,#10269);
#10269 = DEFINITIONAL_REPRESENTATION('',(#10270),#10274);
#10270 = LINE('',#10271,#10272);
#10271 = CARTESIAN_POINT('',(0.,0.));
#10272 = VECTOR('',#10273,1.);
#10273 = DIRECTION('',(0.,1.));
#10274 = ( GEOMETRIC_REPRESENTATION_CONTEXT(2) 
PARAMETRIC_REPRESENTATION_CONTEXT() REPRESENTATION_CONTEXT('2D SPACE',''
  ) );
#10275 = PCURVE('',#8619,#10276);
#10276 = DEFINITIONAL_REPRESENTATION('',(#10277),#10281);
#10277 = LINE('',#10278,#10279);
#10278 = CARTESIAN_POINT('',(0.,0.));
#10279 = VECTOR('',#10280,1.);
#10280 = DIRECTION('',(1.,0.));
#10281 = ( GEOMETRIC_REPRESENTATION_CONTEXT(2) 
PARAMETRIC_REPRESENTATION_CONTEXT() REPRESENTATION_CONTEXT('2D SPACE',''
  ) );
#10282 = ORIENTED_EDGE('',*,*,#10212,.T.);
#10283 = ORIENTED_EDGE('',*,*,#2383,.F.);
#10284 = ADVANCED_FACE('',(#10285),#2349,.F.);
#10285 = FACE_BOUND('',#10286,.F.);
#10286 = EDGE_LOOP('',(#10287,#10288,#10311,#10332));
#10287 = ORIENTED_EDGE('',*,*,#8653,.F.);
#10288 = ORIENTED_EDGE('',*,*,#10289,.F.);
#10289 = EDGE_CURVE('',#10290,#8654,#10292,.T.);
#10290 = VERTEX_POINT('',#10291);
#10291 = CARTESIAN_POINT('',(34.3,-34.7,5.6));
#10292 = SURFACE_CURVE('',#10293,(#10297,#10304),.PCURVE_S1.);
#10293 = LINE('',#10294,#10295);
#10294 = CARTESIAN_POINT('',(34.3,-34.7,5.6));
#10295 = VECTOR('',#10296,1.);
#10296 = DIRECTION('',(1.,0.,-0.));
#10297 = PCURVE('',#2349,#10298);
#10298 = DEFINITIONAL_REPRESENTATION('',(#10299),#10303);
#10299 = LINE('',#10300,#10301);
#10300 = CARTESIAN_POINT('',(0.,0.));
#10301 = VECTOR('',#10302,1.);
#10302 = DIRECTION('',(0.,1.));
#10303 = ( GEOMETRIC_REPRESENTATION_CONTEXT(2) 
PARAMETRIC_REPRESENTATION_CONTEXT() REPRESENTATION_CONTEXT('2D SPACE',''
  ) );
#10304 = PCURVE('',#8692,#10305);
#10305 = DEFINITIONAL_REPRESENTATION('',(#10306),#10310);
#10306 = LINE('',#10307,#10308);
#10307 = CARTESIAN_POINT('',(0.,0.6));
#10308 = VECTOR('',#10309,1.);
#10309 = DIRECTION('',(1.,0.));
#10310 = ( GEOMETRIC_REPRESENTATION_CONTEXT(2) 
PARAMETRIC_REPRESENTATION_CONTEXT() REPRESENTATION_CONTEXT('2D SPACE',''
  ) );
#10311 = ORIENTED_EDGE('',*,*,#10312,.T.);
#10312 = EDGE_CURVE('',#10290,#2309,#10313,.T.);
#10313 = SURFACE_CURVE('',#10314,(#10318,#10325),.PCURVE_S1.);
#10314 = LINE('',#10315,#10316);
#10315 = CARTESIAN_POINT('',(34.3,-34.7,5.6));
#10316 = VECTOR('',#10317,1.);
#10317 = DIRECTION('',(0.,0.,1.));
#10318 = PCURVE('',#2349,#10319);
#10319 = DEFINITIONAL_REPRESENTATION('',(#10320),#10324);
#10320 = LINE('',#10321,#10322);
#10321 = CARTESIAN_POINT('',(0.,0.));
#10322 = VECTOR('',#10323,1.);
#10323 = DIRECTION('',(1.,0.));
#10324 = ( GEOMETRIC_REPRESENTATION_CONTEXT(2) 
PARAMETRIC_REPRESENTATION_CONTEXT() REPRESENTATION_CONTEXT('2D SPACE',''
  ) );
#10325 = PCURVE('',#2323,#10326);
#10326 = DEFINITIONAL_REPRESENTATION('',(#10327),#10331);
#10327 = LINE('',#10328,#10329);
#10328 = CARTESIAN_POINT('',(0.,-0.6));
#10329 = VECTOR('',#10330,1.);
#10330 = DIRECTION('',(1.,0.));
#10331 = ( GEOMETRIC_REPRESENTATION_CONTEXT(2) 
PARAMETRIC_REPRESENTATION_CONTEXT() REPRESENTATION_CONTEXT('2D SPACE',''
  ) );
#10332 = ORIENTED_EDGE('',*,*,#2334,.F.);
#10333 = ADVANCED_FACE('',(#10334),#2323,.T.);
#10334 = FACE_BOUND('',#10335,.T.);
#10335 = EDGE_LOOP('',(#10336,#10359,#10380,#10381));
#10336 = ORIENTED_EDGE('',*,*,#10337,.F.);
#10337 = EDGE_CURVE('',#10338,#2283,#10340,.T.);
#10338 = VERTEX_POINT('',#10339);
#10339 = CARTESIAN_POINT('',(34.3,-35.3,5.6));
#10340 = SURFACE_CURVE('',#10341,(#10345,#10352),.PCURVE_S1.);
#10341 = LINE('',#10342,#10343);
#10342 = CARTESIAN_POINT('',(34.3,-35.3,5.6));
#10343 = VECTOR('',#10344,1.);
#10344 = DIRECTION('',(0.,0.,1.));
#10345 = PCURVE('',#2323,#10346);
#10346 = DEFINITIONAL_REPRESENTATION('',(#10347),#10351);
#10347 = LINE('',#10348,#10349);
#10348 = CARTESIAN_POINT('',(0.,0.));
#10349 = VECTOR('',#10350,1.);
#10350 = DIRECTION('',(1.,0.));
#10351 = ( GEOMETRIC_REPRESENTATION_CONTEXT(2) 
PARAMETRIC_REPRESENTATION_CONTEXT() REPRESENTATION_CONTEXT('2D SPACE',''
  ) );
#10352 = PCURVE('',#2297,#10353);
#10353 = DEFINITIONAL_REPRESENTATION('',(#10354),#10358);
#10354 = LINE('',#10355,#10356);
#10355 = CARTESIAN_POINT('',(0.,0.));
#10356 = VECTOR('',#10357,1.);
#10357 = DIRECTION('',(1.,0.));
#10358 = ( GEOMETRIC_REPRESENTATION_CONTEXT(2) 
PARAMETRIC_REPRESENTATION_CONTEXT() REPRESENTATION_CONTEXT('2D SPACE',''
  ) );
#10359 = ORIENTED_EDGE('',*,*,#10360,.T.);
#10360 = EDGE_CURVE('',#10338,#10290,#10361,.T.);
#10361 = SURFACE_CURVE('',#10362,(#10366,#10373),.PCURVE_S1.);
#10362 = LINE('',#10363,#10364);
#10363 = CARTESIAN_POINT('',(34.3,-35.3,5.6));
#10364 = VECTOR('',#10365,1.);
#10365 = DIRECTION('',(-0.,1.,0.));
#10366 = PCURVE('',#2323,#10367);
#10367 = DEFINITIONAL_REPRESENTATION('',(#10368),#10372);
#10368 = LINE('',#10369,#10370);
#10369 = CARTESIAN_POINT('',(0.,0.));
#10370 = VECTOR('',#10371,1.);
#10371 = DIRECTION('',(0.,-1.));
#10372 = ( GEOMETRIC_REPRESENTATION_CONTEXT(2) 
PARAMETRIC_REPRESENTATION_CONTEXT() REPRESENTATION_CONTEXT('2D SPACE',''
  ) );
#10373 = PCURVE('',#8692,#10374);
#10374 = DEFINITIONAL_REPRESENTATION('',(#10375),#10379);
#10375 = LINE('',#10376,#10377);
#10376 = CARTESIAN_POINT('',(0.,0.));
#10377 = VECTOR('',#10378,1.);
#10378 = DIRECTION('',(0.,1.));
#10379 = ( GEOMETRIC_REPRESENTATION_CONTEXT(2) 
PARAMETRIC_REPRESENTATION_CONTEXT() REPRESENTATION_CONTEXT('2D SPACE',''
  ) );
#10380 = ORIENTED_EDGE('',*,*,#10312,.T.);
#10381 = ORIENTED_EDGE('',*,*,#2308,.F.);
#10382 = ADVANCED_FACE('',(#10383),#2297,.T.);
#10383 = FACE_BOUND('',#10384,.T.);
#10384 = EDGE_LOOP('',(#10385,#10386,#10407,#10408));
#10385 = ORIENTED_EDGE('',*,*,#8704,.F.);
#10386 = ORIENTED_EDGE('',*,*,#10387,.F.);
#10387 = EDGE_CURVE('',#10338,#8677,#10388,.T.);
#10388 = SURFACE_CURVE('',#10389,(#10393,#10400),.PCURVE_S1.);
#10389 = LINE('',#10390,#10391);
#10390 = CARTESIAN_POINT('',(34.3,-35.3,5.6));
#10391 = VECTOR('',#10392,1.);
#10392 = DIRECTION('',(1.,0.,-0.));
#10393 = PCURVE('',#2297,#10394);
#10394 = DEFINITIONAL_REPRESENTATION('',(#10395),#10399);
#10395 = LINE('',#10396,#10397);
#10396 = CARTESIAN_POINT('',(0.,0.));
#10397 = VECTOR('',#10398,1.);
#10398 = DIRECTION('',(0.,1.));
#10399 = ( GEOMETRIC_REPRESENTATION_CONTEXT(2) 
PARAMETRIC_REPRESENTATION_CONTEXT() REPRESENTATION_CONTEXT('2D SPACE',''
  ) );
#10400 = PCURVE('',#8692,#10401);
#10401 = DEFINITIONAL_REPRESENTATION('',(#10402),#10406);
#10402 = LINE('',#10403,#10404);
#10403 = CARTESIAN_POINT('',(0.,0.));
#10404 = VECTOR('',#10405,1.);
#10405 = DIRECTION('',(1.,0.));
#10406 = ( GEOMETRIC_REPRESENTATION_CONTEXT(2) 
PARAMETRIC_REPRESENTATION_CONTEXT() REPRESENTATION_CONTEXT('2D SPACE',''
  ) );
#10407 = ORIENTED_EDGE('',*,*,#10337,.T.);
#10408 = ORIENTED_EDGE('',*,*,#2282,.F.);
#10409 = ADVANCED_FACE('',(#10410),#2248,.F.);
#10410 = FACE_BOUND('',#10411,.F.);
#10411 = EDGE_LOOP('',(#10412,#10413,#10414,#10415));
#10412 = ORIENTED_EDGE('',*,*,#8726,.F.);
#10413 = ORIENTED_EDGE('',*,*,#8798,.F.);
#10414 = ORIENTED_EDGE('',*,*,#8824,.T.);
#10415 = ORIENTED_EDGE('',*,*,#2233,.F.);
#10416 = ADVANCED_FACE('',(#10417),#6305,.F.);
#10417 = FACE_BOUND('',#10418,.F.);
#10418 = EDGE_LOOP('',(#10419,#10420,#10421,#10422));
#10419 = ORIENTED_EDGE('',*,*,#6338,.F.);
#10420 = ORIENTED_EDGE('',*,*,#6389,.T.);
#10421 = ORIENTED_EDGE('',*,*,#6436,.T.);
#10422 = ORIENTED_EDGE('',*,*,#6290,.F.);
#10423 = ADVANCED_FACE('',(#10424),#6238,.F.);
#10424 = FACE_BOUND('',#10425,.F.);
#10425 = EDGE_LOOP('',(#10426,#10427,#10428,#10429));
#10426 = ORIENTED_EDGE('',*,*,#6463,.F.);
#10427 = ORIENTED_EDGE('',*,*,#6514,.T.);
#10428 = ORIENTED_EDGE('',*,*,#6561,.T.);
#10429 = ORIENTED_EDGE('',*,*,#6223,.F.);
#10430 = ADVANCED_FACE('',(#10431),#6171,.F.);
#10431 = FACE_BOUND('',#10432,.F.);
#10432 = EDGE_LOOP('',(#10433,#10434,#10435,#10436));
#10433 = ORIENTED_EDGE('',*,*,#6588,.F.);
#10434 = ORIENTED_EDGE('',*,*,#6639,.T.);
#10435 = ORIENTED_EDGE('',*,*,#6686,.T.);
#10436 = ORIENTED_EDGE('',*,*,#6156,.F.);
#10437 = ADVANCED_FACE('',(#10438),#6104,.F.);
#10438 = FACE_BOUND('',#10439,.F.);
#10439 = EDGE_LOOP('',(#10440,#10441,#10442,#10443));
#10440 = ORIENTED_EDGE('',*,*,#6713,.F.);
#10441 = ORIENTED_EDGE('',*,*,#6764,.T.);
#10442 = ORIENTED_EDGE('',*,*,#6811,.T.);
#10443 = ORIENTED_EDGE('',*,*,#6089,.F.);
#10444 = ADVANCED_FACE('',(#10445),#6037,.F.);
#10445 = FACE_BOUND('',#10446,.F.);
#10446 = EDGE_LOOP('',(#10447,#10448,#10449,#10450));
#10447 = ORIENTED_EDGE('',*,*,#6838,.F.);
#10448 = ORIENTED_EDGE('',*,*,#6889,.T.);
#10449 = ORIENTED_EDGE('',*,*,#6936,.T.);
#10450 = ORIENTED_EDGE('',*,*,#6022,.F.);
#10451 = ADVANCED_FACE('',(#10452),#5970,.F.);
#10452 = FACE_BOUND('',#10453,.F.);
#10453 = EDGE_LOOP('',(#10454,#10455,#10456,#10457));
#10454 = ORIENTED_EDGE('',*,*,#6963,.F.);
#10455 = ORIENTED_EDGE('',*,*,#7014,.T.);
#10456 = ORIENTED_EDGE('',*,*,#7061,.T.);
#10457 = ORIENTED_EDGE('',*,*,#5955,.F.);
#10458 = ADVANCED_FACE('',(#10459),#5903,.F.);
#10459 = FACE_BOUND('',#10460,.F.);
#10460 = EDGE_LOOP('',(#10461,#10462,#10463,#10464));
#10461 = ORIENTED_EDGE('',*,*,#7088,.F.);
#10462 = ORIENTED_EDGE('',*,*,#7139,.T.);
#10463 = ORIENTED_EDGE('',*,*,#7186,.T.);
#10464 = ORIENTED_EDGE('',*,*,#5888,.F.);
#10465 = ADVANCED_FACE('',(#10466),#5836,.F.);
#10466 = FACE_BOUND('',#10467,.F.);
#10467 = EDGE_LOOP('',(#10468,#10469,#10470,#10471));
#10468 = ORIENTED_EDGE('',*,*,#7213,.F.);
#10469 = ORIENTED_EDGE('',*,*,#7264,.T.);
#10470 = ORIENTED_EDGE('',*,*,#7357,.F.);
#10471 = ORIENTED_EDGE('',*,*,#5821,.F.);
#10472 = ADVANCED_FACE('',(#10473),#5787,.T.);
#10473 = FACE_BOUND('',#10474,.T.);
#10474 = EDGE_LOOP('',(#10475,#10498,#10519,#10520));
#10475 = ORIENTED_EDGE('',*,*,#10476,.F.);
#10476 = EDGE_CURVE('',#10477,#5747,#10479,.T.);
#10477 = VERTEX_POINT('',#10478);
#10478 = CARTESIAN_POINT('',(32.8,39.7,5.6));
#10479 = SURFACE_CURVE('',#10480,(#10484,#10491),.PCURVE_S1.);
#10480 = LINE('',#10481,#10482);
#10481 = CARTESIAN_POINT('',(32.8,39.7,5.6));
#10482 = VECTOR('',#10483,1.);
#10483 = DIRECTION('',(0.,0.,1.));
#10484 = PCURVE('',#5787,#10485);
#10485 = DEFINITIONAL_REPRESENTATION('',(#10486),#10490);
#10486 = LINE('',#10487,#10488);
#10487 = CARTESIAN_POINT('',(0.,0.));
#10488 = VECTOR('',#10489,1.);
#10489 = DIRECTION('',(1.,0.));
#10490 = ( GEOMETRIC_REPRESENTATION_CONTEXT(2) 
PARAMETRIC_REPRESENTATION_CONTEXT() REPRESENTATION_CONTEXT('2D SPACE',''
  ) );
#10491 = PCURVE('',#5761,#10492);
#10492 = DEFINITIONAL_REPRESENTATION('',(#10493),#10497);
#10493 = LINE('',#10494,#10495);
#10494 = CARTESIAN_POINT('',(0.,0.));
#10495 = VECTOR('',#10496,1.);
#10496 = DIRECTION('',(1.,0.));
#10497 = ( GEOMETRIC_REPRESENTATION_CONTEXT(2) 
PARAMETRIC_REPRESENTATION_CONTEXT() REPRESENTATION_CONTEXT('2D SPACE',''
  ) );
#10498 = ORIENTED_EDGE('',*,*,#10499,.T.);
#10499 = EDGE_CURVE('',#10477,#7378,#10500,.T.);
#10500 = SURFACE_CURVE('',#10501,(#10505,#10512),.PCURVE_S1.);
#10501 = LINE('',#10502,#10503);
#10502 = CARTESIAN_POINT('',(32.8,39.7,5.6));
#10503 = VECTOR('',#10504,1.);
#10504 = DIRECTION('',(-0.,1.,0.));
#10505 = PCURVE('',#5787,#10506);
#10506 = DEFINITIONAL_REPRESENTATION('',(#10507),#10511);
#10507 = LINE('',#10508,#10509);
#10508 = CARTESIAN_POINT('',(0.,0.));
#10509 = VECTOR('',#10510,1.);
#10510 = DIRECTION('',(0.,-1.));
#10511 = ( GEOMETRIC_REPRESENTATION_CONTEXT(2) 
PARAMETRIC_REPRESENTATION_CONTEXT() REPRESENTATION_CONTEXT('2D SPACE',''
  ) );
#10512 = PCURVE('',#7411,#10513);
#10513 = DEFINITIONAL_REPRESENTATION('',(#10514),#10518);
#10514 = LINE('',#10515,#10516);
#10515 = CARTESIAN_POINT('',(0.,0.));
#10516 = VECTOR('',#10517,1.);
#10517 = DIRECTION('',(0.,1.));
#10518 = ( GEOMETRIC_REPRESENTATION_CONTEXT(2) 
PARAMETRIC_REPRESENTATION_CONTEXT() REPRESENTATION_CONTEXT('2D SPACE',''
  ) );
#10519 = ORIENTED_EDGE('',*,*,#7377,.F.);
#10520 = ORIENTED_EDGE('',*,*,#5772,.F.);
#10521 = ADVANCED_FACE('',(#10522),#5761,.T.);
#10522 = FACE_BOUND('',#10523,.T.);
#10523 = EDGE_LOOP('',(#10524,#10525,#10546,#10547));
#10524 = ORIENTED_EDGE('',*,*,#7609,.F.);
#10525 = ORIENTED_EDGE('',*,*,#10526,.F.);
#10526 = EDGE_CURVE('',#10477,#7587,#10527,.T.);
#10527 = SURFACE_CURVE('',#10528,(#10532,#10539),.PCURVE_S1.);
#10528 = LINE('',#10529,#10530);
#10529 = CARTESIAN_POINT('',(32.8,39.7,5.6));
#10530 = VECTOR('',#10531,1.);
#10531 = DIRECTION('',(1.,0.,-0.));
#10532 = PCURVE('',#5761,#10533);
#10533 = DEFINITIONAL_REPRESENTATION('',(#10534),#10538);
#10534 = LINE('',#10535,#10536);
#10535 = CARTESIAN_POINT('',(0.,0.));
#10536 = VECTOR('',#10537,1.);
#10537 = DIRECTION('',(0.,1.));
#10538 = ( GEOMETRIC_REPRESENTATION_CONTEXT(2) 
PARAMETRIC_REPRESENTATION_CONTEXT() REPRESENTATION_CONTEXT('2D SPACE',''
  ) );
#10539 = PCURVE('',#7411,#10540);
#10540 = DEFINITIONAL_REPRESENTATION('',(#10541),#10545);
#10541 = LINE('',#10542,#10543);
#10542 = CARTESIAN_POINT('',(0.,0.));
#10543 = VECTOR('',#10544,1.);
#10544 = DIRECTION('',(1.,0.));
#10545 = ( GEOMETRIC_REPRESENTATION_CONTEXT(2) 
PARAMETRIC_REPRESENTATION_CONTEXT() REPRESENTATION_CONTEXT('2D SPACE',''
  ) );
#10546 = ORIENTED_EDGE('',*,*,#10476,.T.);
#10547 = ORIENTED_EDGE('',*,*,#5746,.F.);
#10548 = ADVANCED_FACE('',(#10549),#5712,.F.);
#10549 = FACE_BOUND('',#10550,.F.);
#10550 = EDGE_LOOP('',(#10551,#10552,#10575,#10596));
#10551 = ORIENTED_EDGE('',*,*,#7631,.F.);
#10552 = ORIENTED_EDGE('',*,*,#10553,.F.);
#10553 = EDGE_CURVE('',#10554,#7632,#10556,.T.);
#10554 = VERTEX_POINT('',#10555);
#10555 = CARTESIAN_POINT('',(34.3,35.3,5.6));
#10556 = SURFACE_CURVE('',#10557,(#10561,#10568),.PCURVE_S1.);
#10557 = LINE('',#10558,#10559);
#10558 = CARTESIAN_POINT('',(34.3,35.3,5.6));
#10559 = VECTOR('',#10560,1.);
#10560 = DIRECTION('',(1.,0.,-0.));
#10561 = PCURVE('',#5712,#10562);
#10562 = DEFINITIONAL_REPRESENTATION('',(#10563),#10567);
#10563 = LINE('',#10564,#10565);
#10564 = CARTESIAN_POINT('',(0.,0.));
#10565 = VECTOR('',#10566,1.);
#10566 = DIRECTION('',(0.,1.));
#10567 = ( GEOMETRIC_REPRESENTATION_CONTEXT(2) 
PARAMETRIC_REPRESENTATION_CONTEXT() REPRESENTATION_CONTEXT('2D SPACE',''
  ) );
#10568 = PCURVE('',#7670,#10569);
#10569 = DEFINITIONAL_REPRESENTATION('',(#10570),#10574);
#10570 = LINE('',#10571,#10572);
#10571 = CARTESIAN_POINT('',(0.,0.6));
#10572 = VECTOR('',#10573,1.);
#10573 = DIRECTION('',(1.,0.));
#10574 = ( GEOMETRIC_REPRESENTATION_CONTEXT(2) 
PARAMETRIC_REPRESENTATION_CONTEXT() REPRESENTATION_CONTEXT('2D SPACE',''
  ) );
#10575 = ORIENTED_EDGE('',*,*,#10576,.T.);
#10576 = EDGE_CURVE('',#10554,#5672,#10577,.T.);
#10577 = SURFACE_CURVE('',#10578,(#10582,#10589),.PCURVE_S1.);
#10578 = LINE('',#10579,#10580);
#10579 = CARTESIAN_POINT('',(34.3,35.3,5.6));
#10580 = VECTOR('',#10581,1.);
#10581 = DIRECTION('',(0.,0.,1.));
#10582 = PCURVE('',#5712,#10583);
#10583 = DEFINITIONAL_REPRESENTATION('',(#10584),#10588);
#10584 = LINE('',#10585,#10586);
#10585 = CARTESIAN_POINT('',(0.,0.));
#10586 = VECTOR('',#10587,1.);
#10587 = DIRECTION('',(1.,0.));
#10588 = ( GEOMETRIC_REPRESENTATION_CONTEXT(2) 
PARAMETRIC_REPRESENTATION_CONTEXT() REPRESENTATION_CONTEXT('2D SPACE',''
  ) );
#10589 = PCURVE('',#5686,#10590);
#10590 = DEFINITIONAL_REPRESENTATION('',(#10591),#10595);
#10591 = LINE('',#10592,#10593);
#10592 = CARTESIAN_POINT('',(0.,-0.6));
#10593 = VECTOR('',#10594,1.);
#10594 = DIRECTION('',(1.,0.));
#10595 = ( GEOMETRIC_REPRESENTATION_CONTEXT(2) 
PARAMETRIC_REPRESENTATION_CONTEXT() REPRESENTATION_CONTEXT('2D SPACE',''
  ) );
#10596 = ORIENTED_EDGE('',*,*,#5697,.F.);
#10597 = ADVANCED_FACE('',(#10598),#5686,.T.);
#10598 = FACE_BOUND('',#10599,.T.);
#10599 = EDGE_LOOP('',(#10600,#10623,#10644,#10645));
#10600 = ORIENTED_EDGE('',*,*,#10601,.F.);
#10601 = EDGE_CURVE('',#10602,#5646,#10604,.T.);
#10602 = VERTEX_POINT('',#10603);
#10603 = CARTESIAN_POINT('',(34.3,34.7,5.6));
#10604 = SURFACE_CURVE('',#10605,(#10609,#10616),.PCURVE_S1.);
#10605 = LINE('',#10606,#10607);
#10606 = CARTESIAN_POINT('',(34.3,34.7,5.6));
#10607 = VECTOR('',#10608,1.);
#10608 = DIRECTION('',(0.,0.,1.));
#10609 = PCURVE('',#5686,#10610);
#10610 = DEFINITIONAL_REPRESENTATION('',(#10611),#10615);
#10611 = LINE('',#10612,#10613);
#10612 = CARTESIAN_POINT('',(0.,0.));
#10613 = VECTOR('',#10614,1.);
#10614 = DIRECTION('',(1.,0.));
#10615 = ( GEOMETRIC_REPRESENTATION_CONTEXT(2) 
PARAMETRIC_REPRESENTATION_CONTEXT() REPRESENTATION_CONTEXT('2D SPACE',''
  ) );
#10616 = PCURVE('',#5660,#10617);
#10617 = DEFINITIONAL_REPRESENTATION('',(#10618),#10622);
#10618 = LINE('',#10619,#10620);
#10619 = CARTESIAN_POINT('',(0.,0.));
#10620 = VECTOR('',#10621,1.);
#10621 = DIRECTION('',(1.,0.));
#10622 = ( GEOMETRIC_REPRESENTATION_CONTEXT(2) 
PARAMETRIC_REPRESENTATION_CONTEXT() REPRESENTATION_CONTEXT('2D SPACE',''
  ) );
#10623 = ORIENTED_EDGE('',*,*,#10624,.T.);
#10624 = EDGE_CURVE('',#10602,#10554,#10625,.T.);
#10625 = SURFACE_CURVE('',#10626,(#10630,#10637),.PCURVE_S1.);
#10626 = LINE('',#10627,#10628);
#10627 = CARTESIAN_POINT('',(34.3,34.7,5.6));
#10628 = VECTOR('',#10629,1.);
#10629 = DIRECTION('',(-0.,1.,0.));
#10630 = PCURVE('',#5686,#10631);
#10631 = DEFINITIONAL_REPRESENTATION('',(#10632),#10636);
#10632 = LINE('',#10633,#10634);
#10633 = CARTESIAN_POINT('',(0.,0.));
#10634 = VECTOR('',#10635,1.);
#10635 = DIRECTION('',(0.,-1.));
#10636 = ( GEOMETRIC_REPRESENTATION_CONTEXT(2) 
PARAMETRIC_REPRESENTATION_CONTEXT() REPRESENTATION_CONTEXT('2D SPACE',''
  ) );
#10637 = PCURVE('',#7670,#10638);
#10638 = DEFINITIONAL_REPRESENTATION('',(#10639),#10643);
#10639 = LINE('',#10640,#10641);
#10640 = CARTESIAN_POINT('',(0.,0.));
#10641 = VECTOR('',#10642,1.);
#10642 = DIRECTION('',(0.,1.));
#10643 = ( GEOMETRIC_REPRESENTATION_CONTEXT(2) 
PARAMETRIC_REPRESENTATION_CONTEXT() REPRESENTATION_CONTEXT('2D SPACE',''
  ) );
#10644 = ORIENTED_EDGE('',*,*,#10576,.T.);
#10645 = ORIENTED_EDGE('',*,*,#5671,.F.);
#10646 = ADVANCED_FACE('',(#10647),#5660,.T.);
#10647 = FACE_BOUND('',#10648,.T.);
#10648 = EDGE_LOOP('',(#10649,#10650,#10671,#10672));
#10649 = ORIENTED_EDGE('',*,*,#7682,.F.);
#10650 = ORIENTED_EDGE('',*,*,#10651,.F.);
#10651 = EDGE_CURVE('',#10602,#7655,#10652,.T.);
#10652 = SURFACE_CURVE('',#10653,(#10657,#10664),.PCURVE_S1.);
#10653 = LINE('',#10654,#10655);
#10654 = CARTESIAN_POINT('',(34.3,34.7,5.6));
#10655 = VECTOR('',#10656,1.);
#10656 = DIRECTION('',(1.,0.,-0.));
#10657 = PCURVE('',#5660,#10658);
#10658 = DEFINITIONAL_REPRESENTATION('',(#10659),#10663);
#10659 = LINE('',#10660,#10661);
#10660 = CARTESIAN_POINT('',(0.,0.));
#10661 = VECTOR('',#10662,1.);
#10662 = DIRECTION('',(0.,1.));
#10663 = ( GEOMETRIC_REPRESENTATION_CONTEXT(2) 
PARAMETRIC_REPRESENTATION_CONTEXT() REPRESENTATION_CONTEXT('2D SPACE',''
  ) );
#10664 = PCURVE('',#7670,#10665);
#10665 = DEFINITIONAL_REPRESENTATION('',(#10666),#10670);
#10666 = LINE('',#10667,#10668);
#10667 = CARTESIAN_POINT('',(0.,0.));
#10668 = VECTOR('',#10669,1.);
#10669 = DIRECTION('',(1.,0.));
#10670 = ( GEOMETRIC_REPRESENTATION_CONTEXT(2) 
PARAMETRIC_REPRESENTATION_CONTEXT() REPRESENTATION_CONTEXT('2D SPACE',''
  ) );
#10671 = ORIENTED_EDGE('',*,*,#10601,.T.);
#10672 = ORIENTED_EDGE('',*,*,#5645,.F.);
#10673 = ADVANCED_FACE('',(#10674),#5611,.F.);
#10674 = FACE_BOUND('',#10675,.F.);
#10675 = EDGE_LOOP('',(#10676,#10677,#10700,#10721));
#10676 = ORIENTED_EDGE('',*,*,#7704,.F.);
#10677 = ORIENTED_EDGE('',*,*,#10678,.F.);
#10678 = EDGE_CURVE('',#10679,#7705,#10681,.T.);
#10679 = VERTEX_POINT('',#10680);
#10680 = CARTESIAN_POINT('',(32.8,30.3,5.6));
#10681 = SURFACE_CURVE('',#10682,(#10686,#10693),.PCURVE_S1.);
#10682 = LINE('',#10683,#10684);
#10683 = CARTESIAN_POINT('',(32.8,30.3,5.6));
#10684 = VECTOR('',#10685,1.);
#10685 = DIRECTION('',(1.,0.,-0.));
#10686 = PCURVE('',#5611,#10687);
#10687 = DEFINITIONAL_REPRESENTATION('',(#10688),#10692);
#10688 = LINE('',#10689,#10690);
#10689 = CARTESIAN_POINT('',(0.,0.));
#10690 = VECTOR('',#10691,1.);
#10691 = DIRECTION('',(0.,1.));
#10692 = ( GEOMETRIC_REPRESENTATION_CONTEXT(2) 
PARAMETRIC_REPRESENTATION_CONTEXT() REPRESENTATION_CONTEXT('2D SPACE',''
  ) );
#10693 = PCURVE('',#7743,#10694);
#10694 = DEFINITIONAL_REPRESENTATION('',(#10695),#10699);
#10695 = LINE('',#10696,#10697);
#10696 = CARTESIAN_POINT('',(0.,0.6));
#10697 = VECTOR('',#10698,1.);
#10698 = DIRECTION('',(1.,0.));
#10699 = ( GEOMETRIC_REPRESENTATION_CONTEXT(2) 
PARAMETRIC_REPRESENTATION_CONTEXT() REPRESENTATION_CONTEXT('2D SPACE',''
  ) );
#10700 = ORIENTED_EDGE('',*,*,#10701,.T.);
#10701 = EDGE_CURVE('',#10679,#5571,#10702,.T.);
#10702 = SURFACE_CURVE('',#10703,(#10707,#10714),.PCURVE_S1.);
#10703 = LINE('',#10704,#10705);
#10704 = CARTESIAN_POINT('',(32.8,30.3,5.6));
#10705 = VECTOR('',#10706,1.);
#10706 = DIRECTION('',(0.,0.,1.));
#10707 = PCURVE('',#5611,#10708);
#10708 = DEFINITIONAL_REPRESENTATION('',(#10709),#10713);
#10709 = LINE('',#10710,#10711);
#10710 = CARTESIAN_POINT('',(0.,0.));
#10711 = VECTOR('',#10712,1.);
#10712 = DIRECTION('',(1.,0.));
#10713 = ( GEOMETRIC_REPRESENTATION_CONTEXT(2) 
PARAMETRIC_REPRESENTATION_CONTEXT() REPRESENTATION_CONTEXT('2D SPACE',''
  ) );
#10714 = PCURVE('',#5585,#10715);
#10715 = DEFINITIONAL_REPRESENTATION('',(#10716),#10720);
#10716 = LINE('',#10717,#10718);
#10717 = CARTESIAN_POINT('',(0.,-0.6));
#10718 = VECTOR('',#10719,1.);
#10719 = DIRECTION('',(1.,0.));
#10720 = ( GEOMETRIC_REPRESENTATION_CONTEXT(2) 
PARAMETRIC_REPRESENTATION_CONTEXT() REPRESENTATION_CONTEXT('2D SPACE',''
  ) );
#10721 = ORIENTED_EDGE('',*,*,#5596,.F.);
#10722 = ADVANCED_FACE('',(#10723),#5585,.T.);
#10723 = FACE_BOUND('',#10724,.T.);
#10724 = EDGE_LOOP('',(#10725,#10748,#10769,#10770));
#10725 = ORIENTED_EDGE('',*,*,#10726,.F.);
#10726 = EDGE_CURVE('',#10727,#5545,#10729,.T.);
#10727 = VERTEX_POINT('',#10728);
#10728 = CARTESIAN_POINT('',(32.8,29.7,5.6));
#10729 = SURFACE_CURVE('',#10730,(#10734,#10741),.PCURVE_S1.);
#10730 = LINE('',#10731,#10732);
#10731 = CARTESIAN_POINT('',(32.8,29.7,5.6));
#10732 = VECTOR('',#10733,1.);
#10733 = DIRECTION('',(0.,0.,1.));
#10734 = PCURVE('',#5585,#10735);
#10735 = DEFINITIONAL_REPRESENTATION('',(#10736),#10740);
#10736 = LINE('',#10737,#10738);
#10737 = CARTESIAN_POINT('',(0.,0.));
#10738 = VECTOR('',#10739,1.);
#10739 = DIRECTION('',(1.,0.));
#10740 = ( GEOMETRIC_REPRESENTATION_CONTEXT(2) 
PARAMETRIC_REPRESENTATION_CONTEXT() REPRESENTATION_CONTEXT('2D SPACE',''
  ) );
#10741 = PCURVE('',#5559,#10742);
#10742 = DEFINITIONAL_REPRESENTATION('',(#10743),#10747);
#10743 = LINE('',#10744,#10745);
#10744 = CARTESIAN_POINT('',(0.,0.));
#10745 = VECTOR('',#10746,1.);
#10746 = DIRECTION('',(1.,0.));
#10747 = ( GEOMETRIC_REPRESENTATION_CONTEXT(2) 
PARAMETRIC_REPRESENTATION_CONTEXT() REPRESENTATION_CONTEXT('2D SPACE',''
  ) );
#10748 = ORIENTED_EDGE('',*,*,#10749,.T.);
#10749 = EDGE_CURVE('',#10727,#10679,#10750,.T.);
#10750 = SURFACE_CURVE('',#10751,(#10755,#10762),.PCURVE_S1.);
#10751 = LINE('',#10752,#10753);
#10752 = CARTESIAN_POINT('',(32.8,29.7,5.6));
#10753 = VECTOR('',#10754,1.);
#10754 = DIRECTION('',(-0.,1.,0.));
#10755 = PCURVE('',#5585,#10756);
#10756 = DEFINITIONAL_REPRESENTATION('',(#10757),#10761);
#10757 = LINE('',#10758,#10759);
#10758 = CARTESIAN_POINT('',(0.,0.));
#10759 = VECTOR('',#10760,1.);
#10760 = DIRECTION('',(0.,-1.));
#10761 = ( GEOMETRIC_REPRESENTATION_CONTEXT(2) 
PARAMETRIC_REPRESENTATION_CONTEXT() REPRESENTATION_CONTEXT('2D SPACE',''
  ) );
#10762 = PCURVE('',#7743,#10763);
#10763 = DEFINITIONAL_REPRESENTATION('',(#10764),#10768);
#10764 = LINE('',#10765,#10766);
#10765 = CARTESIAN_POINT('',(0.,0.));
#10766 = VECTOR('',#10767,1.);
#10767 = DIRECTION('',(0.,1.));
#10768 = ( GEOMETRIC_REPRESENTATION_CONTEXT(2) 
PARAMETRIC_REPRESENTATION_CONTEXT() REPRESENTATION_CONTEXT('2D SPACE',''
  ) );
#10769 = ORIENTED_EDGE('',*,*,#10701,.T.);
#10770 = ORIENTED_EDGE('',*,*,#5570,.F.);
#10771 = ADVANCED_FACE('',(#10772),#5559,.T.);
#10772 = FACE_BOUND('',#10773,.T.);
#10773 = EDGE_LOOP('',(#10774,#10775,#10796,#10797));
#10774 = ORIENTED_EDGE('',*,*,#7755,.F.);
#10775 = ORIENTED_EDGE('',*,*,#10776,.F.);
#10776 = EDGE_CURVE('',#10727,#7728,#10777,.T.);
#10777 = SURFACE_CURVE('',#10778,(#10782,#10789),.PCURVE_S1.);
#10778 = LINE('',#10779,#10780);
#10779 = CARTESIAN_POINT('',(32.8,29.7,5.6));
#10780 = VECTOR('',#10781,1.);
#10781 = DIRECTION('',(1.,0.,-0.));
#10782 = PCURVE('',#5559,#10783);
#10783 = DEFINITIONAL_REPRESENTATION('',(#10784),#10788);
#10784 = LINE('',#10785,#10786);
#10785 = CARTESIAN_POINT('',(0.,0.));
#10786 = VECTOR('',#10787,1.);
#10787 = DIRECTION('',(0.,1.));
#10788 = ( GEOMETRIC_REPRESENTATION_CONTEXT(2) 
PARAMETRIC_REPRESENTATION_CONTEXT() REPRESENTATION_CONTEXT('2D SPACE',''
  ) );
#10789 = PCURVE('',#7743,#10790);
#10790 = DEFINITIONAL_REPRESENTATION('',(#10791),#10795);
#10791 = LINE('',#10792,#10793);
#10792 = CARTESIAN_POINT('',(0.,0.));
#10793 = VECTOR('',#10794,1.);
#10794 = DIRECTION('',(1.,0.));
#10795 = ( GEOMETRIC_REPRESENTATION_CONTEXT(2) 
PARAMETRIC_REPRESENTATION_CONTEXT() REPRESENTATION_CONTEXT('2D SPACE',''
  ) );
#10796 = ORIENTED_EDGE('',*,*,#10726,.T.);
#10797 = ORIENTED_EDGE('',*,*,#5544,.F.);
#10798 = ADVANCED_FACE('',(#10799),#5510,.F.);
#10799 = FACE_BOUND('',#10800,.F.);
#10800 = EDGE_LOOP('',(#10801,#10802,#10825,#10846));
#10801 = ORIENTED_EDGE('',*,*,#7777,.F.);
#10802 = ORIENTED_EDGE('',*,*,#10803,.F.);
#10803 = EDGE_CURVE('',#10804,#7778,#10806,.T.);
#10804 = VERTEX_POINT('',#10805);
#10805 = CARTESIAN_POINT('',(34.3,25.3,5.6));
#10806 = SURFACE_CURVE('',#10807,(#10811,#10818),.PCURVE_S1.);
#10807 = LINE('',#10808,#10809);
#10808 = CARTESIAN_POINT('',(34.3,25.3,5.6));
#10809 = VECTOR('',#10810,1.);
#10810 = DIRECTION('',(1.,0.,-0.));
#10811 = PCURVE('',#5510,#10812);
#10812 = DEFINITIONAL_REPRESENTATION('',(#10813),#10817);
#10813 = LINE('',#10814,#10815);
#10814 = CARTESIAN_POINT('',(0.,0.));
#10815 = VECTOR('',#10816,1.);
#10816 = DIRECTION('',(0.,1.));
#10817 = ( GEOMETRIC_REPRESENTATION_CONTEXT(2) 
PARAMETRIC_REPRESENTATION_CONTEXT() REPRESENTATION_CONTEXT('2D SPACE',''
  ) );
#10818 = PCURVE('',#7816,#10819);
#10819 = DEFINITIONAL_REPRESENTATION('',(#10820),#10824);
#10820 = LINE('',#10821,#10822);
#10821 = CARTESIAN_POINT('',(0.,0.6));
#10822 = VECTOR('',#10823,1.);
#10823 = DIRECTION('',(1.,0.));
#10824 = ( GEOMETRIC_REPRESENTATION_CONTEXT(2) 
PARAMETRIC_REPRESENTATION_CONTEXT() REPRESENTATION_CONTEXT('2D SPACE',''
  ) );
#10825 = ORIENTED_EDGE('',*,*,#10826,.T.);
#10826 = EDGE_CURVE('',#10804,#5470,#10827,.T.);
#10827 = SURFACE_CURVE('',#10828,(#10832,#10839),.PCURVE_S1.);
#10828 = LINE('',#10829,#10830);
#10829 = CARTESIAN_POINT('',(34.3,25.3,5.6));
#10830 = VECTOR('',#10831,1.);
#10831 = DIRECTION('',(0.,0.,1.));
#10832 = PCURVE('',#5510,#10833);
#10833 = DEFINITIONAL_REPRESENTATION('',(#10834),#10838);
#10834 = LINE('',#10835,#10836);
#10835 = CARTESIAN_POINT('',(0.,0.));
#10836 = VECTOR('',#10837,1.);
#10837 = DIRECTION('',(1.,0.));
#10838 = ( GEOMETRIC_REPRESENTATION_CONTEXT(2) 
PARAMETRIC_REPRESENTATION_CONTEXT() REPRESENTATION_CONTEXT('2D SPACE',''
  ) );
#10839 = PCURVE('',#5484,#10840);
#10840 = DEFINITIONAL_REPRESENTATION('',(#10841),#10845);
#10841 = LINE('',#10842,#10843);
#10842 = CARTESIAN_POINT('',(0.,-0.6));
#10843 = VECTOR('',#10844,1.);
#10844 = DIRECTION('',(1.,0.));
#10845 = ( GEOMETRIC_REPRESENTATION_CONTEXT(2) 
PARAMETRIC_REPRESENTATION_CONTEXT() REPRESENTATION_CONTEXT('2D SPACE',''
  ) );
#10846 = ORIENTED_EDGE('',*,*,#5495,.F.);
#10847 = ADVANCED_FACE('',(#10848),#5484,.T.);
#10848 = FACE_BOUND('',#10849,.T.);
#10849 = EDGE_LOOP('',(#10850,#10873,#10894,#10895));
#10850 = ORIENTED_EDGE('',*,*,#10851,.F.);
#10851 = EDGE_CURVE('',#10852,#5444,#10854,.T.);
#10852 = VERTEX_POINT('',#10853);
#10853 = CARTESIAN_POINT('',(34.3,24.7,5.6));
#10854 = SURFACE_CURVE('',#10855,(#10859,#10866),.PCURVE_S1.);
#10855 = LINE('',#10856,#10857);
#10856 = CARTESIAN_POINT('',(34.3,24.7,5.6));
#10857 = VECTOR('',#10858,1.);
#10858 = DIRECTION('',(0.,0.,1.));
#10859 = PCURVE('',#5484,#10860);
#10860 = DEFINITIONAL_REPRESENTATION('',(#10861),#10865);
#10861 = LINE('',#10862,#10863);
#10862 = CARTESIAN_POINT('',(0.,0.));
#10863 = VECTOR('',#10864,1.);
#10864 = DIRECTION('',(1.,0.));
#10865 = ( GEOMETRIC_REPRESENTATION_CONTEXT(2) 
PARAMETRIC_REPRESENTATION_CONTEXT() REPRESENTATION_CONTEXT('2D SPACE',''
  ) );
#10866 = PCURVE('',#5458,#10867);
#10867 = DEFINITIONAL_REPRESENTATION('',(#10868),#10872);
#10868 = LINE('',#10869,#10870);
#10869 = CARTESIAN_POINT('',(0.,0.));
#10870 = VECTOR('',#10871,1.);
#10871 = DIRECTION('',(1.,0.));
#10872 = ( GEOMETRIC_REPRESENTATION_CONTEXT(2) 
PARAMETRIC_REPRESENTATION_CONTEXT() REPRESENTATION_CONTEXT('2D SPACE',''
  ) );
#10873 = ORIENTED_EDGE('',*,*,#10874,.T.);
#10874 = EDGE_CURVE('',#10852,#10804,#10875,.T.);
#10875 = SURFACE_CURVE('',#10876,(#10880,#10887),.PCURVE_S1.);
#10876 = LINE('',#10877,#10878);
#10877 = CARTESIAN_POINT('',(34.3,24.7,5.6));
#10878 = VECTOR('',#10879,1.);
#10879 = DIRECTION('',(-0.,1.,0.));
#10880 = PCURVE('',#5484,#10881);
#10881 = DEFINITIONAL_REPRESENTATION('',(#10882),#10886);
#10882 = LINE('',#10883,#10884);
#10883 = CARTESIAN_POINT('',(0.,0.));
#10884 = VECTOR('',#10885,1.);
#10885 = DIRECTION('',(0.,-1.));
#10886 = ( GEOMETRIC_REPRESENTATION_CONTEXT(2) 
PARAMETRIC_REPRESENTATION_CONTEXT() REPRESENTATION_CONTEXT('2D SPACE',''
  ) );
#10887 = PCURVE('',#7816,#10888);
#10888 = DEFINITIONAL_REPRESENTATION('',(#10889),#10893);
#10889 = LINE('',#10890,#10891);
#10890 = CARTESIAN_POINT('',(0.,0.));
#10891 = VECTOR('',#10892,1.);
#10892 = DIRECTION('',(0.,1.));
#10893 = ( GEOMETRIC_REPRESENTATION_CONTEXT(2) 
PARAMETRIC_REPRESENTATION_CONTEXT() REPRESENTATION_CONTEXT('2D SPACE',''
  ) );
#10894 = ORIENTED_EDGE('',*,*,#10826,.T.);
#10895 = ORIENTED_EDGE('',*,*,#5469,.F.);
#10896 = ADVANCED_FACE('',(#10897),#5458,.T.);
#10897 = FACE_BOUND('',#10898,.T.);
#10898 = EDGE_LOOP('',(#10899,#10900,#10921,#10922));
#10899 = ORIENTED_EDGE('',*,*,#7828,.F.);
#10900 = ORIENTED_EDGE('',*,*,#10901,.F.);
#10901 = EDGE_CURVE('',#10852,#7801,#10902,.T.);
#10902 = SURFACE_CURVE('',#10903,(#10907,#10914),.PCURVE_S1.);
#10903 = LINE('',#10904,#10905);
#10904 = CARTESIAN_POINT('',(34.3,24.7,5.6));
#10905 = VECTOR('',#10906,1.);
#10906 = DIRECTION('',(1.,0.,-0.));
#10907 = PCURVE('',#5458,#10908);
#10908 = DEFINITIONAL_REPRESENTATION('',(#10909),#10913);
#10909 = LINE('',#10910,#10911);
#10910 = CARTESIAN_POINT('',(0.,0.));
#10911 = VECTOR('',#10912,1.);
#10912 = DIRECTION('',(0.,1.));
#10913 = ( GEOMETRIC_REPRESENTATION_CONTEXT(2) 
PARAMETRIC_REPRESENTATION_CONTEXT() REPRESENTATION_CONTEXT('2D SPACE',''
  ) );
#10914 = PCURVE('',#7816,#10915);
#10915 = DEFINITIONAL_REPRESENTATION('',(#10916),#10920);
#10916 = LINE('',#10917,#10918);
#10917 = CARTESIAN_POINT('',(0.,0.));
#10918 = VECTOR('',#10919,1.);
#10919 = DIRECTION('',(1.,0.));
#10920 = ( GEOMETRIC_REPRESENTATION_CONTEXT(2) 
PARAMETRIC_REPRESENTATION_CONTEXT() REPRESENTATION_CONTEXT('2D SPACE',''
  ) );
#10921 = ORIENTED_EDGE('',*,*,#10851,.T.);
#10922 = ORIENTED_EDGE('',*,*,#5443,.F.);
#10923 = ADVANCED_FACE('',(#10924),#5409,.F.);
#10924 = FACE_BOUND('',#10925,.F.);
#10925 = EDGE_LOOP('',(#10926,#10927,#10950,#10971));
#10926 = ORIENTED_EDGE('',*,*,#7850,.F.);
#10927 = ORIENTED_EDGE('',*,*,#10928,.F.);
#10928 = EDGE_CURVE('',#10929,#7851,#10931,.T.);
#10929 = VERTEX_POINT('',#10930);
#10930 = CARTESIAN_POINT('',(32.8,20.3,5.6));
#10931 = SURFACE_CURVE('',#10932,(#10936,#10943),.PCURVE_S1.);
#10932 = LINE('',#10933,#10934);
#10933 = CARTESIAN_POINT('',(32.8,20.3,5.6));
#10934 = VECTOR('',#10935,1.);
#10935 = DIRECTION('',(1.,0.,-0.));
#10936 = PCURVE('',#5409,#10937);
#10937 = DEFINITIONAL_REPRESENTATION('',(#10938),#10942);
#10938 = LINE('',#10939,#10940);
#10939 = CARTESIAN_POINT('',(0.,0.));
#10940 = VECTOR('',#10941,1.);
#10941 = DIRECTION('',(0.,1.));
#10942 = ( GEOMETRIC_REPRESENTATION_CONTEXT(2) 
PARAMETRIC_REPRESENTATION_CONTEXT() REPRESENTATION_CONTEXT('2D SPACE',''
  ) );
#10943 = PCURVE('',#7889,#10944);
#10944 = DEFINITIONAL_REPRESENTATION('',(#10945),#10949);
#10945 = LINE('',#10946,#10947);
#10946 = CARTESIAN_POINT('',(0.,0.6));
#10947 = VECTOR('',#10948,1.);
#10948 = DIRECTION('',(1.,0.));
#10949 = ( GEOMETRIC_REPRESENTATION_CONTEXT(2) 
PARAMETRIC_REPRESENTATION_CONTEXT() REPRESENTATION_CONTEXT('2D SPACE',''
  ) );
#10950 = ORIENTED_EDGE('',*,*,#10951,.T.);
#10951 = EDGE_CURVE('',#10929,#5369,#10952,.T.);
#10952 = SURFACE_CURVE('',#10953,(#10957,#10964),.PCURVE_S1.);
#10953 = LINE('',#10954,#10955);
#10954 = CARTESIAN_POINT('',(32.8,20.3,5.6));
#10955 = VECTOR('',#10956,1.);
#10956 = DIRECTION('',(0.,0.,1.));
#10957 = PCURVE('',#5409,#10958);
#10958 = DEFINITIONAL_REPRESENTATION('',(#10959),#10963);
#10959 = LINE('',#10960,#10961);
#10960 = CARTESIAN_POINT('',(0.,0.));
#10961 = VECTOR('',#10962,1.);
#10962 = DIRECTION('',(1.,0.));
#10963 = ( GEOMETRIC_REPRESENTATION_CONTEXT(2) 
PARAMETRIC_REPRESENTATION_CONTEXT() REPRESENTATION_CONTEXT('2D SPACE',''
  ) );
#10964 = PCURVE('',#5383,#10965);
#10965 = DEFINITIONAL_REPRESENTATION('',(#10966),#10970);
#10966 = LINE('',#10967,#10968);
#10967 = CARTESIAN_POINT('',(0.,-0.6));
#10968 = VECTOR('',#10969,1.);
#10969 = DIRECTION('',(1.,0.));
#10970 = ( GEOMETRIC_REPRESENTATION_CONTEXT(2) 
PARAMETRIC_REPRESENTATION_CONTEXT() REPRESENTATION_CONTEXT('2D SPACE',''
  ) );
#10971 = ORIENTED_EDGE('',*,*,#5394,.F.);
#10972 = ADVANCED_FACE('',(#10973),#5383,.T.);
#10973 = FACE_BOUND('',#10974,.T.);
#10974 = EDGE_LOOP('',(#10975,#10998,#11019,#11020));
#10975 = ORIENTED_EDGE('',*,*,#10976,.F.);
#10976 = EDGE_CURVE('',#10977,#5343,#10979,.T.);
#10977 = VERTEX_POINT('',#10978);
#10978 = CARTESIAN_POINT('',(32.8,19.7,5.6));
#10979 = SURFACE_CURVE('',#10980,(#10984,#10991),.PCURVE_S1.);
#10980 = LINE('',#10981,#10982);
#10981 = CARTESIAN_POINT('',(32.8,19.7,5.6));
#10982 = VECTOR('',#10983,1.);
#10983 = DIRECTION('',(0.,0.,1.));
#10984 = PCURVE('',#5383,#10985);
#10985 = DEFINITIONAL_REPRESENTATION('',(#10986),#10990);
#10986 = LINE('',#10987,#10988);
#10987 = CARTESIAN_POINT('',(0.,0.));
#10988 = VECTOR('',#10989,1.);
#10989 = DIRECTION('',(1.,0.));
#10990 = ( GEOMETRIC_REPRESENTATION_CONTEXT(2) 
PARAMETRIC_REPRESENTATION_CONTEXT() REPRESENTATION_CONTEXT('2D SPACE',''
  ) );
#10991 = PCURVE('',#5357,#10992);
#10992 = DEFINITIONAL_REPRESENTATION('',(#10993),#10997);
#10993 = LINE('',#10994,#10995);
#10994 = CARTESIAN_POINT('',(0.,0.));
#10995 = VECTOR('',#10996,1.);
#10996 = DIRECTION('',(1.,0.));
#10997 = ( GEOMETRIC_REPRESENTATION_CONTEXT(2) 
PARAMETRIC_REPRESENTATION_CONTEXT() REPRESENTATION_CONTEXT('2D SPACE',''
  ) );
#10998 = ORIENTED_EDGE('',*,*,#10999,.T.);
#10999 = EDGE_CURVE('',#10977,#10929,#11000,.T.);
#11000 = SURFACE_CURVE('',#11001,(#11005,#11012),.PCURVE_S1.);
#11001 = LINE('',#11002,#11003);
#11002 = CARTESIAN_POINT('',(32.8,19.7,5.6));
#11003 = VECTOR('',#11004,1.);
#11004 = DIRECTION('',(-0.,1.,0.));
#11005 = PCURVE('',#5383,#11006);
#11006 = DEFINITIONAL_REPRESENTATION('',(#11007),#11011);
#11007 = LINE('',#11008,#11009);
#11008 = CARTESIAN_POINT('',(0.,0.));
#11009 = VECTOR('',#11010,1.);
#11010 = DIRECTION('',(0.,-1.));
#11011 = ( GEOMETRIC_REPRESENTATION_CONTEXT(2) 
PARAMETRIC_REPRESENTATION_CONTEXT() REPRESENTATION_CONTEXT('2D SPACE',''
  ) );
#11012 = PCURVE('',#7889,#11013);
#11013 = DEFINITIONAL_REPRESENTATION('',(#11014),#11018);
#11014 = LINE('',#11015,#11016);
#11015 = CARTESIAN_POINT('',(0.,0.));
#11016 = VECTOR('',#11017,1.);
#11017 = DIRECTION('',(0.,1.));
#11018 = ( GEOMETRIC_REPRESENTATION_CONTEXT(2) 
PARAMETRIC_REPRESENTATION_CONTEXT() REPRESENTATION_CONTEXT('2D SPACE',''
  ) );
#11019 = ORIENTED_EDGE('',*,*,#10951,.T.);
#11020 = ORIENTED_EDGE('',*,*,#5368,.F.);
#11021 = ADVANCED_FACE('',(#11022),#5357,.T.);
#11022 = FACE_BOUND('',#11023,.T.);
#11023 = EDGE_LOOP('',(#11024,#11025,#11046,#11047));
#11024 = ORIENTED_EDGE('',*,*,#7901,.F.);
#11025 = ORIENTED_EDGE('',*,*,#11026,.F.);
#11026 = EDGE_CURVE('',#10977,#7874,#11027,.T.);
#11027 = SURFACE_CURVE('',#11028,(#11032,#11039),.PCURVE_S1.);
#11028 = LINE('',#11029,#11030);
#11029 = CARTESIAN_POINT('',(32.8,19.7,5.6));
#11030 = VECTOR('',#11031,1.);
#11031 = DIRECTION('',(1.,0.,-0.));
#11032 = PCURVE('',#5357,#11033);
#11033 = DEFINITIONAL_REPRESENTATION('',(#11034),#11038);
#11034 = LINE('',#11035,#11036);
#11035 = CARTESIAN_POINT('',(0.,0.));
#11036 = VECTOR('',#11037,1.);
#11037 = DIRECTION('',(0.,1.));
#11038 = ( GEOMETRIC_REPRESENTATION_CONTEXT(2) 
PARAMETRIC_REPRESENTATION_CONTEXT() REPRESENTATION_CONTEXT('2D SPACE',''
  ) );
#11039 = PCURVE('',#7889,#11040);
#11040 = DEFINITIONAL_REPRESENTATION('',(#11041),#11045);
#11041 = LINE('',#11042,#11043);
#11042 = CARTESIAN_POINT('',(0.,0.));
#11043 = VECTOR('',#11044,1.);
#11044 = DIRECTION('',(1.,0.));
#11045 = ( GEOMETRIC_REPRESENTATION_CONTEXT(2) 
PARAMETRIC_REPRESENTATION_CONTEXT() REPRESENTATION_CONTEXT('2D SPACE',''
  ) );
#11046 = ORIENTED_EDGE('',*,*,#10976,.T.);
#11047 = ORIENTED_EDGE('',*,*,#5342,.F.);
#11048 = ADVANCED_FACE('',(#11049),#5308,.F.);
#11049 = FACE_BOUND('',#11050,.F.);
#11050 = EDGE_LOOP('',(#11051,#11052,#11075,#11096));
#11051 = ORIENTED_EDGE('',*,*,#7923,.F.);
#11052 = ORIENTED_EDGE('',*,*,#11053,.F.);
#11053 = EDGE_CURVE('',#11054,#7924,#11056,.T.);
#11054 = VERTEX_POINT('',#11055);
#11055 = CARTESIAN_POINT('',(34.3,15.3,5.6));
#11056 = SURFACE_CURVE('',#11057,(#11061,#11068),.PCURVE_S1.);
#11057 = LINE('',#11058,#11059);
#11058 = CARTESIAN_POINT('',(34.3,15.3,5.6));
#11059 = VECTOR('',#11060,1.);
#11060 = DIRECTION('',(1.,0.,-0.));
#11061 = PCURVE('',#5308,#11062);
#11062 = DEFINITIONAL_REPRESENTATION('',(#11063),#11067);
#11063 = LINE('',#11064,#11065);
#11064 = CARTESIAN_POINT('',(0.,0.));
#11065 = VECTOR('',#11066,1.);
#11066 = DIRECTION('',(0.,1.));
#11067 = ( GEOMETRIC_REPRESENTATION_CONTEXT(2) 
PARAMETRIC_REPRESENTATION_CONTEXT() REPRESENTATION_CONTEXT('2D SPACE',''
  ) );
#11068 = PCURVE('',#7962,#11069);
#11069 = DEFINITIONAL_REPRESENTATION('',(#11070),#11074);
#11070 = LINE('',#11071,#11072);
#11071 = CARTESIAN_POINT('',(0.,0.6));
#11072 = VECTOR('',#11073,1.);
#11073 = DIRECTION('',(1.,0.));
#11074 = ( GEOMETRIC_REPRESENTATION_CONTEXT(2) 
PARAMETRIC_REPRESENTATION_CONTEXT() REPRESENTATION_CONTEXT('2D SPACE',''
  ) );
#11075 = ORIENTED_EDGE('',*,*,#11076,.T.);
#11076 = EDGE_CURVE('',#11054,#5268,#11077,.T.);
#11077 = SURFACE_CURVE('',#11078,(#11082,#11089),.PCURVE_S1.);
#11078 = LINE('',#11079,#11080);
#11079 = CARTESIAN_POINT('',(34.3,15.3,5.6));
#11080 = VECTOR('',#11081,1.);
#11081 = DIRECTION('',(0.,0.,1.));
#11082 = PCURVE('',#5308,#11083);
#11083 = DEFINITIONAL_REPRESENTATION('',(#11084),#11088);
#11084 = LINE('',#11085,#11086);
#11085 = CARTESIAN_POINT('',(0.,0.));
#11086 = VECTOR('',#11087,1.);
#11087 = DIRECTION('',(1.,0.));
#11088 = ( GEOMETRIC_REPRESENTATION_CONTEXT(2) 
PARAMETRIC_REPRESENTATION_CONTEXT() REPRESENTATION_CONTEXT('2D SPACE',''
  ) );
#11089 = PCURVE('',#5282,#11090);
#11090 = DEFINITIONAL_REPRESENTATION('',(#11091),#11095);
#11091 = LINE('',#11092,#11093);
#11092 = CARTESIAN_POINT('',(0.,-0.6));
#11093 = VECTOR('',#11094,1.);
#11094 = DIRECTION('',(1.,0.));
#11095 = ( GEOMETRIC_REPRESENTATION_CONTEXT(2) 
PARAMETRIC_REPRESENTATION_CONTEXT() REPRESENTATION_CONTEXT('2D SPACE',''
  ) );
#11096 = ORIENTED_EDGE('',*,*,#5293,.F.);
#11097 = ADVANCED_FACE('',(#11098),#5282,.T.);
#11098 = FACE_BOUND('',#11099,.T.);
#11099 = EDGE_LOOP('',(#11100,#11123,#11144,#11145));
#11100 = ORIENTED_EDGE('',*,*,#11101,.F.);
#11101 = EDGE_CURVE('',#11102,#5242,#11104,.T.);
#11102 = VERTEX_POINT('',#11103);
#11103 = CARTESIAN_POINT('',(34.3,14.7,5.6));
#11104 = SURFACE_CURVE('',#11105,(#11109,#11116),.PCURVE_S1.);
#11105 = LINE('',#11106,#11107);
#11106 = CARTESIAN_POINT('',(34.3,14.7,5.6));
#11107 = VECTOR('',#11108,1.);
#11108 = DIRECTION('',(0.,0.,1.));
#11109 = PCURVE('',#5282,#11110);
#11110 = DEFINITIONAL_REPRESENTATION('',(#11111),#11115);
#11111 = LINE('',#11112,#11113);
#11112 = CARTESIAN_POINT('',(0.,0.));
#11113 = VECTOR('',#11114,1.);
#11114 = DIRECTION('',(1.,0.));
#11115 = ( GEOMETRIC_REPRESENTATION_CONTEXT(2) 
PARAMETRIC_REPRESENTATION_CONTEXT() REPRESENTATION_CONTEXT('2D SPACE',''
  ) );
#11116 = PCURVE('',#5256,#11117);
#11117 = DEFINITIONAL_REPRESENTATION('',(#11118),#11122);
#11118 = LINE('',#11119,#11120);
#11119 = CARTESIAN_POINT('',(0.,0.));
#11120 = VECTOR('',#11121,1.);
#11121 = DIRECTION('',(1.,0.));
#11122 = ( GEOMETRIC_REPRESENTATION_CONTEXT(2) 
PARAMETRIC_REPRESENTATION_CONTEXT() REPRESENTATION_CONTEXT('2D SPACE',''
  ) );
#11123 = ORIENTED_EDGE('',*,*,#11124,.T.);
#11124 = EDGE_CURVE('',#11102,#11054,#11125,.T.);
#11125 = SURFACE_CURVE('',#11126,(#11130,#11137),.PCURVE_S1.);
#11126 = LINE('',#11127,#11128);
#11127 = CARTESIAN_POINT('',(34.3,14.7,5.6));
#11128 = VECTOR('',#11129,1.);
#11129 = DIRECTION('',(-0.,1.,0.));
#11130 = PCURVE('',#5282,#11131);
#11131 = DEFINITIONAL_REPRESENTATION('',(#11132),#11136);
#11132 = LINE('',#11133,#11134);
#11133 = CARTESIAN_POINT('',(0.,0.));
#11134 = VECTOR('',#11135,1.);
#11135 = DIRECTION('',(0.,-1.));
#11136 = ( GEOMETRIC_REPRESENTATION_CONTEXT(2) 
PARAMETRIC_REPRESENTATION_CONTEXT() REPRESENTATION_CONTEXT('2D SPACE',''
  ) );
#11137 = PCURVE('',#7962,#11138);
#11138 = DEFINITIONAL_REPRESENTATION('',(#11139),#11143);
#11139 = LINE('',#11140,#11141);
#11140 = CARTESIAN_POINT('',(0.,0.));
#11141 = VECTOR('',#11142,1.);
#11142 = DIRECTION('',(0.,1.));
#11143 = ( GEOMETRIC_REPRESENTATION_CONTEXT(2) 
PARAMETRIC_REPRESENTATION_CONTEXT() REPRESENTATION_CONTEXT('2D SPACE',''
  ) );
#11144 = ORIENTED_EDGE('',*,*,#11076,.T.);
#11145 = ORIENTED_EDGE('',*,*,#5267,.F.);
#11146 = ADVANCED_FACE('',(#11147),#5256,.T.);
#11147 = FACE_BOUND('',#11148,.T.);
#11148 = EDGE_LOOP('',(#11149,#11150,#11171,#11172));
#11149 = ORIENTED_EDGE('',*,*,#7974,.F.);
#11150 = ORIENTED_EDGE('',*,*,#11151,.F.);
#11151 = EDGE_CURVE('',#11102,#7947,#11152,.T.);
#11152 = SURFACE_CURVE('',#11153,(#11157,#11164),.PCURVE_S1.);
#11153 = LINE('',#11154,#11155);
#11154 = CARTESIAN_POINT('',(34.3,14.7,5.6));
#11155 = VECTOR('',#11156,1.);
#11156 = DIRECTION('',(1.,0.,-0.));
#11157 = PCURVE('',#5256,#11158);
#11158 = DEFINITIONAL_REPRESENTATION('',(#11159),#11163);
#11159 = LINE('',#11160,#11161);
#11160 = CARTESIAN_POINT('',(0.,0.));
#11161 = VECTOR('',#11162,1.);
#11162 = DIRECTION('',(0.,1.));
#11163 = ( GEOMETRIC_REPRESENTATION_CONTEXT(2) 
PARAMETRIC_REPRESENTATION_CONTEXT() REPRESENTATION_CONTEXT('2D SPACE',''
  ) );
#11164 = PCURVE('',#7962,#11165);
#11165 = DEFINITIONAL_REPRESENTATION('',(#11166),#11170);
#11166 = LINE('',#11167,#11168);
#11167 = CARTESIAN_POINT('',(0.,0.));
#11168 = VECTOR('',#11169,1.);
#11169 = DIRECTION('',(1.,0.));
#11170 = ( GEOMETRIC_REPRESENTATION_CONTEXT(2) 
PARAMETRIC_REPRESENTATION_CONTEXT() REPRESENTATION_CONTEXT('2D SPACE',''
  ) );
#11171 = ORIENTED_EDGE('',*,*,#11101,.T.);
#11172 = ORIENTED_EDGE('',*,*,#5241,.F.);
#11173 = ADVANCED_FACE('',(#11174),#5207,.F.);
#11174 = FACE_BOUND('',#11175,.F.);
#11175 = EDGE_LOOP('',(#11176,#11177,#11200,#11221));
#11176 = ORIENTED_EDGE('',*,*,#7996,.F.);
#11177 = ORIENTED_EDGE('',*,*,#11178,.F.);
#11178 = EDGE_CURVE('',#11179,#7997,#11181,.T.);
#11179 = VERTEX_POINT('',#11180);
#11180 = CARTESIAN_POINT('',(32.8,10.3,5.6));
#11181 = SURFACE_CURVE('',#11182,(#11186,#11193),.PCURVE_S1.);
#11182 = LINE('',#11183,#11184);
#11183 = CARTESIAN_POINT('',(32.8,10.3,5.6));
#11184 = VECTOR('',#11185,1.);
#11185 = DIRECTION('',(1.,0.,-0.));
#11186 = PCURVE('',#5207,#11187);
#11187 = DEFINITIONAL_REPRESENTATION('',(#11188),#11192);
#11188 = LINE('',#11189,#11190);
#11189 = CARTESIAN_POINT('',(0.,0.));
#11190 = VECTOR('',#11191,1.);
#11191 = DIRECTION('',(0.,1.));
#11192 = ( GEOMETRIC_REPRESENTATION_CONTEXT(2) 
PARAMETRIC_REPRESENTATION_CONTEXT() REPRESENTATION_CONTEXT('2D SPACE',''
  ) );
#11193 = PCURVE('',#8035,#11194);
#11194 = DEFINITIONAL_REPRESENTATION('',(#11195),#11199);
#11195 = LINE('',#11196,#11197);
#11196 = CARTESIAN_POINT('',(0.,0.6));
#11197 = VECTOR('',#11198,1.);
#11198 = DIRECTION('',(1.,0.));
#11199 = ( GEOMETRIC_REPRESENTATION_CONTEXT(2) 
PARAMETRIC_REPRESENTATION_CONTEXT() REPRESENTATION_CONTEXT('2D SPACE',''
  ) );
#11200 = ORIENTED_EDGE('',*,*,#11201,.T.);
#11201 = EDGE_CURVE('',#11179,#5167,#11202,.T.);
#11202 = SURFACE_CURVE('',#11203,(#11207,#11214),.PCURVE_S1.);
#11203 = LINE('',#11204,#11205);
#11204 = CARTESIAN_POINT('',(32.8,10.3,5.6));
#11205 = VECTOR('',#11206,1.);
#11206 = DIRECTION('',(0.,0.,1.));
#11207 = PCURVE('',#5207,#11208);
#11208 = DEFINITIONAL_REPRESENTATION('',(#11209),#11213);
#11209 = LINE('',#11210,#11211);
#11210 = CARTESIAN_POINT('',(0.,0.));
#11211 = VECTOR('',#11212,1.);
#11212 = DIRECTION('',(1.,0.));
#11213 = ( GEOMETRIC_REPRESENTATION_CONTEXT(2) 
PARAMETRIC_REPRESENTATION_CONTEXT() REPRESENTATION_CONTEXT('2D SPACE',''
  ) );
#11214 = PCURVE('',#5181,#11215);
#11215 = DEFINITIONAL_REPRESENTATION('',(#11216),#11220);
#11216 = LINE('',#11217,#11218);
#11217 = CARTESIAN_POINT('',(0.,-0.6));
#11218 = VECTOR('',#11219,1.);
#11219 = DIRECTION('',(1.,0.));
#11220 = ( GEOMETRIC_REPRESENTATION_CONTEXT(2) 
PARAMETRIC_REPRESENTATION_CONTEXT() REPRESENTATION_CONTEXT('2D SPACE',''
  ) );
#11221 = ORIENTED_EDGE('',*,*,#5192,.F.);
#11222 = ADVANCED_FACE('',(#11223),#5181,.T.);
#11223 = FACE_BOUND('',#11224,.T.);
#11224 = EDGE_LOOP('',(#11225,#11248,#11269,#11270));
#11225 = ORIENTED_EDGE('',*,*,#11226,.F.);
#11226 = EDGE_CURVE('',#11227,#5141,#11229,.T.);
#11227 = VERTEX_POINT('',#11228);
#11228 = CARTESIAN_POINT('',(32.8,9.7,5.6));
#11229 = SURFACE_CURVE('',#11230,(#11234,#11241),.PCURVE_S1.);
#11230 = LINE('',#11231,#11232);
#11231 = CARTESIAN_POINT('',(32.8,9.7,5.6));
#11232 = VECTOR('',#11233,1.);
#11233 = DIRECTION('',(0.,0.,1.));
#11234 = PCURVE('',#5181,#11235);
#11235 = DEFINITIONAL_REPRESENTATION('',(#11236),#11240);
#11236 = LINE('',#11237,#11238);
#11237 = CARTESIAN_POINT('',(0.,0.));
#11238 = VECTOR('',#11239,1.);
#11239 = DIRECTION('',(1.,0.));
#11240 = ( GEOMETRIC_REPRESENTATION_CONTEXT(2) 
PARAMETRIC_REPRESENTATION_CONTEXT() REPRESENTATION_CONTEXT('2D SPACE',''
  ) );
#11241 = PCURVE('',#5155,#11242);
#11242 = DEFINITIONAL_REPRESENTATION('',(#11243),#11247);
#11243 = LINE('',#11244,#11245);
#11244 = CARTESIAN_POINT('',(0.,0.));
#11245 = VECTOR('',#11246,1.);
#11246 = DIRECTION('',(1.,0.));
#11247 = ( GEOMETRIC_REPRESENTATION_CONTEXT(2) 
PARAMETRIC_REPRESENTATION_CONTEXT() REPRESENTATION_CONTEXT('2D SPACE',''
  ) );
#11248 = ORIENTED_EDGE('',*,*,#11249,.T.);
#11249 = EDGE_CURVE('',#11227,#11179,#11250,.T.);
#11250 = SURFACE_CURVE('',#11251,(#11255,#11262),.PCURVE_S1.);
#11251 = LINE('',#11252,#11253);
#11252 = CARTESIAN_POINT('',(32.8,9.7,5.6));
#11253 = VECTOR('',#11254,1.);
#11254 = DIRECTION('',(-0.,1.,0.));
#11255 = PCURVE('',#5181,#11256);
#11256 = DEFINITIONAL_REPRESENTATION('',(#11257),#11261);
#11257 = LINE('',#11258,#11259);
#11258 = CARTESIAN_POINT('',(0.,0.));
#11259 = VECTOR('',#11260,1.);
#11260 = DIRECTION('',(0.,-1.));
#11261 = ( GEOMETRIC_REPRESENTATION_CONTEXT(2) 
PARAMETRIC_REPRESENTATION_CONTEXT() REPRESENTATION_CONTEXT('2D SPACE',''
  ) );
#11262 = PCURVE('',#8035,#11263);
#11263 = DEFINITIONAL_REPRESENTATION('',(#11264),#11268);
#11264 = LINE('',#11265,#11266);
#11265 = CARTESIAN_POINT('',(0.,0.));
#11266 = VECTOR('',#11267,1.);
#11267 = DIRECTION('',(0.,1.));
#11268 = ( GEOMETRIC_REPRESENTATION_CONTEXT(2) 
PARAMETRIC_REPRESENTATION_CONTEXT() REPRESENTATION_CONTEXT('2D SPACE',''
  ) );
#11269 = ORIENTED_EDGE('',*,*,#11201,.T.);
#11270 = ORIENTED_EDGE('',*,*,#5166,.F.);
#11271 = ADVANCED_FACE('',(#11272),#5155,.T.);
#11272 = FACE_BOUND('',#11273,.T.);
#11273 = EDGE_LOOP('',(#11274,#11275,#11296,#11297));
#11274 = ORIENTED_EDGE('',*,*,#8047,.F.);
#11275 = ORIENTED_EDGE('',*,*,#11276,.F.);
#11276 = EDGE_CURVE('',#11227,#8020,#11277,.T.);
#11277 = SURFACE_CURVE('',#11278,(#11282,#11289),.PCURVE_S1.);
#11278 = LINE('',#11279,#11280);
#11279 = CARTESIAN_POINT('',(32.8,9.7,5.6));
#11280 = VECTOR('',#11281,1.);
#11281 = DIRECTION('',(1.,0.,-0.));
#11282 = PCURVE('',#5155,#11283);
#11283 = DEFINITIONAL_REPRESENTATION('',(#11284),#11288);
#11284 = LINE('',#11285,#11286);
#11285 = CARTESIAN_POINT('',(0.,0.));
#11286 = VECTOR('',#11287,1.);
#11287 = DIRECTION('',(0.,1.));
#11288 = ( GEOMETRIC_REPRESENTATION_CONTEXT(2) 
PARAMETRIC_REPRESENTATION_CONTEXT() REPRESENTATION_CONTEXT('2D SPACE',''
  ) );
#11289 = PCURVE('',#8035,#11290);
#11290 = DEFINITIONAL_REPRESENTATION('',(#11291),#11295);
#11291 = LINE('',#11292,#11293);
#11292 = CARTESIAN_POINT('',(0.,0.));
#11293 = VECTOR('',#11294,1.);
#11294 = DIRECTION('',(1.,0.));
#11295 = ( GEOMETRIC_REPRESENTATION_CONTEXT(2) 
PARAMETRIC_REPRESENTATION_CONTEXT() REPRESENTATION_CONTEXT('2D SPACE',''
  ) );
#11296 = ORIENTED_EDGE('',*,*,#11226,.T.);
#11297 = ORIENTED_EDGE('',*,*,#5140,.F.);
#11298 = ADVANCED_FACE('',(#11299),#5106,.F.);
#11299 = FACE_BOUND('',#11300,.F.);
#11300 = EDGE_LOOP('',(#11301,#11302,#11325,#11346));
#11301 = ORIENTED_EDGE('',*,*,#8069,.F.);
#11302 = ORIENTED_EDGE('',*,*,#11303,.F.);
#11303 = EDGE_CURVE('',#11304,#8070,#11306,.T.);
#11304 = VERTEX_POINT('',#11305);
#11305 = CARTESIAN_POINT('',(34.3,5.3,5.6));
#11306 = SURFACE_CURVE('',#11307,(#11311,#11318),.PCURVE_S1.);
#11307 = LINE('',#11308,#11309);
#11308 = CARTESIAN_POINT('',(34.3,5.3,5.6));
#11309 = VECTOR('',#11310,1.);
#11310 = DIRECTION('',(1.,0.,-0.));
#11311 = PCURVE('',#5106,#11312);
#11312 = DEFINITIONAL_REPRESENTATION('',(#11313),#11317);
#11313 = LINE('',#11314,#11315);
#11314 = CARTESIAN_POINT('',(0.,0.));
#11315 = VECTOR('',#11316,1.);
#11316 = DIRECTION('',(0.,1.));
#11317 = ( GEOMETRIC_REPRESENTATION_CONTEXT(2) 
PARAMETRIC_REPRESENTATION_CONTEXT() REPRESENTATION_CONTEXT('2D SPACE',''
  ) );
#11318 = PCURVE('',#8108,#11319);
#11319 = DEFINITIONAL_REPRESENTATION('',(#11320),#11324);
#11320 = LINE('',#11321,#11322);
#11321 = CARTESIAN_POINT('',(0.,0.6));
#11322 = VECTOR('',#11323,1.);
#11323 = DIRECTION('',(1.,0.));
#11324 = ( GEOMETRIC_REPRESENTATION_CONTEXT(2) 
PARAMETRIC_REPRESENTATION_CONTEXT() REPRESENTATION_CONTEXT('2D SPACE',''
  ) );
#11325 = ORIENTED_EDGE('',*,*,#11326,.T.);
#11326 = EDGE_CURVE('',#11304,#5066,#11327,.T.);
#11327 = SURFACE_CURVE('',#11328,(#11332,#11339),.PCURVE_S1.);
#11328 = LINE('',#11329,#11330);
#11329 = CARTESIAN_POINT('',(34.3,5.3,5.6));
#11330 = VECTOR('',#11331,1.);
#11331 = DIRECTION('',(0.,0.,1.));
#11332 = PCURVE('',#5106,#11333);
#11333 = DEFINITIONAL_REPRESENTATION('',(#11334),#11338);
#11334 = LINE('',#11335,#11336);
#11335 = CARTESIAN_POINT('',(0.,0.));
#11336 = VECTOR('',#11337,1.);
#11337 = DIRECTION('',(1.,0.));
#11338 = ( GEOMETRIC_REPRESENTATION_CONTEXT(2) 
PARAMETRIC_REPRESENTATION_CONTEXT() REPRESENTATION_CONTEXT('2D SPACE',''
  ) );
#11339 = PCURVE('',#5080,#11340);
#11340 = DEFINITIONAL_REPRESENTATION('',(#11341),#11345);
#11341 = LINE('',#11342,#11343);
#11342 = CARTESIAN_POINT('',(0.,-0.6));
#11343 = VECTOR('',#11344,1.);
#11344 = DIRECTION('',(1.,0.));
#11345 = ( GEOMETRIC_REPRESENTATION_CONTEXT(2) 
PARAMETRIC_REPRESENTATION_CONTEXT() REPRESENTATION_CONTEXT('2D SPACE',''
  ) );
#11346 = ORIENTED_EDGE('',*,*,#5091,.F.);
#11347 = ADVANCED_FACE('',(#11348),#5080,.T.);
#11348 = FACE_BOUND('',#11349,.T.);
#11349 = EDGE_LOOP('',(#11350,#11373,#11394,#11395));
#11350 = ORIENTED_EDGE('',*,*,#11351,.F.);
#11351 = EDGE_CURVE('',#11352,#5040,#11354,.T.);
#11352 = VERTEX_POINT('',#11353);
#11353 = CARTESIAN_POINT('',(34.3,4.7,5.6));
#11354 = SURFACE_CURVE('',#11355,(#11359,#11366),.PCURVE_S1.);
#11355 = LINE('',#11356,#11357);
#11356 = CARTESIAN_POINT('',(34.3,4.7,5.6));
#11357 = VECTOR('',#11358,1.);
#11358 = DIRECTION('',(0.,0.,1.));
#11359 = PCURVE('',#5080,#11360);
#11360 = DEFINITIONAL_REPRESENTATION('',(#11361),#11365);
#11361 = LINE('',#11362,#11363);
#11362 = CARTESIAN_POINT('',(0.,0.));
#11363 = VECTOR('',#11364,1.);
#11364 = DIRECTION('',(1.,0.));
#11365 = ( GEOMETRIC_REPRESENTATION_CONTEXT(2) 
PARAMETRIC_REPRESENTATION_CONTEXT() REPRESENTATION_CONTEXT('2D SPACE',''
  ) );
#11366 = PCURVE('',#5054,#11367);
#11367 = DEFINITIONAL_REPRESENTATION('',(#11368),#11372);
#11368 = LINE('',#11369,#11370);
#11369 = CARTESIAN_POINT('',(0.,0.));
#11370 = VECTOR('',#11371,1.);
#11371 = DIRECTION('',(1.,0.));
#11372 = ( GEOMETRIC_REPRESENTATION_CONTEXT(2) 
PARAMETRIC_REPRESENTATION_CONTEXT() REPRESENTATION_CONTEXT('2D SPACE',''
  ) );
#11373 = ORIENTED_EDGE('',*,*,#11374,.T.);
#11374 = EDGE_CURVE('',#11352,#11304,#11375,.T.);
#11375 = SURFACE_CURVE('',#11376,(#11380,#11387),.PCURVE_S1.);
#11376 = LINE('',#11377,#11378);
#11377 = CARTESIAN_POINT('',(34.3,4.7,5.6));
#11378 = VECTOR('',#11379,1.);
#11379 = DIRECTION('',(-0.,1.,0.));
#11380 = PCURVE('',#5080,#11381);
#11381 = DEFINITIONAL_REPRESENTATION('',(#11382),#11386);
#11382 = LINE('',#11383,#11384);
#11383 = CARTESIAN_POINT('',(0.,0.));
#11384 = VECTOR('',#11385,1.);
#11385 = DIRECTION('',(0.,-1.));
#11386 = ( GEOMETRIC_REPRESENTATION_CONTEXT(2) 
PARAMETRIC_REPRESENTATION_CONTEXT() REPRESENTATION_CONTEXT('2D SPACE',''
  ) );
#11387 = PCURVE('',#8108,#11388);
#11388 = DEFINITIONAL_REPRESENTATION('',(#11389),#11393);
#11389 = LINE('',#11390,#11391);
#11390 = CARTESIAN_POINT('',(0.,0.));
#11391 = VECTOR('',#11392,1.);
#11392 = DIRECTION('',(0.,1.));
#11393 = ( GEOMETRIC_REPRESENTATION_CONTEXT(2) 
PARAMETRIC_REPRESENTATION_CONTEXT() REPRESENTATION_CONTEXT('2D SPACE',''
  ) );
#11394 = ORIENTED_EDGE('',*,*,#11326,.T.);
#11395 = ORIENTED_EDGE('',*,*,#5065,.F.);
#11396 = ADVANCED_FACE('',(#11397),#5054,.T.);
#11397 = FACE_BOUND('',#11398,.T.);
#11398 = EDGE_LOOP('',(#11399,#11400,#11421,#11422));
#11399 = ORIENTED_EDGE('',*,*,#8120,.F.);
#11400 = ORIENTED_EDGE('',*,*,#11401,.F.);
#11401 = EDGE_CURVE('',#11352,#8093,#11402,.T.);
#11402 = SURFACE_CURVE('',#11403,(#11407,#11414),.PCURVE_S1.);
#11403 = LINE('',#11404,#11405);
#11404 = CARTESIAN_POINT('',(34.3,4.7,5.6));
#11405 = VECTOR('',#11406,1.);
#11406 = DIRECTION('',(1.,0.,-0.));
#11407 = PCURVE('',#5054,#11408);
#11408 = DEFINITIONAL_REPRESENTATION('',(#11409),#11413);
#11409 = LINE('',#11410,#11411);
#11410 = CARTESIAN_POINT('',(0.,0.));
#11411 = VECTOR('',#11412,1.);
#11412 = DIRECTION('',(0.,1.));
#11413 = ( GEOMETRIC_REPRESENTATION_CONTEXT(2) 
PARAMETRIC_REPRESENTATION_CONTEXT() REPRESENTATION_CONTEXT('2D SPACE',''
  ) );
#11414 = PCURVE('',#8108,#11415);
#11415 = DEFINITIONAL_REPRESENTATION('',(#11416),#11420);
#11416 = LINE('',#11417,#11418);
#11417 = CARTESIAN_POINT('',(0.,0.));
#11418 = VECTOR('',#11419,1.);
#11419 = DIRECTION('',(1.,0.));
#11420 = ( GEOMETRIC_REPRESENTATION_CONTEXT(2) 
PARAMETRIC_REPRESENTATION_CONTEXT() REPRESENTATION_CONTEXT('2D SPACE',''
  ) );
#11421 = ORIENTED_EDGE('',*,*,#11351,.T.);
#11422 = ORIENTED_EDGE('',*,*,#5039,.F.);
#11423 = ADVANCED_FACE('',(#11424),#5004,.F.);
#11424 = FACE_BOUND('',#11425,.F.);
#11425 = EDGE_LOOP('',(#11426,#11427,#11448,#11449));
#11426 = ORIENTED_EDGE('',*,*,#8142,.F.);
#11427 = ORIENTED_EDGE('',*,*,#11428,.F.);
#11428 = EDGE_CURVE('',#9148,#8143,#11429,.T.);
#11429 = SURFACE_CURVE('',#11430,(#11434,#11441),.PCURVE_S1.);
#11430 = LINE('',#11431,#11432);
#11431 = CARTESIAN_POINT('',(25.248217758883,0.3,5.6));
#11432 = VECTOR('',#11433,1.);
#11433 = DIRECTION('',(1.,0.,0.));
#11434 = PCURVE('',#5004,#11435);
#11435 = DEFINITIONAL_REPRESENTATION('',(#11436),#11440);
#11436 = LINE('',#11437,#11438);
#11437 = CARTESIAN_POINT('',(0.,-7.551782241116));
#11438 = VECTOR('',#11439,1.);
#11439 = DIRECTION('',(0.,1.));
#11440 = ( GEOMETRIC_REPRESENTATION_CONTEXT(2) 
PARAMETRIC_REPRESENTATION_CONTEXT() REPRESENTATION_CONTEXT('2D SPACE',''
  ) );
#11441 = PCURVE('',#8181,#11442);
#11442 = DEFINITIONAL_REPRESENTATION('',(#11443),#11447);
#11443 = LINE('',#11444,#11445);
#11444 = CARTESIAN_POINT('',(-7.551782241116,0.6));
#11445 = VECTOR('',#11446,1.);
#11446 = DIRECTION('',(1.,0.));
#11447 = ( GEOMETRIC_REPRESENTATION_CONTEXT(2) 
PARAMETRIC_REPRESENTATION_CONTEXT() REPRESENTATION_CONTEXT('2D SPACE',''
  ) );
#11448 = ORIENTED_EDGE('',*,*,#9147,.T.);
#11449 = ORIENTED_EDGE('',*,*,#4988,.T.);
#11450 = ADVANCED_FACE('',(#11451),#4953,.F.);
#11451 = FACE_BOUND('',#11452,.F.);
#11452 = EDGE_LOOP('',(#11453,#11454,#11477,#11498));
#11453 = ORIENTED_EDGE('',*,*,#9127,.F.);
#11454 = ORIENTED_EDGE('',*,*,#11455,.T.);
#11455 = EDGE_CURVE('',#9099,#11456,#11458,.T.);
#11456 = VERTEX_POINT('',#11457);
#11457 = CARTESIAN_POINT('',(3.,26.75,4.));
#11458 = SURFACE_CURVE('',#11459,(#11463,#11470),.PCURVE_S1.);
#11459 = LINE('',#11460,#11461);
#11460 = CARTESIAN_POINT('',(3.,23.75,4.));
#11461 = VECTOR('',#11462,1.);
#11462 = DIRECTION('',(-0.,1.,0.));
#11463 = PCURVE('',#4953,#11464);
#11464 = DEFINITIONAL_REPRESENTATION('',(#11465),#11469);
#11465 = LINE('',#11466,#11467);
#11466 = CARTESIAN_POINT('',(0.,0.));
#11467 = VECTOR('',#11468,1.);
#11468 = DIRECTION('',(0.,-1.));
#11469 = ( GEOMETRIC_REPRESENTATION_CONTEXT(2) 
PARAMETRIC_REPRESENTATION_CONTEXT() REPRESENTATION_CONTEXT('2D SPACE',''
  ) );
#11470 = PCURVE('',#9115,#11471);
#11471 = DEFINITIONAL_REPRESENTATION('',(#11472),#11476);
#11472 = LINE('',#11473,#11474);
#11473 = CARTESIAN_POINT('',(6.,0.));
#11474 = VECTOR('',#11475,1.);
#11475 = DIRECTION('',(0.,1.));
#11476 = ( GEOMETRIC_REPRESENTATION_CONTEXT(2) 
PARAMETRIC_REPRESENTATION_CONTEXT() REPRESENTATION_CONTEXT('2D SPACE',''
  ) );
#11477 = ORIENTED_EDGE('',*,*,#11478,.T.);
#11478 = EDGE_CURVE('',#11456,#4918,#11479,.T.);
#11479 = SURFACE_CURVE('',#11480,(#11484,#11491),.PCURVE_S1.);
#11480 = LINE('',#11481,#11482);
#11481 = CARTESIAN_POINT('',(3.,26.75,4.));
#11482 = VECTOR('',#11483,1.);
#11483 = DIRECTION('',(0.,0.,1.));
#11484 = PCURVE('',#4953,#11485);
#11485 = DEFINITIONAL_REPRESENTATION('',(#11486),#11490);
#11486 = LINE('',#11487,#11488);
#11487 = CARTESIAN_POINT('',(0.,-3.));
#11488 = VECTOR('',#11489,1.);
#11489 = DIRECTION('',(1.,0.));
#11490 = ( GEOMETRIC_REPRESENTATION_CONTEXT(2) 
PARAMETRIC_REPRESENTATION_CONTEXT() REPRESENTATION_CONTEXT('2D SPACE',''
  ) );
#11491 = PCURVE('',#4828,#11492);
#11492 = DEFINITIONAL_REPRESENTATION('',(#11493),#11497);
#11493 = LINE('',#11494,#11495);
#11494 = CARTESIAN_POINT('',(0.,6.));
#11495 = VECTOR('',#11496,1.);
#11496 = DIRECTION('',(1.,0.));
#11497 = ( GEOMETRIC_REPRESENTATION_CONTEXT(2) 
PARAMETRIC_REPRESENTATION_CONTEXT() REPRESENTATION_CONTEXT('2D SPACE',''
  ) );
#11498 = ORIENTED_EDGE('',*,*,#4938,.F.);
#11499 = ADVANCED_FACE('',(#11500),#4828,.F.);
#11500 = FACE_BOUND('',#11501,.F.);
#11501 = EDGE_LOOP('',(#11502,#11503,#11526,#11547,#11548,#11569,#11595,
    #11614));
#11502 = ORIENTED_EDGE('',*,*,#11478,.F.);
#11503 = ORIENTED_EDGE('',*,*,#11504,.F.);
#11504 = EDGE_CURVE('',#11505,#11456,#11507,.T.);
#11505 = VERTEX_POINT('',#11506);
#11506 = CARTESIAN_POINT('',(-3.,26.75,4.));
#11507 = SURFACE_CURVE('',#11508,(#11512,#11519),.PCURVE_S1.);
#11508 = LINE('',#11509,#11510);
#11509 = CARTESIAN_POINT('',(-3.,26.75,4.));
#11510 = VECTOR('',#11511,1.);
#11511 = DIRECTION('',(1.,0.,-0.));
#11512 = PCURVE('',#4828,#11513);
#11513 = DEFINITIONAL_REPRESENTATION('',(#11514),#11518);
#11514 = LINE('',#11515,#11516);
#11515 = CARTESIAN_POINT('',(0.,0.));
#11516 = VECTOR('',#11517,1.);
#11517 = DIRECTION('',(0.,1.));
#11518 = ( GEOMETRIC_REPRESENTATION_CONTEXT(2) 
PARAMETRIC_REPRESENTATION_CONTEXT() REPRESENTATION_CONTEXT('2D SPACE',''
  ) );
#11519 = PCURVE('',#9115,#11520);
#11520 = DEFINITIONAL_REPRESENTATION('',(#11521),#11525);
#11521 = LINE('',#11522,#11523);
#11522 = CARTESIAN_POINT('',(0.,3.));
#11523 = VECTOR('',#11524,1.);
#11524 = DIRECTION('',(1.,0.));
#11525 = ( GEOMETRIC_REPRESENTATION_CONTEXT(2) 
PARAMETRIC_REPRESENTATION_CONTEXT() REPRESENTATION_CONTEXT('2D SPACE',''
  ) );
#11526 = ORIENTED_EDGE('',*,*,#11527,.T.);
#11527 = EDGE_CURVE('',#11505,#4788,#11528,.T.);
#11528 = SURFACE_CURVE('',#11529,(#11533,#11540),.PCURVE_S1.);
#11529 = LINE('',#11530,#11531);
#11530 = CARTESIAN_POINT('',(-3.,26.75,4.));
#11531 = VECTOR('',#11532,1.);
#11532 = DIRECTION('',(0.,0.,1.));
#11533 = PCURVE('',#4828,#11534);
#11534 = DEFINITIONAL_REPRESENTATION('',(#11535),#11539);
#11535 = LINE('',#11536,#11537);
#11536 = CARTESIAN_POINT('',(0.,0.));
#11537 = VECTOR('',#11538,1.);
#11538 = DIRECTION('',(1.,0.));
#11539 = ( GEOMETRIC_REPRESENTATION_CONTEXT(2) 
PARAMETRIC_REPRESENTATION_CONTEXT() REPRESENTATION_CONTEXT('2D SPACE',''
  ) );
#11540 = PCURVE('',#4802,#11541);
#11541 = DEFINITIONAL_REPRESENTATION('',(#11542),#11546);
#11542 = LINE('',#11543,#11544);
#11543 = CARTESIAN_POINT('',(0.,-3.));
#11544 = VECTOR('',#11545,1.);
#11545 = DIRECTION('',(1.,0.));
#11546 = ( GEOMETRIC_REPRESENTATION_CONTEXT(2) 
PARAMETRIC_REPRESENTATION_CONTEXT() REPRESENTATION_CONTEXT('2D SPACE',''
  ) );
#11547 = ORIENTED_EDGE('',*,*,#4813,.F.);
#11548 = ORIENTED_EDGE('',*,*,#11549,.F.);
#11549 = EDGE_CURVE('',#11550,#4814,#11552,.T.);
#11550 = VERTEX_POINT('',#11551);
#11551 = CARTESIAN_POINT('',(-0.3,26.75,5.6));
#11552 = SURFACE_CURVE('',#11553,(#11557,#11563),.PCURVE_S1.);
#11553 = LINE('',#11554,#11555);
#11554 = CARTESIAN_POINT('',(-0.3,26.75,4.8));
#11555 = VECTOR('',#11556,1.);
#11556 = DIRECTION('',(0.,0.,1.));
#11557 = PCURVE('',#4828,#11558);
#11558 = DEFINITIONAL_REPRESENTATION('',(#11559),#11562);
#11559 = B_SPLINE_CURVE_WITH_KNOTS('',1,(#11560,#11561),.UNSPECIFIED.,
  .F.,.F.,(2,2),(0.8,1.2),.PIECEWISE_BEZIER_KNOTS.);
#11560 = CARTESIAN_POINT('',(1.6,2.7));
#11561 = CARTESIAN_POINT('',(2.,2.7));
#11562 = ( GEOMETRIC_REPRESENTATION_CONTEXT(2) 
PARAMETRIC_REPRESENTATION_CONTEXT() REPRESENTATION_CONTEXT('2D SPACE',''
  ) );
#11563 = PCURVE('',#4854,#11564);
#11564 = DEFINITIONAL_REPRESENTATION('',(#11565),#11568);
#11565 = B_SPLINE_CURVE_WITH_KNOTS('',1,(#11566,#11567),.UNSPECIFIED.,
  .F.,.F.,(2,2),(0.8,1.2),.PIECEWISE_BEZIER_KNOTS.);
#11566 = CARTESIAN_POINT('',(0.,62.55));
#11567 = CARTESIAN_POINT('',(0.4,62.55));
#11568 = ( GEOMETRIC_REPRESENTATION_CONTEXT(2) 
PARAMETRIC_REPRESENTATION_CONTEXT() REPRESENTATION_CONTEXT('2D SPACE',''
  ) );
#11569 = ORIENTED_EDGE('',*,*,#11570,.T.);
#11570 = EDGE_CURVE('',#11550,#11571,#11573,.T.);
#11571 = VERTEX_POINT('',#11572);
#11572 = CARTESIAN_POINT('',(0.3,26.75,5.6));
#11573 = SURFACE_CURVE('',#11574,(#11578,#11584),.PCURVE_S1.);
#11574 = LINE('',#11575,#11576);
#11575 = CARTESIAN_POINT('',(-1.35,26.75,5.6));
#11576 = VECTOR('',#11577,1.);
#11577 = DIRECTION('',(1.,0.,-0.));
#11578 = PCURVE('',#4828,#11579);
#11579 = DEFINITIONAL_REPRESENTATION('',(#11580),#11583);
#11580 = B_SPLINE_CURVE_WITH_KNOTS('',1,(#11581,#11582),.UNSPECIFIED.,
  .F.,.F.,(2,2),(1.05,1.65),.PIECEWISE_BEZIER_KNOTS.);
#11581 = CARTESIAN_POINT('',(1.6,2.7));
#11582 = CARTESIAN_POINT('',(1.6,3.3));
#11583 = ( GEOMETRIC_REPRESENTATION_CONTEXT(2) 
PARAMETRIC_REPRESENTATION_CONTEXT() REPRESENTATION_CONTEXT('2D SPACE',''
  ) );
#11584 = PCURVE('',#11585,#11590);
#11585 = PLANE('',#11586);
#11586 = AXIS2_PLACEMENT_3D('',#11587,#11588,#11589);
#11587 = CARTESIAN_POINT('',(0.3,-35.8,5.6));
#11588 = DIRECTION('',(0.,0.,1.));
#11589 = DIRECTION('',(2.22044604925E-16,1.,0.));
#11590 = DEFINITIONAL_REPRESENTATION('',(#11591),#11594);
#11591 = B_SPLINE_CURVE_WITH_KNOTS('',1,(#11592,#11593),.UNSPECIFIED.,
  .F.,.F.,(2,2),(1.05,1.65),.PIECEWISE_BEZIER_KNOTS.);
#11592 = CARTESIAN_POINT('',(62.55,0.6));
#11593 = CARTESIAN_POINT('',(62.55,0.));
#11594 = ( GEOMETRIC_REPRESENTATION_CONTEXT(2) 
PARAMETRIC_REPRESENTATION_CONTEXT() REPRESENTATION_CONTEXT('2D SPACE',''
  ) );
#11595 = ORIENTED_EDGE('',*,*,#11596,.T.);
#11596 = EDGE_CURVE('',#11571,#4892,#11597,.T.);
#11597 = SURFACE_CURVE('',#11598,(#11602,#11608),.PCURVE_S1.);
#11598 = LINE('',#11599,#11600);
#11599 = CARTESIAN_POINT('',(0.3,26.75,4.8));
#11600 = VECTOR('',#11601,1.);
#11601 = DIRECTION('',(0.,0.,1.));
#11602 = PCURVE('',#4828,#11603);
#11603 = DEFINITIONAL_REPRESENTATION('',(#11604),#11607);
#11604 = B_SPLINE_CURVE_WITH_KNOTS('',1,(#11605,#11606),.UNSPECIFIED.,
  .F.,.F.,(2,2),(0.8,1.2),.PIECEWISE_BEZIER_KNOTS.);
#11605 = CARTESIAN_POINT('',(1.6,3.3));
#11606 = CARTESIAN_POINT('',(2.,3.3));
#11607 = ( GEOMETRIC_REPRESENTATION_CONTEXT(2) 
PARAMETRIC_REPRESENTATION_CONTEXT() REPRESENTATION_CONTEXT('2D SPACE',''
  ) );
#11608 = PCURVE('',#4906,#11609);
#11609 = DEFINITIONAL_REPRESENTATION('',(#11610),#11613);
#11610 = B_SPLINE_CURVE_WITH_KNOTS('',1,(#11611,#11612),.UNSPECIFIED.,
  .F.,.F.,(2,2),(0.8,1.2),.PIECEWISE_BEZIER_KNOTS.);
#11611 = CARTESIAN_POINT('',(0.,62.55));
#11612 = CARTESIAN_POINT('',(0.4,62.55));
#11613 = ( GEOMETRIC_REPRESENTATION_CONTEXT(2) 
PARAMETRIC_REPRESENTATION_CONTEXT() REPRESENTATION_CONTEXT('2D SPACE',''
  ) );
#11614 = ORIENTED_EDGE('',*,*,#4917,.F.);
#11615 = ADVANCED_FACE('',(#11616),#4906,.T.);
#11616 = FACE_BOUND('',#11617,.T.);
#11617 = EDGE_LOOP('',(#11618,#11641,#11642,#11643));
#11618 = ORIENTED_EDGE('',*,*,#11619,.F.);
#11619 = EDGE_CURVE('',#11571,#11620,#11622,.T.);
#11620 = VERTEX_POINT('',#11621);
#11621 = CARTESIAN_POINT('',(0.3,35.8,5.6));
#11622 = SURFACE_CURVE('',#11623,(#11627,#11634),.PCURVE_S1.);
#11623 = LINE('',#11624,#11625);
#11624 = CARTESIAN_POINT('',(0.3,-35.8,5.6));
#11625 = VECTOR('',#11626,1.);
#11626 = DIRECTION('',(2.22044604925E-16,1.,0.));
#11627 = PCURVE('',#4906,#11628);
#11628 = DEFINITIONAL_REPRESENTATION('',(#11629),#11633);
#11629 = LINE('',#11630,#11631);
#11630 = CARTESIAN_POINT('',(0.,0.));
#11631 = VECTOR('',#11632,1.);
#11632 = DIRECTION('',(0.,1.));
#11633 = ( GEOMETRIC_REPRESENTATION_CONTEXT(2) 
PARAMETRIC_REPRESENTATION_CONTEXT() REPRESENTATION_CONTEXT('2D SPACE',''
  ) );
#11634 = PCURVE('',#11585,#11635);
#11635 = DEFINITIONAL_REPRESENTATION('',(#11636),#11640);
#11636 = LINE('',#11637,#11638);
#11637 = CARTESIAN_POINT('',(0.,0.));
#11638 = VECTOR('',#11639,1.);
#11639 = DIRECTION('',(1.,0.));
#11640 = ( GEOMETRIC_REPRESENTATION_CONTEXT(2) 
PARAMETRIC_REPRESENTATION_CONTEXT() REPRESENTATION_CONTEXT('2D SPACE',''
  ) );
#11641 = ORIENTED_EDGE('',*,*,#11596,.T.);
#11642 = ORIENTED_EDGE('',*,*,#4891,.F.);
#11643 = ORIENTED_EDGE('',*,*,#11644,.F.);
#11644 = EDGE_CURVE('',#11620,#4866,#11645,.T.);
#11645 = SURFACE_CURVE('',#11646,(#11650,#11657),.PCURVE_S1.);
#11646 = LINE('',#11647,#11648);
#11647 = CARTESIAN_POINT('',(0.3,35.8,5.6));
#11648 = VECTOR('',#11649,1.);
#11649 = DIRECTION('',(0.,0.,1.));
#11650 = PCURVE('',#4906,#11651);
#11651 = DEFINITIONAL_REPRESENTATION('',(#11652),#11656);
#11652 = LINE('',#11653,#11654);
#11653 = CARTESIAN_POINT('',(0.,71.6));
#11654 = VECTOR('',#11655,1.);
#11655 = DIRECTION('',(1.,0.));
#11656 = ( GEOMETRIC_REPRESENTATION_CONTEXT(2) 
PARAMETRIC_REPRESENTATION_CONTEXT() REPRESENTATION_CONTEXT('2D SPACE',''
  ) );
#11657 = PCURVE('',#4880,#11658);
#11658 = DEFINITIONAL_REPRESENTATION('',(#11659),#11663);
#11659 = LINE('',#11660,#11661);
#11660 = CARTESIAN_POINT('',(0.,0.));
#11661 = VECTOR('',#11662,1.);
#11662 = DIRECTION('',(1.,0.));
#11663 = ( GEOMETRIC_REPRESENTATION_CONTEXT(2) 
PARAMETRIC_REPRESENTATION_CONTEXT() REPRESENTATION_CONTEXT('2D SPACE',''
  ) );
#11664 = ADVANCED_FACE('',(#11665),#4880,.F.);
#11665 = FACE_BOUND('',#11666,.F.);
#11666 = EDGE_LOOP('',(#11667,#11668,#11691,#11712));
#11667 = ORIENTED_EDGE('',*,*,#11644,.F.);
#11668 = ORIENTED_EDGE('',*,*,#11669,.T.);
#11669 = EDGE_CURVE('',#11620,#11670,#11672,.T.);
#11670 = VERTEX_POINT('',#11671);
#11671 = CARTESIAN_POINT('',(-0.3,35.8,5.6));
#11672 = SURFACE_CURVE('',#11673,(#11677,#11684),.PCURVE_S1.);
#11673 = LINE('',#11674,#11675);
#11674 = CARTESIAN_POINT('',(0.3,35.8,5.6));
#11675 = VECTOR('',#11676,1.);
#11676 = DIRECTION('',(-1.,2.22044604925E-16,0.));
#11677 = PCURVE('',#4880,#11678);
#11678 = DEFINITIONAL_REPRESENTATION('',(#11679),#11683);
#11679 = LINE('',#11680,#11681);
#11680 = CARTESIAN_POINT('',(0.,0.));
#11681 = VECTOR('',#11682,1.);
#11682 = DIRECTION('',(0.,-1.));
#11683 = ( GEOMETRIC_REPRESENTATION_CONTEXT(2) 
PARAMETRIC_REPRESENTATION_CONTEXT() REPRESENTATION_CONTEXT('2D SPACE',''
  ) );
#11684 = PCURVE('',#11585,#11685);
#11685 = DEFINITIONAL_REPRESENTATION('',(#11686),#11690);
#11686 = LINE('',#11687,#11688);
#11687 = CARTESIAN_POINT('',(71.6,0.));
#11688 = VECTOR('',#11689,1.);
#11689 = DIRECTION('',(0.,1.));
#11690 = ( GEOMETRIC_REPRESENTATION_CONTEXT(2) 
PARAMETRIC_REPRESENTATION_CONTEXT() REPRESENTATION_CONTEXT('2D SPACE',''
  ) );
#11691 = ORIENTED_EDGE('',*,*,#11692,.T.);
#11692 = EDGE_CURVE('',#11670,#4840,#11693,.T.);
#11693 = SURFACE_CURVE('',#11694,(#11698,#11705),.PCURVE_S1.);
#11694 = LINE('',#11695,#11696);
#11695 = CARTESIAN_POINT('',(-0.3,35.8,5.6));
#11696 = VECTOR('',#11697,1.);
#11697 = DIRECTION('',(0.,0.,1.));
#11698 = PCURVE('',#4880,#11699);
#11699 = DEFINITIONAL_REPRESENTATION('',(#11700),#11704);
#11700 = LINE('',#11701,#11702);
#11701 = CARTESIAN_POINT('',(0.,-0.6));
#11702 = VECTOR('',#11703,1.);
#11703 = DIRECTION('',(1.,0.));
#11704 = ( GEOMETRIC_REPRESENTATION_CONTEXT(2) 
PARAMETRIC_REPRESENTATION_CONTEXT() REPRESENTATION_CONTEXT('2D SPACE',''
  ) );
#11705 = PCURVE('',#4854,#11706);
#11706 = DEFINITIONAL_REPRESENTATION('',(#11707),#11711);
#11707 = LINE('',#11708,#11709);
#11708 = CARTESIAN_POINT('',(0.,71.6));
#11709 = VECTOR('',#11710,1.);
#11710 = DIRECTION('',(1.,0.));
#11711 = ( GEOMETRIC_REPRESENTATION_CONTEXT(2) 
PARAMETRIC_REPRESENTATION_CONTEXT() REPRESENTATION_CONTEXT('2D SPACE',''
  ) );
#11712 = ORIENTED_EDGE('',*,*,#4865,.F.);
#11713 = ADVANCED_FACE('',(#11714),#4854,.F.);
#11714 = FACE_BOUND('',#11715,.F.);
#11715 = EDGE_LOOP('',(#11716,#11737,#11738,#11739));
#11716 = ORIENTED_EDGE('',*,*,#11717,.F.);
#11717 = EDGE_CURVE('',#11550,#11670,#11718,.T.);
#11718 = SURFACE_CURVE('',#11719,(#11723,#11730),.PCURVE_S1.);
#11719 = LINE('',#11720,#11721);
#11720 = CARTESIAN_POINT('',(-0.3,-35.8,5.6));
#11721 = VECTOR('',#11722,1.);
#11722 = DIRECTION('',(2.22044604925E-16,1.,0.));
#11723 = PCURVE('',#4854,#11724);
#11724 = DEFINITIONAL_REPRESENTATION('',(#11725),#11729);
#11725 = LINE('',#11726,#11727);
#11726 = CARTESIAN_POINT('',(0.,0.));
#11727 = VECTOR('',#11728,1.);
#11728 = DIRECTION('',(0.,1.));
#11729 = ( GEOMETRIC_REPRESENTATION_CONTEXT(2) 
PARAMETRIC_REPRESENTATION_CONTEXT() REPRESENTATION_CONTEXT('2D SPACE',''
  ) );
#11730 = PCURVE('',#11585,#11731);
#11731 = DEFINITIONAL_REPRESENTATION('',(#11732),#11736);
#11732 = LINE('',#11733,#11734);
#11733 = CARTESIAN_POINT('',(0.,0.6));
#11734 = VECTOR('',#11735,1.);
#11735 = DIRECTION('',(1.,0.));
#11736 = ( GEOMETRIC_REPRESENTATION_CONTEXT(2) 
PARAMETRIC_REPRESENTATION_CONTEXT() REPRESENTATION_CONTEXT('2D SPACE',''
  ) );
#11737 = ORIENTED_EDGE('',*,*,#11549,.T.);
#11738 = ORIENTED_EDGE('',*,*,#4839,.F.);
#11739 = ORIENTED_EDGE('',*,*,#11692,.F.);
#11740 = ADVANCED_FACE('',(#11741),#4802,.T.);
#11741 = FACE_BOUND('',#11742,.T.);
#11742 = EDGE_LOOP('',(#11743,#11744,#11765,#11766));
#11743 = ORIENTED_EDGE('',*,*,#9077,.F.);
#11744 = ORIENTED_EDGE('',*,*,#11745,.T.);
#11745 = EDGE_CURVE('',#9078,#11505,#11746,.T.);
#11746 = SURFACE_CURVE('',#11747,(#11751,#11758),.PCURVE_S1.);
#11747 = LINE('',#11748,#11749);
#11748 = CARTESIAN_POINT('',(-3.,23.75,4.));
#11749 = VECTOR('',#11750,1.);
#11750 = DIRECTION('',(-0.,1.,0.));
#11751 = PCURVE('',#4802,#11752);
#11752 = DEFINITIONAL_REPRESENTATION('',(#11753),#11757);
#11753 = LINE('',#11754,#11755);
#11754 = CARTESIAN_POINT('',(0.,0.));
#11755 = VECTOR('',#11756,1.);
#11756 = DIRECTION('',(0.,-1.));
#11757 = ( GEOMETRIC_REPRESENTATION_CONTEXT(2) 
PARAMETRIC_REPRESENTATION_CONTEXT() REPRESENTATION_CONTEXT('2D SPACE',''
  ) );
#11758 = PCURVE('',#9115,#11759);
#11759 = DEFINITIONAL_REPRESENTATION('',(#11760),#11764);
#11760 = LINE('',#11761,#11762);
#11761 = CARTESIAN_POINT('',(0.,0.));
#11762 = VECTOR('',#11763,1.);
#11763 = DIRECTION('',(0.,1.));
#11764 = ( GEOMETRIC_REPRESENTATION_CONTEXT(2) 
PARAMETRIC_REPRESENTATION_CONTEXT() REPRESENTATION_CONTEXT('2D SPACE',''
  ) );
#11765 = ORIENTED_EDGE('',*,*,#11527,.T.);
#11766 = ORIENTED_EDGE('',*,*,#4787,.F.);
#11767 = ADVANCED_FACE('',(#11768),#7411,.T.);
#11768 = FACE_BOUND('',#11769,.T.);
#11769 = EDGE_LOOP('',(#11770,#11771,#11772,#11773));
#11770 = ORIENTED_EDGE('',*,*,#10499,.F.);
#11771 = ORIENTED_EDGE('',*,*,#10526,.T.);
#11772 = ORIENTED_EDGE('',*,*,#7586,.T.);
#11773 = ORIENTED_EDGE('',*,*,#7398,.F.);
#11774 = ADVANCED_FACE('',(#11775),#7490,.F.);
#11775 = FACE_BOUND('',#11776,.F.);
#11776 = EDGE_LOOP('',(#11777,#11801,#11822,#11823));
#11777 = ORIENTED_EDGE('',*,*,#11778,.F.);
#11778 = EDGE_CURVE('',#11779,#11779,#11781,.T.);
#11779 = VERTEX_POINT('',#11780);
#11780 = CARTESIAN_POINT('',(19.5,-4.776122516675E-15,3.));
#11781 = SURFACE_CURVE('',#11782,(#11787,#11794),.PCURVE_S1.);
#11782 = CIRCLE('',#11783,19.5);
#11783 = AXIS2_PLACEMENT_3D('',#11784,#11785,#11786);
#11784 = CARTESIAN_POINT('',(0.,0.,3.));
#11785 = DIRECTION('',(0.,0.,1.));
#11786 = DIRECTION('',(1.,0.,-0.));
#11787 = PCURVE('',#7490,#11788);
#11788 = DEFINITIONAL_REPRESENTATION('',(#11789),#11793);
#11789 = LINE('',#11790,#11791);
#11790 = CARTESIAN_POINT('',(0.,4.));
#11791 = VECTOR('',#11792,1.);
#11792 = DIRECTION('',(1.,0.));
#11793 = ( GEOMETRIC_REPRESENTATION_CONTEXT(2) 
PARAMETRIC_REPRESENTATION_CONTEXT() REPRESENTATION_CONTEXT('2D SPACE',''
  ) );
#11794 = PCURVE('',#8945,#11795);
#11795 = DEFINITIONAL_REPRESENTATION('',(#11796),#11800);
#11796 = CIRCLE('',#11797,19.5);
#11797 = AXIS2_PLACEMENT_2D('',#11798,#11799);
#11798 = CARTESIAN_POINT('',(0.,0.));
#11799 = DIRECTION('',(1.,0.));
#11800 = ( GEOMETRIC_REPRESENTATION_CONTEXT(2) 
PARAMETRIC_REPRESENTATION_CONTEXT() REPRESENTATION_CONTEXT('2D SPACE',''
  ) );
#11801 = ORIENTED_EDGE('',*,*,#11802,.F.);
#11802 = EDGE_CURVE('',#7474,#11779,#11803,.T.);
#11803 = SEAM_CURVE('',#11804,(#11808,#11815),.PCURVE_S1.);
#11804 = LINE('',#11805,#11806);
#11805 = CARTESIAN_POINT('',(19.5,-4.776122516675E-15,-1.));
#11806 = VECTOR('',#11807,1.);
#11807 = DIRECTION('',(0.,0.,1.));
#11808 = PCURVE('',#7490,#11809);
#11809 = DEFINITIONAL_REPRESENTATION('',(#11810),#11814);
#11810 = LINE('',#11811,#11812);
#11811 = CARTESIAN_POINT('',(6.28318530718,-0.));
#11812 = VECTOR('',#11813,1.);
#11813 = DIRECTION('',(0.,1.));
#11814 = ( GEOMETRIC_REPRESENTATION_CONTEXT(2) 
PARAMETRIC_REPRESENTATION_CONTEXT() REPRESENTATION_CONTEXT('2D SPACE',''
  ) );
#11815 = PCURVE('',#7490,#11816);
#11816 = DEFINITIONAL_REPRESENTATION('',(#11817),#11821);
#11817 = LINE('',#11818,#11819);
#11818 = CARTESIAN_POINT('',(0.,-0.));
#11819 = VECTOR('',#11820,1.);
#11820 = DIRECTION('',(0.,1.));
#11821 = ( GEOMETRIC_REPRESENTATION_CONTEXT(2) 
PARAMETRIC_REPRESENTATION_CONTEXT() REPRESENTATION_CONTEXT('2D SPACE',''
  ) );
#11822 = ORIENTED_EDGE('',*,*,#7473,.T.);
#11823 = ORIENTED_EDGE('',*,*,#11802,.T.);
#11824 = ADVANCED_FACE('',(#11825),#8692,.T.);
#11825 = FACE_BOUND('',#11826,.T.);
#11826 = EDGE_LOOP('',(#11827,#11828,#11829,#11830));
#11827 = ORIENTED_EDGE('',*,*,#10360,.F.);
#11828 = ORIENTED_EDGE('',*,*,#10387,.T.);
#11829 = ORIENTED_EDGE('',*,*,#8676,.T.);
#11830 = ORIENTED_EDGE('',*,*,#10289,.F.);
#11831 = ADVANCED_FACE('',(#11832),#8619,.T.);
#11832 = FACE_BOUND('',#11833,.T.);
#11833 = EDGE_LOOP('',(#11834,#11835,#11836,#11837));
#11834 = ORIENTED_EDGE('',*,*,#10235,.F.);
#11835 = ORIENTED_EDGE('',*,*,#10262,.T.);
#11836 = ORIENTED_EDGE('',*,*,#8603,.T.);
#11837 = ORIENTED_EDGE('',*,*,#10164,.F.);
#11838 = ADVANCED_FACE('',(#11839),#8546,.T.);
#11839 = FACE_BOUND('',#11840,.T.);
#11840 = EDGE_LOOP('',(#11841,#11842,#11843,#11844));
#11841 = ORIENTED_EDGE('',*,*,#10110,.F.);
#11842 = ORIENTED_EDGE('',*,*,#10137,.T.);
#11843 = ORIENTED_EDGE('',*,*,#8530,.T.);
#11844 = ORIENTED_EDGE('',*,*,#10039,.F.);
#11845 = ADVANCED_FACE('',(#11846),#8473,.T.);
#11846 = FACE_BOUND('',#11847,.T.);
#11847 = EDGE_LOOP('',(#11848,#11849,#11850,#11851));
#11848 = ORIENTED_EDGE('',*,*,#9985,.F.);
#11849 = ORIENTED_EDGE('',*,*,#10012,.T.);
#11850 = ORIENTED_EDGE('',*,*,#8457,.T.);
#11851 = ORIENTED_EDGE('',*,*,#9914,.F.);
#11852 = ADVANCED_FACE('',(#11853),#8400,.T.);
#11853 = FACE_BOUND('',#11854,.T.);
#11854 = EDGE_LOOP('',(#11855,#11856,#11857,#11858));
#11855 = ORIENTED_EDGE('',*,*,#9860,.F.);
#11856 = ORIENTED_EDGE('',*,*,#9887,.T.);
#11857 = ORIENTED_EDGE('',*,*,#8384,.T.);
#11858 = ORIENTED_EDGE('',*,*,#9789,.F.);
#11859 = ADVANCED_FACE('',(#11860),#8327,.T.);
#11860 = FACE_BOUND('',#11861,.T.);
#11861 = EDGE_LOOP('',(#11862,#11863,#11864,#11865));
#11862 = ORIENTED_EDGE('',*,*,#9735,.F.);
#11863 = ORIENTED_EDGE('',*,*,#9762,.T.);
#11864 = ORIENTED_EDGE('',*,*,#8311,.T.);
#11865 = ORIENTED_EDGE('',*,*,#9664,.F.);
#11866 = ADVANCED_FACE('',(#11867),#8254,.T.);
#11867 = FACE_BOUND('',#11868,.T.);
#11868 = EDGE_LOOP('',(#11869,#11870,#11871,#11872));
#11869 = ORIENTED_EDGE('',*,*,#9610,.F.);
#11870 = ORIENTED_EDGE('',*,*,#9637,.T.);
#11871 = ORIENTED_EDGE('',*,*,#8238,.T.);
#11872 = ORIENTED_EDGE('',*,*,#9539,.F.);
#11873 = ADVANCED_FACE('',(#11874),#8181,.T.);
#11874 = FACE_BOUND('',#11875,.T.);
#11875 = EDGE_LOOP('',(#11876,#11877,#11878,#11879,#11880));
#11876 = ORIENTED_EDGE('',*,*,#11428,.F.);
#11877 = ORIENTED_EDGE('',*,*,#9169,.F.);
#11878 = ORIENTED_EDGE('',*,*,#8958,.F.);
#11879 = ORIENTED_EDGE('',*,*,#9514,.F.);
#11880 = ORIENTED_EDGE('',*,*,#8165,.T.);
#11881 = ADVANCED_FACE('',(#11882),#8108,.T.);
#11882 = FACE_BOUND('',#11883,.T.);
#11883 = EDGE_LOOP('',(#11884,#11885,#11886,#11887));
#11884 = ORIENTED_EDGE('',*,*,#11374,.F.);
#11885 = ORIENTED_EDGE('',*,*,#11401,.T.);
#11886 = ORIENTED_EDGE('',*,*,#8092,.T.);
#11887 = ORIENTED_EDGE('',*,*,#11303,.F.);
#11888 = ADVANCED_FACE('',(#11889),#8035,.T.);
#11889 = FACE_BOUND('',#11890,.T.);
#11890 = EDGE_LOOP('',(#11891,#11892,#11893,#11894));
#11891 = ORIENTED_EDGE('',*,*,#11249,.F.);
#11892 = ORIENTED_EDGE('',*,*,#11276,.T.);
#11893 = ORIENTED_EDGE('',*,*,#8019,.T.);
#11894 = ORIENTED_EDGE('',*,*,#11178,.F.);
#11895 = ADVANCED_FACE('',(#11896),#7962,.T.);
#11896 = FACE_BOUND('',#11897,.T.);
#11897 = EDGE_LOOP('',(#11898,#11899,#11900,#11901));
#11898 = ORIENTED_EDGE('',*,*,#11124,.F.);
#11899 = ORIENTED_EDGE('',*,*,#11151,.T.);
#11900 = ORIENTED_EDGE('',*,*,#7946,.T.);
#11901 = ORIENTED_EDGE('',*,*,#11053,.F.);
#11902 = ADVANCED_FACE('',(#11903),#7889,.T.);
#11903 = FACE_BOUND('',#11904,.T.);
#11904 = EDGE_LOOP('',(#11905,#11906,#11907,#11908));
#11905 = ORIENTED_EDGE('',*,*,#10999,.F.);
#11906 = ORIENTED_EDGE('',*,*,#11026,.T.);
#11907 = ORIENTED_EDGE('',*,*,#7873,.T.);
#11908 = ORIENTED_EDGE('',*,*,#10928,.F.);
#11909 = ADVANCED_FACE('',(#11910),#7816,.T.);
#11910 = FACE_BOUND('',#11911,.T.);
#11911 = EDGE_LOOP('',(#11912,#11913,#11914,#11915));
#11912 = ORIENTED_EDGE('',*,*,#10874,.F.);
#11913 = ORIENTED_EDGE('',*,*,#10901,.T.);
#11914 = ORIENTED_EDGE('',*,*,#7800,.T.);
#11915 = ORIENTED_EDGE('',*,*,#10803,.F.);
#11916 = ADVANCED_FACE('',(#11917),#7743,.T.);
#11917 = FACE_BOUND('',#11918,.T.);
#11918 = EDGE_LOOP('',(#11919,#11920,#11921,#11922));
#11919 = ORIENTED_EDGE('',*,*,#10749,.F.);
#11920 = ORIENTED_EDGE('',*,*,#10776,.T.);
#11921 = ORIENTED_EDGE('',*,*,#7727,.T.);
#11922 = ORIENTED_EDGE('',*,*,#10678,.F.);
#11923 = ADVANCED_FACE('',(#11924),#7670,.T.);
#11924 = FACE_BOUND('',#11925,.T.);
#11925 = EDGE_LOOP('',(#11926,#11927,#11928,#11929));
#11926 = ORIENTED_EDGE('',*,*,#10624,.F.);
#11927 = ORIENTED_EDGE('',*,*,#10651,.T.);
#11928 = ORIENTED_EDGE('',*,*,#7654,.T.);
#11929 = ORIENTED_EDGE('',*,*,#10553,.F.);
#11930 = ADVANCED_FACE('',(#11931),#9115,.T.);
#11931 = FACE_BOUND('',#11932,.T.);
#11932 = EDGE_LOOP('',(#11933,#11934,#11935,#11936));
#11933 = ORIENTED_EDGE('',*,*,#11745,.F.);
#11934 = ORIENTED_EDGE('',*,*,#9098,.F.);
#11935 = ORIENTED_EDGE('',*,*,#11455,.T.);
#11936 = ORIENTED_EDGE('',*,*,#11504,.F.);
#11937 = ADVANCED_FACE('',(#11938),#9041,.T.);
#11938 = FACE_BOUND('',#11939,.T.);
#11939 = EDGE_LOOP('',(#11940,#11941,#11942,#11943));
#11940 = ORIENTED_EDGE('',*,*,#9217,.F.);
#11941 = ORIENTED_EDGE('',*,*,#9266,.T.);
#11942 = ORIENTED_EDGE('',*,*,#9485,.T.);
#11943 = ORIENTED_EDGE('',*,*,#9024,.F.);
#11944 = ADVANCED_FACE('',(#11945,#11948),#8945,.T.);
#11945 = FACE_BOUND('',#11946,.T.);
#11946 = EDGE_LOOP('',(#11947));
#11947 = ORIENTED_EDGE('',*,*,#8930,.T.);
#11948 = FACE_BOUND('',#11949,.T.);
#11949 = EDGE_LOOP('',(#11950));
#11950 = ORIENTED_EDGE('',*,*,#11778,.F.);
#11951 = ADVANCED_FACE('',(#11952),#9325,.T.);
#11952 = FACE_BOUND('',#11953,.T.);
#11953 = EDGE_LOOP('',(#11954,#11955,#11956,#11957));
#11954 = ORIENTED_EDGE('',*,*,#9359,.F.);
#11955 = ORIENTED_EDGE('',*,*,#9431,.F.);
#11956 = ORIENTED_EDGE('',*,*,#9457,.T.);
#11957 = ORIENTED_EDGE('',*,*,#9310,.F.);
#11958 = ADVANCED_FACE('',(#11959),#11585,.T.);
#11959 = FACE_BOUND('',#11960,.T.);
#11960 = EDGE_LOOP('',(#11961,#11962,#11963,#11964));
#11961 = ORIENTED_EDGE('',*,*,#11717,.F.);
#11962 = ORIENTED_EDGE('',*,*,#11570,.T.);
#11963 = ORIENTED_EDGE('',*,*,#11619,.T.);
#11964 = ORIENTED_EDGE('',*,*,#11669,.T.);
#11965 = ( GEOMETRIC_REPRESENTATION_CONTEXT(3) 
GLOBAL_UNCERTAINTY_ASSIGNED_CONTEXT((#11969)) 
GLOBAL_UNIT_ASSIGNED_CONTEXT((#11966,#11967,#11968)) 
REPRESENTATION_CONTEXT('Context #1',
  '3D Context with UNIT and UNCERTAINTY') );
#11966 = ( LENGTH_UNIT() NAMED_UNIT(*) SI_UNIT(.MILLI.,.METRE.) );
#11967 = ( NAMED_UNIT(*) PLANE_ANGLE_UNIT() SI_UNIT($,.RADIAN.) );
#11968 = ( NAMED_UNIT(*) SI_UNIT($,.STERADIAN.) SOLID_ANGLE_UNIT() );
#11969 = UNCERTAINTY_MEASURE_WITH_UNIT(LENGTH_MEASURE(1.E-07),#11966,
  'distance_accuracy_value','confusion accuracy');
#11970 = PRODUCT_RELATED_PRODUCT_CATEGORY('part',$,(#7));

#11971=DESCRIPTIVE_REPRESENTATION_ITEM('cadgen:generator','cadgen');
#11972=REPRESENTATION('cadgen:generator',(#11971),#11965);
#11973=PROPERTY_DEFINITION('cadgen metadata','cadgen:generator',#5);
#11974=PROPERTY_DEFINITION_REPRESENTATION(#11973,#11972);
#11975=DESCRIPTIVE_REPRESENTATION_ITEM('cadgen:entryKind','part');
#11976=REPRESENTATION('cadgen:entryKind',(#11975),#11965);
#11977=PROPERTY_DEFINITION('cadgen metadata','cadgen:entryKind',#5);
#11978=PROPERTY_DEFINITION_REPRESENTATION(#11977,#11976);
#11979=DESCRIPTIVE_REPRESENTATION_ITEM('cadgen:sourcePath','tray.step.py');
#11980=REPRESENTATION('cadgen:sourcePath',(#11979),#11965);
#11981=PROPERTY_DEFINITION('cadgen metadata','cadgen:sourcePath',#5);
#11982=PROPERTY_DEFINITION_REPRESENTATION(#11981,#11980);
#11983=DESCRIPTIVE_REPRESENTATION_ITEM('cadgen:sourceHash','397760a155ebe53fb29f8f8ef79dc387b4adf2a5707aa704114d54b97e7b0788');
#11984=REPRESENTATION('cadgen:sourceHash',(#11983),#11965);
#11985=PROPERTY_DEFINITION('cadgen metadata','cadgen:sourceHash',#5);
#11986=PROPERTY_DEFINITION_REPRESENTATION(#11985,#11984);
ENDSEC;
END-ISO-10303-21;
