series_id,family,label,year,month,period,value
CEU3133700001,CES,"All employees, furniture and related product mfg (000s)",2017,1,2017-01,394.3
CEU3133700001,CES,"All employees, furniture and related product mfg (000s)",2017,2,2017-02,394.2
CEU3133700001,CES,"All employees, furniture and related product mfg (000s)",2017,3,2017-03,393.2
CEU3133700001,CES,"All employees, furniture and related product mfg (000s)",2017,4,2017-04,394.2
CEU3133700001,CES,"All employees, furniture and related product mfg (000s)",2017,5,2017-05,394.5
CEU3133700001,CES,"All employees, furniture and related product mfg (000s)",2017,6,2017-06,398.5
CEU3133700001,CES,"All employees, furniture and related product mfg (000s)",2017,7,2017-07,396.5
CEU3133700001,CES,"All employees, furniture and related product mfg (000s)",2017,8,2017-08,396.5
CEU3133700001,CES,"All employees, furniture and related product mfg (000s)",2017,9,2017-09,393.3
CEU3133700001,CES,"All employees, furniture and related product mfg (000s)",2017,10,2017-10,395.3
CEU3133700001,CES,"All employees, furniture and related product mfg (000s)",2017,11,2017-11,393.2
CEU3133700001,CES,"All employees, furniture and related product mfg (000s)",2017,12,2017-12,394.7
CEU3133700001,CES,"All employees, furniture and related product mfg (000s)",2018,1,2018-01,391.4
CEU3133700001,CES,"All employees, furniture and related product mfg (000s)",2018,2,2018-02,393.9
CEU3133700001,CES,"All employees, furniture and related product mfg (000s)",2018,3,2018-03,394.2
CEU3133700001,CES,"All employees, furniture and related product mfg (000s)",2018,4,2018-04,392.0
CEU3133700001,CES,"All employees, furniture and related product mfg (000s)",2018,5,2018-05,393.5
CEU3133700001,CES,"All employees, furniture and related product mfg (000s)",2018,6,2018-06,395.1
CEU3133700001,CES,"All employees, furniture and related product mfg (000s)",2018,7,2018-07,395.5
CEU3133700001,CES,"All employees, furniture and related product mfg (000s)",2018,8,2018-08,394.1
CEU3133700001,CES,"All employees, furniture and related product mfg (000s)",2018,9,2018-09,391.1
CEU3133700001,CES,"All employees, furniture and related product mfg (000s)",2018,10,2018-10,391.2
CEU3133700001,CES,"All employees, furniture and related product mfg (000s)",2018,11,2018-11,390.0
CEU3133700001,CES,"All employees, furniture and related product mfg (000s)",2018,12,2018-12,390.9
CEU3133700001,CES,"All employees, furniture and related product mfg (000s)",2019,1,2019-01,388.1
CEU3133700001,CES,"All employees, furniture and related product mfg (000s)",2019,2,2019-02,390.1
CEU3133700001,CES,"All employees, furniture and related product mfg (000s)",2019,3,2019-03,387.8
CEU3133700001,CES,"All employees, furniture and related product mfg (000s)",2019,4,2019-04,387.6
CEU3133700001,CES,"All employees, furniture and related product mfg (000s)",2019,5,2019-05,387.8
CEU3133700001,CES,"All employees, furniture and related product mfg (000s)",2019,6,2019-06,389.1
CEU3133700001,CES,"All employees, furniture and related product mfg (000s)",2019,7,2019-07,388.6
CEU3133700001,CES,"All employees, furniture and related product mfg (000s)",2019,8,2019-08,389.2
CEU3133700001,CES,"All employees, furniture and related product mfg (000s)",2019,9,2019-09,385.7
CEU3133700001,CES,"All employees, furniture and related product mfg (000s)",2019,10,2019-10,384.6
CEU3133700001,CES,"All employees, furniture and related product mfg (000s)",2019,11,2019-11,385.5
CEU3133700001,CES,"All employees, furniture and related product mfg (000s)",2019,12,2019-12,385.9
CEU3133700001,CES,"All employees, furniture and related product mfg (000s)",2020,1,2020-01,384.3
CEU3133700001,CES,"All employees, furniture and related product mfg (000s)",2020,2,2020-02,383.1
CEU3133700001,CES,"All employees, furniture and related product mfg (000s)",2020,3,2020-03,382.7
CEU3133700001,CES,"All employees, furniture and related product mfg (000s)",2020,4,2020-04,308.1
CEU3133700001,CES,"All employees, furniture and related product mfg (000s)",2020,5,2020-05,335.3
CEU3133700001,CES,"All employees, furniture and related product mfg (000s)",2020,6,2020-06,352.0
CEU3133700001,CES,"All employees, furniture and related product mfg (000s)",2020,7,2020-07,353.8
CEU3133700001,CES,"All employees, furniture and related product mfg (000s)",2020,8,2020-08,357.0
CEU3133700001,CES,"All employees, furniture and related product mfg (000s)",2020,9,2020-09,359.1
CEU3133700001,CES,"All employees, furniture and related product mfg (000s)",2020,10,2020-10,360.2
CEU3133700001,CES,"All employees, furniture and related product mfg (000s)",2020,11,2020-11,365.1
CEU3133700001,CES,"All employees, furniture and related product mfg (000s)",2020,12,2020-12,369.2
CEU3133700001,CES,"All employees, furniture and related product mfg (000s)",2021,1,2021-01,368.3
CEU3133700001,CES,"All employees, furniture and related product mfg (000s)",2021,2,2021-02,368.5
CEU3133700001,CES,"All employees, furniture and related product mfg (000s)",2021,3,2021-03,367.5
CEU3133700001,CES,"All employees, furniture and related product mfg (000s)",2021,4,2021-04,366.9
CEU3133700001,CES,"All employees, furniture and related product mfg (000s)",2021,5,2021-05,368.3
CEU3133700001,CES,"All employees, furniture and related product mfg (000s)",2021,6,2021-06,376.9
CEU3133700001,CES,"All employees, furniture and related product mfg (000s)",2021,7,2021-07,378.3
CEU3133700001,CES,"All employees, furniture and related product mfg (000s)",2021,8,2021-08,375.2
CEU3133700001,CES,"All employees, furniture and related product mfg (000s)",2021,9,2021-09,376.6
CEU3133700001,CES,"All employees, furniture and related product mfg (000s)",2021,10,2021-10,377.7
CEU3133700001,CES,"All employees, furniture and related product mfg (000s)",2021,11,2021-11,379.4
CEU3133700001,CES,"All employees, furniture and related product mfg (000s)",2021,12,2021-12,382.9
CEU3133700001,CES,"All employees, furniture and related product mfg (000s)",2022,1,2022-01,377.9
CEU3133700001,CES,"All employees, furniture and related product mfg (000s)",2022,2,2022-02,382.3
CEU3133700001,CES,"All employees, furniture and related product mfg (000s)",2022,3,2022-03,382.6
CEU3133700001,CES,"All employees, furniture and related product mfg (000s)",2022,4,2022-04,380.6
CEU3133700001,CES,"All employees, furniture and related product mfg (000s)",2022,5,2022-05,382.9
CEU3133700001,CES,"All employees, furniture and related product mfg (000s)",2022,6,2022-06,382.9
CEU3133700001,CES,"All employees, furniture and related product mfg (000s)",2022,7,2022-07,381.1
CEU3133700001,CES,"All employees, furniture and related product mfg (000s)",2022,8,2022-08,378.1
CEU3133700001,CES,"All employees, furniture and related product mfg (000s)",2022,9,2022-09,374.7
CEU3133700001,CES,"All employees, furniture and related product mfg (000s)",2022,10,2022-10,375.2
CEU3133700001,CES,"All employees, furniture and related product mfg (000s)",2022,11,2022-11,372.7
CEU3133700001,CES,"All employees, furniture and related product mfg (000s)",2022,12,2022-12,371.1
CEU3133700001,CES,"All employees, furniture and related product mfg (000s)",2023,1,2023-01,365.4
CEU3133700001,CES,"All employees, furniture and related product mfg (000s)",2023,2,2023-02,363.9
CEU3133700001,CES,"All employees, furniture and related product mfg (000s)",2023,3,2023-03,363.5
CEU3133700001,CES,"All employees, furniture and related product mfg (000s)",2023,4,2023-04,362.0
CEU3133700001,CES,"All employees, furniture and related product mfg (000s)",2023,5,2023-05,358.6
CEU3133700001,CES,"All employees, furniture and related product mfg (000s)",2023,6,2023-06,361.1
CEU3133700001,CES,"All employees, furniture and related product mfg (000s)",2023,7,2023-07,357.8
CEU3133700001,CES,"All employees, furniture and related product mfg (000s)",2023,8,2023-08,356.8
CEU3133700001,CES,"All employees, furniture and related product mfg (000s)",2023,9,2023-09,351.5
CEU3133700001,CES,"All employees, furniture and related product mfg (000s)",2023,10,2023-10,351.4
CEU3133700001,CES,"All employees, furniture and related product mfg (000s)",2023,11,2023-11,352.8
CEU3133700001,CES,"All employees, furniture and related product mfg (000s)",2023,12,2023-12,352.0
CEU3133700001,CES,"All employees, furniture and related product mfg (000s)",2024,1,2024-01,346.2
CEU3133700001,CES,"All employees, furniture and related product mfg (000s)",2024,2,2024-02,347.2
CEU3133700001,CES,"All employees, furniture and related product mfg (000s)",2024,3,2024-03,348.6
CEU3133700001,CES,"All employees, furniture and related product mfg (000s)",2024,4,2024-04,345.2
CEU3133700001,CES,"All employees, furniture and related product mfg (000s)",2024,5,2024-05,344.6
CEU3133700001,CES,"All employees, furniture and related product mfg (000s)",2024,6,2024-06,346.3
CEU3133700001,CES,"All employees, furniture and related product mfg (000s)",2024,7,2024-07,343.5
CEU3133700001,CES,"All employees, furniture and related product mfg (000s)",2024,8,2024-08,342.9
CEU3133700001,CES,"All employees, furniture and related product mfg (000s)",2024,9,2024-09,339.0
CEU3133700001,CES,"All employees, furniture and related product mfg (000s)",2024,10,2024-10,338.3
CEU3133700001,CES,"All employees, furniture and related product mfg (000s)",2024,11,2024-11,339.9
CEU3133700001,CES,"All employees, furniture and related product mfg (000s)",2024,12,2024-12,339.1
CEU3133700001,CES,"All employees, furniture and related product mfg (000s)",2025,1,2025-01,335.9
CEU3133700001,CES,"All employees, furniture and related product mfg (000s)",2025,2,2025-02,335.5
CEU3133700001,CES,"All employees, furniture and related product mfg (000s)",2025,3,2025-03,337.1
CEU3133700001,CES,"All employees, furniture and related product mfg (000s)",2025,4,2025-04,338.5
CEU3133700001,CES,"All employees, furniture and related product mfg (000s)",2025,5,2025-05,339.0
CEU3133700001,CES,"All employees, furniture and related product mfg (000s)",2025,6,2025-06,343.1
CEU3133700001,CES,"All employees, furniture and related product mfg (000s)",2025,7,2025-07,342.6
CEU3133700001,CES,"All employees, furniture and related product mfg (000s)",2025,8,2025-08,341.2
CEU3133700001,CES,"All employees, furniture and related product mfg (000s)",2025,9,2025-09,337.0
CEU3133700001,CES,"All employees, furniture and related product mfg (000s)",2025,10,2025-10,334.4
CEU3133700001,CES,"All employees, furniture and related product mfg (000s)",2025,11,2025-11,334.6
CEU3133700001,CES,"All employees, furniture and related product mfg (000s)",2025,12,2025-12,334.7
CEU3133700001,CES,"All employees, furniture and related product mfg (000s)",2026,1,2026-01,331.7
CEU3133700001,CES,"All employees, furniture and related product mfg (000s)",2026,2,2026-02,334.4
CEU3133700001,CES,"All employees, furniture and related product mfg (000s)",2026,3,2026-03,333.0
CEU3133700001,CES,"All employees, furniture and related product mfg (000s)",2026,4,2026-04,331.3
CEU3133700001,CES,"All employees, furniture and related product mfg (000s)",2026,5,2026-05,331.8
CEU3133700001,CES,"All employees, furniture and related product mfg (000s)",2026,6,2026-06,334.0
CEU3133700001,CES,"All employees, furniture and related product mfg (000s)",2026,7,2026-07,331.8
CEU3133700002,CES,"Average weekly hours, production employees, furniture mfg",2017,1,2017-01,39.7
CEU3133700002,CES,"Average weekly hours, production employees, furniture mfg",2017,2,2017-02,39.1
CEU3133700002,CES,"Average weekly hours, production employees, furniture mfg",2017,3,2017-03,39.4
CEU3133700002,CES,"Average weekly hours, production employees, furniture mfg",2017,4,2017-04,38.5
CEU3133700002,CES,"Average weekly hours, production employees, furniture mfg",2017,5,2017-05,38.8
CEU3133700002,CES,"Average weekly hours, production employees, furniture mfg",2017,6,2017-06,39.1
CEU3133700002,CES,"Average weekly hours, production employees, furniture mfg",2017,7,2017-07,38.7
CEU3133700002,CES,"Average weekly hours, production employees, furniture mfg",2017,8,2017-08,38.9
CEU3133700002,CES,"Average weekly hours, production employees, furniture mfg",2017,9,2017-09,38.3
CEU3133700002,CES,"Average weekly hours, production employees, furniture mfg",2017,10,2017-10,38.6
CEU3133700002,CES,"Average weekly hours, production employees, furniture mfg",2017,11,2017-11,39.0
CEU3133700002,CES,"Average weekly hours, production employees, furniture mfg",2017,12,2017-12,39.6
CEU3133700002,CES,"Average weekly hours, production employees, furniture mfg",2018,1,2018-01,38.7
CEU3133700002,CES,"Average weekly hours, production employees, furniture mfg",2018,2,2018-02,38.9
CEU3133700002,CES,"Average weekly hours, production employees, furniture mfg",2018,3,2018-03,38.8
CEU3133700002,CES,"Average weekly hours, production employees, furniture mfg",2018,4,2018-04,38.9
CEU3133700002,CES,"Average weekly hours, production employees, furniture mfg",2018,5,2018-05,39.0
CEU3133700002,CES,"Average weekly hours, production employees, furniture mfg",2018,6,2018-06,39.5
CEU3133700002,CES,"Average weekly hours, production employees, furniture mfg",2018,7,2018-07,39.4
CEU3133700002,CES,"Average weekly hours, production employees, furniture mfg",2018,8,2018-08,39.4
CEU3133700002,CES,"Average weekly hours, production employees, furniture mfg",2018,9,2018-09,39.1
CEU3133700002,CES,"Average weekly hours, production employees, furniture mfg",2018,10,2018-10,39.0
CEU3133700002,CES,"Average weekly hours, production employees, furniture mfg",2018,11,2018-11,39.1
CEU3133700002,CES,"Average weekly hours, production employees, furniture mfg",2018,12,2018-12,39.2
CEU3133700002,CES,"Average weekly hours, production employees, furniture mfg",2019,1,2019-01,38.1
CEU3133700002,CES,"Average weekly hours, production employees, furniture mfg",2019,2,2019-02,37.9
CEU3133700002,CES,"Average weekly hours, production employees, furniture mfg",2019,3,2019-03,38.2
CEU3133700002,CES,"Average weekly hours, production employees, furniture mfg",2019,4,2019-04,38.5
CEU3133700002,CES,"Average weekly hours, production employees, furniture mfg",2019,5,2019-05,38.8
CEU3133700002,CES,"Average weekly hours, production employees, furniture mfg",2019,6,2019-06,39.1
CEU3133700002,CES,"Average weekly hours, production employees, furniture mfg",2019,7,2019-07,39.1
CEU3133700002,CES,"Average weekly hours, production employees, furniture mfg",2019,8,2019-08,39.0
CEU3133700002,CES,"Average weekly hours, production employees, furniture mfg",2019,9,2019-09,39.3
CEU3133700002,CES,"Average weekly hours, production employees, furniture mfg",2019,10,2019-10,38.8
CEU3133700002,CES,"Average weekly hours, production employees, furniture mfg",2019,11,2019-11,38.9
CEU3133700002,CES,"Average weekly hours, production employees, furniture mfg",2019,12,2019-12,39.3
CEU3133700002,CES,"Average weekly hours, production employees, furniture mfg",2020,1,2020-01,38.5
CEU3133700002,CES,"Average weekly hours, production employees, furniture mfg",2020,2,2020-02,38.8
CEU3133700002,CES,"Average weekly hours, production employees, furniture mfg",2020,3,2020-03,38.8
CEU3133700002,CES,"Average weekly hours, production employees, furniture mfg",2020,4,2020-04,37.2
CEU3133700002,CES,"Average weekly hours, production employees, furniture mfg",2020,5,2020-05,38.7
CEU3133700002,CES,"Average weekly hours, production employees, furniture mfg",2020,6,2020-06,39.2
CEU3133700002,CES,"Average weekly hours, production employees, furniture mfg",2020,7,2020-07,39.3
CEU3133700002,CES,"Average weekly hours, production employees, furniture mfg",2020,8,2020-08,39.6
CEU3133700002,CES,"Average weekly hours, production employees, furniture mfg",2020,9,2020-09,38.5
CEU3133700002,CES,"Average weekly hours, production employees, furniture mfg",2020,10,2020-10,39.2
CEU3133700002,CES,"Average weekly hours, production employees, furniture mfg",2020,11,2020-11,38.6
CEU3133700002,CES,"Average weekly hours, production employees, furniture mfg",2020,12,2020-12,39.7
CEU3133700002,CES,"Average weekly hours, production employees, furniture mfg",2021,1,2021-01,39.3
CEU3133700002,CES,"Average weekly hours, production employees, furniture mfg",2021,2,2021-02,39.0
CEU3133700002,CES,"Average weekly hours, production employees, furniture mfg",2021,3,2021-03,39.2
CEU3133700002,CES,"Average weekly hours, production employees, furniture mfg",2021,4,2021-04,39.4
CEU3133700002,CES,"Average weekly hours, production employees, furniture mfg",2021,5,2021-05,39.7
CEU3133700002,CES,"Average weekly hours, production employees, furniture mfg",2021,6,2021-06,39.3
CEU3133700002,CES,"Average weekly hours, production employees, furniture mfg",2021,7,2021-07,39.2
CEU3133700002,CES,"Average weekly hours, production employees, furniture mfg",2021,8,2021-08,39.8
CEU3133700002,CES,"Average weekly hours, production employees, furniture mfg",2021,9,2021-09,38.8
CEU3133700002,CES,"Average weekly hours, production employees, furniture mfg",2021,10,2021-10,39.4
CEU3133700002,CES,"Average weekly hours, production employees, furniture mfg",2021,11,2021-11,39.3
CEU3133700002,CES,"Average weekly hours, production employees, furniture mfg",2021,12,2021-12,39.3
CEU3133700002,CES,"Average weekly hours, production employees, furniture mfg",2022,1,2022-01,38.7
CEU3133700002,CES,"Average weekly hours, production employees, furniture mfg",2022,2,2022-02,39.7
CEU3133700002,CES,"Average weekly hours, production employees, furniture mfg",2022,3,2022-03,39.2
CEU3133700002,CES,"Average weekly hours, production employees, furniture mfg",2022,4,2022-04,38.4
CEU3133700002,CES,"Average weekly hours, production employees, furniture mfg",2022,5,2022-05,38.8
CEU3133700002,CES,"Average weekly hours, production employees, furniture mfg",2022,6,2022-06,38.9
CEU3133700002,CES,"Average weekly hours, production employees, furniture mfg",2022,7,2022-07,38.5
CEU3133700002,CES,"Average weekly hours, production employees, furniture mfg",2022,8,2022-08,38.6
CEU3133700002,CES,"Average weekly hours, production employees, furniture mfg",2022,9,2022-09,38.6
CEU3133700002,CES,"Average weekly hours, production employees, furniture mfg",2022,10,2022-10,38.6
CEU3133700002,CES,"Average weekly hours, production employees, furniture mfg",2022,11,2022-11,37.9
CEU3133700002,CES,"Average weekly hours, production employees, furniture mfg",2022,12,2022-12,38.5
CEU3133700002,CES,"Average weekly hours, production employees, furniture mfg",2023,1,2023-01,38.3
CEU3133700002,CES,"Average weekly hours, production employees, furniture mfg",2023,2,2023-02,38.5
CEU3133700002,CES,"Average weekly hours, production employees, furniture mfg",2023,3,2023-03,38.2
CEU3133700002,CES,"Average weekly hours, production employees, furniture mfg",2023,4,2023-04,38.1
CEU3133700002,CES,"Average weekly hours, production employees, furniture mfg",2023,5,2023-05,37.8
CEU3133700002,CES,"Average weekly hours, production employees, furniture mfg",2023,6,2023-06,38.3
CEU3133700002,CES,"Average weekly hours, production employees, furniture mfg",2023,7,2023-07,37.8
CEU3133700002,CES,"Average weekly hours, production employees, furniture mfg",2023,8,2023-08,38.2
CEU3133700002,CES,"Average weekly hours, production employees, furniture mfg",2023,9,2023-09,38.2
CEU3133700002,CES,"Average weekly hours, production employees, furniture mfg",2023,10,2023-10,38.1
CEU3133700002,CES,"Average weekly hours, production employees, furniture mfg",2023,11,2023-11,38.0
CEU3133700002,CES,"Average weekly hours, production employees, furniture mfg",2023,12,2023-12,38.3
CEU3133700002,CES,"Average weekly hours, production employees, furniture mfg",2024,1,2024-01,37.5
CEU3133700002,CES,"Average weekly hours, production employees, furniture mfg",2024,2,2024-02,38.0
CEU3133700002,CES,"Average weekly hours, production employees, furniture mfg",2024,3,2024-03,38.0
CEU3133700002,CES,"Average weekly hours, production employees, furniture mfg",2024,4,2024-04,38.1
CEU3133700002,CES,"Average weekly hours, production employees, furniture mfg",2024,5,2024-05,37.8
CEU3133700002,CES,"Average weekly hours, production employees, furniture mfg",2024,6,2024-06,38.6
CEU3133700002,CES,"Average weekly hours, production employees, furniture mfg",2024,7,2024-07,37.9
CEU3133700002,CES,"Average weekly hours, production employees, furniture mfg",2024,8,2024-08,38.7
CEU3133700002,CES,"Average weekly hours, production employees, furniture mfg",2024,9,2024-09,38.5
CEU3133700002,CES,"Average weekly hours, production employees, furniture mfg",2024,10,2024-10,38.0
CEU3133700002,CES,"Average weekly hours, production employees, furniture mfg",2024,11,2024-11,38.4
CEU3133700002,CES,"Average weekly hours, production employees, furniture mfg",2024,12,2024-12,38.9
CEU3133700002,CES,"Average weekly hours, production employees, furniture mfg",2025,1,2025-01,38.5
CEU3133700002,CES,"Average weekly hours, production employees, furniture mfg",2025,2,2025-02,38.2
CEU3133700002,CES,"Average weekly hours, production employees, furniture mfg",2025,3,2025-03,38.4
CEU3133700002,CES,"Average weekly hours, production employees, furniture mfg",2025,4,2025-04,38.5
CEU3133700002,CES,"Average weekly hours, production employees, furniture mfg",2025,5,2025-05,38.6
CEU3133700002,CES,"Average weekly hours, production employees, furniture mfg",2025,6,2025-06,39.4
CEU3133700002,CES,"Average weekly hours, production employees, furniture mfg",2025,7,2025-07,38.8
CEU3133700002,CES,"Average weekly hours, production employees, furniture mfg",2025,8,2025-08,38.8
CEU3133700002,CES,"Average weekly hours, production employees, furniture mfg",2025,9,2025-09,39.4
CEU3133700002,CES,"Average weekly hours, production employees, furniture mfg",2025,10,2025-10,38.2
CEU3133700002,CES,"Average weekly hours, production employees, furniture mfg",2025,11,2025-11,38.5
CEU3133700002,CES,"Average weekly hours, production employees, furniture mfg",2025,12,2025-12,39.1
CEU3133700002,CES,"Average weekly hours, production employees, furniture mfg",2026,1,2026-01,38.8
CEU3133700002,CES,"Average weekly hours, production employees, furniture mfg",2026,2,2026-02,39.1
CEU3133700002,CES,"Average weekly hours, production employees, furniture mfg",2026,3,2026-03,39.0
CEU3133700002,CES,"Average weekly hours, production employees, furniture mfg",2026,4,2026-04,38.7
CEU3133700002,CES,"Average weekly hours, production employees, furniture mfg",2026,5,2026-05,38.8
CEU3133700002,CES,"Average weekly hours, production employees, furniture mfg",2026,6,2026-06,39.3
CEU3133700002,CES,"Average weekly hours, production employees, furniture mfg",2026,7,2026-07,39.7
CEU3133700008,CES,"Average hourly earnings, production employees, furniture mfg",2017,1,2017-01,17.34
CEU3133700008,CES,"Average hourly earnings, production employees, furniture mfg",2017,2,2017-02,17.3
CEU3133700008,CES,"Average hourly earnings, production employees, furniture mfg",2017,3,2017-03,17.27
CEU3133700008,CES,"Average hourly earnings, production employees, furniture mfg",2017,4,2017-04,17.43
CEU3133700008,CES,"Average hourly earnings, production employees, furniture mfg",2017,5,2017-05,17.38
CEU3133700008,CES,"Average hourly earnings, production employees, furniture mfg",2017,6,2017-06,17.38
CEU3133700008,CES,"Average hourly earnings, production employees, furniture mfg",2017,7,2017-07,17.5
CEU3133700008,CES,"Average hourly earnings, production employees, furniture mfg",2017,8,2017-08,17.58
CEU3133700008,CES,"Average hourly earnings, production employees, furniture mfg",2017,9,2017-09,17.75
CEU3133700008,CES,"Average hourly earnings, production employees, furniture mfg",2017,10,2017-10,17.76
CEU3133700008,CES,"Average hourly earnings, production employees, furniture mfg",2017,11,2017-11,17.8
CEU3133700008,CES,"Average hourly earnings, production employees, furniture mfg",2017,12,2017-12,17.82
CEU3133700008,CES,"Average hourly earnings, production employees, furniture mfg",2018,1,2018-01,17.69
CEU3133700008,CES,"Average hourly earnings, production employees, furniture mfg",2018,2,2018-02,17.7
CEU3133700008,CES,"Average hourly earnings, production employees, furniture mfg",2018,3,2018-03,17.72
CEU3133700008,CES,"Average hourly earnings, production employees, furniture mfg",2018,4,2018-04,17.73
CEU3133700008,CES,"Average hourly earnings, production employees, furniture mfg",2018,5,2018-05,17.82
CEU3133700008,CES,"Average hourly earnings, production employees, furniture mfg",2018,6,2018-06,17.81
CEU3133700008,CES,"Average hourly earnings, production employees, furniture mfg",2018,7,2018-07,17.84
CEU3133700008,CES,"Average hourly earnings, production employees, furniture mfg",2018,8,2018-08,18.04
CEU3133700008,CES,"Average hourly earnings, production employees, furniture mfg",2018,9,2018-09,18.06
CEU3133700008,CES,"Average hourly earnings, production employees, furniture mfg",2018,10,2018-10,17.96
CEU3133700008,CES,"Average hourly earnings, production employees, furniture mfg",2018,11,2018-11,17.92
CEU3133700008,CES,"Average hourly earnings, production employees, furniture mfg",2018,12,2018-12,18.1
CEU3133700008,CES,"Average hourly earnings, production employees, furniture mfg",2019,1,2019-01,18.16
CEU3133700008,CES,"Average hourly earnings, production employees, furniture mfg",2019,2,2019-02,18.07
CEU3133700008,CES,"Average hourly earnings, production employees, furniture mfg",2019,3,2019-03,18.19
CEU3133700008,CES,"Average hourly earnings, production employees, furniture mfg",2019,4,2019-04,18.1
CEU3133700008,CES,"Average hourly earnings, production employees, furniture mfg",2019,5,2019-05,18.23
CEU3133700008,CES,"Average hourly earnings, production employees, furniture mfg",2019,6,2019-06,18.21
CEU3133700008,CES,"Average hourly earnings, production employees, furniture mfg",2019,7,2019-07,18.24
CEU3133700008,CES,"Average hourly earnings, production employees, furniture mfg",2019,8,2019-08,18.6
CEU3133700008,CES,"Average hourly earnings, production employees, furniture mfg",2019,9,2019-09,18.62
CEU3133700008,CES,"Average hourly earnings, production employees, furniture mfg",2019,10,2019-10,18.52
CEU3133700008,CES,"Average hourly earnings, production employees, furniture mfg",2019,11,2019-11,18.44
CEU3133700008,CES,"Average hourly earnings, production employees, furniture mfg",2019,12,2019-12,18.64
CEU3133700008,CES,"Average hourly earnings, production employees, furniture mfg",2020,1,2020-01,18.59
CEU3133700008,CES,"Average hourly earnings, production employees, furniture mfg",2020,2,2020-02,18.57
CEU3133700008,CES,"Average hourly earnings, production employees, furniture mfg",2020,3,2020-03,18.68
CEU3133700008,CES,"Average hourly earnings, production employees, furniture mfg",2020,4,2020-04,18.72
CEU3133700008,CES,"Average hourly earnings, production employees, furniture mfg",2020,5,2020-05,19.27
CEU3133700008,CES,"Average hourly earnings, production employees, furniture mfg",2020,6,2020-06,19.17
CEU3133700008,CES,"Average hourly earnings, production employees, furniture mfg",2020,7,2020-07,19.12
CEU3133700008,CES,"Average hourly earnings, production employees, furniture mfg",2020,8,2020-08,19.05
CEU3133700008,CES,"Average hourly earnings, production employees, furniture mfg",2020,9,2020-09,19.22
CEU3133700008,CES,"Average hourly earnings, production employees, furniture mfg",2020,10,2020-10,19.2
CEU3133700008,CES,"Average hourly earnings, production employees, furniture mfg",2020,11,2020-11,19.19
CEU3133700008,CES,"Average hourly earnings, production employees, furniture mfg",2020,12,2020-12,19.45
CEU3133700008,CES,"Average hourly earnings, production employees, furniture mfg",2021,1,2021-01,19.25
CEU3133700008,CES,"Average hourly earnings, production employees, furniture mfg",2021,2,2021-02,19.46
CEU3133700008,CES,"Average hourly earnings, production employees, furniture mfg",2021,3,2021-03,19.13
CEU3133700008,CES,"Average hourly earnings, production employees, furniture mfg",2021,4,2021-04,19.26
CEU3133700008,CES,"Average hourly earnings, production employees, furniture mfg",2021,5,2021-05,19.29
CEU3133700008,CES,"Average hourly earnings, production employees, furniture mfg",2021,6,2021-06,19.3
CEU3133700008,CES,"Average hourly earnings, production employees, furniture mfg",2021,7,2021-07,19.38
CEU3133700008,CES,"Average hourly earnings, production employees, furniture mfg",2021,8,2021-08,19.55
CEU3133700008,CES,"Average hourly earnings, production employees, furniture mfg",2021,9,2021-09,19.94
CEU3133700008,CES,"Average hourly earnings, production employees, furniture mfg",2021,10,2021-10,20.1
CEU3133700008,CES,"Average hourly earnings, production employees, furniture mfg",2021,11,2021-11,20.53
CEU3133700008,CES,"Average hourly earnings, production employees, furniture mfg",2021,12,2021-12,20.56
CEU3133700008,CES,"Average hourly earnings, production employees, furniture mfg",2022,1,2022-01,20.85
CEU3133700008,CES,"Average hourly earnings, production employees, furniture mfg",2022,2,2022-02,20.96
CEU3133700008,CES,"Average hourly earnings, production employees, furniture mfg",2022,3,2022-03,20.85
CEU3133700008,CES,"Average hourly earnings, production employees, furniture mfg",2022,4,2022-04,20.97
CEU3133700008,CES,"Average hourly earnings, production employees, furniture mfg",2022,5,2022-05,21.37
CEU3133700008,CES,"Average hourly earnings, production employees, furniture mfg",2022,6,2022-06,21.41
CEU3133700008,CES,"Average hourly earnings, production employees, furniture mfg",2022,7,2022-07,21.39
CEU3133700008,CES,"Average hourly earnings, production employees, furniture mfg",2022,8,2022-08,21.63
CEU3133700008,CES,"Average hourly earnings, production employees, furniture mfg",2022,9,2022-09,21.76
CEU3133700008,CES,"Average hourly earnings, production employees, furniture mfg",2022,10,2022-10,21.95
CEU3133700008,CES,"Average hourly earnings, production employees, furniture mfg",2022,11,2022-11,22.12
CEU3133700008,CES,"Average hourly earnings, production employees, furniture mfg",2022,12,2022-12,22.36
CEU3133700008,CES,"Average hourly earnings, production employees, furniture mfg",2023,1,2023-01,22.71
CEU3133700008,CES,"Average hourly earnings, production employees, furniture mfg",2023,2,2023-02,22.56
CEU3133700008,CES,"Average hourly earnings, production employees, furniture mfg",2023,3,2023-03,22.46
CEU3133700008,CES,"Average hourly earnings, production employees, furniture mfg",2023,4,2023-04,22.54
CEU3133700008,CES,"Average hourly earnings, production employees, furniture mfg",2023,5,2023-05,22.52
CEU3133700008,CES,"Average hourly earnings, production employees, furniture mfg",2023,6,2023-06,22.48
CEU3133700008,CES,"Average hourly earnings, production employees, furniture mfg",2023,7,2023-07,22.78
CEU3133700008,CES,"Average hourly earnings, production employees, furniture mfg",2023,8,2023-08,22.87
CEU3133700008,CES,"Average hourly earnings, production employees, furniture mfg",2023,9,2023-09,23.01
CEU3133700008,CES,"Average hourly earnings, production employees, furniture mfg",2023,10,2023-10,23.17
CEU3133700008,CES,"Average hourly earnings, production employees, furniture mfg",2023,11,2023-11,23.03
CEU3133700008,CES,"Average hourly earnings, production employees, furniture mfg",2023,12,2023-12,22.92
CEU3133700008,CES,"Average hourly earnings, production employees, furniture mfg",2024,1,2024-01,22.96
CEU3133700008,CES,"Average hourly earnings, production employees, furniture mfg",2024,2,2024-02,22.97
CEU3133700008,CES,"Average hourly earnings, production employees, furniture mfg",2024,3,2024-03,23.16
CEU3133700008,CES,"Average hourly earnings, production employees, furniture mfg",2024,4,2024-04,23.43
CEU3133700008,CES,"Average hourly earnings, production employees, furniture mfg",2024,5,2024-05,23.2
CEU3133700008,CES,"Average hourly earnings, production employees, furniture mfg",2024,6,2024-06,23.16
CEU3133700008,CES,"Average hourly earnings, production employees, furniture mfg",2024,7,2024-07,23.46
CEU3133700008,CES,"Average hourly earnings, production employees, furniture mfg",2024,8,2024-08,23.62
CEU3133700008,CES,"Average hourly earnings, production employees, furniture mfg",2024,9,2024-09,23.62
CEU3133700008,CES,"Average hourly earnings, production employees, furniture mfg",2024,10,2024-10,24.04
CEU3133700008,CES,"Average hourly earnings, production employees, furniture mfg",2024,11,2024-11,23.77
CEU3133700008,CES,"Average hourly earnings, production employees, furniture mfg",2024,12,2024-12,23.78
CEU3133700008,CES,"Average hourly earnings, production employees, furniture mfg",2025,1,2025-01,23.8
CEU3133700008,CES,"Average hourly earnings, production employees, furniture mfg",2025,2,2025-02,23.74
CEU3133700008,CES,"Average hourly earnings, production employees, furniture mfg",2025,3,2025-03,23.84
CEU3133700008,CES,"Average hourly earnings, production employees, furniture mfg",2025,4,2025-04,23.88
CEU3133700008,CES,"Average hourly earnings, production employees, furniture mfg",2025,5,2025-05,23.89
CEU3133700008,CES,"Average hourly earnings, production employees, furniture mfg",2025,6,2025-06,23.81
CEU3133700008,CES,"Average hourly earnings, production employees, furniture mfg",2025,7,2025-07,24.06
CEU3133700008,CES,"Average hourly earnings, production employees, furniture mfg",2025,8,2025-08,24.14
CEU3133700008,CES,"Average hourly earnings, production employees, furniture mfg",2025,9,2025-09,24.15
CEU3133700008,CES,"Average hourly earnings, production employees, furniture mfg",2025,10,2025-10,23.95
CEU3133700008,CES,"Average hourly earnings, production employees, furniture mfg",2025,11,2025-11,24.06
CEU3133700008,CES,"Average hourly earnings, production employees, furniture mfg",2025,12,2025-12,24.32
CEU3133700008,CES,"Average hourly earnings, production employees, furniture mfg",2026,1,2026-01,24.04
CEU3133700008,CES,"Average hourly earnings, production employees, furniture mfg",2026,2,2026-02,24.24
CEU3133700008,CES,"Average hourly earnings, production employees, furniture mfg",2026,3,2026-03,24.22
CEU3133700008,CES,"Average hourly earnings, production employees, furniture mfg",2026,4,2026-04,24.31
CEU3133700008,CES,"Average hourly earnings, production employees, furniture mfg",2026,5,2026-05,24.56
CEU3133700008,CES,"Average hourly earnings, production employees, furniture mfg",2026,6,2026-06,24.68
CEU3133700008,CES,"Average hourly earnings, production employees, furniture mfg",2026,7,2026-07,25.08
CUUR0000SEHM,CPI,Furniture and bedding (US city average),2017,1,2017-01,89.965
CUUR0000SEHM,CPI,Furniture and bedding (US city average),2017,2,2017-02,90.003
CUUR0000SEHM,CPI,Furniture and bedding (US city average),2017,3,2017-03,90.132
CUUR0000SEHM,CPI,Furniture and bedding (US city average),2017,4,2017-04,90.15
CUUR0000SEHM,CPI,Furniture and bedding (US city average),2017,5,2017-05,90.424
CUUR0000SEHM,CPI,Furniture and bedding (US city average),2017,6,2017-06,90.142
CUUR0000SEHM,CPI,Furniture and bedding (US city average),2017,7,2017-07,89.685
CUUR0000SEHM,CPI,Furniture and bedding (US city average),2017,8,2017-08,89.05
CUUR0000SEHM,CPI,Furniture and bedding (US city average),2017,9,2017-09,88.566
CUUR0000SEHM,CPI,Furniture and bedding (US city average),2017,10,2017-10,88.965
CUUR0000SEHM,CPI,Furniture and bedding (US city average),2017,11,2017-11,89.2
CUUR0000SEHM,CPI,Furniture and bedding (US city average),2017,12,2017-12,88.625
CUUR0000SEHM,CPI,Furniture and bedding (US city average),2018,1,2018-01,89.134
CUUR0000SEHM,CPI,Furniture and bedding (US city average),2018,2,2018-02,89.789
CUUR0000SEHM,CPI,Furniture and bedding (US city average),2018,3,2018-03,90.136
CUUR0000SEHM,CPI,Furniture and bedding (US city average),2018,4,2018-04,90.313
CUUR0000SEHM,CPI,Furniture and bedding (US city average),2018,5,2018-05,89.58
CUUR0000SEHM,CPI,Furniture and bedding (US city average),2018,6,2018-06,89.473
CUUR0000SEHM,CPI,Furniture and bedding (US city average),2018,7,2018-07,89.624
CUUR0000SEHM,CPI,Furniture and bedding (US city average),2018,8,2018-08,89.172
CUUR0000SEHM,CPI,Furniture and bedding (US city average),2018,9,2018-09,89.145
CUUR0000SEHM,CPI,Furniture and bedding (US city average),2018,10,2018-10,89.29
CUUR0000SEHM,CPI,Furniture and bedding (US city average),2018,11,2018-11,89.094
CUUR0000SEHM,CPI,Furniture and bedding (US city average),2018,12,2018-12,89.619
CUUR0000SEHM,CPI,Furniture and bedding (US city average),2019,1,2019-01,90.537
CUUR0000SEHM,CPI,Furniture and bedding (US city average),2019,2,2019-02,91.566
CUUR0000SEHM,CPI,Furniture and bedding (US city average),2019,3,2019-03,91.232
CUUR0000SEHM,CPI,Furniture and bedding (US city average),2019,4,2019-04,90.607
CUUR0000SEHM,CPI,Furniture and bedding (US city average),2019,5,2019-05,90.372
CUUR0000SEHM,CPI,Furniture and bedding (US city average),2019,6,2019-06,90.425
CUUR0000SEHM,CPI,Furniture and bedding (US city average),2019,7,2019-07,90.838
CUUR0000SEHM,CPI,Furniture and bedding (US city average),2019,8,2019-08,91.195
CUUR0000SEHM,CPI,Furniture and bedding (US city average),2019,9,2019-09,91.687
CUUR0000SEHM,CPI,Furniture and bedding (US city average),2019,10,2019-10,91.484
CUUR0000SEHM,CPI,Furniture and bedding (US city average),2019,11,2019-11,90.424
CUUR0000SEHM,CPI,Furniture and bedding (US city average),2019,12,2019-12,90.42
CUUR0000SEHM,CPI,Furniture and bedding (US city average),2020,1,2020-01,90.925
CUUR0000SEHM,CPI,Furniture and bedding (US city average),2020,2,2020-02,91.3
CUUR0000SEHM,CPI,Furniture and bedding (US city average),2020,3,2020-03,91.602
CUUR0000SEHM,CPI,Furniture and bedding (US city average),2020,4,2020-04,92.062
CUUR0000SEHM,CPI,Furniture and bedding (US city average),2020,5,2020-05,92.333
CUUR0000SEHM,CPI,Furniture and bedding (US city average),2020,6,2020-06,93.034
CUUR0000SEHM,CPI,Furniture and bedding (US city average),2020,7,2020-07,92.889
CUUR0000SEHM,CPI,Furniture and bedding (US city average),2020,8,2020-08,92.926
CUUR0000SEHM,CPI,Furniture and bedding (US city average),2020,9,2020-09,93.188
CUUR0000SEHM,CPI,Furniture and bedding (US city average),2020,10,2020-10,93.251
CUUR0000SEHM,CPI,Furniture and bedding (US city average),2020,11,2020-11,93.573
CUUR0000SEHM,CPI,Furniture and bedding (US city average),2020,12,2020-12,93.749
CUUR0000SEHM,CPI,Furniture and bedding (US city average),2021,1,2021-01,92.441
CUUR0000SEHM,CPI,Furniture and bedding (US city average),2021,2,2021-02,93.046
CUUR0000SEHM,CPI,Furniture and bedding (US city average),2021,3,2021-03,93.636
CUUR0000SEHM,CPI,Furniture and bedding (US city average),2021,4,2021-04,93.601
CUUR0000SEHM,CPI,Furniture and bedding (US city average),2021,5,2021-05,94.921
CUUR0000SEHM,CPI,Furniture and bedding (US city average),2021,6,2021-06,95.255
CUUR0000SEHM,CPI,Furniture and bedding (US city average),2021,7,2021-07,95.124
CUUR0000SEHM,CPI,Furniture and bedding (US city average),2021,8,2021-08,95.479
CUUR0000SEHM,CPI,Furniture and bedding (US city average),2021,9,2021-09,96.124
CUUR0000SEHM,CPI,Furniture and bedding (US city average),2021,10,2021-10,99.181
CUUR0000SEHM,CPI,Furniture and bedding (US city average),2021,11,2021-11,100.055
CUUR0000SEHM,CPI,Furniture and bedding (US city average),2021,12,2021-12,100.522
CUUR0000SEHM,CPI,Furniture and bedding (US city average),2022,1,2022-01,102.35
CUUR0000SEHM,CPI,Furniture and bedding (US city average),2022,2,2022-02,102.933
CUUR0000SEHM,CPI,Furniture and bedding (US city average),2022,3,2022-03,103.766
CUUR0000SEHM,CPI,Furniture and bedding (US city average),2022,4,2022-04,104.103
CUUR0000SEHM,CPI,Furniture and bedding (US city average),2022,5,2022-05,105.362
CUUR0000SEHM,CPI,Furniture and bedding (US city average),2022,6,2022-06,105.23
CUUR0000SEHM,CPI,Furniture and bedding (US city average),2022,7,2022-07,105.362
CUUR0000SEHM,CPI,Furniture and bedding (US city average),2022,8,2022-08,106.653
CUUR0000SEHM,CPI,Furniture and bedding (US city average),2022,9,2022-09,108.115
CUUR0000SEHM,CPI,Furniture and bedding (US city average),2022,10,2022-10,109.181
CUUR0000SEHM,CPI,Furniture and bedding (US city average),2022,11,2022-11,110.04
CUUR0000SEHM,CPI,Furniture and bedding (US city average),2022,12,2022-12,111.158
CUUR0000SEHM,CPI,Furniture and bedding (US city average),2023,1,2023-01,112.205
CUUR0000SEHM,CPI,Furniture and bedding (US city average),2023,2,2023-02,115.078
CUUR0000SEHM,CPI,Furniture and bedding (US city average),2023,3,2023-03,115.515
CUUR0000SEHM,CPI,Furniture and bedding (US city average),2023,4,2023-04,115.183
CUUR0000SEHM,CPI,Furniture and bedding (US city average),2023,5,2023-05,114.653
CUUR0000SEHM,CPI,Furniture and bedding (US city average),2023,6,2023-06,114.498
CUUR0000SEHM,CPI,Furniture and bedding (US city average),2023,7,2023-07,113.166
CUUR0000SEHM,CPI,Furniture and bedding (US city average),2023,8,2023-08,114.498
CUUR0000SEHM,CPI,Furniture and bedding (US city average),2023,9,2023-09,114.952
CUUR0000SEHM,CPI,Furniture and bedding (US city average),2023,10,2023-10,113.791
CUUR0000SEHM,CPI,Furniture and bedding (US city average),2023,11,2023-11,113.159
CUUR0000SEHM,CPI,Furniture and bedding (US city average),2023,12,2023-12,112.161
CUUR0000SEHM,CPI,Furniture and bedding (US city average),2024,1,2024-01,111.346
CUUR0000SEHM,CPI,Furniture and bedding (US city average),2024,2,2024-02,111.366
CUUR0000SEHM,CPI,Furniture and bedding (US city average),2024,3,2024-03,111.205
CUUR0000SEHM,CPI,Furniture and bedding (US city average),2024,4,2024-04,110.476
CUUR0000SEHM,CPI,Furniture and bedding (US city average),2024,5,2024-05,110.882
CUUR0000SEHM,CPI,Furniture and bedding (US city average),2024,6,2024-06,110.769
CUUR0000SEHM,CPI,Furniture and bedding (US city average),2024,7,2024-07,111.002
CUUR0000SEHM,CPI,Furniture and bedding (US city average),2024,8,2024-08,110.576
CUUR0000SEHM,CPI,Furniture and bedding (US city average),2024,9,2024-09,109.745
CUUR0000SEHM,CPI,Furniture and bedding (US city average),2024,10,2024-10,110.14
CUUR0000SEHM,CPI,Furniture and bedding (US city average),2024,11,2024-11,110.287
CUUR0000SEHM,CPI,Furniture and bedding (US city average),2024,12,2024-12,109.85
CUUR0000SEHM,CPI,Furniture and bedding (US city average),2025,1,2025-01,110.522
CUUR0000SEHM,CPI,Furniture and bedding (US city average),2025,2,2025-02,111.568
CUUR0000SEHM,CPI,Furniture and bedding (US city average),2025,3,2025-03,111.159
CUUR0000SEHM,CPI,Furniture and bedding (US city average),2025,4,2025-04,111.292
CUUR0000SEHM,CPI,Furniture and bedding (US city average),2025,5,2025-05,111.967
CUUR0000SEHM,CPI,Furniture and bedding (US city average),2025,6,2025-06,112.158
CUUR0000SEHM,CPI,Furniture and bedding (US city average),2025,7,2025-07,113.904
CUUR0000SEHM,CPI,Furniture and bedding (US city average),2025,8,2025-08,114.837
CUUR0000SEHM,CPI,Furniture and bedding (US city average),2025,9,2025-09,114.462
CUUR0000SEHM,CPI,Furniture and bedding (US city average),2025,11,2025-11,114.355
CUUR0000SEHM,CPI,Furniture and bedding (US city average),2025,12,2025-12,115.792
CUUR0000SEHM,CPI,Furniture and bedding (US city average),2026,1,2026-01,116.74
CUUR0000SEHM,CPI,Furniture and bedding (US city average),2026,2,2026-02,116.889
CUUR0000SEHM,CPI,Furniture and bedding (US city average),2026,3,2026-03,117.813
CUUR0000SEHM,CPI,Furniture and bedding (US city average),2026,4,2026-04,116.895
CUUR0000SEHM,CPI,Furniture and bedding (US city average),2026,5,2026-05,116.16
CUUR0000SEHM,CPI,Furniture and bedding (US city average),2026,6,2026-06,115.446
CUUR0000SEHM,CPI,Furniture and bedding (US city average),2026,7,2026-07,115.701
CUUR0000SEHM01,CPI,"Living room, kitchen and dining room furniture",2017,1,2017-01,97.625
CUUR0000SEHM01,CPI,"Living room, kitchen and dining room furniture",2017,2,2017-02,97.728
CUUR0000SEHM01,CPI,"Living room, kitchen and dining room furniture",2017,3,2017-03,97.637
CUUR0000SEHM01,CPI,"Living room, kitchen and dining room furniture",2017,4,2017-04,97.849
CUUR0000SEHM01,CPI,"Living room, kitchen and dining room furniture",2017,5,2017-05,98.498
CUUR0000SEHM01,CPI,"Living room, kitchen and dining room furniture",2017,6,2017-06,98.405
CUUR0000SEHM01,CPI,"Living room, kitchen and dining room furniture",2017,7,2017-07,98.127
CUUR0000SEHM01,CPI,"Living room, kitchen and dining room furniture",2017,8,2017-08,97.919
CUUR0000SEHM01,CPI,"Living room, kitchen and dining room furniture",2017,9,2017-09,97.821
CUUR0000SEHM01,CPI,"Living room, kitchen and dining room furniture",2017,10,2017-10,98.023
CUUR0000SEHM01,CPI,"Living room, kitchen and dining room furniture",2017,11,2017-11,97.695
CUUR0000SEHM01,CPI,"Living room, kitchen and dining room furniture",2017,12,2017-12,97.01
CUUR0000SEHM01,CPI,"Living room, kitchen and dining room furniture",2018,1,2018-01,97.8
CUUR0000SEHM01,CPI,"Living room, kitchen and dining room furniture",2018,2,2018-02,98.927
CUUR0000SEHM01,CPI,"Living room, kitchen and dining room furniture",2018,3,2018-03,99.023
CUUR0000SEHM01,CPI,"Living room, kitchen and dining room furniture",2018,4,2018-04,99.195
CUUR0000SEHM01,CPI,"Living room, kitchen and dining room furniture",2018,5,2018-05,98.292
CUUR0000SEHM01,CPI,"Living room, kitchen and dining room furniture",2018,6,2018-06,98.72
CUUR0000SEHM01,CPI,"Living room, kitchen and dining room furniture",2018,7,2018-07,98.785
CUUR0000SEHM01,CPI,"Living room, kitchen and dining room furniture",2018,8,2018-08,98.015
CUUR0000SEHM01,CPI,"Living room, kitchen and dining room furniture",2018,9,2018-09,98.727
CUUR0000SEHM01,CPI,"Living room, kitchen and dining room furniture",2018,10,2018-10,98.372
CUUR0000SEHM01,CPI,"Living room, kitchen and dining room furniture",2018,11,2018-11,97.426
CUUR0000SEHM01,CPI,"Living room, kitchen and dining room furniture",2018,12,2018-12,98.982
CUUR0000SEHM01,CPI,"Living room, kitchen and dining room furniture",2019,1,2019-01,99.876
CUUR0000SEHM01,CPI,"Living room, kitchen and dining room furniture",2019,2,2019-02,100.679
CUUR0000SEHM01,CPI,"Living room, kitchen and dining room furniture",2019,3,2019-03,99.988
CUUR0000SEHM01,CPI,"Living room, kitchen and dining room furniture",2019,4,2019-04,99.355
CUUR0000SEHM01,CPI,"Living room, kitchen and dining room furniture",2019,5,2019-05,99.76
CUUR0000SEHM01,CPI,"Living room, kitchen and dining room furniture",2019,6,2019-06,100.294
CUUR0000SEHM01,CPI,"Living room, kitchen and dining room furniture",2019,7,2019-07,100.125
CUUR0000SEHM01,CPI,"Living room, kitchen and dining room furniture",2019,8,2019-08,99.996
CUUR0000SEHM01,CPI,"Living room, kitchen and dining room furniture",2019,9,2019-09,100.587
CUUR0000SEHM01,CPI,"Living room, kitchen and dining room furniture",2019,10,2019-10,100.345
CUUR0000SEHM01,CPI,"Living room, kitchen and dining room furniture",2019,11,2019-11,98.118
CUUR0000SEHM01,CPI,"Living room, kitchen and dining room furniture",2019,12,2019-12,97.398
CUUR0000SEHM01,CPI,"Living room, kitchen and dining room furniture",2020,1,2020-01,98.404
CUUR0000SEHM01,CPI,"Living room, kitchen and dining room furniture",2020,2,2020-02,99.017
CUUR0000SEHM01,CPI,"Living room, kitchen and dining room furniture",2020,3,2020-03,99.638
CUUR0000SEHM01,CPI,"Living room, kitchen and dining room furniture",2020,4,2020-04,100.068
CUUR0000SEHM01,CPI,"Living room, kitchen and dining room furniture",2020,5,2020-05,99.755
CUUR0000SEHM01,CPI,"Living room, kitchen and dining room furniture",2020,6,2020-06,100.082
CUUR0000SEHM01,CPI,"Living room, kitchen and dining room furniture",2020,7,2020-07,100.52
CUUR0000SEHM01,CPI,"Living room, kitchen and dining room furniture",2020,8,2020-08,100.979
CUUR0000SEHM01,CPI,"Living room, kitchen and dining room furniture",2020,9,2020-09,102.259
CUUR0000SEHM01,CPI,"Living room, kitchen and dining room furniture",2020,10,2020-10,102.396
CUUR0000SEHM01,CPI,"Living room, kitchen and dining room furniture",2020,11,2020-11,100.491
CUUR0000SEHM01,CPI,"Living room, kitchen and dining room furniture",2020,12,2020-12,100.602
CUUR0000SEHM01,CPI,"Living room, kitchen and dining room furniture",2021,1,2021-01,100.718
CUUR0000SEHM01,CPI,"Living room, kitchen and dining room furniture",2021,2,2021-02,101.634
CUUR0000SEHM01,CPI,"Living room, kitchen and dining room furniture",2021,3,2021-03,103.275
CUUR0000SEHM01,CPI,"Living room, kitchen and dining room furniture",2021,4,2021-04,102.811
CUUR0000SEHM01,CPI,"Living room, kitchen and dining room furniture",2021,5,2021-05,103.052
CUUR0000SEHM01,CPI,"Living room, kitchen and dining room furniture",2021,6,2021-06,104.002
CUUR0000SEHM01,CPI,"Living room, kitchen and dining room furniture",2021,7,2021-07,104.046
CUUR0000SEHM01,CPI,"Living room, kitchen and dining room furniture",2021,8,2021-08,106.166
CUUR0000SEHM01,CPI,"Living room, kitchen and dining room furniture",2021,9,2021-09,107.238
CUUR0000SEHM01,CPI,"Living room, kitchen and dining room furniture",2021,10,2021-10,106.507
CUUR0000SEHM01,CPI,"Living room, kitchen and dining room furniture",2021,11,2021-11,106.478
CUUR0000SEHM01,CPI,"Living room, kitchen and dining room furniture",2021,12,2021-12,106.869
CUUR0000SEHM01,CPI,"Living room, kitchen and dining room furniture",2022,1,2022-01,109.426
CUUR0000SEHM01,CPI,"Living room, kitchen and dining room furniture",2022,2,2022-02,110.452
CUUR0000SEHM01,CPI,"Living room, kitchen and dining room furniture",2022,3,2022-03,112.13
CUUR0000SEHM01,CPI,"Living room, kitchen and dining room furniture",2022,4,2022-04,113.48
CUUR0000SEHM01,CPI,"Living room, kitchen and dining room furniture",2022,5,2022-05,114.169
CUUR0000SEHM01,CPI,"Living room, kitchen and dining room furniture",2022,6,2022-06,114.579
CUUR0000SEHM01,CPI,"Living room, kitchen and dining room furniture",2022,7,2022-07,114.493
CUUR0000SEHM01,CPI,"Living room, kitchen and dining room furniture",2022,8,2022-08,116.38
CUUR0000SEHM01,CPI,"Living room, kitchen and dining room furniture",2022,9,2022-09,119.473
CUUR0000SEHM01,CPI,"Living room, kitchen and dining room furniture",2022,10,2022-10,121.114
CUUR0000SEHM01,CPI,"Living room, kitchen and dining room furniture",2022,11,2022-11,120.121
CUUR0000SEHM01,CPI,"Living room, kitchen and dining room furniture",2022,12,2022-12,121.588
CUUR0000SEHM01,CPI,"Living room, kitchen and dining room furniture",2023,1,2023-01,122.305
CUUR0000SEHM01,CPI,"Living room, kitchen and dining room furniture",2023,2,2023-02,123.353
CUUR0000SEHM01,CPI,"Living room, kitchen and dining room furniture",2023,3,2023-03,124.47
CUUR0000SEHM01,CPI,"Living room, kitchen and dining room furniture",2023,4,2023-04,123.619
CUUR0000SEHM01,CPI,"Living room, kitchen and dining room furniture",2023,5,2023-05,122.659
CUUR0000SEHM01,CPI,"Living room, kitchen and dining room furniture",2023,6,2023-06,121.745
CUUR0000SEHM01,CPI,"Living room, kitchen and dining room furniture",2023,7,2023-07,121.402
CUUR0000SEHM01,CPI,"Living room, kitchen and dining room furniture",2023,8,2023-08,122.824
CUUR0000SEHM01,CPI,"Living room, kitchen and dining room furniture",2023,9,2023-09,124.527
CUUR0000SEHM01,CPI,"Living room, kitchen and dining room furniture",2023,10,2023-10,123.609
CUUR0000SEHM01,CPI,"Living room, kitchen and dining room furniture",2023,11,2023-11,123.09
CUUR0000SEHM01,CPI,"Living room, kitchen and dining room furniture",2023,12,2023-12,122.81
CUUR0000SEHM01,CPI,"Living room, kitchen and dining room furniture",2024,1,2024-01,121.184
CUUR0000SEHM01,CPI,"Living room, kitchen and dining room furniture",2024,2,2024-02,121.023
CUUR0000SEHM01,CPI,"Living room, kitchen and dining room furniture",2024,3,2024-03,122.022
CUUR0000SEHM01,CPI,"Living room, kitchen and dining room furniture",2024,4,2024-04,122.623
CUUR0000SEHM01,CPI,"Living room, kitchen and dining room furniture",2024,5,2024-05,122.048
CUUR0000SEHM01,CPI,"Living room, kitchen and dining room furniture",2024,6,2024-06,120.215
CUUR0000SEHM01,CPI,"Living room, kitchen and dining room furniture",2024,7,2024-07,120.138
CUUR0000SEHM01,CPI,"Living room, kitchen and dining room furniture",2024,8,2024-08,119.953
CUUR0000SEHM01,CPI,"Living room, kitchen and dining room furniture",2024,9,2024-09,119.533
CUUR0000SEHM01,CPI,"Living room, kitchen and dining room furniture",2024,10,2024-10,119.409
CUUR0000SEHM01,CPI,"Living room, kitchen and dining room furniture",2024,11,2024-11,120.084
CUUR0000SEHM01,CPI,"Living room, kitchen and dining room furniture",2024,12,2024-12,120.669
CUUR0000SEHM01,CPI,"Living room, kitchen and dining room furniture",2025,1,2025-01,120.185
CUUR0000SEHM01,CPI,"Living room, kitchen and dining room furniture",2025,2,2025-02,120.663
CUUR0000SEHM01,CPI,"Living room, kitchen and dining room furniture",2025,3,2025-03,121.544
CUUR0000SEHM01,CPI,"Living room, kitchen and dining room furniture",2025,4,2025-04,122.957
CUUR0000SEHM01,CPI,"Living room, kitchen and dining room furniture",2025,5,2025-05,123.768
CUUR0000SEHM01,CPI,"Living room, kitchen and dining room furniture",2025,6,2025-06,124.616
CUUR0000SEHM01,CPI,"Living room, kitchen and dining room furniture",2025,7,2025-07,125.766
CUUR0000SEHM01,CPI,"Living room, kitchen and dining room furniture",2025,8,2025-08,126.887
CUUR0000SEHM01,CPI,"Living room, kitchen and dining room furniture",2025,9,2025-09,126.917
CUUR0000SEHM01,CPI,"Living room, kitchen and dining room furniture",2025,11,2025-11,126.806
CUUR0000SEHM01,CPI,"Living room, kitchen and dining room furniture",2025,12,2025-12,126.95
CUUR0000SEHM01,CPI,"Living room, kitchen and dining room furniture",2026,1,2026-01,127.831
CUUR0000SEHM01,CPI,"Living room, kitchen and dining room furniture",2026,2,2026-02,128.611
CUUR0000SEHM01,CPI,"Living room, kitchen and dining room furniture",2026,3,2026-03,131.208
CUUR0000SEHM01,CPI,"Living room, kitchen and dining room furniture",2026,4,2026-04,129.927
CUUR0000SEHM01,CPI,"Living room, kitchen and dining room furniture",2026,5,2026-05,129.821
CUUR0000SEHM01,CPI,"Living room, kitchen and dining room furniture",2026,6,2026-06,130.717
CUUR0000SEHM01,CPI,"Living room, kitchen and dining room furniture",2026,7,2026-07,130.118
PCU321211321211,PPI,Hardwood plywood and veneer,2017,1,2017-01,164.5
PCU321211321211,PPI,Hardwood plywood and veneer,2017,2,2017-02,163.2
PCU321211321211,PPI,Hardwood plywood and veneer,2017,3,2017-03,164.0
PCU321211321211,PPI,Hardwood plywood and veneer,2017,4,2017-04,164.2
PCU321211321211,PPI,Hardwood plywood and veneer,2017,5,2017-05,164.7
PCU321211321211,PPI,Hardwood plywood and veneer,2017,6,2017-06,163.9
PCU321211321211,PPI,Hardwood plywood and veneer,2017,7,2017-07,163.0
PCU321211321211,PPI,Hardwood plywood and veneer,2017,8,2017-08,164.0
PCU321211321211,PPI,Hardwood plywood and veneer,2017,9,2017-09,166.0
PCU321211321211,PPI,Hardwood plywood and veneer,2017,10,2017-10,165.9
PCU321211321211,PPI,Hardwood plywood and veneer,2017,11,2017-11,166.0
PCU321211321211,PPI,Hardwood plywood and veneer,2017,12,2017-12,168.5
PCU321211321211,PPI,Hardwood plywood and veneer,2018,1,2018-01,168.8
PCU321211321211,PPI,Hardwood plywood and veneer,2018,2,2018-02,168.7
PCU321211321211,PPI,Hardwood plywood and veneer,2018,3,2018-03,172.1
PCU321211321211,PPI,Hardwood plywood and veneer,2018,4,2018-04,172.7
PCU321211321211,PPI,Hardwood plywood and veneer,2018,5,2018-05,179.0
PCU321211321211,PPI,Hardwood plywood and veneer,2018,6,2018-06,176.9
PCU321211321211,PPI,Hardwood plywood and veneer,2018,7,2018-07,177.9
PCU321211321211,PPI,Hardwood plywood and veneer,2018,8,2018-08,178.6
PCU321211321211,PPI,Hardwood plywood and veneer,2018,9,2018-09,177.8
PCU321211321211,PPI,Hardwood plywood and veneer,2018,10,2018-10,177.4
PCU321211321211,PPI,Hardwood plywood and veneer,2018,11,2018-11,177.7
PCU321211321211,PPI,Hardwood plywood and veneer,2018,12,2018-12,178.4
PCU321211321211,PPI,Hardwood plywood and veneer,2019,1,2019-01,178.2
PCU321211321211,PPI,Hardwood plywood and veneer,2019,2,2019-02,178.4
PCU321211321211,PPI,Hardwood plywood and veneer,2019,3,2019-03,173.6
PCU321211321211,PPI,Hardwood plywood and veneer,2019,4,2019-04,174.6
PCU321211321211,PPI,Hardwood plywood and veneer,2019,5,2019-05,174.6
PCU321211321211,PPI,Hardwood plywood and veneer,2019,6,2019-06,176.5
PCU321211321211,PPI,Hardwood plywood and veneer,2019,7,2019-07,176.8
PCU321211321211,PPI,Hardwood plywood and veneer,2019,8,2019-08,175.1
PCU321211321211,PPI,Hardwood plywood and veneer,2019,9,2019-09,175.9
PCU321211321211,PPI,Hardwood plywood and veneer,2019,10,2019-10,176.3
PCU321211321211,PPI,Hardwood plywood and veneer,2019,11,2019-11,175.6
PCU321211321211,PPI,Hardwood plywood and veneer,2019,12,2019-12,177.7
PCU321211321211,PPI,Hardwood plywood and veneer,2020,1,2020-01,178.6
PCU321211321211,PPI,Hardwood plywood and veneer,2020,2,2020-02,178.2
PCU321211321211,PPI,Hardwood plywood and veneer,2020,3,2020-03,178.1
PCU321211321211,PPI,Hardwood plywood and veneer,2020,4,2020-04,177.3
PCU321211321211,PPI,Hardwood plywood and veneer,2020,5,2020-05,179.2
PCU321211321211,PPI,Hardwood plywood and veneer,2020,6,2020-06,178.3
PCU321211321211,PPI,Hardwood plywood and veneer,2020,7,2020-07,177.9
PCU321211321211,PPI,Hardwood plywood and veneer,2020,8,2020-08,177.7
PCU321211321211,PPI,Hardwood plywood and veneer,2020,9,2020-09,178.6
PCU321211321211,PPI,Hardwood plywood and veneer,2020,10,2020-10,177.3
PCU321211321211,PPI,Hardwood plywood and veneer,2020,11,2020-11,177.9
PCU321211321211,PPI,Hardwood plywood and veneer,2020,12,2020-12,176.7
PCU321211321211,PPI,Hardwood plywood and veneer,2021,1,2021-01,176.8
PCU321211321211,PPI,Hardwood plywood and veneer,2021,2,2021-02,178.6
PCU321211321211,PPI,Hardwood plywood and veneer,2021,3,2021-03,180.3
PCU321211321211,PPI,Hardwood plywood and veneer,2021,4,2021-04,185.7
PCU321211321211,PPI,Hardwood plywood and veneer,2021,5,2021-05,187.7
PCU321211321211,PPI,Hardwood plywood and veneer,2021,6,2021-06,192.9
PCU321211321211,PPI,Hardwood plywood and veneer,2021,7,2021-07,197.209
PCU321211321211,PPI,Hardwood plywood and veneer,2021,8,2021-08,199.806
PCU321211321211,PPI,Hardwood plywood and veneer,2021,9,2021-09,204.954
PCU321211321211,PPI,Hardwood plywood and veneer,2021,10,2021-10,207.808
PCU321211321211,PPI,Hardwood plywood and veneer,2021,11,2021-11,211.995
PCU321211321211,PPI,Hardwood plywood and veneer,2021,12,2021-12,210.235
PCU321211321211,PPI,Hardwood plywood and veneer,2022,1,2022-01,208.02
PCU321211321211,PPI,Hardwood plywood and veneer,2022,2,2022-02,209.873
PCU321211321211,PPI,Hardwood plywood and veneer,2022,3,2022-03,212.542
PCU321211321211,PPI,Hardwood plywood and veneer,2022,4,2022-04,214.833
PCU321211321211,PPI,Hardwood plywood and veneer,2022,5,2022-05,216.873
PCU321211321211,PPI,Hardwood plywood and veneer,2022,6,2022-06,219.187
PCU321211321211,PPI,Hardwood plywood and veneer,2022,7,2022-07,220.413
PCU321211321211,PPI,Hardwood plywood and veneer,2022,8,2022-08,229.824
PCU321211321211,PPI,Hardwood plywood and veneer,2022,9,2022-09,231.27
PCU321211321211,PPI,Hardwood plywood and veneer,2022,10,2022-10,235.161
PCU321211321211,PPI,Hardwood plywood and veneer,2022,11,2022-11,234.189
PCU321211321211,PPI,Hardwood plywood and veneer,2022,12,2022-12,232.62
PCU321211321211,PPI,Hardwood plywood and veneer,2023,1,2023-01,235.999
PCU321211321211,PPI,Hardwood plywood and veneer,2023,2,2023-02,227.659
PCU321211321211,PPI,Hardwood plywood and veneer,2023,3,2023-03,227.584
PCU321211321211,PPI,Hardwood plywood and veneer,2023,4,2023-04,225.592
PCU321211321211,PPI,Hardwood plywood and veneer,2023,5,2023-05,222.223
PCU321211321211,PPI,Hardwood plywood and veneer,2023,6,2023-06,222.962
PCU321211321211,PPI,Hardwood plywood and veneer,2023,7,2023-07,222.395
PCU321211321211,PPI,Hardwood plywood and veneer,2023,8,2023-08,221.749
PCU321211321211,PPI,Hardwood plywood and veneer,2023,9,2023-09,219.298
PCU321211321211,PPI,Hardwood plywood and veneer,2023,10,2023-10,218.998
PCU321211321211,PPI,Hardwood plywood and veneer,2023,11,2023-11,218.113
PCU321211321211,PPI,Hardwood plywood and veneer,2023,12,2023-12,222.638
PCU321211321211,PPI,Hardwood plywood and veneer,2024,1,2024-01,220.179
PCU321211321211,PPI,Hardwood plywood and veneer,2024,2,2024-02,220.012
PCU321211321211,PPI,Hardwood plywood and veneer,2024,3,2024-03,219.81
PCU321211321211,PPI,Hardwood plywood and veneer,2024,4,2024-04,221.593
PCU321211321211,PPI,Hardwood plywood and veneer,2024,5,2024-05,221.199
PCU321211321211,PPI,Hardwood plywood and veneer,2024,6,2024-06,217.634
PCU321211321211,PPI,Hardwood plywood and veneer,2024,7,2024-07,215.889
PCU321211321211,PPI,Hardwood plywood and veneer,2024,8,2024-08,215.749
PCU321211321211,PPI,Hardwood plywood and veneer,2024,9,2024-09,216.958
PCU321211321211,PPI,Hardwood plywood and veneer,2024,10,2024-10,217.418
PCU321211321211,PPI,Hardwood plywood and veneer,2024,11,2024-11,216.876
PCU321211321211,PPI,Hardwood plywood and veneer,2024,12,2024-12,216.599
PCU321211321211,PPI,Hardwood plywood and veneer,2025,1,2025-01,217.481
PCU321211321211,PPI,Hardwood plywood and veneer,2025,2,2025-02,217.969
PCU321211321211,PPI,Hardwood plywood and veneer,2025,3,2025-03,217.806
PCU321211321211,PPI,Hardwood plywood and veneer,2025,4,2025-04,218.65
PCU321211321211,PPI,Hardwood plywood and veneer,2025,5,2025-05,219.36
PCU321211321211,PPI,Hardwood plywood and veneer,2025,6,2025-06,218.033
PCU321211321211,PPI,Hardwood plywood and veneer,2025,7,2025-07,224.491
PCU321211321211,PPI,Hardwood plywood and veneer,2025,8,2025-08,226.47
PCU321211321211,PPI,Hardwood plywood and veneer,2025,9,2025-09,226.367
PCU321211321211,PPI,Hardwood plywood and veneer,2025,10,2025-10,229.552
PCU321211321211,PPI,Hardwood plywood and veneer,2025,11,2025-11,229.926
PCU321211321211,PPI,Hardwood plywood and veneer,2025,12,2025-12,230.478
PCU321211321211,PPI,Hardwood plywood and veneer,2026,1,2026-01,230.208
PCU321211321211,PPI,Hardwood plywood and veneer,2026,2,2026-02,232.078
PCU321211321211,PPI,Hardwood plywood and veneer,2026,3,2026-03,234.032
PCU321211321211,PPI,Hardwood plywood and veneer,2026,4,2026-04,237.245
PCU321211321211,PPI,Hardwood plywood and veneer,2026,5,2026-05,240.242
PCU321211321211,PPI,Hardwood plywood and veneer,2026,6,2026-06,241.516
PCU321211321211,PPI,Hardwood plywood and veneer,2026,7,2026-07,245.146
PCU321219321219,PPI,Reconstituted wood products (particleboard and MDF),2017,1,2017-01,189.1
PCU321219321219,PPI,Reconstituted wood products (particleboard and MDF),2017,2,2017-02,190.5
PCU321219321219,PPI,Reconstituted wood products (particleboard and MDF),2017,3,2017-03,194.5
PCU321219321219,PPI,Reconstituted wood products (particleboard and MDF),2017,4,2017-04,196.8
PCU321219321219,PPI,Reconstituted wood products (particleboard and MDF),2017,5,2017-05,200.3
PCU321219321219,PPI,Reconstituted wood products (particleboard and MDF),2017,6,2017-06,194.4
PCU321219321219,PPI,Reconstituted wood products (particleboard and MDF),2017,7,2017-07,195.0
PCU321219321219,PPI,Reconstituted wood products (particleboard and MDF),2017,8,2017-08,201.1
PCU321219321219,PPI,Reconstituted wood products (particleboard and MDF),2017,9,2017-09,201.1
PCU321219321219,PPI,Reconstituted wood products (particleboard and MDF),2017,10,2017-10,214.2
PCU321219321219,PPI,Reconstituted wood products (particleboard and MDF),2017,11,2017-11,206.9
PCU321219321219,PPI,Reconstituted wood products (particleboard and MDF),2017,12,2017-12,190.5
PCU321219321219,PPI,Reconstituted wood products (particleboard and MDF),2018,1,2018-01,191.2
PCU321219321219,PPI,Reconstituted wood products (particleboard and MDF),2018,2,2018-02,198.6
PCU321219321219,PPI,Reconstituted wood products (particleboard and MDF),2018,3,2018-03,207.3
PCU321219321219,PPI,Reconstituted wood products (particleboard and MDF),2018,4,2018-04,211.5
PCU321219321219,PPI,Reconstituted wood products (particleboard and MDF),2018,5,2018-05,214.1
PCU321219321219,PPI,Reconstituted wood products (particleboard and MDF),2018,6,2018-06,222.4
PCU321219321219,PPI,Reconstituted wood products (particleboard and MDF),2018,7,2018-07,214.4
PCU321219321219,PPI,Reconstituted wood products (particleboard and MDF),2018,8,2018-08,193.2
PCU321219321219,PPI,Reconstituted wood products (particleboard and MDF),2018,9,2018-09,195.3
PCU321219321219,PPI,Reconstituted wood products (particleboard and MDF),2018,10,2018-10,187.9
PCU321219321219,PPI,Reconstituted wood products (particleboard and MDF),2018,11,2018-11,181.1
PCU321219321219,PPI,Reconstituted wood products (particleboard and MDF),2018,12,2018-12,177.6
PCU321219321219,PPI,Reconstituted wood products (particleboard and MDF),2019,1,2019-01,176.4
PCU321219321219,PPI,Reconstituted wood products (particleboard and MDF),2019,2,2019-02,181.2
PCU321219321219,PPI,Reconstituted wood products (particleboard and MDF),2019,3,2019-03,182.8
PCU321219321219,PPI,Reconstituted wood products (particleboard and MDF),2019,4,2019-04,182.5
PCU321219321219,PPI,Reconstituted wood products (particleboard and MDF),2019,5,2019-05,181.8
PCU321219321219,PPI,Reconstituted wood products (particleboard and MDF),2019,6,2019-06,175.7
PCU321219321219,PPI,Reconstituted wood products (particleboard and MDF),2019,7,2019-07,177.5
PCU321219321219,PPI,Reconstituted wood products (particleboard and MDF),2019,8,2019-08,173.8
PCU321219321219,PPI,Reconstituted wood products (particleboard and MDF),2019,9,2019-09,175.7
PCU321219321219,PPI,Reconstituted wood products (particleboard and MDF),2019,10,2019-10,172.2
PCU321219321219,PPI,Reconstituted wood products (particleboard and MDF),2019,11,2019-11,184.3
PCU321219321219,PPI,Reconstituted wood products (particleboard and MDF),2019,12,2019-12,184.9
PCU321219321219,PPI,Reconstituted wood products (particleboard and MDF),2020,1,2020-01,179.9
PCU321219321219,PPI,Reconstituted wood products (particleboard and MDF),2020,2,2020-02,191.5
PCU321219321219,PPI,Reconstituted wood products (particleboard and MDF),2020,3,2020-03,208.3
PCU321219321219,PPI,Reconstituted wood products (particleboard and MDF),2020,4,2020-04,185.2
PCU321219321219,PPI,Reconstituted wood products (particleboard and MDF),2020,5,2020-05,191.2
PCU321219321219,PPI,Reconstituted wood products (particleboard and MDF),2020,6,2020-06,202.7
PCU321219321219,PPI,Reconstituted wood products (particleboard and MDF),2020,7,2020-07,215.2
PCU321219321219,PPI,Reconstituted wood products (particleboard and MDF),2020,8,2020-08,262.9
PCU321219321219,PPI,Reconstituted wood products (particleboard and MDF),2020,9,2020-09,291.0
PCU321219321219,PPI,Reconstituted wood products (particleboard and MDF),2020,10,2020-10,299.3
PCU321219321219,PPI,Reconstituted wood products (particleboard and MDF),2020,11,2020-11,294.2
PCU321219321219,PPI,Reconstituted wood products (particleboard and MDF),2020,12,2020-12,287.2
PCU321219321219,PPI,Reconstituted wood products (particleboard and MDF),2021,1,2021-01,313.6
PCU321219321219,PPI,Reconstituted wood products (particleboard and MDF),2021,2,2021-02,332.7
PCU321219321219,PPI,Reconstituted wood products (particleboard and MDF),2021,3,2021-03,352.6
PCU321219321219,PPI,Reconstituted wood products (particleboard and MDF),2021,4,2021-04,391.0
PCU321219321219,PPI,Reconstituted wood products (particleboard and MDF),2021,5,2021-05,438.7
PCU321219321219,PPI,Reconstituted wood products (particleboard and MDF),2021,6,2021-06,482.0
PCU321219321219,PPI,Reconstituted wood products (particleboard and MDF),2021,7,2021-07,484.676
PCU321219321219,PPI,Reconstituted wood products (particleboard and MDF),2021,8,2021-08,335.49
PCU321219321219,PPI,Reconstituted wood products (particleboard and MDF),2021,9,2021-09,315.608
PCU321219321219,PPI,Reconstituted wood products (particleboard and MDF),2021,10,2021-10,325.176
PCU321219321219,PPI,Reconstituted wood products (particleboard and MDF),2021,11,2021-11,333.471
PCU321219321219,PPI,Reconstituted wood products (particleboard and MDF),2021,12,2021-12,343.814
PCU321219321219,PPI,Reconstituted wood products (particleboard and MDF),2022,1,2022-01,392.999
PCU321219321219,PPI,Reconstituted wood products (particleboard and MDF),2022,2,2022-02,465.436
PCU321219321219,PPI,Reconstituted wood products (particleboard and MDF),2022,3,2022-03,530.711
PCU321219321219,PPI,Reconstituted wood products (particleboard and MDF),2022,4,2022-04,470.169
PCU321219321219,PPI,Reconstituted wood products (particleboard and MDF),2022,5,2022-05,410.062
PCU321219321219,PPI,Reconstituted wood products (particleboard and MDF),2022,6,2022-06,359.946
PCU321219321219,PPI,Reconstituted wood products (particleboard and MDF),2022,7,2022-07,316.289
PCU321219321219,PPI,Reconstituted wood products (particleboard and MDF),2022,8,2022-08,334.316
PCU321219321219,PPI,Reconstituted wood products (particleboard and MDF),2022,9,2022-09,312.217
PCU321219321219,PPI,Reconstituted wood products (particleboard and MDF),2022,10,2022-10,303.836
PCU321219321219,PPI,Reconstituted wood products (particleboard and MDF),2022,11,2022-11,302.911
PCU321219321219,PPI,Reconstituted wood products (particleboard and MDF),2022,12,2022-12,277.471
PCU321219321219,PPI,Reconstituted wood products (particleboard and MDF),2023,1,2023-01,261.846
PCU321219321219,PPI,Reconstituted wood products (particleboard and MDF),2023,2,2023-02,260.214
PCU321219321219,PPI,Reconstituted wood products (particleboard and MDF),2023,3,2023-03,260.853
PCU321219321219,PPI,Reconstituted wood products (particleboard and MDF),2023,4,2023-04,265.562
PCU321219321219,PPI,Reconstituted wood products (particleboard and MDF),2023,5,2023-05,280.797
PCU321219321219,PPI,Reconstituted wood products (particleboard and MDF),2023,6,2023-06,288.939
PCU321219321219,PPI,Reconstituted wood products (particleboard and MDF),2023,7,2023-07,307.307
PCU321219321219,PPI,Reconstituted wood products (particleboard and MDF),2023,8,2023-08,347.161
PCU321219321219,PPI,Reconstituted wood products (particleboard and MDF),2023,9,2023-09,346.394
PCU321219321219,PPI,Reconstituted wood products (particleboard and MDF),2023,10,2023-10,284.256
PCU321219321219,PPI,Reconstituted wood products (particleboard and MDF),2023,11,2023-11,277.706
PCU321219321219,PPI,Reconstituted wood products (particleboard and MDF),2023,12,2023-12,285.754
PCU321219321219,PPI,Reconstituted wood products (particleboard and MDF),2024,1,2024-01,285.774
PCU321219321219,PPI,Reconstituted wood products (particleboard and MDF),2024,2,2024-02,284.738
PCU321219321219,PPI,Reconstituted wood products (particleboard and MDF),2024,3,2024-03,303.645
PCU321219321219,PPI,Reconstituted wood products (particleboard and MDF),2024,4,2024-04,355.456
PCU321219321219,PPI,Reconstituted wood products (particleboard and MDF),2024,5,2024-05,310.614
PCU321219321219,PPI,Reconstituted wood products (particleboard and MDF),2024,6,2024-06,296.697
PCU321219321219,PPI,Reconstituted wood products (particleboard and MDF),2024,7,2024-07,258.573
PCU321219321219,PPI,Reconstituted wood products (particleboard and MDF),2024,8,2024-08,255.171
PCU321219321219,PPI,Reconstituted wood products (particleboard and MDF),2024,9,2024-09,253.869
PCU321219321219,PPI,Reconstituted wood products (particleboard and MDF),2024,10,2024-10,252.969
PCU321219321219,PPI,Reconstituted wood products (particleboard and MDF),2024,11,2024-11,268.627
PCU321219321219,PPI,Reconstituted wood products (particleboard and MDF),2024,12,2024-12,279.879
PCU321219321219,PPI,Reconstituted wood products (particleboard and MDF),2025,1,2025-01,268.469
PCU321219321219,PPI,Reconstituted wood products (particleboard and MDF),2025,2,2025-02,267.617
PCU321219321219,PPI,Reconstituted wood products (particleboard and MDF),2025,3,2025-03,269.829
PCU321219321219,PPI,Reconstituted wood products (particleboard and MDF),2025,4,2025-04,258.133
PCU321219321219,PPI,Reconstituted wood products (particleboard and MDF),2025,5,2025-05,248.285
PCU321219321219,PPI,Reconstituted wood products (particleboard and MDF),2025,6,2025-06,229.897
PCU321219321219,PPI,Reconstituted wood products (particleboard and MDF),2025,7,2025-07,223.931
PCU321219321219,PPI,Reconstituted wood products (particleboard and MDF),2025,8,2025-08,213.853
PCU321219321219,PPI,Reconstituted wood products (particleboard and MDF),2025,9,2025-09,211.24
PCU321219321219,PPI,Reconstituted wood products (particleboard and MDF),2025,10,2025-10,211.192
PCU321219321219,PPI,Reconstituted wood products (particleboard and MDF),2025,11,2025-11,210.743
PCU321219321219,PPI,Reconstituted wood products (particleboard and MDF),2025,12,2025-12,205.426
PCU321219321219,PPI,Reconstituted wood products (particleboard and MDF),2026,1,2026-01,207.948
PCU321219321219,PPI,Reconstituted wood products (particleboard and MDF),2026,2,2026-02,226.023
PCU321219321219,PPI,Reconstituted wood products (particleboard and MDF),2026,3,2026-03,234.586
PCU321219321219,PPI,Reconstituted wood products (particleboard and MDF),2026,4,2026-04,238.091
PCU321219321219,PPI,Reconstituted wood products (particleboard and MDF),2026,5,2026-05,230.465
PCU321219321219,PPI,Reconstituted wood products (particleboard and MDF),2026,6,2026-06,222.616
PCU321219321219,PPI,Reconstituted wood products (particleboard and MDF),2026,7,2026-07,222.059
PCU337110337110,PPI,Wood kitchen cabinet and countertop mfg,2017,1,2017-01,216.4
PCU337110337110,PPI,Wood kitchen cabinet and countertop mfg,2017,2,2017-02,218.7
PCU337110337110,PPI,Wood kitchen cabinet and countertop mfg,2017,3,2017-03,218.3
PCU337110337110,PPI,Wood kitchen cabinet and countertop mfg,2017,4,2017-04,218.2
PCU337110337110,PPI,Wood kitchen cabinet and countertop mfg,2017,5,2017-05,218.2
PCU337110337110,PPI,Wood kitchen cabinet and countertop mfg,2017,6,2017-06,218.6
PCU337110337110,PPI,Wood kitchen cabinet and countertop mfg,2017,7,2017-07,218.1
PCU337110337110,PPI,Wood kitchen cabinet and countertop mfg,2017,8,2017-08,218.1
PCU337110337110,PPI,Wood kitchen cabinet and countertop mfg,2017,9,2017-09,217.8
PCU337110337110,PPI,Wood kitchen cabinet and countertop mfg,2017,10,2017-10,217.8
PCU337110337110,PPI,Wood kitchen cabinet and countertop mfg,2017,11,2017-11,215.6
PCU337110337110,PPI,Wood kitchen cabinet and countertop mfg,2017,12,2017-12,218.7
PCU337110337110,PPI,Wood kitchen cabinet and countertop mfg,2018,1,2018-01,219.6
PCU337110337110,PPI,Wood kitchen cabinet and countertop mfg,2018,2,2018-02,220.6
PCU337110337110,PPI,Wood kitchen cabinet and countertop mfg,2018,3,2018-03,220.6
PCU337110337110,PPI,Wood kitchen cabinet and countertop mfg,2018,4,2018-04,220.4
PCU337110337110,PPI,Wood kitchen cabinet and countertop mfg,2018,5,2018-05,220.8
PCU337110337110,PPI,Wood kitchen cabinet and countertop mfg,2018,6,2018-06,220.9
PCU337110337110,PPI,Wood kitchen cabinet and countertop mfg,2018,7,2018-07,221.0
PCU337110337110,PPI,Wood kitchen cabinet and countertop mfg,2018,8,2018-08,220.3
PCU337110337110,PPI,Wood kitchen cabinet and countertop mfg,2018,9,2018-09,220.2
PCU337110337110,PPI,Wood kitchen cabinet and countertop mfg,2018,10,2018-10,220.2
PCU337110337110,PPI,Wood kitchen cabinet and countertop mfg,2018,11,2018-11,220.3
PCU337110337110,PPI,Wood kitchen cabinet and countertop mfg,2018,12,2018-12,221.1
PCU337110337110,PPI,Wood kitchen cabinet and countertop mfg,2019,1,2019-01,223.9
PCU337110337110,PPI,Wood kitchen cabinet and countertop mfg,2019,2,2019-02,223.8
PCU337110337110,PPI,Wood kitchen cabinet and countertop mfg,2019,3,2019-03,224.0
PCU337110337110,PPI,Wood kitchen cabinet and countertop mfg,2019,4,2019-04,225.9
PCU337110337110,PPI,Wood kitchen cabinet and countertop mfg,2019,5,2019-05,226.2
PCU337110337110,PPI,Wood kitchen cabinet and countertop mfg,2019,6,2019-06,226.2
PCU337110337110,PPI,Wood kitchen cabinet and countertop mfg,2019,7,2019-07,226.2
PCU337110337110,PPI,Wood kitchen cabinet and countertop mfg,2019,8,2019-08,225.2
PCU337110337110,PPI,Wood kitchen cabinet and countertop mfg,2019,9,2019-09,225.4
PCU337110337110,PPI,Wood kitchen cabinet and countertop mfg,2019,10,2019-10,226.3
PCU337110337110,PPI,Wood kitchen cabinet and countertop mfg,2019,11,2019-11,225.4
PCU337110337110,PPI,Wood kitchen cabinet and countertop mfg,2019,12,2019-12,226.3
PCU337110337110,PPI,Wood kitchen cabinet and countertop mfg,2020,1,2020-01,226.3
PCU337110337110,PPI,Wood kitchen cabinet and countertop mfg,2020,2,2020-02,227.5
PCU337110337110,PPI,Wood kitchen cabinet and countertop mfg,2020,3,2020-03,227.5
PCU337110337110,PPI,Wood kitchen cabinet and countertop mfg,2020,4,2020-04,227.6
PCU337110337110,PPI,Wood kitchen cabinet and countertop mfg,2020,5,2020-05,227.6
PCU337110337110,PPI,Wood kitchen cabinet and countertop mfg,2020,6,2020-06,226.6
PCU337110337110,PPI,Wood kitchen cabinet and countertop mfg,2020,7,2020-07,227.4
PCU337110337110,PPI,Wood kitchen cabinet and countertop mfg,2020,8,2020-08,227.7
PCU337110337110,PPI,Wood kitchen cabinet and countertop mfg,2020,9,2020-09,227.7
PCU337110337110,PPI,Wood kitchen cabinet and countertop mfg,2020,10,2020-10,227.7
PCU337110337110,PPI,Wood kitchen cabinet and countertop mfg,2020,11,2020-11,227.6
PCU337110337110,PPI,Wood kitchen cabinet and countertop mfg,2020,12,2020-12,227.6
PCU337110337110,PPI,Wood kitchen cabinet and countertop mfg,2021,1,2021-01,227.6
PCU337110337110,PPI,Wood kitchen cabinet and countertop mfg,2021,2,2021-02,228.6
PCU337110337110,PPI,Wood kitchen cabinet and countertop mfg,2021,3,2021-03,230.3
PCU337110337110,PPI,Wood kitchen cabinet and countertop mfg,2021,4,2021-04,231.7
PCU337110337110,PPI,Wood kitchen cabinet and countertop mfg,2021,5,2021-05,231.7
PCU337110337110,PPI,Wood kitchen cabinet and countertop mfg,2021,6,2021-06,236.1
PCU337110337110,PPI,Wood kitchen cabinet and countertop mfg,2021,7,2021-07,236.771
PCU337110337110,PPI,Wood kitchen cabinet and countertop mfg,2021,8,2021-08,236.72
PCU337110337110,PPI,Wood kitchen cabinet and countertop mfg,2021,9,2021-09,237.939
PCU337110337110,PPI,Wood kitchen cabinet and countertop mfg,2021,10,2021-10,239.013
PCU337110337110,PPI,Wood kitchen cabinet and countertop mfg,2021,11,2021-11,239.97
PCU337110337110,PPI,Wood kitchen cabinet and countertop mfg,2021,12,2021-12,241.686
PCU337110337110,PPI,Wood kitchen cabinet and countertop mfg,2022,1,2022-01,248.451
PCU337110337110,PPI,Wood kitchen cabinet and countertop mfg,2022,2,2022-02,248.609
PCU337110337110,PPI,Wood kitchen cabinet and countertop mfg,2022,3,2022-03,248.597
PCU337110337110,PPI,Wood kitchen cabinet and countertop mfg,2022,4,2022-04,258.228
PCU337110337110,PPI,Wood kitchen cabinet and countertop mfg,2022,5,2022-05,259.825
PCU337110337110,PPI,Wood kitchen cabinet and countertop mfg,2022,6,2022-06,259.825
PCU337110337110,PPI,Wood kitchen cabinet and countertop mfg,2022,7,2022-07,260.726
PCU337110337110,PPI,Wood kitchen cabinet and countertop mfg,2022,8,2022-08,262.662
PCU337110337110,PPI,Wood kitchen cabinet and countertop mfg,2022,9,2022-09,262.662
PCU337110337110,PPI,Wood kitchen cabinet and countertop mfg,2022,10,2022-10,262.662
PCU337110337110,PPI,Wood kitchen cabinet and countertop mfg,2022,11,2022-11,262.662
PCU337110337110,PPI,Wood kitchen cabinet and countertop mfg,2022,12,2022-12,265.729
PCU337110337110,PPI,Wood kitchen cabinet and countertop mfg,2023,1,2023-01,265.729
PCU337110337110,PPI,Wood kitchen cabinet and countertop mfg,2023,2,2023-02,265.729
PCU337110337110,PPI,Wood kitchen cabinet and countertop mfg,2023,3,2023-03,265.729
PCU337110337110,PPI,Wood kitchen cabinet and countertop mfg,2023,4,2023-04,267.113
PCU337110337110,PPI,Wood kitchen cabinet and countertop mfg,2023,5,2023-05,268.103
PCU337110337110,PPI,Wood kitchen cabinet and countertop mfg,2023,6,2023-06,267.495
PCU337110337110,PPI,Wood kitchen cabinet and countertop mfg,2023,7,2023-07,267.495
PCU337110337110,PPI,Wood kitchen cabinet and countertop mfg,2023,8,2023-08,266.508
PCU337110337110,PPI,Wood kitchen cabinet and countertop mfg,2023,9,2023-09,266.508
PCU337110337110,PPI,Wood kitchen cabinet and countertop mfg,2023,10,2023-10,266.878
PCU337110337110,PPI,Wood kitchen cabinet and countertop mfg,2023,11,2023-11,266.717
PCU337110337110,PPI,Wood kitchen cabinet and countertop mfg,2023,12,2023-12,266.717
PCU337110337110,PPI,Wood kitchen cabinet and countertop mfg,2024,1,2024-01,266.717
PCU337110337110,PPI,Wood kitchen cabinet and countertop mfg,2024,2,2024-02,271.235
PCU337110337110,PPI,Wood kitchen cabinet and countertop mfg,2024,3,2024-03,271.235
PCU337110337110,PPI,Wood kitchen cabinet and countertop mfg,2024,4,2024-04,271.235
PCU337110337110,PPI,Wood kitchen cabinet and countertop mfg,2024,5,2024-05,271.235
PCU337110337110,PPI,Wood kitchen cabinet and countertop mfg,2024,6,2024-06,271.894
PCU337110337110,PPI,Wood kitchen cabinet and countertop mfg,2024,7,2024-07,271.118
PCU337110337110,PPI,Wood kitchen cabinet and countertop mfg,2024,8,2024-08,271.894
PCU337110337110,PPI,Wood kitchen cabinet and countertop mfg,2024,9,2024-09,271.894
PCU337110337110,PPI,Wood kitchen cabinet and countertop mfg,2024,10,2024-10,271.894
PCU337110337110,PPI,Wood kitchen cabinet and countertop mfg,2024,11,2024-11,272.5
PCU337110337110,PPI,Wood kitchen cabinet and countertop mfg,2024,12,2024-12,272.5
PCU337110337110,PPI,Wood kitchen cabinet and countertop mfg,2025,1,2025-01,272.5
PCU337110337110,PPI,Wood kitchen cabinet and countertop mfg,2025,2,2025-02,274.552
PCU337110337110,PPI,Wood kitchen cabinet and countertop mfg,2025,3,2025-03,274.552
PCU337110337110,PPI,Wood kitchen cabinet and countertop mfg,2025,4,2025-04,274.552
PCU337110337110,PPI,Wood kitchen cabinet and countertop mfg,2025,5,2025-05,274.948
PCU337110337110,PPI,Wood kitchen cabinet and countertop mfg,2025,6,2025-06,276.047
PCU337110337110,PPI,Wood kitchen cabinet and countertop mfg,2025,7,2025-07,276.047
PCU337110337110,PPI,Wood kitchen cabinet and countertop mfg,2025,8,2025-08,276.047
PCU337110337110,PPI,Wood kitchen cabinet and countertop mfg,2025,9,2025-09,276.047
PCU337110337110,PPI,Wood kitchen cabinet and countertop mfg,2025,10,2025-10,276.047
PCU337110337110,PPI,Wood kitchen cabinet and countertop mfg,2025,11,2025-11,274.842
PCU337110337110,PPI,Wood kitchen cabinet and countertop mfg,2025,12,2025-12,276.005
PCU337110337110,PPI,Wood kitchen cabinet and countertop mfg,2026,1,2026-01,277.049
PCU337110337110,PPI,Wood kitchen cabinet and countertop mfg,2026,2,2026-02,278.163
PCU337110337110,PPI,Wood kitchen cabinet and countertop mfg,2026,3,2026-03,278.163
PCU337110337110,PPI,Wood kitchen cabinet and countertop mfg,2026,4,2026-04,278.163
PCU337110337110,PPI,Wood kitchen cabinet and countertop mfg,2026,5,2026-05,277.446
PCU337110337110,PPI,Wood kitchen cabinet and countertop mfg,2026,6,2026-06,288.078
PCU337110337110,PPI,Wood kitchen cabinet and countertop mfg,2026,7,2026-07,288.048
PCU337122337122,PPI,Nonupholstered wood household furniture mfg (NAICS 337122),2017,1,2017-01,277.3
PCU337122337122,PPI,Nonupholstered wood household furniture mfg (NAICS 337122),2017,2,2017-02,277.1
PCU337122337122,PPI,Nonupholstered wood household furniture mfg (NAICS 337122),2017,3,2017-03,278.3
PCU337122337122,PPI,Nonupholstered wood household furniture mfg (NAICS 337122),2017,4,2017-04,279.6
PCU337122337122,PPI,Nonupholstered wood household furniture mfg (NAICS 337122),2017,5,2017-05,279.7
PCU337122337122,PPI,Nonupholstered wood household furniture mfg (NAICS 337122),2017,6,2017-06,279.6
PCU337122337122,PPI,Nonupholstered wood household furniture mfg (NAICS 337122),2017,7,2017-07,278.6
PCU337122337122,PPI,Nonupholstered wood household furniture mfg (NAICS 337122),2017,8,2017-08,278.6
PCU337122337122,PPI,Nonupholstered wood household furniture mfg (NAICS 337122),2017,9,2017-09,276.8
PCU337122337122,PPI,Nonupholstered wood household furniture mfg (NAICS 337122),2017,10,2017-10,279.9
PCU337122337122,PPI,Nonupholstered wood household furniture mfg (NAICS 337122),2017,11,2017-11,280.0
PCU337122337122,PPI,Nonupholstered wood household furniture mfg (NAICS 337122),2017,12,2017-12,280.3
PCU337122337122,PPI,Nonupholstered wood household furniture mfg (NAICS 337122),2018,1,2018-01,280.8
PCU337122337122,PPI,Nonupholstered wood household furniture mfg (NAICS 337122),2018,2,2018-02,280.7
PCU337122337122,PPI,Nonupholstered wood household furniture mfg (NAICS 337122),2018,3,2018-03,281.5
PCU337122337122,PPI,Nonupholstered wood household furniture mfg (NAICS 337122),2018,4,2018-04,281.6
PCU337122337122,PPI,Nonupholstered wood household furniture mfg (NAICS 337122),2018,5,2018-05,281.3
PCU337122337122,PPI,Nonupholstered wood household furniture mfg (NAICS 337122),2018,6,2018-06,281.9
PCU337122337122,PPI,Nonupholstered wood household furniture mfg (NAICS 337122),2018,7,2018-07,281.9
PCU337122337122,PPI,Nonupholstered wood household furniture mfg (NAICS 337122),2018,8,2018-08,282.6
PCU337122337122,PPI,Nonupholstered wood household furniture mfg (NAICS 337122),2018,9,2018-09,283.2
PCU337122337122,PPI,Nonupholstered wood household furniture mfg (NAICS 337122),2018,10,2018-10,284.0
PCU337122337122,PPI,Nonupholstered wood household furniture mfg (NAICS 337122),2018,11,2018-11,281.8
PCU337122337122,PPI,Nonupholstered wood household furniture mfg (NAICS 337122),2018,12,2018-12,283.6
PCU337122337122,PPI,Nonupholstered wood household furniture mfg (NAICS 337122),2019,1,2019-01,287.6
PCU337122337122,PPI,Nonupholstered wood household furniture mfg (NAICS 337122),2019,2,2019-02,287.6
PCU337122337122,PPI,Nonupholstered wood household furniture mfg (NAICS 337122),2019,3,2019-03,282.7
PCU337122337122,PPI,Nonupholstered wood household furniture mfg (NAICS 337122),2019,4,2019-04,283.2
PCU337122337122,PPI,Nonupholstered wood household furniture mfg (NAICS 337122),2019,5,2019-05,289.5
PCU337122337122,PPI,Nonupholstered wood household furniture mfg (NAICS 337122),2019,6,2019-06,286.6
PCU337122337122,PPI,Nonupholstered wood household furniture mfg (NAICS 337122),2019,7,2019-07,286.4
PCU337122337122,PPI,Nonupholstered wood household furniture mfg (NAICS 337122),2019,8,2019-08,287.6
PCU337122337122,PPI,Nonupholstered wood household furniture mfg (NAICS 337122),2019,9,2019-09,289.6
PCU337122337122,PPI,Nonupholstered wood household furniture mfg (NAICS 337122),2019,10,2019-10,290.5
PCU337122337122,PPI,Nonupholstered wood household furniture mfg (NAICS 337122),2019,11,2019-11,285.4
PCU337122337122,PPI,Nonupholstered wood household furniture mfg (NAICS 337122),2019,12,2019-12,285.4
PCU337122337122,PPI,Nonupholstered wood household furniture mfg (NAICS 337122),2020,1,2020-01,292.7
PCU337122337122,PPI,Nonupholstered wood household furniture mfg (NAICS 337122),2020,2,2020-02,292.7
PCU337122337122,PPI,Nonupholstered wood household furniture mfg (NAICS 337122),2020,3,2020-03,292.7
PCU337122337122,PPI,Nonupholstered wood household furniture mfg (NAICS 337122),2020,4,2020-04,288.6
PCU337122337122,PPI,Nonupholstered wood household furniture mfg (NAICS 337122),2020,5,2020-05,288.6
PCU337122337122,PPI,Nonupholstered wood household furniture mfg (NAICS 337122),2020,6,2020-06,292.8
PCU337122337122,PPI,Nonupholstered wood household furniture mfg (NAICS 337122),2020,7,2020-07,292.9
PCU337122337122,PPI,Nonupholstered wood household furniture mfg (NAICS 337122),2020,8,2020-08,292.9
PCU337122337122,PPI,Nonupholstered wood household furniture mfg (NAICS 337122),2020,9,2020-09,293.6
PCU337122337122,PPI,Nonupholstered wood household furniture mfg (NAICS 337122),2020,10,2020-10,290.0
PCU337122337122,PPI,Nonupholstered wood household furniture mfg (NAICS 337122),2020,11,2020-11,289.4
PCU337122337122,PPI,Nonupholstered wood household furniture mfg (NAICS 337122),2020,12,2020-12,287.4
PCU337122337122,PPI,Nonupholstered wood household furniture mfg (NAICS 337122),2021,1,2021-01,293.3
PCU337122337122,PPI,Nonupholstered wood household furniture mfg (NAICS 337122),2021,2,2021-02,293.7
PCU337122337122,PPI,Nonupholstered wood household furniture mfg (NAICS 337122),2021,3,2021-03,293.9
PCU337122337122,PPI,Nonupholstered wood household furniture mfg (NAICS 337122),2021,4,2021-04,297.3
PCU337122337122,PPI,Nonupholstered wood household furniture mfg (NAICS 337122),2021,5,2021-05,300.1
PCU337122337122,PPI,Nonupholstered wood household furniture mfg (NAICS 337122),2021,6,2021-06,309.7
PCU337122337122,PPI,Nonupholstered wood household furniture mfg (NAICS 337122),2021,7,2021-07,310.266
PCU337122337122,PPI,Nonupholstered wood household furniture mfg (NAICS 337122),2021,8,2021-08,311.568
PCU337122337122,PPI,Nonupholstered wood household furniture mfg (NAICS 337122),2021,9,2021-09,314.118
PCU337122337122,PPI,Nonupholstered wood household furniture mfg (NAICS 337122),2021,10,2021-10,314.46
PCU337122337122,PPI,Nonupholstered wood household furniture mfg (NAICS 337122),2021,11,2021-11,314.46
PCU337122337122,PPI,Nonupholstered wood household furniture mfg (NAICS 337122),2021,12,2021-12,318.002
PCU337122337122,PPI,Nonupholstered wood household furniture mfg (NAICS 337122),2022,1,2022-01,323.292
PCU337122337122,PPI,Nonupholstered wood household furniture mfg (NAICS 337122),2022,2,2022-02,325.895
PCU337122337122,PPI,Nonupholstered wood household furniture mfg (NAICS 337122),2022,3,2022-03,327.038
PCU337122337122,PPI,Nonupholstered wood household furniture mfg (NAICS 337122),2022,4,2022-04,328.594
PCU337122337122,PPI,Nonupholstered wood household furniture mfg (NAICS 337122),2022,5,2022-05,333.252
PCU337122337122,PPI,Nonupholstered wood household furniture mfg (NAICS 337122),2022,6,2022-06,335.762
PCU337122337122,PPI,Nonupholstered wood household furniture mfg (NAICS 337122),2022,7,2022-07,335.762
PCU337122337122,PPI,Nonupholstered wood household furniture mfg (NAICS 337122),2022,8,2022-08,336.24
PCU337122337122,PPI,Nonupholstered wood household furniture mfg (NAICS 337122),2022,9,2022-09,337.056
PCU337122337122,PPI,Nonupholstered wood household furniture mfg (NAICS 337122),2022,10,2022-10,330.183
PCU337122337122,PPI,Nonupholstered wood household furniture mfg (NAICS 337122),2022,11,2022-11,330.23
PCU337122337122,PPI,Nonupholstered wood household furniture mfg (NAICS 337122),2022,12,2022-12,330.172
PCU337122337122,PPI,Nonupholstered wood household furniture mfg (NAICS 337122),2023,1,2023-01,341.444
PCU337122337122,PPI,Nonupholstered wood household furniture mfg (NAICS 337122),2023,2,2023-02,344.352
PCU337122337122,PPI,Nonupholstered wood household furniture mfg (NAICS 337122),2023,3,2023-03,345.884
PCU337122337122,PPI,Nonupholstered wood household furniture mfg (NAICS 337122),2023,4,2023-04,340.227
PCU337122337122,PPI,Nonupholstered wood household furniture mfg (NAICS 337122),2023,5,2023-05,340.022
PCU337122337122,PPI,Nonupholstered wood household furniture mfg (NAICS 337122),2023,6,2023-06,348.085
PCU337122337122,PPI,Nonupholstered wood household furniture mfg (NAICS 337122),2023,7,2023-07,354.18
PCU337122337122,PPI,Nonupholstered wood household furniture mfg (NAICS 337122),2023,8,2023-08,354.18
PCU337122337122,PPI,Nonupholstered wood household furniture mfg (NAICS 337122),2023,9,2023-09,354.181
PCU337122337122,PPI,Nonupholstered wood household furniture mfg (NAICS 337122),2023,10,2023-10,343.802
PCU337122337122,PPI,Nonupholstered wood household furniture mfg (NAICS 337122),2023,11,2023-11,341.86
PCU337122337122,PPI,Nonupholstered wood household furniture mfg (NAICS 337122),2023,12,2023-12,341.859
PCU337122337122,PPI,Nonupholstered wood household furniture mfg (NAICS 337122),2024,1,2024-01,341.919
PCU337122337122,PPI,Nonupholstered wood household furniture mfg (NAICS 337122),2024,2,2024-02,340.326
PCU337122337122,PPI,Nonupholstered wood household furniture mfg (NAICS 337122),2024,3,2024-03,340.606
PCU337122337122,PPI,Nonupholstered wood household furniture mfg (NAICS 337122),2024,4,2024-04,340.373
PCU337122337122,PPI,Nonupholstered wood household furniture mfg (NAICS 337122),2024,5,2024-05,340.535
PCU337122337122,PPI,Nonupholstered wood household furniture mfg (NAICS 337122),2024,6,2024-06,338.67
PCU337122337122,PPI,Nonupholstered wood household furniture mfg (NAICS 337122),2024,7,2024-07,339.152
PCU337122337122,PPI,Nonupholstered wood household furniture mfg (NAICS 337122),2024,8,2024-08,339.88
PCU337122337122,PPI,Nonupholstered wood household furniture mfg (NAICS 337122),2024,9,2024-09,350.492
PCU337122337122,PPI,Nonupholstered wood household furniture mfg (NAICS 337122),2024,10,2024-10,354.055
PCU337122337122,PPI,Nonupholstered wood household furniture mfg (NAICS 337122),2024,11,2024-11,351.555
PCU337122337122,PPI,Nonupholstered wood household furniture mfg (NAICS 337122),2024,12,2024-12,351.57
PCU337122337122,PPI,Nonupholstered wood household furniture mfg (NAICS 337122),2025,1,2025-01,351.599
PCU337122337122,PPI,Nonupholstered wood household furniture mfg (NAICS 337122),2025,2,2025-02,354.224
PCU337122337122,PPI,Nonupholstered wood household furniture mfg (NAICS 337122),2025,3,2025-03,357.934
PCU337122337122,PPI,Nonupholstered wood household furniture mfg (NAICS 337122),2025,4,2025-04,347.668
PCU337122337122,PPI,Nonupholstered wood household furniture mfg (NAICS 337122),2025,5,2025-05,348.35
PCU337122337122,PPI,Nonupholstered wood household furniture mfg (NAICS 337122),2025,6,2025-06,359.857
PCU337122337122,PPI,Nonupholstered wood household furniture mfg (NAICS 337122),2025,7,2025-07,364.441
PCU337122337122,PPI,Nonupholstered wood household furniture mfg (NAICS 337122),2025,8,2025-08,364.456
PCU337122337122,PPI,Nonupholstered wood household furniture mfg (NAICS 337122),2025,9,2025-09,364.458
PCU337122337122,PPI,Nonupholstered wood household furniture mfg (NAICS 337122),2025,10,2025-10,367.213
PCU337122337122,PPI,Nonupholstered wood household furniture mfg (NAICS 337122),2025,11,2025-11,367.213
PCU337122337122,PPI,Nonupholstered wood household furniture mfg (NAICS 337122),2025,12,2025-12,367.814
PCU337122337122,PPI,Nonupholstered wood household furniture mfg (NAICS 337122),2026,1,2026-01,367.814
PCU337122337122,PPI,Nonupholstered wood household furniture mfg (NAICS 337122),2026,2,2026-02,368.199
PCU337122337122,PPI,Nonupholstered wood household furniture mfg (NAICS 337122),2026,3,2026-03,367.828
PCU337122337122,PPI,Nonupholstered wood household furniture mfg (NAICS 337122),2026,4,2026-04,367.828
PCU337122337122,PPI,Nonupholstered wood household furniture mfg (NAICS 337122),2026,5,2026-05,376.658
PCU337122337122,PPI,Nonupholstered wood household furniture mfg (NAICS 337122),2026,6,2026-06,376.66
PCU337122337122,PPI,Nonupholstered wood household furniture mfg (NAICS 337122),2026,7,2026-07,376.758
WPU0811,PPI,Softwood lumber,2017,1,2017-01,203.6
WPU0811,PPI,Softwood lumber,2017,2,2017-02,213.1
WPU0811,PPI,Softwood lumber,2017,3,2017-03,216.4
WPU0811,PPI,Softwood lumber,2017,4,2017-04,224.8
WPU0811,PPI,Softwood lumber,2017,5,2017-05,227.7
WPU0811,PPI,Softwood lumber,2017,6,2017-06,221.7
WPU0811,PPI,Softwood lumber,2017,7,2017-07,222.9
WPU0811,PPI,Softwood lumber,2017,8,2017-08,229.3
WPU0811,PPI,Softwood lumber,2017,9,2017-09,227.4
WPU0811,PPI,Softwood lumber,2017,10,2017-10,233.5
WPU0811,PPI,Softwood lumber,2017,11,2017-11,233.2
WPU0811,PPI,Softwood lumber,2017,12,2017-12,231.2
WPU0811,PPI,Softwood lumber,2018,1,2018-01,233.2
WPU0811,PPI,Softwood lumber,2018,2,2018-02,249.3
WPU0811,PPI,Softwood lumber,2018,3,2018-03,254.3
WPU0811,PPI,Softwood lumber,2018,4,2018-04,250.2
WPU0811,PPI,Softwood lumber,2018,5,2018-05,265.5
WPU0811,PPI,Softwood lumber,2018,6,2018-06,273.6
WPU0811,PPI,Softwood lumber,2018,7,2018-07,265.7
WPU0811,PPI,Softwood lumber,2018,8,2018-08,241.0
WPU0811,PPI,Softwood lumber,2018,9,2018-09,237.7
WPU0811,PPI,Softwood lumber,2018,10,2018-10,214.4
WPU0811,PPI,Softwood lumber,2018,11,2018-11,207.8
WPU0811,PPI,Softwood lumber,2018,12,2018-12,210.0
WPU0811,PPI,Softwood lumber,2019,1,2019-01,208.9
WPU0811,PPI,Softwood lumber,2019,2,2019-02,219.3
WPU0811,PPI,Softwood lumber,2019,3,2019-03,216.3
WPU0811,PPI,Softwood lumber,2019,4,2019-04,214.2
WPU0811,PPI,Softwood lumber,2019,5,2019-05,214.0
WPU0811,PPI,Softwood lumber,2019,6,2019-06,206.8
WPU0811,PPI,Softwood lumber,2019,7,2019-07,214.4
WPU0811,PPI,Softwood lumber,2019,8,2019-08,215.5
WPU0811,PPI,Softwood lumber,2019,9,2019-09,219.7
WPU0811,PPI,Softwood lumber,2019,10,2019-10,217.0
WPU0811,PPI,Softwood lumber,2019,11,2019-11,218.0
WPU0811,PPI,Softwood lumber,2019,12,2019-12,220.6
WPU0811,PPI,Softwood lumber,2020,1,2020-01,221.2
WPU0811,PPI,Softwood lumber,2020,2,2020-02,229.8
WPU0811,PPI,Softwood lumber,2020,3,2020-03,240.5
WPU0811,PPI,Softwood lumber,2020,4,2020-04,212.3
WPU0811,PPI,Softwood lumber,2020,5,2020-05,222.5
WPU0811,PPI,Softwood lumber,2020,6,2020-06,245.8
WPU0811,PPI,Softwood lumber,2020,7,2020-07,271.1
WPU0811,PPI,Softwood lumber,2020,8,2020-08,316.9
WPU0811,PPI,Softwood lumber,2020,9,2020-09,398.9
WPU0811,PPI,Softwood lumber,2020,10,2020-10,364.8
WPU0811,PPI,Softwood lumber,2020,11,2020-11,299.4
WPU0811,PPI,Softwood lumber,2020,12,2020-12,340.3
WPU0811,PPI,Softwood lumber,2021,1,2021-01,396.9
WPU0811,PPI,Softwood lumber,2021,2,2021-02,412.8
WPU0811,PPI,Softwood lumber,2021,3,2021-03,441.8
WPU0811,PPI,Softwood lumber,2021,4,2021-04,472.3
WPU0811,PPI,Softwood lumber,2021,5,2021-05,581.5
WPU0811,PPI,Softwood lumber,2021,6,2021-06,550.9
WPU0811,PPI,Softwood lumber,2021,7,2021-07,369.938
WPU0811,PPI,Softwood lumber,2021,8,2021-08,286.982
WPU0811,PPI,Softwood lumber,2021,9,2021-09,273.862
WPU0811,PPI,Softwood lumber,2021,10,2021-10,291.531
WPU0811,PPI,Softwood lumber,2021,11,2021-11,308.99
WPU0811,PPI,Softwood lumber,2021,12,2021-12,384.514
WPU0811,PPI,Softwood lumber,2022,1,2022-01,480.643
WPU0811,PPI,Softwood lumber,2022,2,2022-02,504.778
WPU0811,PPI,Softwood lumber,2022,3,2022-03,540.749
WPU0811,PPI,Softwood lumber,2022,4,2022-04,443.666
WPU0811,PPI,Softwood lumber,2022,5,2022-05,453.294
WPU0811,PPI,Softwood lumber,2022,6,2022-06,337.437
WPU0811,PPI,Softwood lumber,2022,7,2022-07,337.761
WPU0811,PPI,Softwood lumber,2022,8,2022-08,326.027
WPU0811,PPI,Softwood lumber,2022,9,2022-09,309.104
WPU0811,PPI,Softwood lumber,2022,10,2022-10,302.976
WPU0811,PPI,Softwood lumber,2022,11,2022-11,299.409
WPU0811,PPI,Softwood lumber,2022,12,2022-12,282.704
WPU0811,PPI,Softwood lumber,2023,1,2023-01,268.02
WPU0811,PPI,Softwood lumber,2023,2,2023-02,277.205
WPU0811,PPI,Softwood lumber,2023,3,2023-03,274.339
WPU0811,PPI,Softwood lumber,2023,4,2023-04,271.188
WPU0811,PPI,Softwood lumber,2023,5,2023-05,270.867
WPU0811,PPI,Softwood lumber,2023,6,2023-06,267.391
WPU0811,PPI,Softwood lumber,2023,7,2023-07,279.386
WPU0811,PPI,Softwood lumber,2023,8,2023-08,266.602
WPU0811,PPI,Softwood lumber,2023,9,2023-09,261.997
WPU0811,PPI,Softwood lumber,2023,10,2023-10,253.466
WPU0811,PPI,Softwood lumber,2023,11,2023-11,240.798
WPU0811,PPI,Softwood lumber,2023,12,2023-12,241.386
WPU0811,PPI,Softwood lumber,2024,1,2024-01,244.297
WPU0811,PPI,Softwood lumber,2024,2,2024-02,247.904
WPU0811,PPI,Softwood lumber,2024,3,2024-03,255.753
WPU0811,PPI,Softwood lumber,2024,4,2024-04,258.172
WPU0811,PPI,Softwood lumber,2024,5,2024-05,248.93
WPU0811,PPI,Softwood lumber,2024,6,2024-06,247.322
WPU0811,PPI,Softwood lumber,2024,7,2024-07,242.794
WPU0811,PPI,Softwood lumber,2024,8,2024-08,249.891
WPU0811,PPI,Softwood lumber,2024,9,2024-09,256.224
WPU0811,PPI,Softwood lumber,2024,10,2024-10,260.351
WPU0811,PPI,Softwood lumber,2024,11,2024-11,269.326
WPU0811,PPI,Softwood lumber,2024,12,2024-12,272.406
WPU0811,PPI,Softwood lumber,2025,1,2025-01,267.542
WPU0811,PPI,Softwood lumber,2025,2,2025-02,274.907
WPU0811,PPI,Softwood lumber,2025,3,2025-03,287.961
WPU0811,PPI,Softwood lumber,2025,4,2025-04,280.407
WPU0811,PPI,Softwood lumber,2025,5,2025-05,271.479
WPU0811,PPI,Softwood lumber,2025,6,2025-06,266.343
WPU0811,PPI,Softwood lumber,2025,7,2025-07,261.368
WPU0811,PPI,Softwood lumber,2025,8,2025-08,263.714
WPU0811,PPI,Softwood lumber,2025,9,2025-09,252.782
WPU0811,PPI,Softwood lumber,2025,10,2025-10,251.036
WPU0811,PPI,Softwood lumber,2025,11,2025-11,251.402
WPU0811,PPI,Softwood lumber,2025,12,2025-12,250.132
WPU0811,PPI,Softwood lumber,2026,1,2026-01,259.987
WPU0811,PPI,Softwood lumber,2026,2,2026-02,270.326
WPU0811,PPI,Softwood lumber,2026,3,2026-03,268.274
WPU0811,PPI,Softwood lumber,2026,4,2026-04,282.875
WPU0811,PPI,Softwood lumber,2026,5,2026-05,284.485
WPU0811,PPI,Softwood lumber,2026,6,2026-06,282.546
WPU0811,PPI,Softwood lumber,2026,7,2026-07,300.614
WPU0812,PPI,Hardwood lumber,2017,1,2017-01,214.1
WPU0812,PPI,Hardwood lumber,2017,2,2017-02,217.5
WPU0812,PPI,Hardwood lumber,2017,3,2017-03,216.8
WPU0812,PPI,Hardwood lumber,2017,4,2017-04,214.6
WPU0812,PPI,Hardwood lumber,2017,5,2017-05,216.0
WPU0812,PPI,Hardwood lumber,2017,6,2017-06,219.9
WPU0812,PPI,Hardwood lumber,2017,7,2017-07,220.0
WPU0812,PPI,Hardwood lumber,2017,8,2017-08,223.7
WPU0812,PPI,Hardwood lumber,2017,9,2017-09,223.0
WPU0812,PPI,Hardwood lumber,2017,10,2017-10,221.0
WPU0812,PPI,Hardwood lumber,2017,11,2017-11,223.9
WPU0812,PPI,Hardwood lumber,2017,12,2017-12,224.7
WPU0812,PPI,Hardwood lumber,2018,1,2018-01,225.7
WPU0812,PPI,Hardwood lumber,2018,2,2018-02,230.3
WPU0812,PPI,Hardwood lumber,2018,3,2018-03,230.8
WPU0812,PPI,Hardwood lumber,2018,4,2018-04,232.8
WPU0812,PPI,Hardwood lumber,2018,5,2018-05,236.7
WPU0812,PPI,Hardwood lumber,2018,6,2018-06,236.9
WPU0812,PPI,Hardwood lumber,2018,7,2018-07,232.5
WPU0812,PPI,Hardwood lumber,2018,8,2018-08,230.2
WPU0812,PPI,Hardwood lumber,2018,9,2018-09,225.4
WPU0812,PPI,Hardwood lumber,2018,10,2018-10,227.7
WPU0812,PPI,Hardwood lumber,2018,11,2018-11,225.1
WPU0812,PPI,Hardwood lumber,2018,12,2018-12,226.9
WPU0812,PPI,Hardwood lumber,2019,1,2019-01,225.6
WPU0812,PPI,Hardwood lumber,2019,2,2019-02,223.6
WPU0812,PPI,Hardwood lumber,2019,3,2019-03,222.2
WPU0812,PPI,Hardwood lumber,2019,4,2019-04,223.4
WPU0812,PPI,Hardwood lumber,2019,5,2019-05,218.7
WPU0812,PPI,Hardwood lumber,2019,6,2019-06,216.8
WPU0812,PPI,Hardwood lumber,2019,7,2019-07,215.5
WPU0812,PPI,Hardwood lumber,2019,8,2019-08,210.6
WPU0812,PPI,Hardwood lumber,2019,9,2019-09,208.8
WPU0812,PPI,Hardwood lumber,2019,10,2019-10,207.0
WPU0812,PPI,Hardwood lumber,2019,11,2019-11,204.6
WPU0812,PPI,Hardwood lumber,2019,12,2019-12,204.7
WPU0812,PPI,Hardwood lumber,2020,1,2020-01,202.6
WPU0812,PPI,Hardwood lumber,2020,2,2020-02,203.3
WPU0812,PPI,Hardwood lumber,2020,3,2020-03,203.6
WPU0812,PPI,Hardwood lumber,2020,4,2020-04,203.9
WPU0812,PPI,Hardwood lumber,2020,5,2020-05,204.4
WPU0812,PPI,Hardwood lumber,2020,6,2020-06,202.8
WPU0812,PPI,Hardwood lumber,2020,7,2020-07,203.2
WPU0812,PPI,Hardwood lumber,2020,8,2020-08,204.6
WPU0812,PPI,Hardwood lumber,2020,9,2020-09,205.9
WPU0812,PPI,Hardwood lumber,2020,10,2020-10,207.7
WPU0812,PPI,Hardwood lumber,2020,11,2020-11,218.7
WPU0812,PPI,Hardwood lumber,2020,12,2020-12,223.6
WPU0812,PPI,Hardwood lumber,2021,1,2021-01,231.8
WPU0812,PPI,Hardwood lumber,2021,2,2021-02,243.5
WPU0812,PPI,Hardwood lumber,2021,3,2021-03,254.2
WPU0812,PPI,Hardwood lumber,2021,4,2021-04,269.6
WPU0812,PPI,Hardwood lumber,2021,5,2021-05,279.1
WPU0812,PPI,Hardwood lumber,2021,6,2021-06,283.3
WPU0812,PPI,Hardwood lumber,2021,7,2021-07,293.981
WPU0812,PPI,Hardwood lumber,2021,8,2021-08,294.999
WPU0812,PPI,Hardwood lumber,2021,9,2021-09,295.936
WPU0812,PPI,Hardwood lumber,2021,10,2021-10,301.227
WPU0812,PPI,Hardwood lumber,2021,11,2021-11,300.807
WPU0812,PPI,Hardwood lumber,2021,12,2021-12,302.563
WPU0812,PPI,Hardwood lumber,2022,1,2022-01,294.336
WPU0812,PPI,Hardwood lumber,2022,2,2022-02,302.872
WPU0812,PPI,Hardwood lumber,2022,3,2022-03,303.213
WPU0812,PPI,Hardwood lumber,2022,4,2022-04,304.008
WPU0812,PPI,Hardwood lumber,2022,5,2022-05,316.108
WPU0812,PPI,Hardwood lumber,2022,6,2022-06,305.35
WPU0812,PPI,Hardwood lumber,2022,7,2022-07,306.937
WPU0812,PPI,Hardwood lumber,2022,8,2022-08,293.973
WPU0812,PPI,Hardwood lumber,2022,9,2022-09,280.986
WPU0812,PPI,Hardwood lumber,2022,10,2022-10,265.546
WPU0812,PPI,Hardwood lumber,2022,11,2022-11,253.624
WPU0812,PPI,Hardwood lumber,2022,12,2022-12,249.011
WPU0812,PPI,Hardwood lumber,2023,1,2023-01,267.833
WPU0812,PPI,Hardwood lumber,2023,2,2023-02,263.148
WPU0812,PPI,Hardwood lumber,2023,3,2023-03,259.786
WPU0812,PPI,Hardwood lumber,2023,4,2023-04,257.795
WPU0812,PPI,Hardwood lumber,2023,5,2023-05,258.754
WPU0812,PPI,Hardwood lumber,2023,6,2023-06,254.44
WPU0812,PPI,Hardwood lumber,2023,7,2023-07,273.659
WPU0812,PPI,Hardwood lumber,2023,8,2023-08,250.702
WPU0812,PPI,Hardwood lumber,2023,9,2023-09,259.37
WPU0812,PPI,Hardwood lumber,2023,10,2023-10,246.668
WPU0812,PPI,Hardwood lumber,2023,11,2023-11,249.915
WPU0812,PPI,Hardwood lumber,2023,12,2023-12,260.047
WPU0812,PPI,Hardwood lumber,2024,1,2024-01,260.278
WPU0812,PPI,Hardwood lumber,2024,2,2024-02,260.121
WPU0812,PPI,Hardwood lumber,2024,3,2024-03,256.754
WPU0812,PPI,Hardwood lumber,2024,4,2024-04,261.156
WPU0812,PPI,Hardwood lumber,2024,5,2024-05,263.339
WPU0812,PPI,Hardwood lumber,2024,6,2024-06,264.638
WPU0812,PPI,Hardwood lumber,2024,7,2024-07,264.962
WPU0812,PPI,Hardwood lumber,2024,8,2024-08,264.787
WPU0812,PPI,Hardwood lumber,2024,9,2024-09,264.621
WPU0812,PPI,Hardwood lumber,2024,10,2024-10,265.732
WPU0812,PPI,Hardwood lumber,2024,11,2024-11,266.191
WPU0812,PPI,Hardwood lumber,2024,12,2024-12,267.46
WPU0812,PPI,Hardwood lumber,2025,1,2025-01,270.794
WPU0812,PPI,Hardwood lumber,2025,2,2025-02,272.833
WPU0812,PPI,Hardwood lumber,2025,3,2025-03,276.385
WPU0812,PPI,Hardwood lumber,2025,4,2025-04,277.584
WPU0812,PPI,Hardwood lumber,2025,5,2025-05,278.569
WPU0812,PPI,Hardwood lumber,2025,6,2025-06,278.313
WPU0812,PPI,Hardwood lumber,2025,7,2025-07,279.887
WPU0812,PPI,Hardwood lumber,2025,8,2025-08,281.565
WPU0812,PPI,Hardwood lumber,2025,9,2025-09,281.338
WPU0812,PPI,Hardwood lumber,2025,10,2025-10,282.345
WPU0812,PPI,Hardwood lumber,2025,11,2025-11,282.696
WPU0812,PPI,Hardwood lumber,2025,12,2025-12,283.733
WPU0812,PPI,Hardwood lumber,2026,1,2026-01,284.704
WPU0812,PPI,Hardwood lumber,2026,2,2026-02,286.414
WPU0812,PPI,Hardwood lumber,2026,3,2026-03,286.2
WPU0812,PPI,Hardwood lumber,2026,4,2026-04,288.354
WPU0812,PPI,Hardwood lumber,2026,5,2026-05,288.144
WPU0812,PPI,Hardwood lumber,2026,6,2026-06,288.246
WPU0812,PPI,Hardwood lumber,2026,7,2026-07,289.058
WPU083,PPI,Millwork,2017,1,2017-01,189.9
WPU083,PPI,Millwork,2017,2,2017-02,192.4
WPU083,PPI,Millwork,2017,3,2017-03,198.6
WPU083,PPI,Millwork,2017,4,2017-04,201.7
WPU083,PPI,Millwork,2017,5,2017-05,202.5
WPU083,PPI,Millwork,2017,6,2017-06,200.2
WPU083,PPI,Millwork,2017,7,2017-07,198.6
WPU083,PPI,Millwork,2017,8,2017-08,202.1
WPU083,PPI,Millwork,2017,9,2017-09,206.2
WPU083,PPI,Millwork,2017,10,2017-10,218.7
WPU083,PPI,Millwork,2017,11,2017-11,220.9
WPU083,PPI,Millwork,2017,12,2017-12,218.1
WPU083,PPI,Millwork,2018,1,2018-01,219.8
WPU083,PPI,Millwork,2018,2,2018-02,227.9
WPU083,PPI,Millwork,2018,3,2018-03,236.5
WPU083,PPI,Millwork,2018,4,2018-04,236.6
WPU083,PPI,Millwork,2018,5,2018-05,239.9
WPU083,PPI,Millwork,2018,6,2018-06,243.1
WPU083,PPI,Millwork,2018,7,2018-07,239.4
WPU083,PPI,Millwork,2018,8,2018-08,230.5
WPU083,PPI,Millwork,2018,9,2018-09,230.1
WPU083,PPI,Millwork,2018,10,2018-10,229.0
WPU083,PPI,Millwork,2018,11,2018-11,217.4
WPU083,PPI,Millwork,2018,12,2018-12,212.5
WPU083,PPI,Millwork,2019,1,2019-01,211.9
WPU083,PPI,Millwork,2019,2,2019-02,212.8
WPU083,PPI,Millwork,2019,3,2019-03,212.6
WPU083,PPI,Millwork,2019,4,2019-04,213.1
WPU083,PPI,Millwork,2019,5,2019-05,208.3
WPU083,PPI,Millwork,2019,6,2019-06,203.9
WPU083,PPI,Millwork,2019,7,2019-07,199.5
WPU083,PPI,Millwork,2019,8,2019-08,194.7
WPU083,PPI,Millwork,2019,9,2019-09,193.6
WPU083,PPI,Millwork,2019,10,2019-10,194.6
WPU083,PPI,Millwork,2019,11,2019-11,194.4
WPU083,PPI,Millwork,2019,12,2019-12,194.9
WPU083,PPI,Millwork,2020,1,2020-01,194.7
WPU083,PPI,Millwork,2020,2,2020-02,196.4
WPU083,PPI,Millwork,2020,3,2020-03,204.4
WPU083,PPI,Millwork,2020,4,2020-04,202.0
WPU083,PPI,Millwork,2020,5,2020-05,197.8
WPU083,PPI,Millwork,2020,6,2020-06,210.7
WPU083,PPI,Millwork,2020,7,2020-07,228.7
WPU083,PPI,Millwork,2020,8,2020-08,254.3
WPU083,PPI,Millwork,2020,9,2020-09,278.3
WPU083,PPI,Millwork,2020,10,2020-10,269.9
WPU083,PPI,Millwork,2020,11,2020-11,259.2
WPU083,PPI,Millwork,2020,12,2020-12,254.8
WPU083,PPI,Millwork,2021,1,2021-01,276.5
WPU083,PPI,Millwork,2021,2,2021-02,296.8
WPU083,PPI,Millwork,2021,3,2021-03,326.7
WPU083,PPI,Millwork,2021,4,2021-04,370.8
WPU083,PPI,Millwork,2021,5,2021-05,417.0
WPU083,PPI,Millwork,2021,6,2021-06,471.3
WPU083,PPI,Millwork,2021,7,2021-07,427.656
WPU083,PPI,Millwork,2021,8,2021-08,327.418
WPU083,PPI,Millwork,2021,9,2021-09,261.24
WPU083,PPI,Millwork,2021,10,2021-10,272.67
WPU083,PPI,Millwork,2021,11,2021-11,283.574
WPU083,PPI,Millwork,2021,12,2021-12,291.02
WPU083,PPI,Millwork,2022,1,2022-01,343.634
WPU083,PPI,Millwork,2022,2,2022-02,371.006
WPU083,PPI,Millwork,2022,3,2022-03,397.233
WPU083,PPI,Millwork,2022,4,2022-04,370.02
WPU083,PPI,Millwork,2022,5,2022-05,355.223
WPU083,PPI,Millwork,2022,6,2022-06,346.795
WPU083,PPI,Millwork,2022,7,2022-07,323.945
WPU083,PPI,Millwork,2022,8,2022-08,321.463
WPU083,PPI,Millwork,2022,9,2022-09,319.369
WPU083,PPI,Millwork,2022,10,2022-10,311.089
WPU083,PPI,Millwork,2022,11,2022-11,298.745
WPU083,PPI,Millwork,2022,12,2022-12,293.188
WPU083,PPI,Millwork,2023,1,2023-01,289.258
WPU083,PPI,Millwork,2023,2,2023-02,284.658
WPU083,PPI,Millwork,2023,3,2023-03,281.919
WPU083,PPI,Millwork,2023,4,2023-04,280.396
WPU083,PPI,Millwork,2023,5,2023-05,278.084
WPU083,PPI,Millwork,2023,6,2023-06,275.952
WPU083,PPI,Millwork,2023,7,2023-07,273.847
WPU083,PPI,Millwork,2023,8,2023-08,277.662
WPU083,PPI,Millwork,2023,9,2023-09,281.422
WPU083,PPI,Millwork,2023,10,2023-10,286.047
WPU083,PPI,Millwork,2023,11,2023-11,282.609
WPU083,PPI,Millwork,2023,12,2023-12,285.336
WPU083,PPI,Millwork,2024,1,2024-01,285.094
WPU083,PPI,Millwork,2024,2,2024-02,282.098
WPU083,PPI,Millwork,2024,3,2024-03,281.52
WPU083,PPI,Millwork,2024,4,2024-04,285.0
WPU083,PPI,Millwork,2024,5,2024-05,278.862
WPU083,PPI,Millwork,2024,6,2024-06,274.481
WPU083,PPI,Millwork,2024,7,2024-07,268.461
WPU083,PPI,Millwork,2024,8,2024-08,266.357
WPU083,PPI,Millwork,2024,9,2024-09,269.681
WPU083,PPI,Millwork,2024,10,2024-10,269.722
WPU083,PPI,Millwork,2024,11,2024-11,269.583
WPU083,PPI,Millwork,2024,12,2024-12,268.033
WPU083,PPI,Millwork,2025,1,2025-01,265.565
WPU083,PPI,Millwork,2025,2,2025-02,270.598
WPU083,PPI,Millwork,2025,3,2025-03,275.398
WPU083,PPI,Millwork,2025,4,2025-04,272.729
WPU083,PPI,Millwork,2025,5,2025-05,273.375
WPU083,PPI,Millwork,2025,6,2025-06,269.035
WPU083,PPI,Millwork,2025,7,2025-07,270.254
WPU083,PPI,Millwork,2025,8,2025-08,271.138
WPU083,PPI,Millwork,2025,9,2025-09,269.614
WPU083,PPI,Millwork,2025,10,2025-10,267.163
WPU083,PPI,Millwork,2025,11,2025-11,268.966
WPU083,PPI,Millwork,2025,12,2025-12,269.319
WPU083,PPI,Millwork,2026,1,2026-01,270.638
WPU083,PPI,Millwork,2026,2,2026-02,272.226
WPU083,PPI,Millwork,2026,3,2026-03,276.116
WPU083,PPI,Millwork,2026,4,2026-04,283.721
WPU083,PPI,Millwork,2026,5,2026-05,289.218
WPU083,PPI,Millwork,2026,6,2026-06,293.157
WPU083,PPI,Millwork,2026,7,2026-07,295.177
