item_code,item,cut,cut_label,group,series_id,year,value
290110,Mattresses and springs,LB01,income quintile,All consumer units,CXU290110LB0101M,2015,99.0
290110,Mattresses and springs,LB01,income quintile,All consumer units,CXU290110LB0101M,2016,95.0
290110,Mattresses and springs,LB01,income quintile,All consumer units,CXU290110LB0101M,2017,96.0
290110,Mattresses and springs,LB01,income quintile,All consumer units,CXU290110LB0101M,2018,97.0
290110,Mattresses and springs,LB01,income quintile,All consumer units,CXU290110LB0101M,2019,93.0
290110,Mattresses and springs,LB01,income quintile,All consumer units,CXU290110LB0101M,2020,93.0
290110,Mattresses and springs,LB01,income quintile,All consumer units,CXU290110LB0101M,2021,116.0
290110,Mattresses and springs,LB01,income quintile,All consumer units,CXU290110LB0101M,2022,143.0
290110,Mattresses and springs,LB01,income quintile,All consumer units,CXU290110LB0101M,2023,107.0
290110,Mattresses and springs,LB01,income quintile,All consumer units,CXU290110LB0101M,2024,114.0
290110,Mattresses and springs,LB01,income quintile,Q1 lowest 20%,CXU290110LB0102M,2015,31.0
290110,Mattresses and springs,LB01,income quintile,Q1 lowest 20%,CXU290110LB0102M,2016,28.0
290110,Mattresses and springs,LB01,income quintile,Q1 lowest 20%,CXU290110LB0102M,2017,39.0
290110,Mattresses and springs,LB01,income quintile,Q1 lowest 20%,CXU290110LB0102M,2018,28.0
290110,Mattresses and springs,LB01,income quintile,Q1 lowest 20%,CXU290110LB0102M,2019,36.0
290110,Mattresses and springs,LB01,income quintile,Q1 lowest 20%,CXU290110LB0102M,2020,36.0
290110,Mattresses and springs,LB01,income quintile,Q1 lowest 20%,CXU290110LB0102M,2021,65.0
290110,Mattresses and springs,LB01,income quintile,Q1 lowest 20%,CXU290110LB0102M,2022,58.0
290110,Mattresses and springs,LB01,income quintile,Q1 lowest 20%,CXU290110LB0102M,2023,42.0
290110,Mattresses and springs,LB01,income quintile,Q1 lowest 20%,CXU290110LB0102M,2024,46.0
290110,Mattresses and springs,LB01,income quintile,Q2,CXU290110LB0103M,2015,65.0
290110,Mattresses and springs,LB01,income quintile,Q2,CXU290110LB0103M,2016,67.0
290110,Mattresses and springs,LB01,income quintile,Q2,CXU290110LB0103M,2017,65.0
290110,Mattresses and springs,LB01,income quintile,Q2,CXU290110LB0103M,2018,73.0
290110,Mattresses and springs,LB01,income quintile,Q2,CXU290110LB0103M,2019,60.0
290110,Mattresses and springs,LB01,income quintile,Q2,CXU290110LB0103M,2020,64.0
290110,Mattresses and springs,LB01,income quintile,Q2,CXU290110LB0103M,2021,63.0
290110,Mattresses and springs,LB01,income quintile,Q2,CXU290110LB0103M,2022,123.0
290110,Mattresses and springs,LB01,income quintile,Q2,CXU290110LB0103M,2023,74.0
290110,Mattresses and springs,LB01,income quintile,Q2,CXU290110LB0103M,2024,57.0
290110,Mattresses and springs,LB01,income quintile,Q3,CXU290110LB0104M,2015,92.0
290110,Mattresses and springs,LB01,income quintile,Q3,CXU290110LB0104M,2016,76.0
290110,Mattresses and springs,LB01,income quintile,Q3,CXU290110LB0104M,2017,74.0
290110,Mattresses and springs,LB01,income quintile,Q3,CXU290110LB0104M,2018,98.0
290110,Mattresses and springs,LB01,income quintile,Q3,CXU290110LB0104M,2019,85.0
290110,Mattresses and springs,LB01,income quintile,Q3,CXU290110LB0104M,2020,77.0
290110,Mattresses and springs,LB01,income quintile,Q3,CXU290110LB0104M,2021,105.0
290110,Mattresses and springs,LB01,income quintile,Q3,CXU290110LB0104M,2022,88.0
290110,Mattresses and springs,LB01,income quintile,Q3,CXU290110LB0104M,2023,87.0
290110,Mattresses and springs,LB01,income quintile,Q3,CXU290110LB0104M,2024,104.0
290110,Mattresses and springs,LB01,income quintile,Q4,CXU290110LB0105M,2015,102.0
290110,Mattresses and springs,LB01,income quintile,Q4,CXU290110LB0105M,2016,100.0
290110,Mattresses and springs,LB01,income quintile,Q4,CXU290110LB0105M,2017,109.0
290110,Mattresses and springs,LB01,income quintile,Q4,CXU290110LB0105M,2018,100.0
290110,Mattresses and springs,LB01,income quintile,Q4,CXU290110LB0105M,2019,117.0
290110,Mattresses and springs,LB01,income quintile,Q4,CXU290110LB0105M,2020,109.0
290110,Mattresses and springs,LB01,income quintile,Q4,CXU290110LB0105M,2021,139.0
290110,Mattresses and springs,LB01,income quintile,Q4,CXU290110LB0105M,2022,158.0
290110,Mattresses and springs,LB01,income quintile,Q4,CXU290110LB0105M,2023,119.0
290110,Mattresses and springs,LB01,income quintile,Q4,CXU290110LB0105M,2024,163.0
290110,Mattresses and springs,LB01,income quintile,Q5 highest 20%,CXU290110LB0106M,2015,204.0
290110,Mattresses and springs,LB01,income quintile,Q5 highest 20%,CXU290110LB0106M,2016,204.0
290110,Mattresses and springs,LB01,income quintile,Q5 highest 20%,CXU290110LB0106M,2017,192.0
290110,Mattresses and springs,LB01,income quintile,Q5 highest 20%,CXU290110LB0106M,2018,187.0
290110,Mattresses and springs,LB01,income quintile,Q5 highest 20%,CXU290110LB0106M,2019,168.0
290110,Mattresses and springs,LB01,income quintile,Q5 highest 20%,CXU290110LB0106M,2020,181.0
290110,Mattresses and springs,LB01,income quintile,Q5 highest 20%,CXU290110LB0106M,2021,205.0
290110,Mattresses and springs,LB01,income quintile,Q5 highest 20%,CXU290110LB0106M,2022,287.0
290110,Mattresses and springs,LB01,income quintile,Q5 highest 20%,CXU290110LB0106M,2023,213.0
290110,Mattresses and springs,LB01,income quintile,Q5 highest 20%,CXU290110LB0106M,2024,199.0
290110,Mattresses and springs,LB11,census region,All consumer units,CXU290110LB1101M,2015,99.0
290110,Mattresses and springs,LB11,census region,All consumer units,CXU290110LB1101M,2016,95.0
290110,Mattresses and springs,LB11,census region,All consumer units,CXU290110LB1101M,2017,96.0
290110,Mattresses and springs,LB11,census region,All consumer units,CXU290110LB1101M,2018,97.0
290110,Mattresses and springs,LB11,census region,All consumer units,CXU290110LB1101M,2019,93.0
290110,Mattresses and springs,LB11,census region,All consumer units,CXU290110LB1101M,2020,93.0
290110,Mattresses and springs,LB11,census region,All consumer units,CXU290110LB1101M,2021,116.0
290110,Mattresses and springs,LB11,census region,All consumer units,CXU290110LB1101M,2022,143.0
290110,Mattresses and springs,LB11,census region,All consumer units,CXU290110LB1101M,2023,107.0
290110,Mattresses and springs,LB11,census region,All consumer units,CXU290110LB1101M,2024,114.0
290110,Mattresses and springs,LB11,census region,Midwest,CXU290110LB1103M,2015,111.0
290110,Mattresses and springs,LB11,census region,Midwest,CXU290110LB1103M,2016,110.0
290110,Mattresses and springs,LB11,census region,Midwest,CXU290110LB1103M,2017,119.0
290110,Mattresses and springs,LB11,census region,Midwest,CXU290110LB1103M,2018,100.0
290110,Mattresses and springs,LB11,census region,Midwest,CXU290110LB1103M,2019,100.0
290110,Mattresses and springs,LB11,census region,Midwest,CXU290110LB1103M,2020,94.0
290110,Mattresses and springs,LB11,census region,Midwest,CXU290110LB1103M,2021,109.0
290110,Mattresses and springs,LB11,census region,Midwest,CXU290110LB1103M,2022,122.0
290110,Mattresses and springs,LB11,census region,Midwest,CXU290110LB1103M,2023,100.0
290110,Mattresses and springs,LB11,census region,Midwest,CXU290110LB1103M,2024,122.0
290110,Mattresses and springs,LB11,census region,Northeast,CXU290110LB1102M,2015,81.0
290110,Mattresses and springs,LB11,census region,Northeast,CXU290110LB1102M,2016,73.0
290110,Mattresses and springs,LB11,census region,Northeast,CXU290110LB1102M,2017,95.0
290110,Mattresses and springs,LB11,census region,Northeast,CXU290110LB1102M,2018,95.0
290110,Mattresses and springs,LB11,census region,Northeast,CXU290110LB1102M,2019,105.0
290110,Mattresses and springs,LB11,census region,Northeast,CXU290110LB1102M,2020,100.0
290110,Mattresses and springs,LB11,census region,Northeast,CXU290110LB1102M,2021,85.0
290110,Mattresses and springs,LB11,census region,Northeast,CXU290110LB1102M,2022,124.0
290110,Mattresses and springs,LB11,census region,Northeast,CXU290110LB1102M,2023,94.0
290110,Mattresses and springs,LB11,census region,Northeast,CXU290110LB1102M,2024,81.0
290110,Mattresses and springs,LB11,census region,South,CXU290110LB1104M,2015,100.0
290110,Mattresses and springs,LB11,census region,South,CXU290110LB1104M,2016,85.0
290110,Mattresses and springs,LB11,census region,South,CXU290110LB1104M,2017,81.0
290110,Mattresses and springs,LB11,census region,South,CXU290110LB1104M,2018,88.0
290110,Mattresses and springs,LB11,census region,South,CXU290110LB1104M,2019,79.0
290110,Mattresses and springs,LB11,census region,South,CXU290110LB1104M,2020,78.0
290110,Mattresses and springs,LB11,census region,South,CXU290110LB1104M,2021,102.0
290110,Mattresses and springs,LB11,census region,South,CXU290110LB1104M,2022,163.0
290110,Mattresses and springs,LB11,census region,South,CXU290110LB1104M,2023,99.0
290110,Mattresses and springs,LB11,census region,South,CXU290110LB1104M,2024,105.0
290110,Mattresses and springs,LB11,census region,West,CXU290110LB1105M,2015,100.0
290110,Mattresses and springs,LB11,census region,West,CXU290110LB1105M,2016,116.0
290110,Mattresses and springs,LB11,census region,West,CXU290110LB1105M,2017,99.0
290110,Mattresses and springs,LB11,census region,West,CXU290110LB1105M,2018,113.0
290110,Mattresses and springs,LB11,census region,West,CXU290110LB1105M,2019,102.0
290110,Mattresses and springs,LB11,census region,West,CXU290110LB1105M,2020,114.0
290110,Mattresses and springs,LB11,census region,West,CXU290110LB1105M,2021,169.0
290110,Mattresses and springs,LB11,census region,West,CXU290110LB1105M,2022,142.0
290110,Mattresses and springs,LB11,census region,West,CXU290110LB1105M,2023,139.0
290110,Mattresses and springs,LB11,census region,West,CXU290110LB1105M,2024,149.0
290120,Other bedroom furniture,LB01,income quintile,All consumer units,CXU290120LB0101M,2015,88.0
290120,Other bedroom furniture,LB01,income quintile,All consumer units,CXU290120LB0101M,2016,78.0
290120,Other bedroom furniture,LB01,income quintile,All consumer units,CXU290120LB0101M,2017,91.0
290120,Other bedroom furniture,LB01,income quintile,All consumer units,CXU290120LB0101M,2018,91.0
290120,Other bedroom furniture,LB01,income quintile,All consumer units,CXU290120LB0101M,2019,96.0
290120,Other bedroom furniture,LB01,income quintile,All consumer units,CXU290120LB0101M,2020,86.0
290120,Other bedroom furniture,LB01,income quintile,All consumer units,CXU290120LB0101M,2021,122.0
290120,Other bedroom furniture,LB01,income quintile,All consumer units,CXU290120LB0101M,2022,102.0
290120,Other bedroom furniture,LB01,income quintile,All consumer units,CXU290120LB0101M,2023,95.0
290120,Other bedroom furniture,LB01,income quintile,All consumer units,CXU290120LB0101M,2024,119.0
290120,Other bedroom furniture,LB01,income quintile,Q1 lowest 20%,CXU290120LB0102M,2015,36.0
290120,Other bedroom furniture,LB01,income quintile,Q1 lowest 20%,CXU290120LB0102M,2016,33.0
290120,Other bedroom furniture,LB01,income quintile,Q1 lowest 20%,CXU290120LB0102M,2017,27.0
290120,Other bedroom furniture,LB01,income quintile,Q1 lowest 20%,CXU290120LB0102M,2018,27.0
290120,Other bedroom furniture,LB01,income quintile,Q1 lowest 20%,CXU290120LB0102M,2019,42.0
290120,Other bedroom furniture,LB01,income quintile,Q1 lowest 20%,CXU290120LB0102M,2020,43.0
290120,Other bedroom furniture,LB01,income quintile,Q1 lowest 20%,CXU290120LB0102M,2021,64.0
290120,Other bedroom furniture,LB01,income quintile,Q1 lowest 20%,CXU290120LB0102M,2022,34.0
290120,Other bedroom furniture,LB01,income quintile,Q1 lowest 20%,CXU290120LB0102M,2023,39.0
290120,Other bedroom furniture,LB01,income quintile,Q1 lowest 20%,CXU290120LB0102M,2024,46.0
290120,Other bedroom furniture,LB01,income quintile,Q2,CXU290120LB0103M,2015,58.0
290120,Other bedroom furniture,LB01,income quintile,Q2,CXU290120LB0103M,2016,46.0
290120,Other bedroom furniture,LB01,income quintile,Q2,CXU290120LB0103M,2017,52.0
290120,Other bedroom furniture,LB01,income quintile,Q2,CXU290120LB0103M,2018,64.0
290120,Other bedroom furniture,LB01,income quintile,Q2,CXU290120LB0103M,2019,62.0
290120,Other bedroom furniture,LB01,income quintile,Q2,CXU290120LB0103M,2020,60.0
290120,Other bedroom furniture,LB01,income quintile,Q2,CXU290120LB0103M,2021,66.0
290120,Other bedroom furniture,LB01,income quintile,Q2,CXU290120LB0103M,2022,53.0
290120,Other bedroom furniture,LB01,income quintile,Q2,CXU290120LB0103M,2023,53.0
290120,Other bedroom furniture,LB01,income quintile,Q2,CXU290120LB0103M,2024,83.0
290120,Other bedroom furniture,LB01,income quintile,Q3,CXU290120LB0104M,2015,61.0
290120,Other bedroom furniture,LB01,income quintile,Q3,CXU290120LB0104M,2016,55.0
290120,Other bedroom furniture,LB01,income quintile,Q3,CXU290120LB0104M,2017,68.0
290120,Other bedroom furniture,LB01,income quintile,Q3,CXU290120LB0104M,2018,71.0
290120,Other bedroom furniture,LB01,income quintile,Q3,CXU290120LB0104M,2019,56.0
290120,Other bedroom furniture,LB01,income quintile,Q3,CXU290120LB0104M,2020,52.0
290120,Other bedroom furniture,LB01,income quintile,Q3,CXU290120LB0104M,2021,118.0
290120,Other bedroom furniture,LB01,income quintile,Q3,CXU290120LB0104M,2022,77.0
290120,Other bedroom furniture,LB01,income quintile,Q3,CXU290120LB0104M,2023,83.0
290120,Other bedroom furniture,LB01,income quintile,Q3,CXU290120LB0104M,2024,76.0
290120,Other bedroom furniture,LB01,income quintile,Q4,CXU290120LB0105M,2015,104.0
290120,Other bedroom furniture,LB01,income quintile,Q4,CXU290120LB0105M,2016,85.0
290120,Other bedroom furniture,LB01,income quintile,Q4,CXU290120LB0105M,2017,111.0
290120,Other bedroom furniture,LB01,income quintile,Q4,CXU290120LB0105M,2018,112.0
290120,Other bedroom furniture,LB01,income quintile,Q4,CXU290120LB0105M,2019,93.0
290120,Other bedroom furniture,LB01,income quintile,Q4,CXU290120LB0105M,2020,101.0
290120,Other bedroom furniture,LB01,income quintile,Q4,CXU290120LB0105M,2021,138.0
290120,Other bedroom furniture,LB01,income quintile,Q4,CXU290120LB0105M,2022,84.0
290120,Other bedroom furniture,LB01,income quintile,Q4,CXU290120LB0105M,2023,97.0
290120,Other bedroom furniture,LB01,income quintile,Q4,CXU290120LB0105M,2024,121.0
290120,Other bedroom furniture,LB01,income quintile,Q5 highest 20%,CXU290120LB0106M,2015,179.0
290120,Other bedroom furniture,LB01,income quintile,Q5 highest 20%,CXU290120LB0106M,2016,173.0
290120,Other bedroom furniture,LB01,income quintile,Q5 highest 20%,CXU290120LB0106M,2017,196.0
290120,Other bedroom furniture,LB01,income quintile,Q5 highest 20%,CXU290120LB0106M,2018,181.0
290120,Other bedroom furniture,LB01,income quintile,Q5 highest 20%,CXU290120LB0106M,2019,224.0
290120,Other bedroom furniture,LB01,income quintile,Q5 highest 20%,CXU290120LB0106M,2020,175.0
290120,Other bedroom furniture,LB01,income quintile,Q5 highest 20%,CXU290120LB0106M,2021,225.0
290120,Other bedroom furniture,LB01,income quintile,Q5 highest 20%,CXU290120LB0106M,2022,261.0
290120,Other bedroom furniture,LB01,income quintile,Q5 highest 20%,CXU290120LB0106M,2023,202.0
290120,Other bedroom furniture,LB01,income quintile,Q5 highest 20%,CXU290120LB0106M,2024,269.0
290120,Other bedroom furniture,LB11,census region,All consumer units,CXU290120LB1101M,2015,88.0
290120,Other bedroom furniture,LB11,census region,All consumer units,CXU290120LB1101M,2016,78.0
290120,Other bedroom furniture,LB11,census region,All consumer units,CXU290120LB1101M,2017,91.0
290120,Other bedroom furniture,LB11,census region,All consumer units,CXU290120LB1101M,2018,91.0
290120,Other bedroom furniture,LB11,census region,All consumer units,CXU290120LB1101M,2019,96.0
290120,Other bedroom furniture,LB11,census region,All consumer units,CXU290120LB1101M,2020,86.0
290120,Other bedroom furniture,LB11,census region,All consumer units,CXU290120LB1101M,2021,122.0
290120,Other bedroom furniture,LB11,census region,All consumer units,CXU290120LB1101M,2022,102.0
290120,Other bedroom furniture,LB11,census region,All consumer units,CXU290120LB1101M,2023,95.0
290120,Other bedroom furniture,LB11,census region,All consumer units,CXU290120LB1101M,2024,119.0
290120,Other bedroom furniture,LB11,census region,Midwest,CXU290120LB1103M,2015,84.0
290120,Other bedroom furniture,LB11,census region,Midwest,CXU290120LB1103M,2016,72.0
290120,Other bedroom furniture,LB11,census region,Midwest,CXU290120LB1103M,2017,93.0
290120,Other bedroom furniture,LB11,census region,Midwest,CXU290120LB1103M,2018,83.0
290120,Other bedroom furniture,LB11,census region,Midwest,CXU290120LB1103M,2019,70.0
290120,Other bedroom furniture,LB11,census region,Midwest,CXU290120LB1103M,2020,63.0
290120,Other bedroom furniture,LB11,census region,Midwest,CXU290120LB1103M,2021,102.0
290120,Other bedroom furniture,LB11,census region,Midwest,CXU290120LB1103M,2022,69.0
290120,Other bedroom furniture,LB11,census region,Midwest,CXU290120LB1103M,2023,56.0
290120,Other bedroom furniture,LB11,census region,Midwest,CXU290120LB1103M,2024,125.0
290120,Other bedroom furniture,LB11,census region,Northeast,CXU290120LB1102M,2015,71.0
290120,Other bedroom furniture,LB11,census region,Northeast,CXU290120LB1102M,2016,60.0
290120,Other bedroom furniture,LB11,census region,Northeast,CXU290120LB1102M,2017,95.0
290120,Other bedroom furniture,LB11,census region,Northeast,CXU290120LB1102M,2018,93.0
290120,Other bedroom furniture,LB11,census region,Northeast,CXU290120LB1102M,2019,84.0
290120,Other bedroom furniture,LB11,census region,Northeast,CXU290120LB1102M,2020,74.0
290120,Other bedroom furniture,LB11,census region,Northeast,CXU290120LB1102M,2021,102.0
290120,Other bedroom furniture,LB11,census region,Northeast,CXU290120LB1102M,2022,113.0
290120,Other bedroom furniture,LB11,census region,Northeast,CXU290120LB1102M,2023,111.0
290120,Other bedroom furniture,LB11,census region,Northeast,CXU290120LB1102M,2024,108.0
290120,Other bedroom furniture,LB11,census region,South,CXU290120LB1104M,2015,103.0
290120,Other bedroom furniture,LB11,census region,South,CXU290120LB1104M,2016,85.0
290120,Other bedroom furniture,LB11,census region,South,CXU290120LB1104M,2017,90.0
290120,Other bedroom furniture,LB11,census region,South,CXU290120LB1104M,2018,90.0
290120,Other bedroom furniture,LB11,census region,South,CXU290120LB1104M,2019,104.0
290120,Other bedroom furniture,LB11,census region,South,CXU290120LB1104M,2020,88.0
290120,Other bedroom furniture,LB11,census region,South,CXU290120LB1104M,2021,145.0
290120,Other bedroom furniture,LB11,census region,South,CXU290120LB1104M,2022,104.0
290120,Other bedroom furniture,LB11,census region,South,CXU290120LB1104M,2023,115.0
290120,Other bedroom furniture,LB11,census region,South,CXU290120LB1104M,2024,125.0
290120,Other bedroom furniture,LB11,census region,West,CXU290120LB1105M,2015,80.0
290120,Other bedroom furniture,LB11,census region,West,CXU290120LB1105M,2016,88.0
290120,Other bedroom furniture,LB11,census region,West,CXU290120LB1105M,2017,86.0
290120,Other bedroom furniture,LB11,census region,West,CXU290120LB1105M,2018,100.0
290120,Other bedroom furniture,LB11,census region,West,CXU290120LB1105M,2019,115.0
290120,Other bedroom furniture,LB11,census region,West,CXU290120LB1105M,2020,112.0
290120,Other bedroom furniture,LB11,census region,West,CXU290120LB1105M,2021,120.0
290120,Other bedroom furniture,LB11,census region,West,CXU290120LB1105M,2022,118.0
290120,Other bedroom furniture,LB11,census region,West,CXU290120LB1105M,2023,83.0
290120,Other bedroom furniture,LB11,census region,West,CXU290120LB1105M,2024,113.0
290210,Sofas,LB01,income quintile,All consumer units,CXU290210LB0101M,2015,141.0
290210,Sofas,LB01,income quintile,All consumer units,CXU290210LB0101M,2016,127.0
290210,Sofas,LB01,income quintile,All consumer units,CXU290210LB0101M,2017,152.0
290210,Sofas,LB01,income quintile,All consumer units,CXU290210LB0101M,2018,149.0
290210,Sofas,LB01,income quintile,All consumer units,CXU290210LB0101M,2019,142.0
290210,Sofas,LB01,income quintile,All consumer units,CXU290210LB0101M,2020,150.0
290210,Sofas,LB01,income quintile,All consumer units,CXU290210LB0101M,2021,208.0
290210,Sofas,LB01,income quintile,All consumer units,CXU290210LB0101M,2022,209.0
290210,Sofas,LB01,income quintile,All consumer units,CXU290210LB0101M,2023,178.0
290210,Sofas,LB01,income quintile,All consumer units,CXU290210LB0101M,2024,195.0
290210,Sofas,LB01,income quintile,Q1 lowest 20%,CXU290210LB0102M,2015,37.0
290210,Sofas,LB01,income quintile,Q1 lowest 20%,CXU290210LB0102M,2016,52.0
290210,Sofas,LB01,income quintile,Q1 lowest 20%,CXU290210LB0102M,2017,71.0
290210,Sofas,LB01,income quintile,Q1 lowest 20%,CXU290210LB0102M,2018,58.0
290210,Sofas,LB01,income quintile,Q1 lowest 20%,CXU290210LB0102M,2019,52.0
290210,Sofas,LB01,income quintile,Q1 lowest 20%,CXU290210LB0102M,2020,62.0
290210,Sofas,LB01,income quintile,Q1 lowest 20%,CXU290210LB0102M,2021,108.0
290210,Sofas,LB01,income quintile,Q1 lowest 20%,CXU290210LB0102M,2022,52.0
290210,Sofas,LB01,income quintile,Q1 lowest 20%,CXU290210LB0102M,2023,65.0
290210,Sofas,LB01,income quintile,Q1 lowest 20%,CXU290210LB0102M,2024,95.0
290210,Sofas,LB01,income quintile,Q2,CXU290210LB0103M,2015,73.0
290210,Sofas,LB01,income quintile,Q2,CXU290210LB0103M,2016,86.0
290210,Sofas,LB01,income quintile,Q2,CXU290210LB0103M,2017,82.0
290210,Sofas,LB01,income quintile,Q2,CXU290210LB0103M,2018,77.0
290210,Sofas,LB01,income quintile,Q2,CXU290210LB0103M,2019,89.0
290210,Sofas,LB01,income quintile,Q2,CXU290210LB0103M,2020,96.0
290210,Sofas,LB01,income quintile,Q2,CXU290210LB0103M,2021,131.0
290210,Sofas,LB01,income quintile,Q2,CXU290210LB0103M,2022,107.0
290210,Sofas,LB01,income quintile,Q2,CXU290210LB0103M,2023,98.0
290210,Sofas,LB01,income quintile,Q2,CXU290210LB0103M,2024,125.0
290210,Sofas,LB01,income quintile,Q3,CXU290210LB0104M,2015,120.0
290210,Sofas,LB01,income quintile,Q3,CXU290210LB0104M,2016,94.0
290210,Sofas,LB01,income quintile,Q3,CXU290210LB0104M,2017,138.0
290210,Sofas,LB01,income quintile,Q3,CXU290210LB0104M,2018,108.0
290210,Sofas,LB01,income quintile,Q3,CXU290210LB0104M,2019,107.0
290210,Sofas,LB01,income quintile,Q3,CXU290210LB0104M,2020,131.0
290210,Sofas,LB01,income quintile,Q3,CXU290210LB0104M,2021,156.0
290210,Sofas,LB01,income quintile,Q3,CXU290210LB0104M,2022,140.0
290210,Sofas,LB01,income quintile,Q3,CXU290210LB0104M,2023,141.0
290210,Sofas,LB01,income quintile,Q3,CXU290210LB0104M,2024,116.0
290210,Sofas,LB01,income quintile,Q4,CXU290210LB0105M,2015,172.0
290210,Sofas,LB01,income quintile,Q4,CXU290210LB0105M,2016,145.0
290210,Sofas,LB01,income quintile,Q4,CXU290210LB0105M,2017,168.0
290210,Sofas,LB01,income quintile,Q4,CXU290210LB0105M,2018,188.0
290210,Sofas,LB01,income quintile,Q4,CXU290210LB0105M,2019,205.0
290210,Sofas,LB01,income quintile,Q4,CXU290210LB0105M,2020,186.0
290210,Sofas,LB01,income quintile,Q4,CXU290210LB0105M,2021,200.0
290210,Sofas,LB01,income quintile,Q4,CXU290210LB0105M,2022,236.0
290210,Sofas,LB01,income quintile,Q4,CXU290210LB0105M,2023,228.0
290210,Sofas,LB01,income quintile,Q4,CXU290210LB0105M,2024,224.0
290210,Sofas,LB01,income quintile,Q5 highest 20%,CXU290210LB0106M,2015,300.0
290210,Sofas,LB01,income quintile,Q5 highest 20%,CXU290210LB0106M,2016,257.0
290210,Sofas,LB01,income quintile,Q5 highest 20%,CXU290210LB0106M,2017,303.0
290210,Sofas,LB01,income quintile,Q5 highest 20%,CXU290210LB0106M,2018,315.0
290210,Sofas,LB01,income quintile,Q5 highest 20%,CXU290210LB0106M,2019,255.0
290210,Sofas,LB01,income quintile,Q5 highest 20%,CXU290210LB0106M,2020,278.0
290210,Sofas,LB01,income quintile,Q5 highest 20%,CXU290210LB0106M,2021,441.0
290210,Sofas,LB01,income quintile,Q5 highest 20%,CXU290210LB0106M,2022,510.0
290210,Sofas,LB01,income quintile,Q5 highest 20%,CXU290210LB0106M,2023,358.0
290210,Sofas,LB01,income quintile,Q5 highest 20%,CXU290210LB0106M,2024,415.0
290210,Sofas,LB11,census region,All consumer units,CXU290210LB1101M,2015,141.0
290210,Sofas,LB11,census region,All consumer units,CXU290210LB1101M,2016,127.0
290210,Sofas,LB11,census region,All consumer units,CXU290210LB1101M,2017,152.0
290210,Sofas,LB11,census region,All consumer units,CXU290210LB1101M,2018,149.0
290210,Sofas,LB11,census region,All consumer units,CXU290210LB1101M,2019,142.0
290210,Sofas,LB11,census region,All consumer units,CXU290210LB1101M,2020,150.0
290210,Sofas,LB11,census region,All consumer units,CXU290210LB1101M,2021,208.0
290210,Sofas,LB11,census region,All consumer units,CXU290210LB1101M,2022,209.0
290210,Sofas,LB11,census region,All consumer units,CXU290210LB1101M,2023,178.0
290210,Sofas,LB11,census region,All consumer units,CXU290210LB1101M,2024,195.0
290210,Sofas,LB11,census region,Midwest,CXU290210LB1103M,2015,164.0
290210,Sofas,LB11,census region,Midwest,CXU290210LB1103M,2016,109.0
290210,Sofas,LB11,census region,Midwest,CXU290210LB1103M,2017,160.0
290210,Sofas,LB11,census region,Midwest,CXU290210LB1103M,2018,142.0
290210,Sofas,LB11,census region,Midwest,CXU290210LB1103M,2019,137.0
290210,Sofas,LB11,census region,Midwest,CXU290210LB1103M,2020,139.0
290210,Sofas,LB11,census region,Midwest,CXU290210LB1103M,2021,277.0
290210,Sofas,LB11,census region,Midwest,CXU290210LB1103M,2022,225.0
290210,Sofas,LB11,census region,Midwest,CXU290210LB1103M,2023,176.0
290210,Sofas,LB11,census region,Midwest,CXU290210LB1103M,2024,171.0
290210,Sofas,LB11,census region,Northeast,CXU290210LB1102M,2015,131.0
290210,Sofas,LB11,census region,Northeast,CXU290210LB1102M,2016,135.0
290210,Sofas,LB11,census region,Northeast,CXU290210LB1102M,2017,177.0
290210,Sofas,LB11,census region,Northeast,CXU290210LB1102M,2018,173.0
290210,Sofas,LB11,census region,Northeast,CXU290210LB1102M,2019,139.0
290210,Sofas,LB11,census region,Northeast,CXU290210LB1102M,2020,131.0
290210,Sofas,LB11,census region,Northeast,CXU290210LB1102M,2021,177.0
290210,Sofas,LB11,census region,Northeast,CXU290210LB1102M,2022,221.0
290210,Sofas,LB11,census region,Northeast,CXU290210LB1102M,2023,158.0
290210,Sofas,LB11,census region,Northeast,CXU290210LB1102M,2024,220.0
290210,Sofas,LB11,census region,South,CXU290210LB1104M,2015,124.0
290210,Sofas,LB11,census region,South,CXU290210LB1104M,2016,112.0
290210,Sofas,LB11,census region,South,CXU290210LB1104M,2017,138.0
290210,Sofas,LB11,census region,South,CXU290210LB1104M,2018,136.0
290210,Sofas,LB11,census region,South,CXU290210LB1104M,2019,143.0
290210,Sofas,LB11,census region,South,CXU290210LB1104M,2020,151.0
290210,Sofas,LB11,census region,South,CXU290210LB1104M,2021,163.0
290210,Sofas,LB11,census region,South,CXU290210LB1104M,2022,168.0
290210,Sofas,LB11,census region,South,CXU290210LB1104M,2023,165.0
290210,Sofas,LB11,census region,South,CXU290210LB1104M,2024,148.0
290210,Sofas,LB11,census region,West,CXU290210LB1105M,2015,155.0
290210,Sofas,LB11,census region,West,CXU290210LB1105M,2016,163.0
290210,Sofas,LB11,census region,West,CXU290210LB1105M,2017,151.0
290210,Sofas,LB11,census region,West,CXU290210LB1105M,2018,160.0
290210,Sofas,LB11,census region,West,CXU290210LB1105M,2019,145.0
290210,Sofas,LB11,census region,West,CXU290210LB1105M,2020,175.0
290210,Sofas,LB11,census region,West,CXU290210LB1105M,2021,242.0
290210,Sofas,LB11,census region,West,CXU290210LB1105M,2022,254.0
290210,Sofas,LB11,census region,West,CXU290210LB1105M,2023,219.0
290210,Sofas,LB11,census region,West,CXU290210LB1105M,2024,283.0
290310,Living room chairs,LB01,income quintile,All consumer units,CXU290310LB0101M,2015,50.0
290310,Living room chairs,LB01,income quintile,All consumer units,CXU290310LB0101M,2016,41.0
290310,Living room chairs,LB01,income quintile,All consumer units,CXU290310LB0101M,2017,44.0
290310,Living room chairs,LB01,income quintile,All consumer units,CXU290310LB0101M,2018,41.0
290310,Living room chairs,LB01,income quintile,All consumer units,CXU290310LB0101M,2019,44.0
290310,Living room chairs,LB01,income quintile,All consumer units,CXU290310LB0101M,2020,48.0
290310,Living room chairs,LB01,income quintile,All consumer units,CXU290310LB0101M,2021,69.0
290310,Living room chairs,LB01,income quintile,All consumer units,CXU290310LB0101M,2022,75.0
290310,Living room chairs,LB01,income quintile,All consumer units,CXU290310LB0101M,2023,55.0
290310,Living room chairs,LB01,income quintile,All consumer units,CXU290310LB0101M,2024,59.0
290310,Living room chairs,LB01,income quintile,Q1 lowest 20%,CXU290310LB0102M,2015,23.0
290310,Living room chairs,LB01,income quintile,Q1 lowest 20%,CXU290310LB0102M,2016,15.0
290310,Living room chairs,LB01,income quintile,Q1 lowest 20%,CXU290310LB0102M,2017,24.0
290310,Living room chairs,LB01,income quintile,Q1 lowest 20%,CXU290310LB0102M,2018,18.0
290310,Living room chairs,LB01,income quintile,Q1 lowest 20%,CXU290310LB0102M,2019,25.0
290310,Living room chairs,LB01,income quintile,Q1 lowest 20%,CXU290310LB0102M,2020,24.0
290310,Living room chairs,LB01,income quintile,Q1 lowest 20%,CXU290310LB0102M,2021,46.0
290310,Living room chairs,LB01,income quintile,Q1 lowest 20%,CXU290310LB0102M,2022,21.0
290310,Living room chairs,LB01,income quintile,Q1 lowest 20%,CXU290310LB0102M,2023,25.0
290310,Living room chairs,LB01,income quintile,Q1 lowest 20%,CXU290310LB0102M,2024,34.0
290310,Living room chairs,LB01,income quintile,Q2,CXU290310LB0103M,2015,29.0
290310,Living room chairs,LB01,income quintile,Q2,CXU290310LB0103M,2016,38.0
290310,Living room chairs,LB01,income quintile,Q2,CXU290310LB0103M,2017,39.0
290310,Living room chairs,LB01,income quintile,Q2,CXU290310LB0103M,2018,30.0
290310,Living room chairs,LB01,income quintile,Q2,CXU290310LB0103M,2019,27.0
290310,Living room chairs,LB01,income quintile,Q2,CXU290310LB0103M,2020,39.0
290310,Living room chairs,LB01,income quintile,Q2,CXU290310LB0103M,2021,43.0
290310,Living room chairs,LB01,income quintile,Q2,CXU290310LB0103M,2022,74.0
290310,Living room chairs,LB01,income quintile,Q2,CXU290310LB0103M,2023,33.0
290310,Living room chairs,LB01,income quintile,Q2,CXU290310LB0103M,2024,42.0
290310,Living room chairs,LB01,income quintile,Q3,CXU290310LB0104M,2015,35.0
290310,Living room chairs,LB01,income quintile,Q3,CXU290310LB0104M,2016,37.0
290310,Living room chairs,LB01,income quintile,Q3,CXU290310LB0104M,2017,27.0
290310,Living room chairs,LB01,income quintile,Q3,CXU290310LB0104M,2018,33.0
290310,Living room chairs,LB01,income quintile,Q3,CXU290310LB0104M,2019,29.0
290310,Living room chairs,LB01,income quintile,Q3,CXU290310LB0104M,2020,45.0
290310,Living room chairs,LB01,income quintile,Q3,CXU290310LB0104M,2021,52.0
290310,Living room chairs,LB01,income quintile,Q3,CXU290310LB0104M,2022,43.0
290310,Living room chairs,LB01,income quintile,Q3,CXU290310LB0104M,2023,46.0
290310,Living room chairs,LB01,income quintile,Q3,CXU290310LB0104M,2024,53.0
290310,Living room chairs,LB01,income quintile,Q4,CXU290310LB0105M,2015,53.0
290310,Living room chairs,LB01,income quintile,Q4,CXU290310LB0105M,2016,48.0
290310,Living room chairs,LB01,income quintile,Q4,CXU290310LB0105M,2017,42.0
290310,Living room chairs,LB01,income quintile,Q4,CXU290310LB0105M,2018,40.0
290310,Living room chairs,LB01,income quintile,Q4,CXU290310LB0105M,2019,56.0
290310,Living room chairs,LB01,income quintile,Q4,CXU290310LB0105M,2020,43.0
290310,Living room chairs,LB01,income quintile,Q4,CXU290310LB0105M,2021,76.0
290310,Living room chairs,LB01,income quintile,Q4,CXU290310LB0105M,2022,52.0
290310,Living room chairs,LB01,income quintile,Q4,CXU290310LB0105M,2023,71.0
290310,Living room chairs,LB01,income quintile,Q4,CXU290310LB0105M,2024,55.0
290310,Living room chairs,LB01,income quintile,Q5 highest 20%,CXU290310LB0106M,2015,108.0
290310,Living room chairs,LB01,income quintile,Q5 highest 20%,CXU290310LB0106M,2016,65.0
290310,Living room chairs,LB01,income quintile,Q5 highest 20%,CXU290310LB0106M,2017,90.0
290310,Living room chairs,LB01,income quintile,Q5 highest 20%,CXU290310LB0106M,2018,84.0
290310,Living room chairs,LB01,income quintile,Q5 highest 20%,CXU290310LB0106M,2019,84.0
290310,Living room chairs,LB01,income quintile,Q5 highest 20%,CXU290310LB0106M,2020,86.0
290310,Living room chairs,LB01,income quintile,Q5 highest 20%,CXU290310LB0106M,2021,127.0
290310,Living room chairs,LB01,income quintile,Q5 highest 20%,CXU290310LB0106M,2022,186.0
290310,Living room chairs,LB01,income quintile,Q5 highest 20%,CXU290310LB0106M,2023,100.0
290310,Living room chairs,LB01,income quintile,Q5 highest 20%,CXU290310LB0106M,2024,109.0
290310,Living room chairs,LB11,census region,All consumer units,CXU290310LB1101M,2015,50.0
290310,Living room chairs,LB11,census region,All consumer units,CXU290310LB1101M,2016,41.0
290310,Living room chairs,LB11,census region,All consumer units,CXU290310LB1101M,2017,44.0
290310,Living room chairs,LB11,census region,All consumer units,CXU290310LB1101M,2018,41.0
290310,Living room chairs,LB11,census region,All consumer units,CXU290310LB1101M,2019,44.0
290310,Living room chairs,LB11,census region,All consumer units,CXU290310LB1101M,2020,48.0
290310,Living room chairs,LB11,census region,All consumer units,CXU290310LB1101M,2021,69.0
290310,Living room chairs,LB11,census region,All consumer units,CXU290310LB1101M,2022,75.0
290310,Living room chairs,LB11,census region,All consumer units,CXU290310LB1101M,2023,55.0
290310,Living room chairs,LB11,census region,All consumer units,CXU290310LB1101M,2024,59.0
290310,Living room chairs,LB11,census region,Midwest,CXU290310LB1103M,2015,57.0
290310,Living room chairs,LB11,census region,Midwest,CXU290310LB1103M,2016,50.0
290310,Living room chairs,LB11,census region,Midwest,CXU290310LB1103M,2017,50.0
290310,Living room chairs,LB11,census region,Midwest,CXU290310LB1103M,2018,48.0
290310,Living room chairs,LB11,census region,Midwest,CXU290310LB1103M,2019,62.0
290310,Living room chairs,LB11,census region,Midwest,CXU290310LB1103M,2020,48.0
290310,Living room chairs,LB11,census region,Midwest,CXU290310LB1103M,2021,92.0
290310,Living room chairs,LB11,census region,Midwest,CXU290310LB1103M,2022,92.0
290310,Living room chairs,LB11,census region,Midwest,CXU290310LB1103M,2023,71.0
290310,Living room chairs,LB11,census region,Midwest,CXU290310LB1103M,2024,58.0
290310,Living room chairs,LB11,census region,Northeast,CXU290310LB1102M,2015,49.0
290310,Living room chairs,LB11,census region,Northeast,CXU290310LB1102M,2016,38.0
290310,Living room chairs,LB11,census region,Northeast,CXU290310LB1102M,2017,51.0
290310,Living room chairs,LB11,census region,Northeast,CXU290310LB1102M,2018,30.0
290310,Living room chairs,LB11,census region,Northeast,CXU290310LB1102M,2019,37.0
290310,Living room chairs,LB11,census region,Northeast,CXU290310LB1102M,2020,40.0
290310,Living room chairs,LB11,census region,Northeast,CXU290310LB1102M,2021,84.0
290310,Living room chairs,LB11,census region,Northeast,CXU290310LB1102M,2022,63.0
290310,Living room chairs,LB11,census region,Northeast,CXU290310LB1102M,2023,45.0
290310,Living room chairs,LB11,census region,Northeast,CXU290310LB1102M,2024,72.0
290310,Living room chairs,LB11,census region,South,CXU290310LB1104M,2015,51.0
290310,Living room chairs,LB11,census region,South,CXU290310LB1104M,2016,36.0
290310,Living room chairs,LB11,census region,South,CXU290310LB1104M,2017,38.0
290310,Living room chairs,LB11,census region,South,CXU290310LB1104M,2018,45.0
290310,Living room chairs,LB11,census region,South,CXU290310LB1104M,2019,44.0
290310,Living room chairs,LB11,census region,South,CXU290310LB1104M,2020,54.0
290310,Living room chairs,LB11,census region,South,CXU290310LB1104M,2021,50.0
290310,Living room chairs,LB11,census region,South,CXU290310LB1104M,2022,74.0
290310,Living room chairs,LB11,census region,South,CXU290310LB1104M,2023,43.0
290310,Living room chairs,LB11,census region,South,CXU290310LB1104M,2024,49.0
290310,Living room chairs,LB11,census region,West,CXU290310LB1105M,2015,42.0
290310,Living room chairs,LB11,census region,West,CXU290310LB1105M,2016,41.0
290310,Living room chairs,LB11,census region,West,CXU290310LB1105M,2017,46.0
290310,Living room chairs,LB11,census region,West,CXU290310LB1105M,2018,37.0
290310,Living room chairs,LB11,census region,West,CXU290310LB1105M,2019,33.0
290310,Living room chairs,LB11,census region,West,CXU290310LB1105M,2020,43.0
290310,Living room chairs,LB11,census region,West,CXU290310LB1105M,2021,67.0
290310,Living room chairs,LB11,census region,West,CXU290310LB1105M,2022,71.0
290310,Living room chairs,LB11,census region,West,CXU290310LB1105M,2023,69.0
290310,Living room chairs,LB11,census region,West,CXU290310LB1105M,2024,67.0
290320,Living room tables,LB01,income quintile,All consumer units,CXU290320LB0101M,2015,11.0
290320,Living room tables,LB01,income quintile,All consumer units,CXU290320LB0101M,2016,11.0
290320,Living room tables,LB01,income quintile,All consumer units,CXU290320LB0101M,2017,14.0
290320,Living room tables,LB01,income quintile,All consumer units,CXU290320LB0101M,2018,16.0
290320,Living room tables,LB01,income quintile,All consumer units,CXU290320LB0101M,2019,13.0
290320,Living room tables,LB01,income quintile,All consumer units,CXU290320LB0101M,2020,15.0
290320,Living room tables,LB01,income quintile,All consumer units,CXU290320LB0101M,2021,17.0
290320,Living room tables,LB01,income quintile,All consumer units,CXU290320LB0101M,2022,43.0
290320,Living room tables,LB01,income quintile,All consumer units,CXU290320LB0101M,2023,16.0
290320,Living room tables,LB01,income quintile,All consumer units,CXU290320LB0101M,2024,18.0
290320,Living room tables,LB01,income quintile,Q1 lowest 20%,CXU290320LB0102M,2015,4.0
290320,Living room tables,LB01,income quintile,Q1 lowest 20%,CXU290320LB0102M,2016,4.0
290320,Living room tables,LB01,income quintile,Q1 lowest 20%,CXU290320LB0102M,2017,3.0
290320,Living room tables,LB01,income quintile,Q1 lowest 20%,CXU290320LB0102M,2018,4.0
290320,Living room tables,LB01,income quintile,Q1 lowest 20%,CXU290320LB0102M,2019,3.0
290320,Living room tables,LB01,income quintile,Q1 lowest 20%,CXU290320LB0102M,2020,8.0
290320,Living room tables,LB01,income quintile,Q1 lowest 20%,CXU290320LB0102M,2021,12.0
290320,Living room tables,LB01,income quintile,Q1 lowest 20%,CXU290320LB0102M,2022,3.0
290320,Living room tables,LB01,income quintile,Q1 lowest 20%,CXU290320LB0102M,2023,5.0
290320,Living room tables,LB01,income quintile,Q1 lowest 20%,CXU290320LB0102M,2024,11.0
290320,Living room tables,LB01,income quintile,Q2,CXU290320LB0103M,2015,5.0
290320,Living room tables,LB01,income quintile,Q2,CXU290320LB0103M,2016,8.0
290320,Living room tables,LB01,income quintile,Q2,CXU290320LB0103M,2017,7.0
290320,Living room tables,LB01,income quintile,Q2,CXU290320LB0103M,2018,14.0
290320,Living room tables,LB01,income quintile,Q2,CXU290320LB0103M,2019,4.0
290320,Living room tables,LB01,income quintile,Q2,CXU290320LB0103M,2020,10.0
290320,Living room tables,LB01,income quintile,Q2,CXU290320LB0103M,2021,12.0
290320,Living room tables,LB01,income quintile,Q2,CXU290320LB0103M,2022,7.0
290320,Living room tables,LB01,income quintile,Q2,CXU290320LB0103M,2023,9.0
290320,Living room tables,LB01,income quintile,Q2,CXU290320LB0103M,2024,14.0
290320,Living room tables,LB01,income quintile,Q3,CXU290320LB0104M,2015,13.0
290320,Living room tables,LB01,income quintile,Q3,CXU290320LB0104M,2016,10.0
290320,Living room tables,LB01,income quintile,Q3,CXU290320LB0104M,2017,11.0
290320,Living room tables,LB01,income quintile,Q3,CXU290320LB0104M,2018,9.0
290320,Living room tables,LB01,income quintile,Q3,CXU290320LB0104M,2019,7.0
290320,Living room tables,LB01,income quintile,Q3,CXU290320LB0104M,2020,16.0
290320,Living room tables,LB01,income quintile,Q3,CXU290320LB0104M,2021,14.0
290320,Living room tables,LB01,income quintile,Q3,CXU290320LB0104M,2022,19.0
290320,Living room tables,LB01,income quintile,Q3,CXU290320LB0104M,2023,12.0
290320,Living room tables,LB01,income quintile,Q3,CXU290320LB0104M,2024,13.0
290320,Living room tables,LB01,income quintile,Q4,CXU290320LB0105M,2015,8.0
290320,Living room tables,LB01,income quintile,Q4,CXU290320LB0105M,2016,13.0
290320,Living room tables,LB01,income quintile,Q4,CXU290320LB0105M,2017,16.0
290320,Living room tables,LB01,income quintile,Q4,CXU290320LB0105M,2018,21.0
290320,Living room tables,LB01,income quintile,Q4,CXU290320LB0105M,2019,18.0
290320,Living room tables,LB01,income quintile,Q4,CXU290320LB0105M,2020,16.0
290320,Living room tables,LB01,income quintile,Q4,CXU290320LB0105M,2021,19.0
290320,Living room tables,LB01,income quintile,Q4,CXU290320LB0105M,2022,22.0
290320,Living room tables,LB01,income quintile,Q4,CXU290320LB0105M,2023,23.0
290320,Living room tables,LB01,income quintile,Q4,CXU290320LB0105M,2024,18.0
290320,Living room tables,LB01,income quintile,Q5 highest 20%,CXU290320LB0106M,2015,26.0
290320,Living room tables,LB01,income quintile,Q5 highest 20%,CXU290320LB0106M,2016,23.0
290320,Living room tables,LB01,income quintile,Q5 highest 20%,CXU290320LB0106M,2017,33.0
290320,Living room tables,LB01,income quintile,Q5 highest 20%,CXU290320LB0106M,2018,33.0
290320,Living room tables,LB01,income quintile,Q5 highest 20%,CXU290320LB0106M,2019,33.0
290320,Living room tables,LB01,income quintile,Q5 highest 20%,CXU290320LB0106M,2020,22.0
290320,Living room tables,LB01,income quintile,Q5 highest 20%,CXU290320LB0106M,2021,30.0
290320,Living room tables,LB01,income quintile,Q5 highest 20%,CXU290320LB0106M,2022,164.0
290320,Living room tables,LB01,income quintile,Q5 highest 20%,CXU290320LB0106M,2023,33.0
290320,Living room tables,LB01,income quintile,Q5 highest 20%,CXU290320LB0106M,2024,33.0
290320,Living room tables,LB11,census region,All consumer units,CXU290320LB1101M,2015,11.0
290320,Living room tables,LB11,census region,All consumer units,CXU290320LB1101M,2016,11.0
290320,Living room tables,LB11,census region,All consumer units,CXU290320LB1101M,2017,14.0
290320,Living room tables,LB11,census region,All consumer units,CXU290320LB1101M,2018,16.0
290320,Living room tables,LB11,census region,All consumer units,CXU290320LB1101M,2019,13.0
290320,Living room tables,LB11,census region,All consumer units,CXU290320LB1101M,2020,15.0
290320,Living room tables,LB11,census region,All consumer units,CXU290320LB1101M,2021,17.0
290320,Living room tables,LB11,census region,All consumer units,CXU290320LB1101M,2022,43.0
290320,Living room tables,LB11,census region,All consumer units,CXU290320LB1101M,2023,16.0
290320,Living room tables,LB11,census region,All consumer units,CXU290320LB1101M,2024,18.0
290320,Living room tables,LB11,census region,Midwest,CXU290320LB1103M,2015,13.0
290320,Living room tables,LB11,census region,Midwest,CXU290320LB1103M,2016,15.0
290320,Living room tables,LB11,census region,Midwest,CXU290320LB1103M,2017,17.0
290320,Living room tables,LB11,census region,Midwest,CXU290320LB1103M,2018,17.0
290320,Living room tables,LB11,census region,Midwest,CXU290320LB1103M,2019,9.0
290320,Living room tables,LB11,census region,Midwest,CXU290320LB1103M,2020,15.0
290320,Living room tables,LB11,census region,Midwest,CXU290320LB1103M,2021,25.0
290320,Living room tables,LB11,census region,Midwest,CXU290320LB1103M,2022,22.0
290320,Living room tables,LB11,census region,Midwest,CXU290320LB1103M,2023,18.0
290320,Living room tables,LB11,census region,Midwest,CXU290320LB1103M,2024,12.0
290320,Living room tables,LB11,census region,Northeast,CXU290320LB1102M,2015,7.0
290320,Living room tables,LB11,census region,Northeast,CXU290320LB1102M,2016,12.0
290320,Living room tables,LB11,census region,Northeast,CXU290320LB1102M,2017,13.0
290320,Living room tables,LB11,census region,Northeast,CXU290320LB1102M,2018,16.0
290320,Living room tables,LB11,census region,Northeast,CXU290320LB1102M,2019,16.0
290320,Living room tables,LB11,census region,Northeast,CXU290320LB1102M,2020,11.0
290320,Living room tables,LB11,census region,Northeast,CXU290320LB1102M,2021,12.0
290320,Living room tables,LB11,census region,Northeast,CXU290320LB1102M,2022,16.0
290320,Living room tables,LB11,census region,Northeast,CXU290320LB1102M,2023,14.0
290320,Living room tables,LB11,census region,Northeast,CXU290320LB1102M,2024,20.0
290320,Living room tables,LB11,census region,South,CXU290320LB1104M,2015,9.0
290320,Living room tables,LB11,census region,South,CXU290320LB1104M,2016,8.0
290320,Living room tables,LB11,census region,South,CXU290320LB1104M,2017,15.0
290320,Living room tables,LB11,census region,South,CXU290320LB1104M,2018,17.0
290320,Living room tables,LB11,census region,South,CXU290320LB1104M,2019,13.0
290320,Living room tables,LB11,census region,South,CXU290320LB1104M,2020,15.0
290320,Living room tables,LB11,census region,South,CXU290320LB1104M,2021,15.0
290320,Living room tables,LB11,census region,South,CXU290320LB1104M,2022,74.0
290320,Living room tables,LB11,census region,South,CXU290320LB1104M,2023,15.0
290320,Living room tables,LB11,census region,South,CXU290320LB1104M,2024,12.0
290320,Living room tables,LB11,census region,West,CXU290320LB1105M,2015,16.0
290320,Living room tables,LB11,census region,West,CXU290320LB1105M,2016,13.0
290320,Living room tables,LB11,census region,West,CXU290320LB1105M,2017,10.0
290320,Living room tables,LB11,census region,West,CXU290320LB1105M,2018,14.0
290320,Living room tables,LB11,census region,West,CXU290320LB1105M,2019,13.0
290320,Living room tables,LB11,census region,West,CXU290320LB1105M,2020,16.0
290320,Living room tables,LB11,census region,West,CXU290320LB1105M,2021,19.0
290320,Living room tables,LB11,census region,West,CXU290320LB1105M,2022,30.0
290320,Living room tables,LB11,census region,West,CXU290320LB1105M,2023,20.0
290320,Living room tables,LB11,census region,West,CXU290320LB1105M,2024,30.0
290410,Kitchen and dining room furniture,LB01,income quintile,All consumer units,CXU290410LB0101M,2015,42.0
290410,Kitchen and dining room furniture,LB01,income quintile,All consumer units,CXU290410LB0101M,2016,35.0
290410,Kitchen and dining room furniture,LB01,income quintile,All consumer units,CXU290410LB0101M,2017,38.0
290410,Kitchen and dining room furniture,LB01,income quintile,All consumer units,CXU290410LB0101M,2018,39.0
290410,Kitchen and dining room furniture,LB01,income quintile,All consumer units,CXU290410LB0101M,2019,46.0
290410,Kitchen and dining room furniture,LB01,income quintile,All consumer units,CXU290410LB0101M,2020,37.0
290410,Kitchen and dining room furniture,LB01,income quintile,All consumer units,CXU290410LB0101M,2021,53.0
290410,Kitchen and dining room furniture,LB01,income quintile,All consumer units,CXU290410LB0101M,2022,59.0
290410,Kitchen and dining room furniture,LB01,income quintile,All consumer units,CXU290410LB0101M,2023,50.0
290410,Kitchen and dining room furniture,LB01,income quintile,All consumer units,CXU290410LB0101M,2024,39.0
290410,Kitchen and dining room furniture,LB01,income quintile,Q1 lowest 20%,CXU290410LB0102M,2015,14.0
290410,Kitchen and dining room furniture,LB01,income quintile,Q1 lowest 20%,CXU290410LB0102M,2016,12.0
290410,Kitchen and dining room furniture,LB01,income quintile,Q1 lowest 20%,CXU290410LB0102M,2017,11.0
290410,Kitchen and dining room furniture,LB01,income quintile,Q1 lowest 20%,CXU290410LB0102M,2018,8.0
290410,Kitchen and dining room furniture,LB01,income quintile,Q1 lowest 20%,CXU290410LB0102M,2019,15.0
290410,Kitchen and dining room furniture,LB01,income quintile,Q1 lowest 20%,CXU290410LB0102M,2020,12.0
290410,Kitchen and dining room furniture,LB01,income quintile,Q1 lowest 20%,CXU290410LB0102M,2021,14.0
290410,Kitchen and dining room furniture,LB01,income quintile,Q1 lowest 20%,CXU290410LB0102M,2022,17.0
290410,Kitchen and dining room furniture,LB01,income quintile,Q1 lowest 20%,CXU290410LB0102M,2023,23.0
290410,Kitchen and dining room furniture,LB01,income quintile,Q1 lowest 20%,CXU290410LB0102M,2024,15.0
290410,Kitchen and dining room furniture,LB01,income quintile,Q2,CXU290410LB0103M,2015,15.0
290410,Kitchen and dining room furniture,LB01,income quintile,Q2,CXU290410LB0103M,2016,25.0
290410,Kitchen and dining room furniture,LB01,income quintile,Q2,CXU290410LB0103M,2017,21.0
290410,Kitchen and dining room furniture,LB01,income quintile,Q2,CXU290410LB0103M,2018,20.0
290410,Kitchen and dining room furniture,LB01,income quintile,Q2,CXU290410LB0103M,2019,18.0
290410,Kitchen and dining room furniture,LB01,income quintile,Q2,CXU290410LB0103M,2020,12.0
290410,Kitchen and dining room furniture,LB01,income quintile,Q2,CXU290410LB0103M,2021,30.0
290410,Kitchen and dining room furniture,LB01,income quintile,Q2,CXU290410LB0103M,2022,31.0
290410,Kitchen and dining room furniture,LB01,income quintile,Q2,CXU290410LB0103M,2023,38.0
290410,Kitchen and dining room furniture,LB01,income quintile,Q2,CXU290410LB0103M,2024,9.0
290410,Kitchen and dining room furniture,LB01,income quintile,Q3,CXU290410LB0104M,2015,25.0
290410,Kitchen and dining room furniture,LB01,income quintile,Q3,CXU290410LB0104M,2016,19.0
290410,Kitchen and dining room furniture,LB01,income quintile,Q3,CXU290410LB0104M,2017,27.0
290410,Kitchen and dining room furniture,LB01,income quintile,Q3,CXU290410LB0104M,2018,20.0
290410,Kitchen and dining room furniture,LB01,income quintile,Q3,CXU290410LB0104M,2019,36.0
290410,Kitchen and dining room furniture,LB01,income quintile,Q3,CXU290410LB0104M,2020,39.0
290410,Kitchen and dining room furniture,LB01,income quintile,Q3,CXU290410LB0104M,2021,43.0
290410,Kitchen and dining room furniture,LB01,income quintile,Q3,CXU290410LB0104M,2022,32.0
290410,Kitchen and dining room furniture,LB01,income quintile,Q3,CXU290410LB0104M,2023,28.0
290410,Kitchen and dining room furniture,LB01,income quintile,Q3,CXU290410LB0104M,2024,22.0
290410,Kitchen and dining room furniture,LB01,income quintile,Q4,CXU290410LB0105M,2015,43.0
290410,Kitchen and dining room furniture,LB01,income quintile,Q4,CXU290410LB0105M,2016,42.0
290410,Kitchen and dining room furniture,LB01,income quintile,Q4,CXU290410LB0105M,2017,47.0
290410,Kitchen and dining room furniture,LB01,income quintile,Q4,CXU290410LB0105M,2018,52.0
290410,Kitchen and dining room furniture,LB01,income quintile,Q4,CXU290410LB0105M,2019,49.0
290410,Kitchen and dining room furniture,LB01,income quintile,Q4,CXU290410LB0105M,2020,51.0
290410,Kitchen and dining room furniture,LB01,income quintile,Q4,CXU290410LB0105M,2021,48.0
290410,Kitchen and dining room furniture,LB01,income quintile,Q4,CXU290410LB0105M,2022,43.0
290410,Kitchen and dining room furniture,LB01,income quintile,Q4,CXU290410LB0105M,2023,44.0
290410,Kitchen and dining room furniture,LB01,income quintile,Q4,CXU290410LB0105M,2024,57.0
290410,Kitchen and dining room furniture,LB01,income quintile,Q5 highest 20%,CXU290410LB0106M,2015,111.0
290410,Kitchen and dining room furniture,LB01,income quintile,Q5 highest 20%,CXU290410LB0106M,2016,76.0
290410,Kitchen and dining room furniture,LB01,income quintile,Q5 highest 20%,CXU290410LB0106M,2017,82.0
290410,Kitchen and dining room furniture,LB01,income quintile,Q5 highest 20%,CXU290410LB0106M,2018,95.0
290410,Kitchen and dining room furniture,LB01,income quintile,Q5 highest 20%,CXU290410LB0106M,2019,113.0
290410,Kitchen and dining room furniture,LB01,income quintile,Q5 highest 20%,CXU290410LB0106M,2020,73.0
290410,Kitchen and dining room furniture,LB01,income quintile,Q5 highest 20%,CXU290410LB0106M,2021,129.0
290410,Kitchen and dining room furniture,LB01,income quintile,Q5 highest 20%,CXU290410LB0106M,2022,171.0
290410,Kitchen and dining room furniture,LB01,income quintile,Q5 highest 20%,CXU290410LB0106M,2023,119.0
290410,Kitchen and dining room furniture,LB01,income quintile,Q5 highest 20%,CXU290410LB0106M,2024,92.0
290410,Kitchen and dining room furniture,LB11,census region,All consumer units,CXU290410LB1101M,2015,42.0
290410,Kitchen and dining room furniture,LB11,census region,All consumer units,CXU290410LB1101M,2016,35.0
290410,Kitchen and dining room furniture,LB11,census region,All consumer units,CXU290410LB1101M,2017,38.0
290410,Kitchen and dining room furniture,LB11,census region,All consumer units,CXU290410LB1101M,2018,39.0
290410,Kitchen and dining room furniture,LB11,census region,All consumer units,CXU290410LB1101M,2019,46.0
290410,Kitchen and dining room furniture,LB11,census region,All consumer units,CXU290410LB1101M,2020,37.0
290410,Kitchen and dining room furniture,LB11,census region,All consumer units,CXU290410LB1101M,2021,53.0
290410,Kitchen and dining room furniture,LB11,census region,All consumer units,CXU290410LB1101M,2022,59.0
290410,Kitchen and dining room furniture,LB11,census region,All consumer units,CXU290410LB1101M,2023,50.0
290410,Kitchen and dining room furniture,LB11,census region,All consumer units,CXU290410LB1101M,2024,39.0
290410,Kitchen and dining room furniture,LB11,census region,Midwest,CXU290410LB1103M,2015,43.0
290410,Kitchen and dining room furniture,LB11,census region,Midwest,CXU290410LB1103M,2016,27.0
290410,Kitchen and dining room furniture,LB11,census region,Midwest,CXU290410LB1103M,2017,38.0
290410,Kitchen and dining room furniture,LB11,census region,Midwest,CXU290410LB1103M,2018,40.0
290410,Kitchen and dining room furniture,LB11,census region,Midwest,CXU290410LB1103M,2019,38.0
290410,Kitchen and dining room furniture,LB11,census region,Midwest,CXU290410LB1103M,2020,33.0
290410,Kitchen and dining room furniture,LB11,census region,Midwest,CXU290410LB1103M,2021,48.0
290410,Kitchen and dining room furniture,LB11,census region,Midwest,CXU290410LB1103M,2022,63.0
290410,Kitchen and dining room furniture,LB11,census region,Midwest,CXU290410LB1103M,2023,37.0
290410,Kitchen and dining room furniture,LB11,census region,Midwest,CXU290410LB1103M,2024,35.0
290410,Kitchen and dining room furniture,LB11,census region,Northeast,CXU290410LB1102M,2015,43.0
290410,Kitchen and dining room furniture,LB11,census region,Northeast,CXU290410LB1102M,2016,57.0
290410,Kitchen and dining room furniture,LB11,census region,Northeast,CXU290410LB1102M,2017,55.0
290410,Kitchen and dining room furniture,LB11,census region,Northeast,CXU290410LB1102M,2018,55.0
290410,Kitchen and dining room furniture,LB11,census region,Northeast,CXU290410LB1102M,2019,59.0
290410,Kitchen and dining room furniture,LB11,census region,Northeast,CXU290410LB1102M,2020,32.0
290410,Kitchen and dining room furniture,LB11,census region,Northeast,CXU290410LB1102M,2021,47.0
290410,Kitchen and dining room furniture,LB11,census region,Northeast,CXU290410LB1102M,2022,78.0
290410,Kitchen and dining room furniture,LB11,census region,Northeast,CXU290410LB1102M,2023,40.0
290410,Kitchen and dining room furniture,LB11,census region,Northeast,CXU290410LB1102M,2024,65.0
290410,Kitchen and dining room furniture,LB11,census region,South,CXU290410LB1104M,2015,46.0
290410,Kitchen and dining room furniture,LB11,census region,South,CXU290410LB1104M,2016,25.0
290410,Kitchen and dining room furniture,LB11,census region,South,CXU290410LB1104M,2017,27.0
290410,Kitchen and dining room furniture,LB11,census region,South,CXU290410LB1104M,2018,30.0
290410,Kitchen and dining room furniture,LB11,census region,South,CXU290410LB1104M,2019,39.0
290410,Kitchen and dining room furniture,LB11,census region,South,CXU290410LB1104M,2020,41.0
290410,Kitchen and dining room furniture,LB11,census region,South,CXU290410LB1104M,2021,56.0
290410,Kitchen and dining room furniture,LB11,census region,South,CXU290410LB1104M,2022,48.0
290410,Kitchen and dining room furniture,LB11,census region,South,CXU290410LB1104M,2023,48.0
290410,Kitchen and dining room furniture,LB11,census region,South,CXU290410LB1104M,2024,28.0
290410,Kitchen and dining room furniture,LB11,census region,West,CXU290410LB1105M,2015,31.0
290410,Kitchen and dining room furniture,LB11,census region,West,CXU290410LB1105M,2016,42.0
290410,Kitchen and dining room furniture,LB11,census region,West,CXU290410LB1105M,2017,43.0
290410,Kitchen and dining room furniture,LB11,census region,West,CXU290410LB1105M,2018,40.0
290410,Kitchen and dining room furniture,LB11,census region,West,CXU290410LB1105M,2019,57.0
290410,Kitchen and dining room furniture,LB11,census region,West,CXU290410LB1105M,2020,39.0
290410,Kitchen and dining room furniture,LB11,census region,West,CXU290410LB1105M,2021,57.0
290410,Kitchen and dining room furniture,LB11,census region,West,CXU290410LB1105M,2022,59.0
290410,Kitchen and dining room furniture,LB11,census region,West,CXU290410LB1105M,2023,75.0
290410,Kitchen and dining room furniture,LB11,census region,West,CXU290410LB1105M,2024,44.0
290420,Infants' furniture,LB01,income quintile,All consumer units,CXU290420LB0101M,2015,9.0
290420,Infants' furniture,LB01,income quintile,All consumer units,CXU290420LB0101M,2016,10.0
290420,Infants' furniture,LB01,income quintile,All consumer units,CXU290420LB0101M,2017,12.0
290420,Infants' furniture,LB01,income quintile,All consumer units,CXU290420LB0101M,2018,12.0
290420,Infants' furniture,LB01,income quintile,All consumer units,CXU290420LB0101M,2019,9.0
290420,Infants' furniture,LB01,income quintile,All consumer units,CXU290420LB0101M,2020,10.0
290420,Infants' furniture,LB01,income quintile,All consumer units,CXU290420LB0101M,2021,14.0
290420,Infants' furniture,LB01,income quintile,All consumer units,CXU290420LB0101M,2022,11.0
290420,Infants' furniture,LB01,income quintile,All consumer units,CXU290420LB0101M,2023,12.0
290420,Infants' furniture,LB01,income quintile,All consumer units,CXU290420LB0101M,2024,11.0
290420,Infants' furniture,LB01,income quintile,Q1 lowest 20%,CXU290420LB0102M,2015,4.0
290420,Infants' furniture,LB01,income quintile,Q1 lowest 20%,CXU290420LB0102M,2016,2.0
290420,Infants' furniture,LB01,income quintile,Q1 lowest 20%,CXU290420LB0102M,2017,2.0
290420,Infants' furniture,LB01,income quintile,Q1 lowest 20%,CXU290420LB0102M,2018,6.0
290420,Infants' furniture,LB01,income quintile,Q1 lowest 20%,CXU290420LB0102M,2019,5.0
290420,Infants' furniture,LB01,income quintile,Q1 lowest 20%,CXU290420LB0102M,2020,3.0
290420,Infants' furniture,LB01,income quintile,Q1 lowest 20%,CXU290420LB0102M,2021,4.0
290420,Infants' furniture,LB01,income quintile,Q1 lowest 20%,CXU290420LB0102M,2022,4.0
290420,Infants' furniture,LB01,income quintile,Q1 lowest 20%,CXU290420LB0102M,2023,3.0
290420,Infants' furniture,LB01,income quintile,Q1 lowest 20%,CXU290420LB0102M,2024,1.0
290420,Infants' furniture,LB01,income quintile,Q2,CXU290420LB0103M,2015,5.0
290420,Infants' furniture,LB01,income quintile,Q2,CXU290420LB0103M,2016,7.0
290420,Infants' furniture,LB01,income quintile,Q2,CXU290420LB0103M,2017,9.0
290420,Infants' furniture,LB01,income quintile,Q2,CXU290420LB0103M,2018,8.0
290420,Infants' furniture,LB01,income quintile,Q2,CXU290420LB0103M,2019,3.0
290420,Infants' furniture,LB01,income quintile,Q2,CXU290420LB0103M,2020,5.0
290420,Infants' furniture,LB01,income quintile,Q2,CXU290420LB0103M,2021,9.0
290420,Infants' furniture,LB01,income quintile,Q2,CXU290420LB0103M,2022,8.0
290420,Infants' furniture,LB01,income quintile,Q2,CXU290420LB0103M,2023,3.0
290420,Infants' furniture,LB01,income quintile,Q2,CXU290420LB0103M,2024,8.0
290420,Infants' furniture,LB01,income quintile,Q3,CXU290420LB0104M,2015,10.0
290420,Infants' furniture,LB01,income quintile,Q3,CXU290420LB0104M,2016,4.0
290420,Infants' furniture,LB01,income quintile,Q3,CXU290420LB0104M,2017,6.0
290420,Infants' furniture,LB01,income quintile,Q3,CXU290420LB0104M,2018,9.0
290420,Infants' furniture,LB01,income quintile,Q3,CXU290420LB0104M,2019,7.0
290420,Infants' furniture,LB01,income quintile,Q3,CXU290420LB0104M,2020,9.0
290420,Infants' furniture,LB01,income quintile,Q3,CXU290420LB0104M,2021,11.0
290420,Infants' furniture,LB01,income quintile,Q3,CXU290420LB0104M,2022,11.0
290420,Infants' furniture,LB01,income quintile,Q3,CXU290420LB0104M,2023,9.0
290420,Infants' furniture,LB01,income quintile,Q3,CXU290420LB0104M,2024,17.0
290420,Infants' furniture,LB01,income quintile,Q4,CXU290420LB0105M,2015,8.0
290420,Infants' furniture,LB01,income quintile,Q4,CXU290420LB0105M,2016,13.0
290420,Infants' furniture,LB01,income quintile,Q4,CXU290420LB0105M,2017,9.0
290420,Infants' furniture,LB01,income quintile,Q4,CXU290420LB0105M,2018,20.0
290420,Infants' furniture,LB01,income quintile,Q4,CXU290420LB0105M,2019,13.0
290420,Infants' furniture,LB01,income quintile,Q4,CXU290420LB0105M,2020,14.0
290420,Infants' furniture,LB01,income quintile,Q4,CXU290420LB0105M,2021,14.0
290420,Infants' furniture,LB01,income quintile,Q4,CXU290420LB0105M,2022,11.0
290420,Infants' furniture,LB01,income quintile,Q4,CXU290420LB0105M,2023,24.0
290420,Infants' furniture,LB01,income quintile,Q4,CXU290420LB0105M,2024,10.0
290420,Infants' furniture,LB01,income quintile,Q5 highest 20%,CXU290420LB0106M,2015,19.0
290420,Infants' furniture,LB01,income quintile,Q5 highest 20%,CXU290420LB0106M,2016,22.0
290420,Infants' furniture,LB01,income quintile,Q5 highest 20%,CXU290420LB0106M,2017,32.0
290420,Infants' furniture,LB01,income quintile,Q5 highest 20%,CXU290420LB0106M,2018,17.0
290420,Infants' furniture,LB01,income quintile,Q5 highest 20%,CXU290420LB0106M,2019,15.0
290420,Infants' furniture,LB01,income quintile,Q5 highest 20%,CXU290420LB0106M,2020,18.0
290420,Infants' furniture,LB01,income quintile,Q5 highest 20%,CXU290420LB0106M,2021,34.0
290420,Infants' furniture,LB01,income quintile,Q5 highest 20%,CXU290420LB0106M,2022,23.0
290420,Infants' furniture,LB01,income quintile,Q5 highest 20%,CXU290420LB0106M,2023,22.0
290420,Infants' furniture,LB01,income quintile,Q5 highest 20%,CXU290420LB0106M,2024,20.0
290420,Infants' furniture,LB11,census region,All consumer units,CXU290420LB1101M,2015,9.0
290420,Infants' furniture,LB11,census region,All consumer units,CXU290420LB1101M,2016,10.0
290420,Infants' furniture,LB11,census region,All consumer units,CXU290420LB1101M,2017,12.0
290420,Infants' furniture,LB11,census region,All consumer units,CXU290420LB1101M,2018,12.0
290420,Infants' furniture,LB11,census region,All consumer units,CXU290420LB1101M,2019,9.0
290420,Infants' furniture,LB11,census region,All consumer units,CXU290420LB1101M,2020,10.0
290420,Infants' furniture,LB11,census region,All consumer units,CXU290420LB1101M,2021,14.0
290420,Infants' furniture,LB11,census region,All consumer units,CXU290420LB1101M,2022,11.0
290420,Infants' furniture,LB11,census region,All consumer units,CXU290420LB1101M,2023,12.0
290420,Infants' furniture,LB11,census region,All consumer units,CXU290420LB1101M,2024,11.0
290420,Infants' furniture,LB11,census region,Midwest,CXU290420LB1103M,2015,13.0
290420,Infants' furniture,LB11,census region,Midwest,CXU290420LB1103M,2016,10.0
290420,Infants' furniture,LB11,census region,Midwest,CXU290420LB1103M,2017,8.0
290420,Infants' furniture,LB11,census region,Midwest,CXU290420LB1103M,2018,8.0
290420,Infants' furniture,LB11,census region,Midwest,CXU290420LB1103M,2019,13.0
290420,Infants' furniture,LB11,census region,Midwest,CXU290420LB1103M,2020,9.0
290420,Infants' furniture,LB11,census region,Midwest,CXU290420LB1103M,2021,21.0
290420,Infants' furniture,LB11,census region,Midwest,CXU290420LB1103M,2022,8.0
290420,Infants' furniture,LB11,census region,Midwest,CXU290420LB1103M,2023,13.0
290420,Infants' furniture,LB11,census region,Midwest,CXU290420LB1103M,2024,9.0
290420,Infants' furniture,LB11,census region,Northeast,CXU290420LB1102M,2015,7.0
290420,Infants' furniture,LB11,census region,Northeast,CXU290420LB1102M,2016,11.0
290420,Infants' furniture,LB11,census region,Northeast,CXU290420LB1102M,2017,13.0
290420,Infants' furniture,LB11,census region,Northeast,CXU290420LB1102M,2018,12.0
290420,Infants' furniture,LB11,census region,Northeast,CXU290420LB1102M,2019,5.0
290420,Infants' furniture,LB11,census region,Northeast,CXU290420LB1102M,2020,11.0
290420,Infants' furniture,LB11,census region,Northeast,CXU290420LB1102M,2021,12.0
290420,Infants' furniture,LB11,census region,Northeast,CXU290420LB1102M,2022,10.0
290420,Infants' furniture,LB11,census region,Northeast,CXU290420LB1102M,2023,13.0
290420,Infants' furniture,LB11,census region,Northeast,CXU290420LB1102M,2024,8.0
290420,Infants' furniture,LB11,census region,South,CXU290420LB1104M,2015,9.0
290420,Infants' furniture,LB11,census region,South,CXU290420LB1104M,2016,10.0
290420,Infants' furniture,LB11,census region,South,CXU290420LB1104M,2017,15.0
290420,Infants' furniture,LB11,census region,South,CXU290420LB1104M,2018,17.0
290420,Infants' furniture,LB11,census region,South,CXU290420LB1104M,2019,9.0
290420,Infants' furniture,LB11,census region,South,CXU290420LB1104M,2020,10.0
290420,Infants' furniture,LB11,census region,South,CXU290420LB1104M,2021,14.0
290420,Infants' furniture,LB11,census region,South,CXU290420LB1104M,2022,13.0
290420,Infants' furniture,LB11,census region,South,CXU290420LB1104M,2023,15.0
290420,Infants' furniture,LB11,census region,South,CXU290420LB1104M,2024,14.0
290420,Infants' furniture,LB11,census region,West,CXU290420LB1105M,2015,7.0
290420,Infants' furniture,LB11,census region,West,CXU290420LB1105M,2016,8.0
290420,Infants' furniture,LB11,census region,West,CXU290420LB1105M,2017,8.0
290420,Infants' furniture,LB11,census region,West,CXU290420LB1105M,2018,7.0
290420,Infants' furniture,LB11,census region,West,CXU290420LB1105M,2019,7.0
290420,Infants' furniture,LB11,census region,West,CXU290420LB1105M,2020,9.0
290420,Infants' furniture,LB11,census region,West,CXU290420LB1105M,2021,11.0
290420,Infants' furniture,LB11,census region,West,CXU290420LB1105M,2022,13.0
290420,Infants' furniture,LB11,census region,West,CXU290420LB1105M,2023,7.0
290420,Infants' furniture,LB11,census region,West,CXU290420LB1105M,2024,12.0
290430,Outdoor furniture,LB01,income quintile,All consumer units,CXU290430LB0101M,2015,24.0
290430,Outdoor furniture,LB01,income quintile,All consumer units,CXU290430LB0101M,2016,28.0
290430,Outdoor furniture,LB01,income quintile,All consumer units,CXU290430LB0101M,2017,33.0
290430,Outdoor furniture,LB01,income quintile,All consumer units,CXU290430LB0101M,2018,30.0
290430,Outdoor furniture,LB01,income quintile,All consumer units,CXU290430LB0101M,2019,28.0
290430,Outdoor furniture,LB01,income quintile,All consumer units,CXU290430LB0101M,2020,47.0
290430,Outdoor furniture,LB01,income quintile,All consumer units,CXU290430LB0101M,2021,60.0
290430,Outdoor furniture,LB01,income quintile,All consumer units,CXU290430LB0101M,2022,52.0
290430,Outdoor furniture,LB01,income quintile,All consumer units,CXU290430LB0101M,2023,51.0
290430,Outdoor furniture,LB01,income quintile,All consumer units,CXU290430LB0101M,2024,47.0
290430,Outdoor furniture,LB01,income quintile,Q1 lowest 20%,CXU290430LB0102M,2015,3.0
290430,Outdoor furniture,LB01,income quintile,Q1 lowest 20%,CXU290430LB0102M,2016,6.0
290430,Outdoor furniture,LB01,income quintile,Q1 lowest 20%,CXU290430LB0102M,2017,5.0
290430,Outdoor furniture,LB01,income quintile,Q1 lowest 20%,CXU290430LB0102M,2018,7.0
290430,Outdoor furniture,LB01,income quintile,Q1 lowest 20%,CXU290430LB0102M,2019,7.0
290430,Outdoor furniture,LB01,income quintile,Q1 lowest 20%,CXU290430LB0102M,2020,13.0
290430,Outdoor furniture,LB01,income quintile,Q1 lowest 20%,CXU290430LB0102M,2021,19.0
290430,Outdoor furniture,LB01,income quintile,Q1 lowest 20%,CXU290430LB0102M,2022,4.0
290430,Outdoor furniture,LB01,income quintile,Q1 lowest 20%,CXU290430LB0102M,2023,11.0
290430,Outdoor furniture,LB01,income quintile,Q1 lowest 20%,CXU290430LB0102M,2024,7.0
290430,Outdoor furniture,LB01,income quintile,Q2,CXU290430LB0103M,2015,7.0
290430,Outdoor furniture,LB01,income quintile,Q2,CXU290430LB0103M,2016,12.0
290430,Outdoor furniture,LB01,income quintile,Q2,CXU290430LB0103M,2017,15.0
290430,Outdoor furniture,LB01,income quintile,Q2,CXU290430LB0103M,2018,12.0
290430,Outdoor furniture,LB01,income quintile,Q2,CXU290430LB0103M,2019,14.0
290430,Outdoor furniture,LB01,income quintile,Q2,CXU290430LB0103M,2020,15.0
290430,Outdoor furniture,LB01,income quintile,Q2,CXU290430LB0103M,2021,18.0
290430,Outdoor furniture,LB01,income quintile,Q2,CXU290430LB0103M,2022,27.0
290430,Outdoor furniture,LB01,income quintile,Q2,CXU290430LB0103M,2023,20.0
290430,Outdoor furniture,LB01,income quintile,Q2,CXU290430LB0103M,2024,14.0
290430,Outdoor furniture,LB01,income quintile,Q3,CXU290430LB0104M,2015,10.0
290430,Outdoor furniture,LB01,income quintile,Q3,CXU290430LB0104M,2016,12.0
290430,Outdoor furniture,LB01,income quintile,Q3,CXU290430LB0104M,2017,20.0
290430,Outdoor furniture,LB01,income quintile,Q3,CXU290430LB0104M,2018,22.0
290430,Outdoor furniture,LB01,income quintile,Q3,CXU290430LB0104M,2019,10.0
290430,Outdoor furniture,LB01,income quintile,Q3,CXU290430LB0104M,2020,22.0
290430,Outdoor furniture,LB01,income quintile,Q3,CXU290430LB0104M,2021,21.0
290430,Outdoor furniture,LB01,income quintile,Q3,CXU290430LB0104M,2022,35.0
290430,Outdoor furniture,LB01,income quintile,Q3,CXU290430LB0104M,2023,35.0
290430,Outdoor furniture,LB01,income quintile,Q3,CXU290430LB0104M,2024,28.0
290430,Outdoor furniture,LB01,income quintile,Q4,CXU290430LB0105M,2015,30.0
290430,Outdoor furniture,LB01,income quintile,Q4,CXU290430LB0105M,2016,20.0
290430,Outdoor furniture,LB01,income quintile,Q4,CXU290430LB0105M,2017,27.0
290430,Outdoor furniture,LB01,income quintile,Q4,CXU290430LB0105M,2018,23.0
290430,Outdoor furniture,LB01,income quintile,Q4,CXU290430LB0105M,2019,34.0
290430,Outdoor furniture,LB01,income quintile,Q4,CXU290430LB0105M,2020,44.0
290430,Outdoor furniture,LB01,income quintile,Q4,CXU290430LB0105M,2021,63.0
290430,Outdoor furniture,LB01,income quintile,Q4,CXU290430LB0105M,2022,43.0
290430,Outdoor furniture,LB01,income quintile,Q4,CXU290430LB0105M,2023,52.0
290430,Outdoor furniture,LB01,income quintile,Q4,CXU290430LB0105M,2024,75.0
290430,Outdoor furniture,LB01,income quintile,Q5 highest 20%,CXU290430LB0106M,2015,71.0
290430,Outdoor furniture,LB01,income quintile,Q5 highest 20%,CXU290430LB0106M,2016,88.0
290430,Outdoor furniture,LB01,income quintile,Q5 highest 20%,CXU290430LB0106M,2017,101.0
290430,Outdoor furniture,LB01,income quintile,Q5 highest 20%,CXU290430LB0106M,2018,88.0
290430,Outdoor furniture,LB01,income quintile,Q5 highest 20%,CXU290430LB0106M,2019,78.0
290430,Outdoor furniture,LB01,income quintile,Q5 highest 20%,CXU290430LB0106M,2020,140.0
290430,Outdoor furniture,LB01,income quintile,Q5 highest 20%,CXU290430LB0106M,2021,177.0
290430,Outdoor furniture,LB01,income quintile,Q5 highest 20%,CXU290430LB0106M,2022,149.0
290430,Outdoor furniture,LB01,income quintile,Q5 highest 20%,CXU290430LB0106M,2023,137.0
290430,Outdoor furniture,LB01,income quintile,Q5 highest 20%,CXU290430LB0106M,2024,111.0
290430,Outdoor furniture,LB11,census region,All consumer units,CXU290430LB1101M,2015,24.0
290430,Outdoor furniture,LB11,census region,All consumer units,CXU290430LB1101M,2016,28.0
290430,Outdoor furniture,LB11,census region,All consumer units,CXU290430LB1101M,2017,33.0
290430,Outdoor furniture,LB11,census region,All consumer units,CXU290430LB1101M,2018,30.0
290430,Outdoor furniture,LB11,census region,All consumer units,CXU290430LB1101M,2019,28.0
290430,Outdoor furniture,LB11,census region,All consumer units,CXU290430LB1101M,2020,47.0
290430,Outdoor furniture,LB11,census region,All consumer units,CXU290430LB1101M,2021,60.0
290430,Outdoor furniture,LB11,census region,All consumer units,CXU290430LB1101M,2022,52.0
290430,Outdoor furniture,LB11,census region,All consumer units,CXU290430LB1101M,2023,51.0
290430,Outdoor furniture,LB11,census region,All consumer units,CXU290430LB1101M,2024,47.0
290430,Outdoor furniture,LB11,census region,Midwest,CXU290430LB1103M,2015,29.0
290430,Outdoor furniture,LB11,census region,Midwest,CXU290430LB1103M,2016,24.0
290430,Outdoor furniture,LB11,census region,Midwest,CXU290430LB1103M,2017,34.0
290430,Outdoor furniture,LB11,census region,Midwest,CXU290430LB1103M,2018,31.0
290430,Outdoor furniture,LB11,census region,Midwest,CXU290430LB1103M,2019,17.0
290430,Outdoor furniture,LB11,census region,Midwest,CXU290430LB1103M,2020,38.0
290430,Outdoor furniture,LB11,census region,Midwest,CXU290430LB1103M,2021,61.0
290430,Outdoor furniture,LB11,census region,Midwest,CXU290430LB1103M,2022,61.0
290430,Outdoor furniture,LB11,census region,Midwest,CXU290430LB1103M,2023,45.0
290430,Outdoor furniture,LB11,census region,Midwest,CXU290430LB1103M,2024,69.0
290430,Outdoor furniture,LB11,census region,Northeast,CXU290430LB1102M,2015,25.0
290430,Outdoor furniture,LB11,census region,Northeast,CXU290430LB1102M,2016,35.0
290430,Outdoor furniture,LB11,census region,Northeast,CXU290430LB1102M,2017,49.0
290430,Outdoor furniture,LB11,census region,Northeast,CXU290430LB1102M,2018,40.0
290430,Outdoor furniture,LB11,census region,Northeast,CXU290430LB1102M,2019,29.0
290430,Outdoor furniture,LB11,census region,Northeast,CXU290430LB1102M,2020,46.0
290430,Outdoor furniture,LB11,census region,Northeast,CXU290430LB1102M,2021,70.0
290430,Outdoor furniture,LB11,census region,Northeast,CXU290430LB1102M,2022,63.0
290430,Outdoor furniture,LB11,census region,Northeast,CXU290430LB1102M,2023,61.0
290430,Outdoor furniture,LB11,census region,Northeast,CXU290430LB1102M,2024,38.0
290430,Outdoor furniture,LB11,census region,South,CXU290430LB1104M,2015,21.0
290430,Outdoor furniture,LB11,census region,South,CXU290430LB1104M,2016,22.0
290430,Outdoor furniture,LB11,census region,South,CXU290430LB1104M,2017,32.0
290430,Outdoor furniture,LB11,census region,South,CXU290430LB1104M,2018,19.0
290430,Outdoor furniture,LB11,census region,South,CXU290430LB1104M,2019,33.0
290430,Outdoor furniture,LB11,census region,South,CXU290430LB1104M,2020,50.0
290430,Outdoor furniture,LB11,census region,South,CXU290430LB1104M,2021,43.0
290430,Outdoor furniture,LB11,census region,South,CXU290430LB1104M,2022,37.0
290430,Outdoor furniture,LB11,census region,South,CXU290430LB1104M,2023,35.0
290430,Outdoor furniture,LB11,census region,South,CXU290430LB1104M,2024,29.0
290430,Outdoor furniture,LB11,census region,West,CXU290430LB1105M,2015,26.0
290430,Outdoor furniture,LB11,census region,West,CXU290430LB1105M,2016,35.0
290430,Outdoor furniture,LB11,census region,West,CXU290430LB1105M,2017,23.0
290430,Outdoor furniture,LB11,census region,West,CXU290430LB1105M,2018,40.0
290430,Outdoor furniture,LB11,census region,West,CXU290430LB1105M,2019,32.0
290430,Outdoor furniture,LB11,census region,West,CXU290430LB1105M,2020,51.0
290430,Outdoor furniture,LB11,census region,West,CXU290430LB1105M,2021,80.0
290430,Outdoor furniture,LB11,census region,West,CXU290430LB1105M,2022,60.0
290430,Outdoor furniture,LB11,census region,West,CXU290430LB1105M,2023,77.0
290430,Outdoor furniture,LB11,census region,West,CXU290430LB1105M,2024,66.0
290440,"Wall units, cabinets and other occasional furniture",LB01,income quintile,All consumer units,CXU290440LB0101M,2015,39.0
290440,"Wall units, cabinets and other occasional furniture",LB01,income quintile,All consumer units,CXU290440LB0101M,2016,36.0
290440,"Wall units, cabinets and other occasional furniture",LB01,income quintile,All consumer units,CXU290440LB0101M,2017,36.0
290440,"Wall units, cabinets and other occasional furniture",LB01,income quintile,All consumer units,CXU290440LB0101M,2018,42.0
290440,"Wall units, cabinets and other occasional furniture",LB01,income quintile,All consumer units,CXU290440LB0101M,2019,50.0
290440,"Wall units, cabinets and other occasional furniture",LB01,income quintile,All consumer units,CXU290440LB0101M,2020,49.0
290440,"Wall units, cabinets and other occasional furniture",LB01,income quintile,All consumer units,CXU290440LB0101M,2021,57.0
290440,"Wall units, cabinets and other occasional furniture",LB01,income quintile,All consumer units,CXU290440LB0101M,2022,53.0
290440,"Wall units, cabinets and other occasional furniture",LB01,income quintile,All consumer units,CXU290440LB0101M,2023,53.0
290440,"Wall units, cabinets and other occasional furniture",LB01,income quintile,All consumer units,CXU290440LB0101M,2024,46.0
290440,"Wall units, cabinets and other occasional furniture",LB01,income quintile,Q1 lowest 20%,CXU290440LB0102M,2015,6.0
290440,"Wall units, cabinets and other occasional furniture",LB01,income quintile,Q1 lowest 20%,CXU290440LB0102M,2016,9.0
290440,"Wall units, cabinets and other occasional furniture",LB01,income quintile,Q1 lowest 20%,CXU290440LB0102M,2017,15.0
290440,"Wall units, cabinets and other occasional furniture",LB01,income quintile,Q1 lowest 20%,CXU290440LB0102M,2018,15.0
290440,"Wall units, cabinets and other occasional furniture",LB01,income quintile,Q1 lowest 20%,CXU290440LB0102M,2019,11.0
290440,"Wall units, cabinets and other occasional furniture",LB01,income quintile,Q1 lowest 20%,CXU290440LB0102M,2020,8.0
290440,"Wall units, cabinets and other occasional furniture",LB01,income quintile,Q1 lowest 20%,CXU290440LB0102M,2021,23.0
290440,"Wall units, cabinets and other occasional furniture",LB01,income quintile,Q1 lowest 20%,CXU290440LB0102M,2022,14.0
290440,"Wall units, cabinets and other occasional furniture",LB01,income quintile,Q1 lowest 20%,CXU290440LB0102M,2023,16.0
290440,"Wall units, cabinets and other occasional furniture",LB01,income quintile,Q1 lowest 20%,CXU290440LB0102M,2024,20.0
290440,"Wall units, cabinets and other occasional furniture",LB01,income quintile,Q2,CXU290440LB0103M,2015,32.0
290440,"Wall units, cabinets and other occasional furniture",LB01,income quintile,Q2,CXU290440LB0103M,2016,23.0
290440,"Wall units, cabinets and other occasional furniture",LB01,income quintile,Q2,CXU290440LB0103M,2017,23.0
290440,"Wall units, cabinets and other occasional furniture",LB01,income quintile,Q2,CXU290440LB0103M,2018,25.0
290440,"Wall units, cabinets and other occasional furniture",LB01,income quintile,Q2,CXU290440LB0103M,2019,17.0
290440,"Wall units, cabinets and other occasional furniture",LB01,income quintile,Q2,CXU290440LB0103M,2020,22.0
290440,"Wall units, cabinets and other occasional furniture",LB01,income quintile,Q2,CXU290440LB0103M,2021,32.0
290440,"Wall units, cabinets and other occasional furniture",LB01,income quintile,Q2,CXU290440LB0103M,2022,22.0
290440,"Wall units, cabinets and other occasional furniture",LB01,income quintile,Q2,CXU290440LB0103M,2023,43.0
290440,"Wall units, cabinets and other occasional furniture",LB01,income quintile,Q2,CXU290440LB0103M,2024,18.0
290440,"Wall units, cabinets and other occasional furniture",LB01,income quintile,Q3,CXU290440LB0104M,2015,36.0
290440,"Wall units, cabinets and other occasional furniture",LB01,income quintile,Q3,CXU290440LB0104M,2016,27.0
290440,"Wall units, cabinets and other occasional furniture",LB01,income quintile,Q3,CXU290440LB0104M,2017,24.0
290440,"Wall units, cabinets and other occasional furniture",LB01,income quintile,Q3,CXU290440LB0104M,2018,32.0
290440,"Wall units, cabinets and other occasional furniture",LB01,income quintile,Q3,CXU290440LB0104M,2019,48.0
290440,"Wall units, cabinets and other occasional furniture",LB01,income quintile,Q3,CXU290440LB0104M,2020,25.0
290440,"Wall units, cabinets and other occasional furniture",LB01,income quintile,Q3,CXU290440LB0104M,2021,38.0
290440,"Wall units, cabinets and other occasional furniture",LB01,income quintile,Q3,CXU290440LB0104M,2022,31.0
290440,"Wall units, cabinets and other occasional furniture",LB01,income quintile,Q3,CXU290440LB0104M,2023,51.0
290440,"Wall units, cabinets and other occasional furniture",LB01,income quintile,Q3,CXU290440LB0104M,2024,34.0
290440,"Wall units, cabinets and other occasional furniture",LB01,income quintile,Q4,CXU290440LB0105M,2015,34.0
290440,"Wall units, cabinets and other occasional furniture",LB01,income quintile,Q4,CXU290440LB0105M,2016,43.0
290440,"Wall units, cabinets and other occasional furniture",LB01,income quintile,Q4,CXU290440LB0105M,2017,48.0
290440,"Wall units, cabinets and other occasional furniture",LB01,income quintile,Q4,CXU290440LB0105M,2018,37.0
290440,"Wall units, cabinets and other occasional furniture",LB01,income quintile,Q4,CXU290440LB0105M,2019,50.0
290440,"Wall units, cabinets and other occasional furniture",LB01,income quintile,Q4,CXU290440LB0105M,2020,68.0
290440,"Wall units, cabinets and other occasional furniture",LB01,income quintile,Q4,CXU290440LB0105M,2021,69.0
290440,"Wall units, cabinets and other occasional furniture",LB01,income quintile,Q4,CXU290440LB0105M,2022,68.0
290440,"Wall units, cabinets and other occasional furniture",LB01,income quintile,Q4,CXU290440LB0105M,2023,44.0
290440,"Wall units, cabinets and other occasional furniture",LB01,income quintile,Q4,CXU290440LB0105M,2024,71.0
290440,"Wall units, cabinets and other occasional furniture",LB01,income quintile,Q5 highest 20%,CXU290440LB0106M,2015,86.0
290440,"Wall units, cabinets and other occasional furniture",LB01,income quintile,Q5 highest 20%,CXU290440LB0106M,2016,77.0
290440,"Wall units, cabinets and other occasional furniture",LB01,income quintile,Q5 highest 20%,CXU290440LB0106M,2017,69.0
290440,"Wall units, cabinets and other occasional furniture",LB01,income quintile,Q5 highest 20%,CXU290440LB0106M,2018,100.0
290440,"Wall units, cabinets and other occasional furniture",LB01,income quintile,Q5 highest 20%,CXU290440LB0106M,2019,124.0
290440,"Wall units, cabinets and other occasional furniture",LB01,income quintile,Q5 highest 20%,CXU290440LB0106M,2020,121.0
290440,"Wall units, cabinets and other occasional furniture",LB01,income quintile,Q5 highest 20%,CXU290440LB0106M,2021,122.0
290440,"Wall units, cabinets and other occasional furniture",LB01,income quintile,Q5 highest 20%,CXU290440LB0106M,2022,128.0
290440,"Wall units, cabinets and other occasional furniture",LB01,income quintile,Q5 highest 20%,CXU290440LB0106M,2023,113.0
290440,"Wall units, cabinets and other occasional furniture",LB01,income quintile,Q5 highest 20%,CXU290440LB0106M,2024,86.0
290440,"Wall units, cabinets and other occasional furniture",LB11,census region,All consumer units,CXU290440LB1101M,2015,39.0
290440,"Wall units, cabinets and other occasional furniture",LB11,census region,All consumer units,CXU290440LB1101M,2016,36.0
290440,"Wall units, cabinets and other occasional furniture",LB11,census region,All consumer units,CXU290440LB1101M,2017,36.0
290440,"Wall units, cabinets and other occasional furniture",LB11,census region,All consumer units,CXU290440LB1101M,2018,42.0
290440,"Wall units, cabinets and other occasional furniture",LB11,census region,All consumer units,CXU290440LB1101M,2019,50.0
290440,"Wall units, cabinets and other occasional furniture",LB11,census region,All consumer units,CXU290440LB1101M,2020,49.0
290440,"Wall units, cabinets and other occasional furniture",LB11,census region,All consumer units,CXU290440LB1101M,2021,57.0
290440,"Wall units, cabinets and other occasional furniture",LB11,census region,All consumer units,CXU290440LB1101M,2022,53.0
290440,"Wall units, cabinets and other occasional furniture",LB11,census region,All consumer units,CXU290440LB1101M,2023,53.0
290440,"Wall units, cabinets and other occasional furniture",LB11,census region,All consumer units,CXU290440LB1101M,2024,46.0
290440,"Wall units, cabinets and other occasional furniture",LB11,census region,Midwest,CXU290440LB1103M,2015,41.0
290440,"Wall units, cabinets and other occasional furniture",LB11,census region,Midwest,CXU290440LB1103M,2016,28.0
290440,"Wall units, cabinets and other occasional furniture",LB11,census region,Midwest,CXU290440LB1103M,2017,32.0
290440,"Wall units, cabinets and other occasional furniture",LB11,census region,Midwest,CXU290440LB1103M,2018,31.0
290440,"Wall units, cabinets and other occasional furniture",LB11,census region,Midwest,CXU290440LB1103M,2019,41.0
290440,"Wall units, cabinets and other occasional furniture",LB11,census region,Midwest,CXU290440LB1103M,2020,34.0
290440,"Wall units, cabinets and other occasional furniture",LB11,census region,Midwest,CXU290440LB1103M,2021,54.0
290440,"Wall units, cabinets and other occasional furniture",LB11,census region,Midwest,CXU290440LB1103M,2022,59.0
290440,"Wall units, cabinets and other occasional furniture",LB11,census region,Midwest,CXU290440LB1103M,2023,48.0
290440,"Wall units, cabinets and other occasional furniture",LB11,census region,Midwest,CXU290440LB1103M,2024,33.0
290440,"Wall units, cabinets and other occasional furniture",LB11,census region,Northeast,CXU290440LB1102M,2015,34.0
290440,"Wall units, cabinets and other occasional furniture",LB11,census region,Northeast,CXU290440LB1102M,2016,33.0
290440,"Wall units, cabinets and other occasional furniture",LB11,census region,Northeast,CXU290440LB1102M,2017,41.0
290440,"Wall units, cabinets and other occasional furniture",LB11,census region,Northeast,CXU290440LB1102M,2018,49.0
290440,"Wall units, cabinets and other occasional furniture",LB11,census region,Northeast,CXU290440LB1102M,2019,76.0
290440,"Wall units, cabinets and other occasional furniture",LB11,census region,Northeast,CXU290440LB1102M,2020,61.0
290440,"Wall units, cabinets and other occasional furniture",LB11,census region,Northeast,CXU290440LB1102M,2021,44.0
290440,"Wall units, cabinets and other occasional furniture",LB11,census region,Northeast,CXU290440LB1102M,2022,53.0
290440,"Wall units, cabinets and other occasional furniture",LB11,census region,Northeast,CXU290440LB1102M,2023,45.0
290440,"Wall units, cabinets and other occasional furniture",LB11,census region,Northeast,CXU290440LB1102M,2024,64.0
290440,"Wall units, cabinets and other occasional furniture",LB11,census region,South,CXU290440LB1104M,2015,40.0
290440,"Wall units, cabinets and other occasional furniture",LB11,census region,South,CXU290440LB1104M,2016,35.0
290440,"Wall units, cabinets and other occasional furniture",LB11,census region,South,CXU290440LB1104M,2017,36.0
290440,"Wall units, cabinets and other occasional furniture",LB11,census region,South,CXU290440LB1104M,2018,40.0
290440,"Wall units, cabinets and other occasional furniture",LB11,census region,South,CXU290440LB1104M,2019,39.0
290440,"Wall units, cabinets and other occasional furniture",LB11,census region,South,CXU290440LB1104M,2020,52.0
290440,"Wall units, cabinets and other occasional furniture",LB11,census region,South,CXU290440LB1104M,2021,51.0
290440,"Wall units, cabinets and other occasional furniture",LB11,census region,South,CXU290440LB1104M,2022,39.0
290440,"Wall units, cabinets and other occasional furniture",LB11,census region,South,CXU290440LB1104M,2023,56.0
290440,"Wall units, cabinets and other occasional furniture",LB11,census region,South,CXU290440LB1104M,2024,47.0
290440,"Wall units, cabinets and other occasional furniture",LB11,census region,West,CXU290440LB1105M,2015,38.0
290440,"Wall units, cabinets and other occasional furniture",LB11,census region,West,CXU290440LB1105M,2016,46.0
290440,"Wall units, cabinets and other occasional furniture",LB11,census region,West,CXU290440LB1105M,2017,35.0
290440,"Wall units, cabinets and other occasional furniture",LB11,census region,West,CXU290440LB1105M,2018,49.0
290440,"Wall units, cabinets and other occasional furniture",LB11,census region,West,CXU290440LB1105M,2019,56.0
290440,"Wall units, cabinets and other occasional furniture",LB11,census region,West,CXU290440LB1105M,2020,49.0
290440,"Wall units, cabinets and other occasional furniture",LB11,census region,West,CXU290440LB1105M,2021,78.0
290440,"Wall units, cabinets and other occasional furniture",LB11,census region,West,CXU290440LB1105M,2022,70.0
290440,"Wall units, cabinets and other occasional furniture",LB11,census region,West,CXU290440LB1105M,2023,60.0
290440,"Wall units, cabinets and other occasional furniture",LB11,census region,West,CXU290440LB1105M,2024,41.0
CONSUNIT,Number of consumer units (thousands),LB01,income quintile,All consumer units,CXUCONSUNITLB0101M,2015,128437.0
CONSUNIT,Number of consumer units (thousands),LB01,income quintile,All consumer units,CXUCONSUNITLB0101M,2016,129549.0
CONSUNIT,Number of consumer units (thousands),LB01,income quintile,All consumer units,CXUCONSUNITLB0101M,2017,130001.0
CONSUNIT,Number of consumer units (thousands),LB01,income quintile,All consumer units,CXUCONSUNITLB0101M,2018,131439.0
CONSUNIT,Number of consumer units (thousands),LB01,income quintile,All consumer units,CXUCONSUNITLB0101M,2019,132242.0
CONSUNIT,Number of consumer units (thousands),LB01,income quintile,All consumer units,CXUCONSUNITLB0101M,2020,131234.0
CONSUNIT,Number of consumer units (thousands),LB01,income quintile,All consumer units,CXUCONSUNITLB0101M,2021,133595.0
CONSUNIT,Number of consumer units (thousands),LB01,income quintile,All consumer units,CXUCONSUNITLB0101M,2022,134090.0
CONSUNIT,Number of consumer units (thousands),LB01,income quintile,All consumer units,CXUCONSUNITLB0101M,2023,134556.0
CONSUNIT,Number of consumer units (thousands),LB01,income quintile,All consumer units,CXUCONSUNITLB0101M,2024,135760.0
CONSUNIT,Number of consumer units (thousands),LB01,income quintile,Q1 lowest 20%,CXUCONSUNITLB0102M,2015,25672.0
CONSUNIT,Number of consumer units (thousands),LB01,income quintile,Q1 lowest 20%,CXUCONSUNITLB0102M,2016,25884.0
CONSUNIT,Number of consumer units (thousands),LB01,income quintile,Q1 lowest 20%,CXUCONSUNITLB0102M,2017,25981.0
CONSUNIT,Number of consumer units (thousands),LB01,income quintile,Q1 lowest 20%,CXUCONSUNITLB0102M,2018,26333.0
CONSUNIT,Number of consumer units (thousands),LB01,income quintile,Q1 lowest 20%,CXUCONSUNITLB0102M,2019,26367.0
CONSUNIT,Number of consumer units (thousands),LB01,income quintile,Q1 lowest 20%,CXUCONSUNITLB0102M,2020,26295.0
CONSUNIT,Number of consumer units (thousands),LB01,income quintile,Q1 lowest 20%,CXUCONSUNITLB0102M,2021,26642.0
CONSUNIT,Number of consumer units (thousands),LB01,income quintile,Q1 lowest 20%,CXUCONSUNITLB0102M,2022,26860.0
CONSUNIT,Number of consumer units (thousands),LB01,income quintile,Q1 lowest 20%,CXUCONSUNITLB0102M,2023,26719.0
CONSUNIT,Number of consumer units (thousands),LB01,income quintile,Q1 lowest 20%,CXUCONSUNITLB0102M,2024,27139.0
CONSUNIT,Number of consumer units (thousands),LB01,income quintile,Q2,CXUCONSUNITLB0103M,2015,25562.0
CONSUNIT,Number of consumer units (thousands),LB01,income quintile,Q2,CXUCONSUNITLB0103M,2016,26019.0
CONSUNIT,Number of consumer units (thousands),LB01,income quintile,Q2,CXUCONSUNITLB0103M,2017,25988.0
CONSUNIT,Number of consumer units (thousands),LB01,income quintile,Q2,CXUCONSUNITLB0103M,2018,26315.0
CONSUNIT,Number of consumer units (thousands),LB01,income quintile,Q2,CXUCONSUNITLB0103M,2019,26387.0
CONSUNIT,Number of consumer units (thousands),LB01,income quintile,Q2,CXUCONSUNITLB0103M,2020,26268.0
CONSUNIT,Number of consumer units (thousands),LB01,income quintile,Q2,CXUCONSUNITLB0103M,2021,26677.0
CONSUNIT,Number of consumer units (thousands),LB01,income quintile,Q2,CXUCONSUNITLB0103M,2022,26830.0
CONSUNIT,Number of consumer units (thousands),LB01,income quintile,Q2,CXUCONSUNITLB0103M,2023,26984.0
CONSUNIT,Number of consumer units (thousands),LB01,income quintile,Q2,CXUCONSUNITLB0103M,2024,27186.0
CONSUNIT,Number of consumer units (thousands),LB01,income quintile,Q3,CXUCONSUNITLB0104M,2015,25700.0
CONSUNIT,Number of consumer units (thousands),LB01,income quintile,Q3,CXUCONSUNITLB0104M,2016,25905.0
CONSUNIT,Number of consumer units (thousands),LB01,income quintile,Q3,CXUCONSUNITLB0104M,2017,26012.0
CONSUNIT,Number of consumer units (thousands),LB01,income quintile,Q3,CXUCONSUNITLB0104M,2018,26196.0
CONSUNIT,Number of consumer units (thousands),LB01,income quintile,Q3,CXUCONSUNITLB0104M,2019,26578.0
CONSUNIT,Number of consumer units (thousands),LB01,income quintile,Q3,CXUCONSUNITLB0104M,2020,26330.0
CONSUNIT,Number of consumer units (thousands),LB01,income quintile,Q3,CXUCONSUNITLB0104M,2021,26626.0
CONSUNIT,Number of consumer units (thousands),LB01,income quintile,Q3,CXUCONSUNITLB0104M,2022,26698.0
CONSUNIT,Number of consumer units (thousands),LB01,income quintile,Q3,CXUCONSUNITLB0104M,2023,27027.0
CONSUNIT,Number of consumer units (thousands),LB01,income quintile,Q3,CXUCONSUNITLB0104M,2024,26959.0
CONSUNIT,Number of consumer units (thousands),LB01,income quintile,Q4,CXUCONSUNITLB0105M,2015,25730.0
CONSUNIT,Number of consumer units (thousands),LB01,income quintile,Q4,CXUCONSUNITLB0105M,2016,25900.0
CONSUNIT,Number of consumer units (thousands),LB01,income quintile,Q4,CXUCONSUNITLB0105M,2017,26100.0
CONSUNIT,Number of consumer units (thousands),LB01,income quintile,Q4,CXUCONSUNITLB0105M,2018,26221.0
CONSUNIT,Number of consumer units (thousands),LB01,income quintile,Q4,CXUCONSUNITLB0105M,2019,26375.0
CONSUNIT,Number of consumer units (thousands),LB01,income quintile,Q4,CXUCONSUNITLB0105M,2020,26209.0
CONSUNIT,Number of consumer units (thousands),LB01,income quintile,Q4,CXUCONSUNITLB0105M,2021,26801.0
CONSUNIT,Number of consumer units (thousands),LB01,income quintile,Q4,CXUCONSUNITLB0105M,2022,26893.0
CONSUNIT,Number of consumer units (thousands),LB01,income quintile,Q4,CXUCONSUNITLB0105M,2023,26902.0
CONSUNIT,Number of consumer units (thousands),LB01,income quintile,Q4,CXUCONSUNITLB0105M,2024,27205.0
CONSUNIT,Number of consumer units (thousands),LB01,income quintile,Q5 highest 20%,CXUCONSUNITLB0106M,2015,25773.0
CONSUNIT,Number of consumer units (thousands),LB01,income quintile,Q5 highest 20%,CXUCONSUNITLB0106M,2016,25842.0
CONSUNIT,Number of consumer units (thousands),LB01,income quintile,Q5 highest 20%,CXUCONSUNITLB0106M,2017,25921.0
CONSUNIT,Number of consumer units (thousands),LB01,income quintile,Q5 highest 20%,CXUCONSUNITLB0106M,2018,26374.0
CONSUNIT,Number of consumer units (thousands),LB01,income quintile,Q5 highest 20%,CXUCONSUNITLB0106M,2019,26536.0
CONSUNIT,Number of consumer units (thousands),LB01,income quintile,Q5 highest 20%,CXUCONSUNITLB0106M,2020,26133.0
CONSUNIT,Number of consumer units (thousands),LB01,income quintile,Q5 highest 20%,CXUCONSUNITLB0106M,2021,26849.0
CONSUNIT,Number of consumer units (thousands),LB01,income quintile,Q5 highest 20%,CXUCONSUNITLB0106M,2022,26810.0
CONSUNIT,Number of consumer units (thousands),LB01,income quintile,Q5 highest 20%,CXUCONSUNITLB0106M,2023,26924.0
CONSUNIT,Number of consumer units (thousands),LB01,income quintile,Q5 highest 20%,CXUCONSUNITLB0106M,2024,27272.0
CONSUNIT,Number of consumer units (thousands),LB11,census region,All consumer units,CXUCONSUNITLB1101M,2015,128437.0
CONSUNIT,Number of consumer units (thousands),LB11,census region,All consumer units,CXUCONSUNITLB1101M,2016,129549.0
CONSUNIT,Number of consumer units (thousands),LB11,census region,All consumer units,CXUCONSUNITLB1101M,2017,130001.0
CONSUNIT,Number of consumer units (thousands),LB11,census region,All consumer units,CXUCONSUNITLB1101M,2018,131439.0
CONSUNIT,Number of consumer units (thousands),LB11,census region,All consumer units,CXUCONSUNITLB1101M,2019,132242.0
CONSUNIT,Number of consumer units (thousands),LB11,census region,All consumer units,CXUCONSUNITLB1101M,2020,131234.0
CONSUNIT,Number of consumer units (thousands),LB11,census region,All consumer units,CXUCONSUNITLB1101M,2021,133595.0
CONSUNIT,Number of consumer units (thousands),LB11,census region,All consumer units,CXUCONSUNITLB1101M,2022,134090.0
CONSUNIT,Number of consumer units (thousands),LB11,census region,All consumer units,CXUCONSUNITLB1101M,2023,134556.0
CONSUNIT,Number of consumer units (thousands),LB11,census region,All consumer units,CXUCONSUNITLB1101M,2024,135760.0
CONSUNIT,Number of consumer units (thousands),LB11,census region,Midwest,CXUCONSUNITLB1103M,2015,27674.0
CONSUNIT,Number of consumer units (thousands),LB11,census region,Midwest,CXUCONSUNITLB1103M,2016,27743.0
CONSUNIT,Number of consumer units (thousands),LB11,census region,Midwest,CXUCONSUNITLB1103M,2017,28049.0
CONSUNIT,Number of consumer units (thousands),LB11,census region,Midwest,CXUCONSUNITLB1103M,2018,28305.0
CONSUNIT,Number of consumer units (thousands),LB11,census region,Midwest,CXUCONSUNITLB1103M,2019,28140.0
CONSUNIT,Number of consumer units (thousands),LB11,census region,Midwest,CXUCONSUNITLB1103M,2020,27907.0
CONSUNIT,Number of consumer units (thousands),LB11,census region,Midwest,CXUCONSUNITLB1103M,2021,28230.0
CONSUNIT,Number of consumer units (thousands),LB11,census region,Midwest,CXUCONSUNITLB1103M,2022,28453.0
CONSUNIT,Number of consumer units (thousands),LB11,census region,Midwest,CXUCONSUNITLB1103M,2023,28204.0
CONSUNIT,Number of consumer units (thousands),LB11,census region,Midwest,CXUCONSUNITLB1103M,2024,28678.0
CONSUNIT,Number of consumer units (thousands),LB11,census region,Northeast,CXUCONSUNITLB1102M,2015,23426.0
CONSUNIT,Number of consumer units (thousands),LB11,census region,Northeast,CXUCONSUNITLB1102M,2016,23559.0
CONSUNIT,Number of consumer units (thousands),LB11,census region,Northeast,CXUCONSUNITLB1102M,2017,23316.0
CONSUNIT,Number of consumer units (thousands),LB11,census region,Northeast,CXUCONSUNITLB1102M,2018,23357.0
CONSUNIT,Number of consumer units (thousands),LB11,census region,Northeast,CXUCONSUNITLB1102M,2019,23243.0
CONSUNIT,Number of consumer units (thousands),LB11,census region,Northeast,CXUCONSUNITLB1102M,2020,22965.0
CONSUNIT,Number of consumer units (thousands),LB11,census region,Northeast,CXUCONSUNITLB1102M,2021,23152.0
CONSUNIT,Number of consumer units (thousands),LB11,census region,Northeast,CXUCONSUNITLB1102M,2022,23015.0
CONSUNIT,Number of consumer units (thousands),LB11,census region,Northeast,CXUCONSUNITLB1102M,2023,23217.0
CONSUNIT,Number of consumer units (thousands),LB11,census region,Northeast,CXUCONSUNITLB1102M,2024,23643.0
CONSUNIT,Number of consumer units (thousands),LB11,census region,South,CXUCONSUNITLB1104M,2015,49104.0
CONSUNIT,Number of consumer units (thousands),LB11,census region,South,CXUCONSUNITLB1104M,2016,49829.0
CONSUNIT,Number of consumer units (thousands),LB11,census region,South,CXUCONSUNITLB1104M,2017,49854.0
CONSUNIT,Number of consumer units (thousands),LB11,census region,South,CXUCONSUNITLB1104M,2018,50576.0
CONSUNIT,Number of consumer units (thousands),LB11,census region,South,CXUCONSUNITLB1104M,2019,50977.0
CONSUNIT,Number of consumer units (thousands),LB11,census region,South,CXUCONSUNITLB1104M,2020,50574.0
CONSUNIT,Number of consumer units (thousands),LB11,census region,South,CXUCONSUNITLB1104M,2021,51808.0
CONSUNIT,Number of consumer units (thousands),LB11,census region,South,CXUCONSUNITLB1104M,2022,52034.0
CONSUNIT,Number of consumer units (thousands),LB11,census region,South,CXUCONSUNITLB1104M,2023,53043.0
CONSUNIT,Number of consumer units (thousands),LB11,census region,South,CXUCONSUNITLB1104M,2024,53402.0
CONSUNIT,Number of consumer units (thousands),LB11,census region,West,CXUCONSUNITLB1105M,2015,28233.0
CONSUNIT,Number of consumer units (thousands),LB11,census region,West,CXUCONSUNITLB1105M,2016,28419.0
CONSUNIT,Number of consumer units (thousands),LB11,census region,West,CXUCONSUNITLB1105M,2017,28782.0
CONSUNIT,Number of consumer units (thousands),LB11,census region,West,CXUCONSUNITLB1105M,2018,29201.0
CONSUNIT,Number of consumer units (thousands),LB11,census region,West,CXUCONSUNITLB1105M,2019,29882.0
CONSUNIT,Number of consumer units (thousands),LB11,census region,West,CXUCONSUNITLB1105M,2020,29788.0
CONSUNIT,Number of consumer units (thousands),LB11,census region,West,CXUCONSUNITLB1105M,2021,30406.0
CONSUNIT,Number of consumer units (thousands),LB11,census region,West,CXUCONSUNITLB1105M,2022,30589.0
CONSUNIT,Number of consumer units (thousands),LB11,census region,West,CXUCONSUNITLB1105M,2023,30091.0
CONSUNIT,Number of consumer units (thousands),LB11,census region,West,CXUCONSUNITLB1105M,2024,30037.0
FURNITUR,Furniture,LB01,income quintile,All consumer units,CXUFURNITURLB0101M,2015,502.0
FURNITUR,Furniture,LB01,income quintile,All consumer units,CXUFURNITURLB0101M,2016,460.0
FURNITUR,Furniture,LB01,income quintile,All consumer units,CXUFURNITURLB0101M,2017,515.0
FURNITUR,Furniture,LB01,income quintile,All consumer units,CXUFURNITURLB0101M,2018,518.0
FURNITUR,Furniture,LB01,income quintile,All consumer units,CXUFURNITURLB0101M,2019,521.0
FURNITUR,Furniture,LB01,income quintile,All consumer units,CXUFURNITURLB0101M,2020,534.0
FURNITUR,Furniture,LB01,income quintile,All consumer units,CXUFURNITURLB0101M,2021,716.0
FURNITUR,Furniture,LB01,income quintile,All consumer units,CXUFURNITURLB0101M,2022,746.0
FURNITUR,Furniture,LB01,income quintile,All consumer units,CXUFURNITURLB0101M,2023,619.0
FURNITUR,Furniture,LB01,income quintile,All consumer units,CXUFURNITURLB0101M,2024,648.0
FURNITUR,Furniture,LB01,income quintile,Q1 lowest 20%,CXUFURNITURLB0102M,2015,159.0
FURNITUR,Furniture,LB01,income quintile,Q1 lowest 20%,CXUFURNITURLB0102M,2016,161.0
FURNITUR,Furniture,LB01,income quintile,Q1 lowest 20%,CXUFURNITURLB0102M,2017,196.0
FURNITUR,Furniture,LB01,income quintile,Q1 lowest 20%,CXUFURNITURLB0102M,2018,172.0
FURNITUR,Furniture,LB01,income quintile,Q1 lowest 20%,CXUFURNITURLB0102M,2019,196.0
FURNITUR,Furniture,LB01,income quintile,Q1 lowest 20%,CXUFURNITURLB0102M,2020,208.0
FURNITUR,Furniture,LB01,income quintile,Q1 lowest 20%,CXUFURNITURLB0102M,2021,355.0
FURNITUR,Furniture,LB01,income quintile,Q1 lowest 20%,CXUFURNITURLB0102M,2022,208.0
FURNITUR,Furniture,LB01,income quintile,Q1 lowest 20%,CXUFURNITURLB0102M,2023,229.0
FURNITUR,Furniture,LB01,income quintile,Q1 lowest 20%,CXUFURNITURLB0102M,2024,275.0
FURNITUR,Furniture,LB01,income quintile,Q2,CXUFURNITURLB0103M,2015,289.0
FURNITUR,Furniture,LB01,income quintile,Q2,CXUFURNITURLB0103M,2016,313.0
FURNITUR,Furniture,LB01,income quintile,Q2,CXUFURNITURLB0103M,2017,312.0
FURNITUR,Furniture,LB01,income quintile,Q2,CXUFURNITURLB0103M,2018,323.0
FURNITUR,Furniture,LB01,income quintile,Q2,CXUFURNITURLB0103M,2019,293.0
FURNITUR,Furniture,LB01,income quintile,Q2,CXUFURNITURLB0103M,2020,324.0
FURNITUR,Furniture,LB01,income quintile,Q2,CXUFURNITURLB0103M,2021,403.0
FURNITUR,Furniture,LB01,income quintile,Q2,CXUFURNITURLB0103M,2022,453.0
FURNITUR,Furniture,LB01,income quintile,Q2,CXUFURNITURLB0103M,2023,371.0
FURNITUR,Furniture,LB01,income quintile,Q2,CXUFURNITURLB0103M,2024,371.0
FURNITUR,Furniture,LB01,income quintile,Q3,CXUFURNITURLB0104M,2015,402.0
FURNITUR,Furniture,LB01,income quintile,Q3,CXUFURNITURLB0104M,2016,334.0
FURNITUR,Furniture,LB01,income quintile,Q3,CXUFURNITURLB0104M,2017,395.0
FURNITUR,Furniture,LB01,income quintile,Q3,CXUFURNITURLB0104M,2018,401.0
FURNITUR,Furniture,LB01,income quintile,Q3,CXUFURNITURLB0104M,2019,386.0
FURNITUR,Furniture,LB01,income quintile,Q3,CXUFURNITURLB0104M,2020,417.0
FURNITUR,Furniture,LB01,income quintile,Q3,CXUFURNITURLB0104M,2021,557.0
FURNITUR,Furniture,LB01,income quintile,Q3,CXUFURNITURLB0104M,2022,475.0
FURNITUR,Furniture,LB01,income quintile,Q3,CXUFURNITURLB0104M,2023,493.0
FURNITUR,Furniture,LB01,income quintile,Q3,CXUFURNITURLB0104M,2024,462.0
FURNITUR,Furniture,LB01,income quintile,Q4,CXUFURNITURLB0105M,2015,553.0
FURNITUR,Furniture,LB01,income quintile,Q4,CXUFURNITURLB0105M,2016,509.0
FURNITUR,Furniture,LB01,income quintile,Q4,CXUFURNITURLB0105M,2017,577.0
FURNITUR,Furniture,LB01,income quintile,Q4,CXUFURNITURLB0105M,2018,595.0
FURNITUR,Furniture,LB01,income quintile,Q4,CXUFURNITURLB0105M,2019,635.0
FURNITUR,Furniture,LB01,income quintile,Q4,CXUFURNITURLB0105M,2020,632.0
FURNITUR,Furniture,LB01,income quintile,Q4,CXUFURNITURLB0105M,2021,766.0
FURNITUR,Furniture,LB01,income quintile,Q4,CXUFURNITURLB0105M,2022,716.0
FURNITUR,Furniture,LB01,income quintile,Q4,CXUFURNITURLB0105M,2023,703.0
FURNITUR,Furniture,LB01,income quintile,Q4,CXUFURNITURLB0105M,2024,795.0
FURNITUR,Furniture,LB01,income quintile,Q5 highest 20%,CXUFURNITURLB0106M,2015,1104.0
FURNITUR,Furniture,LB01,income quintile,Q5 highest 20%,CXUFURNITURLB0106M,2016,984.0
FURNITUR,Furniture,LB01,income quintile,Q5 highest 20%,CXUFURNITURLB0106M,2017,1098.0
FURNITUR,Furniture,LB01,income quintile,Q5 highest 20%,CXUFURNITURLB0106M,2018,1100.0
FURNITUR,Furniture,LB01,income quintile,Q5 highest 20%,CXUFURNITURLB0106M,2019,1092.0
FURNITUR,Furniture,LB01,income quintile,Q5 highest 20%,CXUFURNITURLB0106M,2020,1094.0
FURNITUR,Furniture,LB01,income quintile,Q5 highest 20%,CXUFURNITURLB0106M,2021,1490.0
FURNITUR,Furniture,LB01,income quintile,Q5 highest 20%,CXUFURNITURLB0106M,2022,1879.0
FURNITUR,Furniture,LB01,income quintile,Q5 highest 20%,CXUFURNITURLB0106M,2023,1297.0
FURNITUR,Furniture,LB01,income quintile,Q5 highest 20%,CXUFURNITURLB0106M,2024,1334.0
FURNITUR,Furniture,LB11,census region,All consumer units,CXUFURNITURLB1101M,2015,502.0
FURNITUR,Furniture,LB11,census region,All consumer units,CXUFURNITURLB1101M,2016,460.0
FURNITUR,Furniture,LB11,census region,All consumer units,CXUFURNITURLB1101M,2017,515.0
FURNITUR,Furniture,LB11,census region,All consumer units,CXUFURNITURLB1101M,2018,518.0
FURNITUR,Furniture,LB11,census region,All consumer units,CXUFURNITURLB1101M,2019,521.0
FURNITUR,Furniture,LB11,census region,All consumer units,CXUFURNITURLB1101M,2020,534.0
FURNITUR,Furniture,LB11,census region,All consumer units,CXUFURNITURLB1101M,2021,716.0
FURNITUR,Furniture,LB11,census region,All consumer units,CXUFURNITURLB1101M,2022,746.0
FURNITUR,Furniture,LB11,census region,All consumer units,CXUFURNITURLB1101M,2023,619.0
FURNITUR,Furniture,LB11,census region,All consumer units,CXUFURNITURLB1101M,2024,648.0
FURNITUR,Furniture,LB11,census region,Midwest,CXUFURNITURLB1103M,2015,555.0
FURNITUR,Furniture,LB11,census region,Midwest,CXUFURNITURLB1103M,2016,445.0
FURNITUR,Furniture,LB11,census region,Midwest,CXUFURNITURLB1103M,2017,551.0
FURNITUR,Furniture,LB11,census region,Midwest,CXUFURNITURLB1103M,2018,501.0
FURNITUR,Furniture,LB11,census region,Midwest,CXUFURNITURLB1103M,2019,487.0
FURNITUR,Furniture,LB11,census region,Midwest,CXUFURNITURLB1103M,2020,473.0
FURNITUR,Furniture,LB11,census region,Midwest,CXUFURNITURLB1103M,2021,788.0
FURNITUR,Furniture,LB11,census region,Midwest,CXUFURNITURLB1103M,2022,721.0
FURNITUR,Furniture,LB11,census region,Midwest,CXUFURNITURLB1103M,2023,564.0
FURNITUR,Furniture,LB11,census region,Midwest,CXUFURNITURLB1103M,2024,633.0
FURNITUR,Furniture,LB11,census region,Northeast,CXUFURNITURLB1102M,2015,448.0
FURNITUR,Furniture,LB11,census region,Northeast,CXUFURNITURLB1102M,2016,456.0
FURNITUR,Furniture,LB11,census region,Northeast,CXUFURNITURLB1102M,2017,587.0
FURNITUR,Furniture,LB11,census region,Northeast,CXUFURNITURLB1102M,2018,565.0
FURNITUR,Furniture,LB11,census region,Northeast,CXUFURNITURLB1102M,2019,550.0
FURNITUR,Furniture,LB11,census region,Northeast,CXUFURNITURLB1102M,2020,506.0
FURNITUR,Furniture,LB11,census region,Northeast,CXUFURNITURLB1102M,2021,633.0
FURNITUR,Furniture,LB11,census region,Northeast,CXUFURNITURLB1102M,2022,741.0
FURNITUR,Furniture,LB11,census region,Northeast,CXUFURNITURLB1102M,2023,581.0
FURNITUR,Furniture,LB11,census region,Northeast,CXUFURNITURLB1102M,2024,676.0
FURNITUR,Furniture,LB11,census region,South,CXUFURNITURLB1104M,2015,503.0
FURNITUR,Furniture,LB11,census region,South,CXUFURNITURLB1104M,2016,417.0
FURNITUR,Furniture,LB11,census region,South,CXUFURNITURLB1104M,2017,470.0
FURNITUR,Furniture,LB11,census region,South,CXUFURNITURLB1104M,2018,484.0
FURNITUR,Furniture,LB11,census region,South,CXUFURNITURLB1104M,2019,503.0
FURNITUR,Furniture,LB11,census region,South,CXUFURNITURLB1104M,2020,538.0
FURNITUR,Furniture,LB11,census region,South,CXUFURNITURLB1104M,2021,639.0
FURNITUR,Furniture,LB11,census region,South,CXUFURNITURLB1104M,2022,721.0
FURNITUR,Furniture,LB11,census region,South,CXUFURNITURLB1104M,2023,591.0
FURNITUR,Furniture,LB11,census region,South,CXUFURNITURLB1104M,2024,556.0
FURNITUR,Furniture,LB11,census region,West,CXUFURNITURLB1105M,2015,495.0
FURNITUR,Furniture,LB11,census region,West,CXUFURNITURLB1105M,2016,552.0
FURNITUR,Furniture,LB11,census region,West,CXUFURNITURLB1105M,2017,501.0
FURNITUR,Furniture,LB11,census region,West,CXUFURNITURLB1105M,2018,559.0
FURNITUR,Furniture,LB11,census region,West,CXUFURNITURLB1105M,2019,561.0
FURNITUR,Furniture,LB11,census region,West,CXUFURNITURLB1105M,2020,606.0
FURNITUR,Furniture,LB11,census region,West,CXUFURNITURLB1105M,2021,843.0
FURNITUR,Furniture,LB11,census region,West,CXUFURNITURLB1105M,2022,816.0
FURNITUR,Furniture,LB11,census region,West,CXUFURNITURLB1105M,2023,749.0
FURNITUR,Furniture,LB11,census region,West,CXUFURNITURLB1105M,2024,805.0
HHFURNSH,Household furnishings and equipment,LB01,income quintile,All consumer units,CXUHHFURNSHLB0101M,2015,1818.0
HHFURNSH,Household furnishings and equipment,LB01,income quintile,All consumer units,CXUHHFURNSHLB0101M,2016,1829.0
HHFURNSH,Household furnishings and equipment,LB01,income quintile,All consumer units,CXUHHFURNSHLB0101M,2017,1987.0
HHFURNSH,Household furnishings and equipment,LB01,income quintile,All consumer units,CXUHHFURNSHLB0101M,2018,2025.0
HHFURNSH,Household furnishings and equipment,LB01,income quintile,All consumer units,CXUHHFURNSHLB0101M,2019,2098.0
HHFURNSH,Household furnishings and equipment,LB01,income quintile,All consumer units,CXUHHFURNSHLB0101M,2020,2346.0
HHFURNSH,Household furnishings and equipment,LB01,income quintile,All consumer units,CXUHHFURNSHLB0101M,2021,2701.0
HHFURNSH,Household furnishings and equipment,LB01,income quintile,All consumer units,CXUHHFURNSHLB0101M,2022,2606.0
HHFURNSH,Household furnishings and equipment,LB01,income quintile,All consumer units,CXUHHFURNSHLB0101M,2023,2508.0
HHFURNSH,Household furnishings and equipment,LB01,income quintile,All consumer units,CXUHHFURNSHLB0101M,2024,2414.0
HHFURNSH,Household furnishings and equipment,LB01,income quintile,Q1 lowest 20%,CXUHHFURNSHLB0102M,2015,689.0
HHFURNSH,Household furnishings and equipment,LB01,income quintile,Q1 lowest 20%,CXUHHFURNSHLB0102M,2016,655.0
HHFURNSH,Household furnishings and equipment,LB01,income quintile,Q1 lowest 20%,CXUHHFURNSHLB0102M,2017,792.0
HHFURNSH,Household furnishings and equipment,LB01,income quintile,Q1 lowest 20%,CXUHHFURNSHLB0102M,2018,744.0
HHFURNSH,Household furnishings and equipment,LB01,income quintile,Q1 lowest 20%,CXUHHFURNSHLB0102M,2019,942.0
HHFURNSH,Household furnishings and equipment,LB01,income quintile,Q1 lowest 20%,CXUHHFURNSHLB0102M,2020,929.0
HHFURNSH,Household furnishings and equipment,LB01,income quintile,Q1 lowest 20%,CXUHHFURNSHLB0102M,2021,1201.0
HHFURNSH,Household furnishings and equipment,LB01,income quintile,Q1 lowest 20%,CXUHHFURNSHLB0102M,2022,1037.0
HHFURNSH,Household furnishings and equipment,LB01,income quintile,Q1 lowest 20%,CXUHHFURNSHLB0102M,2023,981.0
HHFURNSH,Household furnishings and equipment,LB01,income quintile,Q1 lowest 20%,CXUHHFURNSHLB0102M,2024,1086.0
HHFURNSH,Household furnishings and equipment,LB01,income quintile,Q2,CXUHHFURNSHLB0103M,2015,1070.0
HHFURNSH,Household furnishings and equipment,LB01,income quintile,Q2,CXUHHFURNSHLB0103M,2016,1119.0
HHFURNSH,Household furnishings and equipment,LB01,income quintile,Q2,CXUHHFURNSHLB0103M,2017,1138.0
HHFURNSH,Household furnishings and equipment,LB01,income quintile,Q2,CXUHHFURNSHLB0103M,2018,1194.0
HHFURNSH,Household furnishings and equipment,LB01,income quintile,Q2,CXUHHFURNSHLB0103M,2019,1157.0
HHFURNSH,Household furnishings and equipment,LB01,income quintile,Q2,CXUHHFURNSHLB0103M,2020,1355.0
HHFURNSH,Household furnishings and equipment,LB01,income quintile,Q2,CXUHHFURNSHLB0103M,2021,1695.0
HHFURNSH,Household furnishings and equipment,LB01,income quintile,Q2,CXUHHFURNSHLB0103M,2022,1661.0
HHFURNSH,Household furnishings and equipment,LB01,income quintile,Q2,CXUHHFURNSHLB0103M,2023,1550.0
HHFURNSH,Household furnishings and equipment,LB01,income quintile,Q2,CXUHHFURNSHLB0103M,2024,1399.0
HHFURNSH,Household furnishings and equipment,LB01,income quintile,Q3,CXUHHFURNSHLB0104M,2015,1487.0
HHFURNSH,Household furnishings and equipment,LB01,income quintile,Q3,CXUHHFURNSHLB0104M,2016,1537.0
HHFURNSH,Household furnishings and equipment,LB01,income quintile,Q3,CXUHHFURNSHLB0104M,2017,1715.0
HHFURNSH,Household furnishings and equipment,LB01,income quintile,Q3,CXUHHFURNSHLB0104M,2018,1886.0
HHFURNSH,Household furnishings and equipment,LB01,income quintile,Q3,CXUHHFURNSHLB0104M,2019,1744.0
HHFURNSH,Household furnishings and equipment,LB01,income quintile,Q3,CXUHHFURNSHLB0104M,2020,1877.0
HHFURNSH,Household furnishings and equipment,LB01,income quintile,Q3,CXUHHFURNSHLB0104M,2021,2126.0
HHFURNSH,Household furnishings and equipment,LB01,income quintile,Q3,CXUHHFURNSHLB0104M,2022,2050.0
HHFURNSH,Household furnishings and equipment,LB01,income quintile,Q3,CXUHHFURNSHLB0104M,2023,2043.0
HHFURNSH,Household furnishings and equipment,LB01,income quintile,Q3,CXUHHFURNSHLB0104M,2024,1893.0
HHFURNSH,Household furnishings and equipment,LB01,income quintile,Q4,CXUHHFURNSHLB0105M,2015,2121.0
HHFURNSH,Household furnishings and equipment,LB01,income quintile,Q4,CXUHHFURNSHLB0105M,2016,1998.0
HHFURNSH,Household furnishings and equipment,LB01,income quintile,Q4,CXUHHFURNSHLB0105M,2017,2430.0
HHFURNSH,Household furnishings and equipment,LB01,income quintile,Q4,CXUHHFURNSHLB0105M,2018,2147.0
HHFURNSH,Household furnishings and equipment,LB01,income quintile,Q4,CXUHHFURNSHLB0105M,2019,2391.0
HHFURNSH,Household furnishings and equipment,LB01,income quintile,Q4,CXUHHFURNSHLB0105M,2020,2619.0
HHFURNSH,Household furnishings and equipment,LB01,income quintile,Q4,CXUHHFURNSHLB0105M,2021,3206.0
HHFURNSH,Household furnishings and equipment,LB01,income quintile,Q4,CXUHHFURNSHLB0105M,2022,2888.0
HHFURNSH,Household furnishings and equipment,LB01,income quintile,Q4,CXUHHFURNSHLB0105M,2023,3005.0
HHFURNSH,Household furnishings and equipment,LB01,income quintile,Q4,CXUHHFURNSHLB0105M,2024,3015.0
HHFURNSH,Household furnishings and equipment,LB01,income quintile,Q5 highest 20%,CXUHHFURNSHLB0106M,2015,3717.0
HHFURNSH,Household furnishings and equipment,LB01,income quintile,Q5 highest 20%,CXUHHFURNSHLB0106M,2016,3840.0
HHFURNSH,Household furnishings and equipment,LB01,income quintile,Q5 highest 20%,CXUHHFURNSHLB0106M,2017,3863.0
HHFURNSH,Household furnishings and equipment,LB01,income quintile,Q5 highest 20%,CXUHHFURNSHLB0106M,2018,4150.0
HHFURNSH,Household furnishings and equipment,LB01,income quintile,Q5 highest 20%,CXUHHFURNSHLB0106M,2019,4250.0
HHFURNSH,Household furnishings and equipment,LB01,income quintile,Q5 highest 20%,CXUHHFURNSHLB0106M,2020,4958.0
HHFURNSH,Household furnishings and equipment,LB01,income quintile,Q5 highest 20%,CXUHHFURNSHLB0106M,2021,5260.0
HHFURNSH,Household furnishings and equipment,LB01,income quintile,Q5 highest 20%,CXUHHFURNSHLB0106M,2022,5392.0
HHFURNSH,Household furnishings and equipment,LB01,income quintile,Q5 highest 20%,CXUHHFURNSHLB0106M,2023,4957.0
HHFURNSH,Household furnishings and equipment,LB01,income quintile,Q5 highest 20%,CXUHHFURNSHLB0106M,2024,4668.0
HHFURNSH,Household furnishings and equipment,LB11,census region,All consumer units,CXUHHFURNSHLB1101M,2015,1818.0
HHFURNSH,Household furnishings and equipment,LB11,census region,All consumer units,CXUHHFURNSHLB1101M,2016,1829.0
HHFURNSH,Household furnishings and equipment,LB11,census region,All consumer units,CXUHHFURNSHLB1101M,2017,1987.0
HHFURNSH,Household furnishings and equipment,LB11,census region,All consumer units,CXUHHFURNSHLB1101M,2018,2025.0
HHFURNSH,Household furnishings and equipment,LB11,census region,All consumer units,CXUHHFURNSHLB1101M,2019,2098.0
HHFURNSH,Household furnishings and equipment,LB11,census region,All consumer units,CXUHHFURNSHLB1101M,2020,2346.0
HHFURNSH,Household furnishings and equipment,LB11,census region,All consumer units,CXUHHFURNSHLB1101M,2021,2701.0
HHFURNSH,Household furnishings and equipment,LB11,census region,All consumer units,CXUHHFURNSHLB1101M,2022,2606.0
HHFURNSH,Household furnishings and equipment,LB11,census region,All consumer units,CXUHHFURNSHLB1101M,2023,2508.0
HHFURNSH,Household furnishings and equipment,LB11,census region,All consumer units,CXUHHFURNSHLB1101M,2024,2414.0
HHFURNSH,Household furnishings and equipment,LB11,census region,Midwest,CXUHHFURNSHLB1103M,2015,1887.0
HHFURNSH,Household furnishings and equipment,LB11,census region,Midwest,CXUHHFURNSHLB1103M,2016,1793.0
HHFURNSH,Household furnishings and equipment,LB11,census region,Midwest,CXUHHFURNSHLB1103M,2017,2195.0
HHFURNSH,Household furnishings and equipment,LB11,census region,Midwest,CXUHHFURNSHLB1103M,2018,1931.0
HHFURNSH,Household furnishings and equipment,LB11,census region,Midwest,CXUHHFURNSHLB1103M,2019,1951.0
HHFURNSH,Household furnishings and equipment,LB11,census region,Midwest,CXUHHFURNSHLB1103M,2020,2290.0
HHFURNSH,Household furnishings and equipment,LB11,census region,Midwest,CXUHHFURNSHLB1103M,2021,2980.0
HHFURNSH,Household furnishings and equipment,LB11,census region,Midwest,CXUHHFURNSHLB1103M,2022,2528.0
HHFURNSH,Household furnishings and equipment,LB11,census region,Midwest,CXUHHFURNSHLB1103M,2023,2442.0
HHFURNSH,Household furnishings and equipment,LB11,census region,Midwest,CXUHHFURNSHLB1103M,2024,2436.0
HHFURNSH,Household furnishings and equipment,LB11,census region,Northeast,CXUHHFURNSHLB1102M,2015,1624.0
HHFURNSH,Household furnishings and equipment,LB11,census region,Northeast,CXUHHFURNSHLB1102M,2016,1759.0
HHFURNSH,Household furnishings and equipment,LB11,census region,Northeast,CXUHHFURNSHLB1102M,2017,1974.0
HHFURNSH,Household furnishings and equipment,LB11,census region,Northeast,CXUHHFURNSHLB1102M,2018,2364.0
HHFURNSH,Household furnishings and equipment,LB11,census region,Northeast,CXUHHFURNSHLB1102M,2019,2250.0
HHFURNSH,Household furnishings and equipment,LB11,census region,Northeast,CXUHHFURNSHLB1102M,2020,3064.0
HHFURNSH,Household furnishings and equipment,LB11,census region,Northeast,CXUHHFURNSHLB1102M,2021,2525.0
HHFURNSH,Household furnishings and equipment,LB11,census region,Northeast,CXUHHFURNSHLB1102M,2022,2544.0
HHFURNSH,Household furnishings and equipment,LB11,census region,Northeast,CXUHHFURNSHLB1102M,2023,2727.0
HHFURNSH,Household furnishings and equipment,LB11,census region,Northeast,CXUHHFURNSHLB1102M,2024,2320.0
HHFURNSH,Household furnishings and equipment,LB11,census region,South,CXUHHFURNSHLB1104M,2015,1789.0
HHFURNSH,Household furnishings and equipment,LB11,census region,South,CXUHHFURNSHLB1104M,2016,1630.0
HHFURNSH,Household furnishings and equipment,LB11,census region,South,CXUHHFURNSHLB1104M,2017,1784.0
HHFURNSH,Household furnishings and equipment,LB11,census region,South,CXUHHFURNSHLB1104M,2018,1836.0
HHFURNSH,Household furnishings and equipment,LB11,census region,South,CXUHHFURNSHLB1104M,2019,1993.0
HHFURNSH,Household furnishings and equipment,LB11,census region,South,CXUHHFURNSHLB1104M,2020,1962.0
HHFURNSH,Household furnishings and equipment,LB11,census region,South,CXUHHFURNSHLB1104M,2021,2363.0
HHFURNSH,Household furnishings and equipment,LB11,census region,South,CXUHHFURNSHLB1104M,2022,2371.0
HHFURNSH,Household furnishings and equipment,LB11,census region,South,CXUHHFURNSHLB1104M,2023,2146.0
HHFURNSH,Household furnishings and equipment,LB11,census region,South,CXUHHFURNSHLB1104M,2024,2161.0
HHFURNSH,Household furnishings and equipment,LB11,census region,West,CXUHHFURNSHLB1105M,2015,1962.0
HHFURNSH,Household furnishings and equipment,LB11,census region,West,CXUHHFURNSHLB1105M,2016,2259.0
HHFURNSH,Household furnishings and equipment,LB11,census region,West,CXUHHFURNSHLB1105M,2017,2143.0
HHFURNSH,Household furnishings and equipment,LB11,census region,West,CXUHHFURNSHLB1105M,2018,2175.0
HHFURNSH,Household furnishings and equipment,LB11,census region,West,CXUHHFURNSHLB1105M,2019,2299.0
HHFURNSH,Household furnishings and equipment,LB11,census region,West,CXUHHFURNSHLB1105M,2020,2508.0
HHFURNSH,Household furnishings and equipment,LB11,census region,West,CXUHHFURNSHLB1105M,2021,3143.0
HHFURNSH,Household furnishings and equipment,LB11,census region,West,CXUHHFURNSHLB1105M,2022,3127.0
HHFURNSH,Household furnishings and equipment,LB11,census region,West,CXUHHFURNSHLB1105M,2023,3037.0
HHFURNSH,Household furnishings and equipment,LB11,census region,West,CXUHHFURNSHLB1105M,2024,2919.0
INCBEFTX,Income before taxes,LB01,income quintile,All consumer units,CXUINCBEFTXLB0101M,2015,69627.0
INCBEFTX,Income before taxes,LB01,income quintile,All consumer units,CXUINCBEFTXLB0101M,2016,74664.0
INCBEFTX,Income before taxes,LB01,income quintile,All consumer units,CXUINCBEFTXLB0101M,2017,73573.0
INCBEFTX,Income before taxes,LB01,income quintile,All consumer units,CXUINCBEFTXLB0101M,2018,78635.0
INCBEFTX,Income before taxes,LB01,income quintile,All consumer units,CXUINCBEFTXLB0101M,2019,82852.0
INCBEFTX,Income before taxes,LB01,income quintile,All consumer units,CXUINCBEFTXLB0101M,2020,84352.0
INCBEFTX,Income before taxes,LB01,income quintile,All consumer units,CXUINCBEFTXLB0101M,2021,87432.0
INCBEFTX,Income before taxes,LB01,income quintile,All consumer units,CXUINCBEFTXLB0101M,2022,94003.0
INCBEFTX,Income before taxes,LB01,income quintile,All consumer units,CXUINCBEFTXLB0101M,2023,101805.0
INCBEFTX,Income before taxes,LB01,income quintile,All consumer units,CXUINCBEFTXLB0101M,2024,104207.0
INCBEFTX,Income before taxes,LB01,income quintile,Q1 lowest 20%,CXUINCBEFTXLB0102M,2015,10916.0
INCBEFTX,Income before taxes,LB01,income quintile,Q1 lowest 20%,CXUINCBEFTXLB0102M,2016,11389.0
INCBEFTX,Income before taxes,LB01,income quintile,Q1 lowest 20%,CXUINCBEFTXLB0102M,2017,11394.0
INCBEFTX,Income before taxes,LB01,income quintile,Q1 lowest 20%,CXUINCBEFTXLB0102M,2018,11285.0
INCBEFTX,Income before taxes,LB01,income quintile,Q1 lowest 20%,CXUINCBEFTXLB0102M,2019,12029.0
INCBEFTX,Income before taxes,LB01,income quintile,Q1 lowest 20%,CXUINCBEFTXLB0102M,2020,13219.0
INCBEFTX,Income before taxes,LB01,income quintile,Q1 lowest 20%,CXUINCBEFTXLB0102M,2021,13165.0
INCBEFTX,Income before taxes,LB01,income quintile,Q1 lowest 20%,CXUINCBEFTXLB0102M,2022,14191.0
INCBEFTX,Income before taxes,LB01,income quintile,Q1 lowest 20%,CXUINCBEFTXLB0102M,2023,15596.0
INCBEFTX,Income before taxes,LB01,income quintile,Q1 lowest 20%,CXUINCBEFTXLB0102M,2024,16658.0
INCBEFTX,Income before taxes,LB01,income quintile,Q2,CXUINCBEFTXLB0103M,2015,28343.0
INCBEFTX,Income before taxes,LB01,income quintile,Q2,CXUINCBEFTXLB0103M,2016,28976.0
INCBEFTX,Income before taxes,LB01,income quintile,Q2,CXUINCBEFTXLB0103M,2017,29821.0
INCBEFTX,Income before taxes,LB01,income quintile,Q2,CXUINCBEFTXLB0103M,2018,31237.0
INCBEFTX,Income before taxes,LB01,income quintile,Q2,CXUINCBEFTXLB0103M,2019,32768.0
INCBEFTX,Income before taxes,LB01,income quintile,Q2,CXUINCBEFTXLB0103M,2020,34550.0
INCBEFTX,Income before taxes,LB01,income quintile,Q2,CXUINCBEFTXLB0103M,2021,34767.0
INCBEFTX,Income before taxes,LB01,income quintile,Q2,CXUINCBEFTXLB0103M,2022,37441.0
INCBEFTX,Income before taxes,LB01,income quintile,Q2,CXUINCBEFTXLB0103M,2023,40751.0
INCBEFTX,Income before taxes,LB01,income quintile,Q2,CXUINCBEFTXLB0103M,2024,42925.0
INCBEFTX,Income before taxes,LB01,income quintile,Q3,CXUINCBEFTXLB0104M,2015,49606.0
INCBEFTX,Income before taxes,LB01,income quintile,Q3,CXUINCBEFTXLB0104M,2016,50563.0
INCBEFTX,Income before taxes,LB01,income quintile,Q3,CXUINCBEFTXLB0104M,2017,52431.0
INCBEFTX,Income before taxes,LB01,income quintile,Q3,CXUINCBEFTXLB0104M,2018,54900.0
INCBEFTX,Income before taxes,LB01,income quintile,Q3,CXUINCBEFTXLB0104M,2019,56773.0
INCBEFTX,Income before taxes,LB01,income quintile,Q3,CXUINCBEFTXLB0104M,2020,59422.0
INCBEFTX,Income before taxes,LB01,income quintile,Q3,CXUINCBEFTXLB0104M,2021,61214.0
INCBEFTX,Income before taxes,LB01,income quintile,Q3,CXUINCBEFTXLB0104M,2022,65659.0
INCBEFTX,Income before taxes,LB01,income quintile,Q3,CXUINCBEFTXLB0104M,2023,71057.0
INCBEFTX,Income before taxes,LB01,income quintile,Q3,CXUINCBEFTXLB0104M,2024,74474.0
INCBEFTX,Income before taxes,LB01,income quintile,Q4,CXUINCBEFTXLB0105M,2015,80813.0
INCBEFTX,Income before taxes,LB01,income quintile,Q4,CXUINCBEFTXLB0105M,2016,84173.0
INCBEFTX,Income before taxes,LB01,income quintile,Q4,CXUINCBEFTXLB0105M,2017,86363.0
INCBEFTX,Income before taxes,LB01,income quintile,Q4,CXUINCBEFTXLB0105M,2018,90478.0
INCBEFTX,Income before taxes,LB01,income quintile,Q4,CXUINCBEFTXLB0105M,2019,93390.0
INCBEFTX,Income before taxes,LB01,income quintile,Q4,CXUINCBEFTXLB0105M,2020,97221.0
INCBEFTX,Income before taxes,LB01,income quintile,Q4,CXUINCBEFTXLB0105M,2021,100527.0
INCBEFTX,Income before taxes,LB01,income quintile,Q4,CXUINCBEFTXLB0105M,2022,108730.0
INCBEFTX,Income before taxes,LB01,income quintile,Q4,CXUINCBEFTXLB0105M,2023,116717.0
INCBEFTX,Income before taxes,LB01,income quintile,Q4,CXUINCBEFTXLB0105M,2024,121548.0
INCBEFTX,Income before taxes,LB01,income quintile,Q5 highest 20%,CXUINCBEFTXLB0106M,2015,177851.0
INCBEFTX,Income before taxes,LB01,income quintile,Q5 highest 20%,CXUINCBEFTXLB0106M,2016,198674.0
INCBEFTX,Income before taxes,LB01,income quintile,Q5 highest 20%,CXUINCBEFTXLB0106M,2017,188103.0
INCBEFTX,Income before taxes,LB01,income quintile,Q5 highest 20%,CXUINCBEFTXLB0106M,2018,204975.0
INCBEFTX,Income before taxes,LB01,income quintile,Q5 highest 20%,CXUINCBEFTXLB0106M,2019,218670.0
INCBEFTX,Income before taxes,LB01,income quintile,Q5 highest 20%,CXUINCBEFTXLB0106M,2020,218191.0
INCBEFTX,Income before taxes,LB01,income quintile,Q5 highest 20%,CXUINCBEFTXLB0106M,2021,226386.0
INCBEFTX,Income before taxes,LB01,income quintile,Q5 highest 20%,CXUINCBEFTXLB0106M,2022,244025.0
INCBEFTX,Income before taxes,LB01,income quintile,Q5 highest 20%,CXUINCBEFTXLB0106M,2023,264518.0
INCBEFTX,Income before taxes,LB01,income quintile,Q5 highest 20%,CXUINCBEFTXLB0106M,2024,264510.0
INCBEFTX,Income before taxes,LB11,census region,All consumer units,CXUINCBEFTXLB1101M,2015,69627.0
INCBEFTX,Income before taxes,LB11,census region,All consumer units,CXUINCBEFTXLB1101M,2016,74664.0
INCBEFTX,Income before taxes,LB11,census region,All consumer units,CXUINCBEFTXLB1101M,2017,73573.0
INCBEFTX,Income before taxes,LB11,census region,All consumer units,CXUINCBEFTXLB1101M,2018,78635.0
INCBEFTX,Income before taxes,LB11,census region,All consumer units,CXUINCBEFTXLB1101M,2019,82852.0
INCBEFTX,Income before taxes,LB11,census region,All consumer units,CXUINCBEFTXLB1101M,2020,84352.0
INCBEFTX,Income before taxes,LB11,census region,All consumer units,CXUINCBEFTXLB1101M,2021,87432.0
INCBEFTX,Income before taxes,LB11,census region,All consumer units,CXUINCBEFTXLB1101M,2022,94003.0
INCBEFTX,Income before taxes,LB11,census region,All consumer units,CXUINCBEFTXLB1101M,2023,101805.0
INCBEFTX,Income before taxes,LB11,census region,All consumer units,CXUINCBEFTXLB1101M,2024,104207.0
INCBEFTX,Income before taxes,LB11,census region,Midwest,CXUINCBEFTXLB1103M,2015,67760.0
INCBEFTX,Income before taxes,LB11,census region,Midwest,CXUINCBEFTXLB1103M,2016,69426.0
INCBEFTX,Income before taxes,LB11,census region,Midwest,CXUINCBEFTXLB1103M,2017,69520.0
INCBEFTX,Income before taxes,LB11,census region,Midwest,CXUINCBEFTXLB1103M,2018,73695.0
INCBEFTX,Income before taxes,LB11,census region,Midwest,CXUINCBEFTXLB1103M,2019,78586.0
INCBEFTX,Income before taxes,LB11,census region,Midwest,CXUINCBEFTXLB1103M,2020,78558.0
INCBEFTX,Income before taxes,LB11,census region,Midwest,CXUINCBEFTXLB1103M,2021,84454.0
INCBEFTX,Income before taxes,LB11,census region,Midwest,CXUINCBEFTXLB1103M,2022,91430.0
INCBEFTX,Income before taxes,LB11,census region,Midwest,CXUINCBEFTXLB1103M,2023,92618.0
INCBEFTX,Income before taxes,LB11,census region,Midwest,CXUINCBEFTXLB1103M,2024,97104.0
INCBEFTX,Income before taxes,LB11,census region,Northeast,CXUINCBEFTXLB1102M,2015,79482.0
INCBEFTX,Income before taxes,LB11,census region,Northeast,CXUINCBEFTXLB1102M,2016,78679.0
INCBEFTX,Income before taxes,LB11,census region,Northeast,CXUINCBEFTXLB1102M,2017,82825.0
INCBEFTX,Income before taxes,LB11,census region,Northeast,CXUINCBEFTXLB1102M,2018,92753.0
INCBEFTX,Income before taxes,LB11,census region,Northeast,CXUINCBEFTXLB1102M,2019,88486.0
INCBEFTX,Income before taxes,LB11,census region,Northeast,CXUINCBEFTXLB1102M,2020,95329.0
INCBEFTX,Income before taxes,LB11,census region,Northeast,CXUINCBEFTXLB1102M,2021,100103.0
INCBEFTX,Income before taxes,LB11,census region,Northeast,CXUINCBEFTXLB1102M,2022,108768.0
INCBEFTX,Income before taxes,LB11,census region,Northeast,CXUINCBEFTXLB1102M,2023,116860.0
INCBEFTX,Income before taxes,LB11,census region,Northeast,CXUINCBEFTXLB1102M,2024,115770.0
INCBEFTX,Income before taxes,LB11,census region,South,CXUINCBEFTXLB1104M,2015,61792.0
INCBEFTX,Income before taxes,LB11,census region,South,CXUINCBEFTXLB1104M,2016,67731.0
INCBEFTX,Income before taxes,LB11,census region,South,CXUINCBEFTXLB1104M,2017,66863.0
INCBEFTX,Income before taxes,LB11,census region,South,CXUINCBEFTXLB1104M,2018,71732.0
INCBEFTX,Income before taxes,LB11,census region,South,CXUINCBEFTXLB1104M,2019,79348.0
INCBEFTX,Income before taxes,LB11,census region,South,CXUINCBEFTXLB1104M,2020,78080.0
INCBEFTX,Income before taxes,LB11,census region,South,CXUINCBEFTXLB1104M,2021,79148.0
INCBEFTX,Income before taxes,LB11,census region,South,CXUINCBEFTXLB1104M,2022,83346.0
INCBEFTX,Income before taxes,LB11,census region,South,CXUINCBEFTXLB1104M,2023,89821.0
INCBEFTX,Income before taxes,LB11,census region,South,CXUINCBEFTXLB1104M,2024,93814.0
INCBEFTX,Income before taxes,LB11,census region,West,CXUINCBEFTXLB1105M,2015,76905.0
INCBEFTX,Income before taxes,LB11,census region,West,CXUINCBEFTXLB1105M,2016,88606.0
INCBEFTX,Income before taxes,LB11,census region,West,CXUINCBEFTXLB1105M,2017,81651.0
INCBEFTX,Income before taxes,LB11,census region,West,CXUINCBEFTXLB1105M,2018,84088.0
INCBEFTX,Income before taxes,LB11,census region,West,CXUINCBEFTXLB1105M,2019,88463.0
INCBEFTX,Income before taxes,LB11,census region,West,CXUINCBEFTXLB1105M,2020,91964.0
INCBEFTX,Income before taxes,LB11,census region,West,CXUINCBEFTXLB1105M,2021,94666.0
INCBEFTX,Income before taxes,LB11,census region,West,CXUINCBEFTXLB1105M,2022,103418.0
INCBEFTX,Income before taxes,LB11,census region,West,CXUINCBEFTXLB1105M,2023,119926.0
INCBEFTX,Income before taxes,LB11,census region,West,CXUINCBEFTXLB1105M,2024,120365.0
