keyword,batch,timestamp,raw_index,vs_anchor
custom furniture,0,1629590400,12,0.81261
custom furniture,0,1630195200,10,0.67718
custom furniture,0,1630800000,11,0.7449
custom furniture,0,1631404800,10,0.67718
custom furniture,0,1632009600,11,0.7449
custom furniture,0,1632614400,12,0.81261
custom furniture,0,1633219200,11,0.7449
custom furniture,0,1633824000,12,0.81261
custom furniture,0,1634428800,12,0.81261
custom furniture,0,1635033600,11,0.7449
custom furniture,0,1635638400,12,0.81261
custom furniture,0,1636243200,13,0.88033
custom furniture,0,1636848000,13,0.88033
custom furniture,0,1637452800,13,0.88033
custom furniture,0,1638057600,10,0.67718
custom furniture,0,1638662400,10,0.67718
custom furniture,0,1639267200,11,0.7449
custom furniture,0,1639872000,9,0.60946
custom furniture,0,1640476800,11,0.7449
custom furniture,0,1641081600,13,0.88033
custom furniture,0,1641686400,13,0.88033
custom furniture,0,1642291200,11,0.7449
custom furniture,0,1642896000,13,0.88033
custom furniture,0,1643500800,13,0.88033
custom furniture,0,1644105600,13,0.88033
custom furniture,0,1644710400,12,0.81261
custom furniture,0,1645315200,14,0.94805
custom furniture,0,1645920000,11,0.7449
custom furniture,0,1646524800,11,0.7449
custom furniture,0,1647129600,12,0.81261
custom furniture,0,1647734400,13,0.88033
custom furniture,0,1648339200,12,0.81261
custom furniture,0,1648944000,12,0.81261
custom furniture,0,1649548800,12,0.81261
custom furniture,0,1650153600,11,0.7449
custom furniture,0,1650758400,11,0.7449
custom furniture,0,1651363200,9,0.60946
custom furniture,0,1651968000,11,0.7449
custom furniture,0,1652572800,11,0.7449
custom furniture,0,1653177600,11,0.7449
custom furniture,0,1653782400,12,0.81261
custom furniture,0,1654387200,10,0.67718
custom furniture,0,1654992000,11,0.7449
custom furniture,0,1655596800,10,0.67718
custom furniture,0,1656201600,10,0.67718
custom furniture,0,1656806400,11,0.7449
custom furniture,0,1657411200,11,0.7449
custom furniture,0,1658016000,11,0.7449
custom furniture,0,1658620800,11,0.7449
custom furniture,0,1659225600,11,0.7449
custom furniture,0,1659830400,11,0.7449
custom furniture,0,1660435200,11,0.7449
custom furniture,0,1661040000,11,0.7449
custom furniture,0,1661644800,11,0.7449
custom furniture,0,1662249600,11,0.7449
custom furniture,0,1662854400,10,0.67718
custom furniture,0,1663459200,9,0.60946
custom furniture,0,1664064000,10,0.67718
custom furniture,0,1664668800,9,0.60946
custom furniture,0,1665273600,10,0.67718
custom furniture,0,1665878400,10,0.67718
custom furniture,0,1666483200,10,0.67718
custom furniture,0,1667088000,10,0.67718
custom furniture,0,1667692800,10,0.67718
custom furniture,0,1668297600,10,0.67718
custom furniture,0,1668902400,9,0.60946
custom furniture,0,1669507200,10,0.67718
custom furniture,0,1670112000,9,0.60946
custom furniture,0,1670716800,9,0.60946
custom furniture,0,1671321600,8,0.54174
custom furniture,0,1671926400,10,0.67718
custom furniture,0,1672531200,10,0.67718
custom furniture,0,1673136000,10,0.67718
custom furniture,0,1673740800,11,0.7449
custom furniture,0,1674345600,11,0.7449
custom furniture,0,1674950400,10,0.67718
custom furniture,0,1675555200,9,0.60946
custom furniture,0,1676160000,9,0.60946
custom furniture,0,1676764800,11,0.7449
custom furniture,0,1677369600,10,0.67718
custom furniture,0,1677974400,10,0.67718
custom furniture,0,1678579200,9,0.60946
custom furniture,0,1679184000,10,0.67718
custom furniture,0,1679788800,10,0.67718
custom furniture,0,1680393600,9,0.60946
custom furniture,0,1680998400,9,0.60946
custom furniture,0,1681603200,10,0.67718
custom furniture,0,1682208000,11,0.7449
custom furniture,0,1682812800,9,0.60946
custom furniture,0,1683417600,9,0.60946
custom furniture,0,1684022400,9,0.60946
custom furniture,0,1684627200,10,0.67718
custom furniture,0,1685232000,10,0.67718
custom furniture,0,1685836800,9,0.60946
custom furniture,0,1686441600,9,0.60946
custom furniture,0,1687046400,9,0.60946
custom furniture,0,1687651200,10,0.67718
custom furniture,0,1688256000,11,0.7449
custom furniture,0,1688860800,10,0.67718
custom furniture,0,1689465600,10,0.67718
custom furniture,0,1690070400,9,0.60946
custom furniture,0,1690675200,10,0.67718
custom furniture,0,1691280000,9,0.60946
custom furniture,0,1691884800,10,0.67718
custom furniture,0,1692489600,9,0.60946
custom furniture,0,1693094400,9,0.60946
custom furniture,0,1693699200,10,0.67718
custom furniture,0,1694304000,9,0.60946
custom furniture,0,1694908800,9,0.60946
custom furniture,0,1695513600,9,0.60946
custom furniture,0,1696118400,8,0.54174
custom furniture,0,1696723200,9,0.60946
custom furniture,0,1697328000,9,0.60946
custom furniture,0,1697932800,9,0.60946
custom furniture,0,1698537600,8,0.54174
custom furniture,0,1699142400,10,0.67718
custom furniture,0,1699747200,9,0.60946
custom furniture,0,1700352000,10,0.67718
custom furniture,0,1700956800,8,0.54174
custom furniture,0,1701561600,7,0.47402
custom furniture,0,1702166400,8,0.54174
custom furniture,0,1702771200,8,0.54174
custom furniture,0,1703376000,9,0.60946
custom furniture,0,1703980800,11,0.7449
custom furniture,0,1704585600,9,0.60946
custom furniture,0,1705190400,9,0.60946
custom furniture,0,1705795200,16,1.08348
custom furniture,0,1706400000,10,0.67718
custom furniture,0,1707004800,10,0.67718
custom furniture,0,1707609600,9,0.60946
custom furniture,0,1708214400,10,0.67718
custom furniture,0,1708819200,10,0.67718
custom furniture,0,1709424000,10,0.67718
custom furniture,0,1710028800,10,0.67718
custom furniture,0,1710633600,10,0.67718
custom furniture,0,1711238400,9,0.60946
custom furniture,0,1711843200,9,0.60946
custom furniture,0,1712448000,9,0.60946
custom furniture,0,1713052800,10,0.67718
custom furniture,0,1713657600,9,0.60946
custom furniture,0,1714262400,10,0.67718
custom furniture,0,1714867200,9,0.60946
custom furniture,0,1715472000,10,0.67718
custom furniture,0,1716076800,10,0.67718
custom furniture,0,1716681600,10,0.67718
custom furniture,0,1717286400,8,0.54174
custom furniture,0,1717891200,10,0.67718
custom furniture,0,1718496000,10,0.67718
custom furniture,0,1719100800,8,0.54174
custom furniture,0,1719705600,11,0.7449
custom furniture,0,1720310400,10,0.67718
custom furniture,0,1720915200,9,0.60946
custom furniture,0,1721520000,9,0.60946
custom furniture,0,1722124800,9,0.60946
custom furniture,0,1722729600,9,0.60946
custom furniture,0,1723334400,11,0.7449
custom furniture,0,1723939200,9,0.60946
custom furniture,0,1724544000,10,0.67718
custom furniture,0,1725148800,9,0.60946
custom furniture,0,1725753600,10,0.67718
custom furniture,0,1726358400,9,0.60946
custom furniture,0,1726963200,9,0.60946
custom furniture,0,1727568000,9,0.60946
custom furniture,0,1728172800,8,0.54174
custom furniture,0,1728777600,9,0.60946
custom furniture,0,1729382400,9,0.60946
custom furniture,0,1729987200,8,0.54174
custom furniture,0,1730592000,8,0.54174
custom furniture,0,1731196800,10,0.67718
custom furniture,0,1731801600,12,0.81261
custom furniture,0,1732406400,10,0.67718
custom furniture,0,1733011200,13,0.88033
custom furniture,0,1733616000,11,0.7449
custom furniture,0,1734220800,8,0.54174
custom furniture,0,1734825600,8,0.54174
custom furniture,0,1735430400,10,0.67718
custom furniture,0,1736035200,9,0.60946
custom furniture,0,1736640000,11,0.7449
custom furniture,0,1737244800,11,0.7449
custom furniture,0,1737849600,11,0.7449
custom furniture,0,1738454400,10,0.67718
custom furniture,0,1739059200,10,0.67718
custom furniture,0,1739664000,11,0.7449
custom furniture,0,1740268800,10,0.67718
custom furniture,0,1740873600,11,0.7449
custom furniture,0,1741478400,10,0.67718
custom furniture,0,1742083200,10,0.67718
custom furniture,0,1742688000,11,0.7449
custom furniture,0,1743292800,11,0.7449
custom furniture,0,1743897600,11,0.7449
custom furniture,0,1744502400,10,0.67718
custom furniture,0,1745107200,10,0.67718
custom furniture,0,1745712000,11,0.7449
custom furniture,0,1746316800,13,0.88033
custom furniture,0,1746921600,12,0.81261
custom furniture,0,1747526400,10,0.67718
custom furniture,0,1748131200,10,0.67718
custom furniture,0,1748736000,11,0.7449
custom furniture,0,1749340800,13,0.88033
custom furniture,0,1749945600,12,0.81261
custom furniture,0,1750550400,13,0.88033
custom furniture,0,1751155200,14,0.94805
custom furniture,0,1751760000,15,1.01577
custom furniture,0,1752364800,15,1.01577
custom furniture,0,1752969600,13,0.88033
custom furniture,0,1753574400,17,1.1512
custom furniture,0,1754179200,15,1.01577
custom furniture,0,1754784000,14,0.94805
custom furniture,0,1755388800,13,0.88033
custom furniture,0,1755993600,13,0.88033
custom furniture,0,1756598400,14,0.94805
custom furniture,0,1757203200,12,0.81261
custom furniture,0,1757808000,14,0.94805
custom furniture,0,1758412800,14,0.94805
custom furniture,0,1759017600,13,0.88033
custom furniture,0,1759622400,12,0.81261
custom furniture,0,1760227200,12,0.81261
custom furniture,0,1760832000,12,0.81261
custom furniture,0,1761436800,14,0.94805
custom furniture,0,1762041600,15,1.01577
custom furniture,0,1762646400,15,1.01577
custom furniture,0,1763251200,16,1.08348
custom furniture,0,1763856000,16,1.08348
custom furniture,0,1764460800,15,1.01577
custom furniture,0,1765065600,15,1.01577
custom furniture,0,1765670400,14,0.94805
custom furniture,0,1766275200,17,1.1512
custom furniture,0,1766880000,16,1.08348
custom furniture,0,1767484800,14,0.94805
custom furniture,0,1768089600,16,1.08348
custom furniture,0,1768694400,19,1.28664
custom furniture,0,1769299200,17,1.1512
custom furniture,0,1769904000,18,1.21892
custom furniture,0,1770508800,26,1.76066
custom furniture,0,1771113600,27,1.82838
custom furniture,0,1771718400,23,1.55751
custom furniture,0,1772323200,20,1.35436
custom furniture,0,1772928000,19,1.28664
custom furniture,0,1773532800,22,1.48979
custom furniture,0,1774137600,32,2.16697
custom furniture,0,1774742400,74,5.01111
custom furniture,0,1775347200,97,6.56862
custom furniture,0,1775952000,100,6.77178
custom furniture,0,1776556800,93,6.29775
custom furniture,0,1777161600,58,3.92763
custom furniture,0,1777766400,61,4.13078
custom furniture,0,1778371200,85,5.75601
custom furniture,0,1778976000,91,6.16232
custom furniture,0,1779580800,59,3.99535
custom furniture,0,1780185600,63,4.26622
custom furniture,0,1780790400,76,5.14655
custom furniture,0,1781395200,87,5.89144
custom furniture,0,1782000000,60,4.06307
custom furniture,0,1782604800,33,2.23469
custom furniture,0,1783209600,34,2.3024
custom furniture,0,1783814400,18,1.21892
custom furniture,0,1784419200,17,1.1512
custom furniture,0,1785024000,17,1.1512
custom furniture,0,1785628800,16,1.08348
custom furniture,0,1786233600,16,1.08348
custom furniture,0,1786838400,13,0.88033
custom furniture,0,1787443200,11,0.7449
custom closet,0,1629590400,8,0.54174
custom closet,0,1630195200,8,0.54174
custom closet,0,1630800000,8,0.54174
custom closet,0,1631404800,8,0.54174
custom closet,0,1632009600,8,0.54174
custom closet,0,1632614400,8,0.54174
custom closet,0,1633219200,9,0.60946
custom closet,0,1633824000,7,0.47402
custom closet,0,1634428800,7,0.47402
custom closet,0,1635033600,7,0.47402
custom closet,0,1635638400,8,0.54174
custom closet,0,1636243200,7,0.47402
custom closet,0,1636848000,7,0.47402
custom closet,0,1637452800,7,0.47402
custom closet,0,1638057600,7,0.47402
custom closet,0,1638662400,6,0.40631
custom closet,0,1639267200,6,0.40631
custom closet,0,1639872000,8,0.54174
custom closet,0,1640476800,10,0.67718
custom closet,0,1641081600,8,0.54174
custom closet,0,1641686400,9,0.60946
custom closet,0,1642291200,8,0.54174
custom closet,0,1642896000,9,0.60946
custom closet,0,1643500800,7,0.47402
custom closet,0,1644105600,9,0.60946
custom closet,0,1644710400,7,0.47402
custom closet,0,1645315200,8,0.54174
custom closet,0,1645920000,8,0.54174
custom closet,0,1646524800,7,0.47402
custom closet,0,1647129600,8,0.54174
custom closet,0,1647734400,7,0.47402
custom closet,0,1648339200,7,0.47402
custom closet,0,1648944000,8,0.54174
custom closet,0,1649548800,7,0.47402
custom closet,0,1650153600,7,0.47402
custom closet,0,1650758400,7,0.47402
custom closet,0,1651363200,6,0.40631
custom closet,0,1651968000,7,0.47402
custom closet,0,1652572800,7,0.47402
custom closet,0,1653177600,6,0.40631
custom closet,0,1653782400,7,0.47402
custom closet,0,1654387200,6,0.40631
custom closet,0,1654992000,7,0.47402
custom closet,0,1655596800,7,0.47402
custom closet,0,1656201600,7,0.47402
custom closet,0,1656806400,8,0.54174
custom closet,0,1657411200,6,0.40631
custom closet,0,1658016000,6,0.40631
custom closet,0,1658620800,6,0.40631
custom closet,0,1659225600,6,0.40631
custom closet,0,1659830400,7,0.47402
custom closet,0,1660435200,7,0.47402
custom closet,0,1661040000,7,0.47402
custom closet,0,1661644800,6,0.40631
custom closet,0,1662249600,6,0.40631
custom closet,0,1662854400,7,0.47402
custom closet,0,1663459200,5,0.33859
custom closet,0,1664064000,5,0.33859
custom closet,0,1664668800,5,0.33859
custom closet,0,1665273600,6,0.40631
custom closet,0,1665878400,6,0.40631
custom closet,0,1666483200,6,0.40631
custom closet,0,1667088000,5,0.33859
custom closet,0,1667692800,5,0.33859
custom closet,0,1668297600,5,0.33859
custom closet,0,1668902400,6,0.40631
custom closet,0,1669507200,6,0.40631
custom closet,0,1670112000,5,0.33859
custom closet,0,1670716800,6,0.40631
custom closet,0,1671321600,5,0.33859
custom closet,0,1671926400,7,0.47402
custom closet,0,1672531200,6,0.40631
custom closet,0,1673136000,7,0.47402
custom closet,0,1673740800,8,0.54174
custom closet,0,1674345600,6,0.40631
custom closet,0,1674950400,6,0.40631
custom closet,0,1675555200,6,0.40631
custom closet,0,1676160000,7,0.47402
custom closet,0,1676764800,6,0.40631
custom closet,0,1677369600,6,0.40631
custom closet,0,1677974400,6,0.40631
custom closet,0,1678579200,6,0.40631
custom closet,0,1679184000,6,0.40631
custom closet,0,1679788800,6,0.40631
custom closet,0,1680393600,6,0.40631
custom closet,0,1680998400,6,0.40631
custom closet,0,1681603200,6,0.40631
custom closet,0,1682208000,6,0.40631
custom closet,0,1682812800,6,0.40631
custom closet,0,1683417600,5,0.33859
custom closet,0,1684022400,6,0.40631
custom closet,0,1684627200,6,0.40631
custom closet,0,1685232000,7,0.47402
custom closet,0,1685836800,6,0.40631
custom closet,0,1686441600,5,0.33859
custom closet,0,1687046400,6,0.40631
custom closet,0,1687651200,6,0.40631
custom closet,0,1688256000,6,0.40631
custom closet,0,1688860800,6,0.40631
custom closet,0,1689465600,7,0.47402
custom closet,0,1690070400,6,0.40631
custom closet,0,1690675200,6,0.40631
custom closet,0,1691280000,7,0.47402
custom closet,0,1691884800,6,0.40631
custom closet,0,1692489600,5,0.33859
custom closet,0,1693094400,6,0.40631
custom closet,0,1693699200,6,0.40631
custom closet,0,1694304000,6,0.40631
custom closet,0,1694908800,6,0.40631
custom closet,0,1695513600,5,0.33859
custom closet,0,1696118400,5,0.33859
custom closet,0,1696723200,5,0.33859
custom closet,0,1697328000,6,0.40631
custom closet,0,1697932800,6,0.40631
custom closet,0,1698537600,7,0.47402
custom closet,0,1699142400,6,0.40631
custom closet,0,1699747200,5,0.33859
custom closet,0,1700352000,6,0.40631
custom closet,0,1700956800,6,0.40631
custom closet,0,1701561600,6,0.40631
custom closet,0,1702166400,5,0.33859
custom closet,0,1702771200,5,0.33859
custom closet,0,1703376000,8,0.54174
custom closet,0,1703980800,8,0.54174
custom closet,0,1704585600,7,0.47402
custom closet,0,1705190400,7,0.47402
custom closet,0,1705795200,7,0.47402
custom closet,0,1706400000,7,0.47402
custom closet,0,1707004800,7,0.47402
custom closet,0,1707609600,5,0.33859
custom closet,0,1708214400,6,0.40631
custom closet,0,1708819200,6,0.40631
custom closet,0,1709424000,7,0.47402
custom closet,0,1710028800,6,0.40631
custom closet,0,1710633600,6,0.40631
custom closet,0,1711238400,6,0.40631
custom closet,0,1711843200,6,0.40631
custom closet,0,1712448000,6,0.40631
custom closet,0,1713052800,6,0.40631
custom closet,0,1713657600,6,0.40631
custom closet,0,1714262400,6,0.40631
custom closet,0,1714867200,6,0.40631
custom closet,0,1715472000,5,0.33859
custom closet,0,1716076800,5,0.33859
custom closet,0,1716681600,6,0.40631
custom closet,0,1717286400,6,0.40631
custom closet,0,1717891200,7,0.47402
custom closet,0,1718496000,6,0.40631
custom closet,0,1719100800,6,0.40631
custom closet,0,1719705600,6,0.40631
custom closet,0,1720310400,6,0.40631
custom closet,0,1720915200,6,0.40631
custom closet,0,1721520000,6,0.40631
custom closet,0,1722124800,7,0.47402
custom closet,0,1722729600,6,0.40631
custom closet,0,1723334400,5,0.33859
custom closet,0,1723939200,6,0.40631
custom closet,0,1724544000,6,0.40631
custom closet,0,1725148800,7,0.47402
custom closet,0,1725753600,6,0.40631
custom closet,0,1726358400,6,0.40631
custom closet,0,1726963200,6,0.40631
custom closet,0,1727568000,6,0.40631
custom closet,0,1728172800,6,0.40631
custom closet,0,1728777600,6,0.40631
custom closet,0,1729382400,5,0.33859
custom closet,0,1729987200,5,0.33859
custom closet,0,1730592000,5,0.33859
custom closet,0,1731196800,6,0.40631
custom closet,0,1731801600,6,0.40631
custom closet,0,1732406400,6,0.40631
custom closet,0,1733011200,6,0.40631
custom closet,0,1733616000,6,0.40631
custom closet,0,1734220800,7,0.47402
custom closet,0,1734825600,7,0.47402
custom closet,0,1735430400,9,0.60946
custom closet,0,1736035200,8,0.54174
custom closet,0,1736640000,8,0.54174
custom closet,0,1737244800,11,0.7449
custom closet,0,1737849600,10,0.67718
custom closet,0,1738454400,8,0.54174
custom closet,0,1739059200,10,0.67718
custom closet,0,1739664000,11,0.7449
custom closet,0,1740268800,10,0.67718
custom closet,0,1740873600,9,0.60946
custom closet,0,1741478400,9,0.60946
custom closet,0,1742083200,9,0.60946
custom closet,0,1742688000,10,0.67718
custom closet,0,1743292800,9,0.60946
custom closet,0,1743897600,10,0.67718
custom closet,0,1744502400,10,0.67718
custom closet,0,1745107200,10,0.67718
custom closet,0,1745712000,10,0.67718
custom closet,0,1746316800,12,0.81261
custom closet,0,1746921600,9,0.60946
custom closet,0,1747526400,9,0.60946
custom closet,0,1748131200,10,0.67718
custom closet,0,1748736000,9,0.60946
custom closet,0,1749340800,11,0.7449
custom closet,0,1749945600,11,0.7449
custom closet,0,1750550400,11,0.7449
custom closet,0,1751155200,10,0.67718
custom closet,0,1751760000,11,0.7449
custom closet,0,1752364800,12,0.81261
custom closet,0,1752969600,14,0.94805
custom closet,0,1753574400,12,0.81261
custom closet,0,1754179200,11,0.7449
custom closet,0,1754784000,13,0.88033
custom closet,0,1755388800,11,0.7449
custom closet,0,1755993600,12,0.81261
custom closet,0,1756598400,12,0.81261
custom closet,0,1757203200,11,0.7449
custom closet,0,1757808000,10,0.67718
custom closet,0,1758412800,9,0.60946
custom closet,0,1759017600,9,0.60946
custom closet,0,1759622400,9,0.60946
custom closet,0,1760227200,9,0.60946
custom closet,0,1760832000,11,0.7449
custom closet,0,1761436800,9,0.60946
custom closet,0,1762041600,13,0.88033
custom closet,0,1762646400,13,0.88033
custom closet,0,1763251200,14,0.94805
custom closet,0,1763856000,11,0.7449
custom closet,0,1764460800,11,0.7449
custom closet,0,1765065600,11,0.7449
custom closet,0,1765670400,14,0.94805
custom closet,0,1766275200,12,0.81261
custom closet,0,1766880000,17,1.1512
custom closet,0,1767484800,15,1.01577
custom closet,0,1768089600,15,1.01577
custom closet,0,1768694400,14,0.94805
custom closet,0,1769299200,15,1.01577
custom closet,0,1769904000,13,0.88033
custom closet,0,1770508800,16,1.08348
custom closet,0,1771113600,16,1.08348
custom closet,0,1771718400,15,1.01577
custom closet,0,1772323200,14,0.94805
custom closet,0,1772928000,15,1.01577
custom closet,0,1773532800,12,0.81261
custom closet,0,1774137600,14,0.94805
custom closet,0,1774742400,21,1.42207
custom closet,0,1775347200,27,1.82838
custom closet,0,1775952000,29,1.96381
custom closet,0,1776556800,23,1.55751
custom closet,0,1777161600,19,1.28664
custom closet,0,1777766400,18,1.21892
custom closet,0,1778371200,23,1.55751
custom closet,0,1778976000,27,1.82838
custom closet,0,1779580800,23,1.55751
custom closet,0,1780185600,21,1.42207
custom closet,0,1780790400,27,1.82838
custom closet,0,1781395200,23,1.55751
custom closet,0,1782000000,22,1.48979
custom closet,0,1782604800,18,1.21892
custom closet,0,1783209600,15,1.01577
custom closet,0,1783814400,13,0.88033
custom closet,0,1784419200,14,0.94805
custom closet,0,1785024000,11,0.7449
custom closet,0,1785628800,11,0.7449
custom closet,0,1786233600,14,0.94805
custom closet,0,1786838400,11,0.7449
custom closet,0,1787443200,10,0.67718
custom cabinets,0,1629590400,14,0.94805
custom cabinets,0,1630195200,14,0.94805
custom cabinets,0,1630800000,15,1.01577
custom cabinets,0,1631404800,15,1.01577
custom cabinets,0,1632009600,15,1.01577
custom cabinets,0,1632614400,16,1.08348
custom cabinets,0,1633219200,15,1.01577
custom cabinets,0,1633824000,15,1.01577
custom cabinets,0,1634428800,14,0.94805
custom cabinets,0,1635033600,14,0.94805
custom cabinets,0,1635638400,14,0.94805
custom cabinets,0,1636243200,13,0.88033
custom cabinets,0,1636848000,15,1.01577
custom cabinets,0,1637452800,13,0.88033
custom cabinets,0,1638057600,14,0.94805
custom cabinets,0,1638662400,12,0.81261
custom cabinets,0,1639267200,12,0.81261
custom cabinets,0,1639872000,9,0.60946
custom cabinets,0,1640476800,16,1.08348
custom cabinets,0,1641081600,18,1.21892
custom cabinets,0,1641686400,17,1.1512
custom cabinets,0,1642291200,18,1.21892
custom cabinets,0,1642896000,19,1.28664
custom cabinets,0,1643500800,17,1.1512
custom cabinets,0,1644105600,19,1.28664
custom cabinets,0,1644710400,18,1.21892
custom cabinets,0,1645315200,16,1.08348
custom cabinets,0,1645920000,15,1.01577
custom cabinets,0,1646524800,17,1.1512
custom cabinets,0,1647129600,16,1.08348
custom cabinets,0,1647734400,16,1.08348
custom cabinets,0,1648339200,14,0.94805
custom cabinets,0,1648944000,14,0.94805
custom cabinets,0,1649548800,13,0.88033
custom cabinets,0,1650153600,14,0.94805
custom cabinets,0,1650758400,13,0.88033
custom cabinets,0,1651363200,13,0.88033
custom cabinets,0,1651968000,14,0.94805
custom cabinets,0,1652572800,13,0.88033
custom cabinets,0,1653177600,12,0.81261
custom cabinets,0,1653782400,14,0.94805
custom cabinets,0,1654387200,14,0.94805
custom cabinets,0,1654992000,13,0.88033
custom cabinets,0,1655596800,14,0.94805
custom cabinets,0,1656201600,14,0.94805
custom cabinets,0,1656806400,12,0.81261
custom cabinets,0,1657411200,14,0.94805
custom cabinets,0,1658016000,14,0.94805
custom cabinets,0,1658620800,14,0.94805
custom cabinets,0,1659225600,14,0.94805
custom cabinets,0,1659830400,14,0.94805
custom cabinets,0,1660435200,14,0.94805
custom cabinets,0,1661040000,14,0.94805
custom cabinets,0,1661644800,13,0.88033
custom cabinets,0,1662249600,13,0.88033
custom cabinets,0,1662854400,13,0.88033
custom cabinets,0,1663459200,12,0.81261
custom cabinets,0,1664064000,11,0.7449
custom cabinets,0,1664668800,15,1.01577
custom cabinets,0,1665273600,14,0.94805
custom cabinets,0,1665878400,14,0.94805
custom cabinets,0,1666483200,13,0.88033
custom cabinets,0,1667088000,13,0.88033
custom cabinets,0,1667692800,12,0.81261
custom cabinets,0,1668297600,11,0.7449
custom cabinets,0,1668902400,12,0.81261
custom cabinets,0,1669507200,12,0.81261
custom cabinets,0,1670112000,13,0.88033
custom cabinets,0,1670716800,13,0.88033
custom cabinets,0,1671321600,11,0.7449
custom cabinets,0,1671926400,13,0.88033
custom cabinets,0,1672531200,16,1.08348
custom cabinets,0,1673136000,16,1.08348
custom cabinets,0,1673740800,16,1.08348
custom cabinets,0,1674345600,15,1.01577
custom cabinets,0,1674950400,14,0.94805
custom cabinets,0,1675555200,14,0.94805
custom cabinets,0,1676160000,14,0.94805
custom cabinets,0,1676764800,15,1.01577
custom cabinets,0,1677369600,14,0.94805
custom cabinets,0,1677974400,14,0.94805
custom cabinets,0,1678579200,13,0.88033
custom cabinets,0,1679184000,14,0.94805
custom cabinets,0,1679788800,15,1.01577
custom cabinets,0,1680393600,13,0.88033
custom cabinets,0,1680998400,11,0.7449
custom cabinets,0,1681603200,14,0.94805
custom cabinets,0,1682208000,13,0.88033
custom cabinets,0,1682812800,12,0.81261
custom cabinets,0,1683417600,13,0.88033
custom cabinets,0,1684022400,11,0.7449
custom cabinets,0,1684627200,12,0.81261
custom cabinets,0,1685232000,12,0.81261
custom cabinets,0,1685836800,11,0.7449
custom cabinets,0,1686441600,12,0.81261
custom cabinets,0,1687046400,14,0.94805
custom cabinets,0,1687651200,13,0.88033
custom cabinets,0,1688256000,13,0.88033
custom cabinets,0,1688860800,14,0.94805
custom cabinets,0,1689465600,13,0.88033
custom cabinets,0,1690070400,13,0.88033
custom cabinets,0,1690675200,14,0.94805
custom cabinets,0,1691280000,13,0.88033
custom cabinets,0,1691884800,13,0.88033
custom cabinets,0,1692489600,12,0.81261
custom cabinets,0,1693094400,14,0.94805
custom cabinets,0,1693699200,13,0.88033
custom cabinets,0,1694304000,13,0.88033
custom cabinets,0,1694908800,11,0.7449
custom cabinets,0,1695513600,12,0.81261
custom cabinets,0,1696118400,11,0.7449
custom cabinets,0,1696723200,11,0.7449
custom cabinets,0,1697328000,13,0.88033
custom cabinets,0,1697932800,12,0.81261
custom cabinets,0,1698537600,12,0.81261
custom cabinets,0,1699142400,14,0.94805
custom cabinets,0,1699747200,12,0.81261
custom cabinets,0,1700352000,11,0.7449
custom cabinets,0,1700956800,13,0.88033
custom cabinets,0,1701561600,12,0.81261
custom cabinets,0,1702166400,11,0.7449
custom cabinets,0,1702771200,11,0.7449
custom cabinets,0,1703376000,13,0.88033
custom cabinets,0,1703980800,15,1.01577
custom cabinets,0,1704585600,15,1.01577
custom cabinets,0,1705190400,15,1.01577
custom cabinets,0,1705795200,16,1.08348
custom cabinets,0,1706400000,15,1.01577
custom cabinets,0,1707004800,15,1.01577
custom cabinets,0,1707609600,13,0.88033
custom cabinets,0,1708214400,16,1.08348
custom cabinets,0,1708819200,15,1.01577
custom cabinets,0,1709424000,14,0.94805
custom cabinets,0,1710028800,15,1.01577
custom cabinets,0,1710633600,13,0.88033
custom cabinets,0,1711238400,14,0.94805
custom cabinets,0,1711843200,14,0.94805
custom cabinets,0,1712448000,13,0.88033
custom cabinets,0,1713052800,13,0.88033
custom cabinets,0,1713657600,13,0.88033
custom cabinets,0,1714262400,13,0.88033
custom cabinets,0,1714867200,12,0.81261
custom cabinets,0,1715472000,11,0.7449
custom cabinets,0,1716076800,11,0.7449
custom cabinets,0,1716681600,13,0.88033
custom cabinets,0,1717286400,12,0.81261
custom cabinets,0,1717891200,11,0.7449
custom cabinets,0,1718496000,12,0.81261
custom cabinets,0,1719100800,12,0.81261
custom cabinets,0,1719705600,13,0.88033
custom cabinets,0,1720310400,13,0.88033
custom cabinets,0,1720915200,13,0.88033
custom cabinets,0,1721520000,13,0.88033
custom cabinets,0,1722124800,13,0.88033
custom cabinets,0,1722729600,13,0.88033
custom cabinets,0,1723334400,12,0.81261
custom cabinets,0,1723939200,13,0.88033
custom cabinets,0,1724544000,13,0.88033
custom cabinets,0,1725148800,14,0.94805
custom cabinets,0,1725753600,11,0.7449
custom cabinets,0,1726358400,11,0.7449
custom cabinets,0,1726963200,12,0.81261
custom cabinets,0,1727568000,14,0.94805
custom cabinets,0,1728172800,12,0.81261
custom cabinets,0,1728777600,11,0.7449
custom cabinets,0,1729382400,12,0.81261
custom cabinets,0,1729987200,12,0.81261
custom cabinets,0,1730592000,12,0.81261
custom cabinets,0,1731196800,13,0.88033
custom cabinets,0,1731801600,12,0.81261
custom cabinets,0,1732406400,12,0.81261
custom cabinets,0,1733011200,12,0.81261
custom cabinets,0,1733616000,13,0.88033
custom cabinets,0,1734220800,12,0.81261
custom cabinets,0,1734825600,12,0.81261
custom cabinets,0,1735430400,15,1.01577
custom cabinets,0,1736035200,13,0.88033
custom cabinets,0,1736640000,16,1.08348
custom cabinets,0,1737244800,17,1.1512
custom cabinets,0,1737849600,17,1.1512
custom cabinets,0,1738454400,16,1.08348
custom cabinets,0,1739059200,15,1.01577
custom cabinets,0,1739664000,17,1.1512
custom cabinets,0,1740268800,15,1.01577
custom cabinets,0,1740873600,16,1.08348
custom cabinets,0,1741478400,15,1.01577
custom cabinets,0,1742083200,14,0.94805
custom cabinets,0,1742688000,14,0.94805
custom cabinets,0,1743292800,15,1.01577
custom cabinets,0,1743897600,15,1.01577
custom cabinets,0,1744502400,14,0.94805
custom cabinets,0,1745107200,15,1.01577
custom cabinets,0,1745712000,15,1.01577
custom cabinets,0,1746316800,17,1.1512
custom cabinets,0,1746921600,15,1.01577
custom cabinets,0,1747526400,15,1.01577
custom cabinets,0,1748131200,15,1.01577
custom cabinets,0,1748736000,16,1.08348
custom cabinets,0,1749340800,16,1.08348
custom cabinets,0,1749945600,17,1.1512
custom cabinets,0,1750550400,16,1.08348
custom cabinets,0,1751155200,21,1.42207
custom cabinets,0,1751760000,22,1.48979
custom cabinets,0,1752364800,20,1.35436
custom cabinets,0,1752969600,20,1.35436
custom cabinets,0,1753574400,19,1.28664
custom cabinets,0,1754179200,20,1.35436
custom cabinets,0,1754784000,19,1.28664
custom cabinets,0,1755388800,21,1.42207
custom cabinets,0,1755993600,18,1.21892
custom cabinets,0,1756598400,20,1.35436
custom cabinets,0,1757203200,18,1.21892
custom cabinets,0,1757808000,19,1.28664
custom cabinets,0,1758412800,18,1.21892
custom cabinets,0,1759017600,19,1.28664
custom cabinets,0,1759622400,16,1.08348
custom cabinets,0,1760227200,18,1.21892
custom cabinets,0,1760832000,18,1.21892
custom cabinets,0,1761436800,18,1.21892
custom cabinets,0,1762041600,18,1.21892
custom cabinets,0,1762646400,20,1.35436
custom cabinets,0,1763251200,18,1.21892
custom cabinets,0,1763856000,18,1.21892
custom cabinets,0,1764460800,18,1.21892
custom cabinets,0,1765065600,18,1.21892
custom cabinets,0,1765670400,18,1.21892
custom cabinets,0,1766275200,17,1.1512
custom cabinets,0,1766880000,20,1.35436
custom cabinets,0,1767484800,21,1.42207
custom cabinets,0,1768089600,19,1.28664
custom cabinets,0,1768694400,20,1.35436
custom cabinets,0,1769299200,22,1.48979
custom cabinets,0,1769904000,22,1.48979
custom cabinets,0,1770508800,21,1.42207
custom cabinets,0,1771113600,23,1.55751
custom cabinets,0,1771718400,23,1.55751
custom cabinets,0,1772323200,23,1.55751
custom cabinets,0,1772928000,22,1.48979
custom cabinets,0,1773532800,22,1.48979
custom cabinets,0,1774137600,22,1.48979
custom cabinets,0,1774742400,27,1.82838
custom cabinets,0,1775347200,28,1.8961
custom cabinets,0,1775952000,29,1.96381
custom cabinets,0,1776556800,27,1.82838
custom cabinets,0,1777161600,27,1.82838
custom cabinets,0,1777766400,30,2.03153
custom cabinets,0,1778371200,28,1.8961
custom cabinets,0,1778976000,27,1.82838
custom cabinets,0,1779580800,27,1.82838
custom cabinets,0,1780185600,25,1.69294
custom cabinets,0,1780790400,27,1.82838
custom cabinets,0,1781395200,31,2.09925
custom cabinets,0,1782000000,30,2.03153
custom cabinets,0,1782604800,23,1.55751
custom cabinets,0,1783209600,23,1.55751
custom cabinets,0,1783814400,21,1.42207
custom cabinets,0,1784419200,24,1.62523
custom cabinets,0,1785024000,24,1.62523
custom cabinets,0,1785628800,20,1.35436
custom cabinets,0,1786233600,23,1.55751
custom cabinets,0,1786838400,21,1.42207
custom cabinets,0,1787443200,20,1.35436
custom built ins,0,1629590400,0,0.0
custom built ins,0,1630195200,0,0.0
custom built ins,0,1630800000,0,0.0
custom built ins,0,1631404800,0,0.0
custom built ins,0,1632009600,0,0.0
custom built ins,0,1632614400,0,0.0
custom built ins,0,1633219200,0,0.0
custom built ins,0,1633824000,0,0.0
custom built ins,0,1634428800,0,0.0
custom built ins,0,1635033600,0,0.0
custom built ins,0,1635638400,0,0.0
custom built ins,0,1636243200,0,0.0
custom built ins,0,1636848000,0,0.0
custom built ins,0,1637452800,0,0.0
custom built ins,0,1638057600,0,0.0
custom built ins,0,1638662400,0,0.0
custom built ins,0,1639267200,0,0.0
custom built ins,0,1639872000,0,0.0
custom built ins,0,1640476800,0,0.0
custom built ins,0,1641081600,0,0.0
custom built ins,0,1641686400,0,0.0
custom built ins,0,1642291200,1,0.06772
custom built ins,0,1642896000,0,0.0
custom built ins,0,1643500800,0,0.0
custom built ins,0,1644105600,0,0.0
custom built ins,0,1644710400,0,0.0
custom built ins,0,1645315200,0,0.0
custom built ins,0,1645920000,0,0.0
custom built ins,0,1646524800,0,0.0
custom built ins,0,1647129600,0,0.0
custom built ins,0,1647734400,1,0.06772
custom built ins,0,1648339200,0,0.0
custom built ins,0,1648944000,0,0.0
custom built ins,0,1649548800,0,0.0
custom built ins,0,1650153600,0,0.0
custom built ins,0,1650758400,0,0.0
custom built ins,0,1651363200,0,0.0
custom built ins,0,1651968000,0,0.0
custom built ins,0,1652572800,0,0.0
custom built ins,0,1653177600,0,0.0
custom built ins,0,1653782400,0,0.0
custom built ins,0,1654387200,0,0.0
custom built ins,0,1654992000,0,0.0
custom built ins,0,1655596800,0,0.0
custom built ins,0,1656201600,0,0.0
custom built ins,0,1656806400,0,0.0
custom built ins,0,1657411200,0,0.0
custom built ins,0,1658016000,0,0.0
custom built ins,0,1658620800,0,0.0
custom built ins,0,1659225600,0,0.0
custom built ins,0,1659830400,0,0.0
custom built ins,0,1660435200,0,0.0
custom built ins,0,1661040000,0,0.0
custom built ins,0,1661644800,0,0.0
custom built ins,0,1662249600,0,0.0
custom built ins,0,1662854400,0,0.0
custom built ins,0,1663459200,0,0.0
custom built ins,0,1664064000,0,0.0
custom built ins,0,1664668800,0,0.0
custom built ins,0,1665273600,0,0.0
custom built ins,0,1665878400,0,0.0
custom built ins,0,1666483200,0,0.0
custom built ins,0,1667088000,0,0.0
custom built ins,0,1667692800,1,0.06772
custom built ins,0,1668297600,0,0.0
custom built ins,0,1668902400,0,0.0
custom built ins,0,1669507200,0,0.0
custom built ins,0,1670112000,0,0.0
custom built ins,0,1670716800,0,0.0
custom built ins,0,1671321600,0,0.0
custom built ins,0,1671926400,0,0.0
custom built ins,0,1672531200,0,0.0
custom built ins,0,1673136000,0,0.0
custom built ins,0,1673740800,1,0.06772
custom built ins,0,1674345600,0,0.0
custom built ins,0,1674950400,1,0.06772
custom built ins,0,1675555200,1,0.06772
custom built ins,0,1676160000,0,0.0
custom built ins,0,1676764800,0,0.0
custom built ins,0,1677369600,0,0.0
custom built ins,0,1677974400,0,0.0
custom built ins,0,1678579200,1,0.06772
custom built ins,0,1679184000,0,0.0
custom built ins,0,1679788800,0,0.0
custom built ins,0,1680393600,0,0.0
custom built ins,0,1680998400,0,0.0
custom built ins,0,1681603200,0,0.0
custom built ins,0,1682208000,0,0.0
custom built ins,0,1682812800,0,0.0
custom built ins,0,1683417600,0,0.0
custom built ins,0,1684022400,0,0.0
custom built ins,0,1684627200,0,0.0
custom built ins,0,1685232000,0,0.0
custom built ins,0,1685836800,0,0.0
custom built ins,0,1686441600,0,0.0
custom built ins,0,1687046400,0,0.0
custom built ins,0,1687651200,0,0.0
custom built ins,0,1688256000,0,0.0
custom built ins,0,1688860800,0,0.0
custom built ins,0,1689465600,0,0.0
custom built ins,0,1690070400,0,0.0
custom built ins,0,1690675200,0,0.0
custom built ins,0,1691280000,0,0.0
custom built ins,0,1691884800,0,0.0
custom built ins,0,1692489600,1,0.06772
custom built ins,0,1693094400,0,0.0
custom built ins,0,1693699200,0,0.0
custom built ins,0,1694304000,0,0.0
custom built ins,0,1694908800,0,0.0
custom built ins,0,1695513600,0,0.0
custom built ins,0,1696118400,0,0.0
custom built ins,0,1696723200,0,0.0
custom built ins,0,1697328000,0,0.0
custom built ins,0,1697932800,0,0.0
custom built ins,0,1698537600,0,0.0
custom built ins,0,1699142400,0,0.0
custom built ins,0,1699747200,1,0.06772
custom built ins,0,1700352000,0,0.0
custom built ins,0,1700956800,0,0.0
custom built ins,0,1701561600,0,0.0
custom built ins,0,1702166400,0,0.0
custom built ins,0,1702771200,0,0.0
custom built ins,0,1703376000,0,0.0
custom built ins,0,1703980800,1,0.06772
custom built ins,0,1704585600,0,0.0
custom built ins,0,1705190400,0,0.0
custom built ins,0,1705795200,0,0.0
custom built ins,0,1706400000,0,0.0
custom built ins,0,1707004800,0,0.0
custom built ins,0,1707609600,0,0.0
custom built ins,0,1708214400,0,0.0
custom built ins,0,1708819200,0,0.0
custom built ins,0,1709424000,0,0.0
custom built ins,0,1710028800,1,0.06772
custom built ins,0,1710633600,0,0.0
custom built ins,0,1711238400,0,0.0
custom built ins,0,1711843200,0,0.0
custom built ins,0,1712448000,0,0.0
custom built ins,0,1713052800,0,0.0
custom built ins,0,1713657600,0,0.0
custom built ins,0,1714262400,0,0.0
custom built ins,0,1714867200,0,0.0
custom built ins,0,1715472000,0,0.0
custom built ins,0,1716076800,0,0.0
custom built ins,0,1716681600,0,0.0
custom built ins,0,1717286400,0,0.0
custom built ins,0,1717891200,0,0.0
custom built ins,0,1718496000,0,0.0
custom built ins,0,1719100800,0,0.0
custom built ins,0,1719705600,0,0.0
custom built ins,0,1720310400,0,0.0
custom built ins,0,1720915200,0,0.0
custom built ins,0,1721520000,0,0.0
custom built ins,0,1722124800,0,0.0
custom built ins,0,1722729600,0,0.0
custom built ins,0,1723334400,0,0.0
custom built ins,0,1723939200,0,0.0
custom built ins,0,1724544000,0,0.0
custom built ins,0,1725148800,0,0.0
custom built ins,0,1725753600,0,0.0
custom built ins,0,1726358400,0,0.0
custom built ins,0,1726963200,0,0.0
custom built ins,0,1727568000,0,0.0
custom built ins,0,1728172800,0,0.0
custom built ins,0,1728777600,1,0.06772
custom built ins,0,1729382400,0,0.0
custom built ins,0,1729987200,1,0.06772
custom built ins,0,1730592000,0,0.0
custom built ins,0,1731196800,0,0.0
custom built ins,0,1731801600,0,0.0
custom built ins,0,1732406400,0,0.0
custom built ins,0,1733011200,0,0.0
custom built ins,0,1733616000,0,0.0
custom built ins,0,1734220800,0,0.0
custom built ins,0,1734825600,0,0.0
custom built ins,0,1735430400,0,0.0
custom built ins,0,1736035200,0,0.0
custom built ins,0,1736640000,0,0.0
custom built ins,0,1737244800,0,0.0
custom built ins,0,1737849600,0,0.0
custom built ins,0,1738454400,0,0.0
custom built ins,0,1739059200,0,0.0
custom built ins,0,1739664000,0,0.0
custom built ins,0,1740268800,0,0.0
custom built ins,0,1740873600,0,0.0
custom built ins,0,1741478400,1,0.06772
custom built ins,0,1742083200,0,0.0
custom built ins,0,1742688000,0,0.0
custom built ins,0,1743292800,0,0.0
custom built ins,0,1743897600,0,0.0
custom built ins,0,1744502400,0,0.0
custom built ins,0,1745107200,1,0.06772
custom built ins,0,1745712000,0,0.0
custom built ins,0,1746316800,0,0.0
custom built ins,0,1746921600,0,0.0
custom built ins,0,1747526400,0,0.0
custom built ins,0,1748131200,0,0.0
custom built ins,0,1748736000,0,0.0
custom built ins,0,1749340800,0,0.0
custom built ins,0,1749945600,0,0.0
custom built ins,0,1750550400,0,0.0
custom built ins,0,1751155200,0,0.0
custom built ins,0,1751760000,0,0.0
custom built ins,0,1752364800,0,0.0
custom built ins,0,1752969600,0,0.0
custom built ins,0,1753574400,0,0.0
custom built ins,0,1754179200,0,0.0
custom built ins,0,1754784000,0,0.0
custom built ins,0,1755388800,0,0.0
custom built ins,0,1755993600,0,0.0
custom built ins,0,1756598400,0,0.0
custom built ins,0,1757203200,0,0.0
custom built ins,0,1757808000,0,0.0
custom built ins,0,1758412800,0,0.0
custom built ins,0,1759017600,0,0.0
custom built ins,0,1759622400,1,0.06772
custom built ins,0,1760227200,1,0.06772
custom built ins,0,1760832000,0,0.0
custom built ins,0,1761436800,1,0.06772
custom built ins,0,1762041600,0,0.0
custom built ins,0,1762646400,0,0.0
custom built ins,0,1763251200,0,0.0
custom built ins,0,1763856000,0,0.0
custom built ins,0,1764460800,1,0.06772
custom built ins,0,1765065600,0,0.0
custom built ins,0,1765670400,0,0.0
custom built ins,0,1766275200,0,0.0
custom built ins,0,1766880000,0,0.0
custom built ins,0,1767484800,1,0.06772
custom built ins,0,1768089600,1,0.06772
custom built ins,0,1768694400,0,0.0
custom built ins,0,1769299200,0,0.0
custom built ins,0,1769904000,0,0.0
custom built ins,0,1770508800,0,0.0
custom built ins,0,1771113600,1,0.06772
custom built ins,0,1771718400,1,0.06772
custom built ins,0,1772323200,1,0.06772
custom built ins,0,1772928000,0,0.0
custom built ins,0,1773532800,0,0.0
custom built ins,0,1774137600,0,0.0
custom built ins,0,1774742400,0,0.0
custom built ins,0,1775347200,0,0.0
custom built ins,0,1775952000,0,0.0
custom built ins,0,1776556800,0,0.0
custom built ins,0,1777161600,0,0.0
custom built ins,0,1777766400,0,0.0
custom built ins,0,1778371200,0,0.0
custom built ins,0,1778976000,1,0.06772
custom built ins,0,1779580800,0,0.0
custom built ins,0,1780185600,0,0.0
custom built ins,0,1780790400,0,0.0
custom built ins,0,1781395200,1,0.06772
custom built ins,0,1782000000,0,0.0
custom built ins,0,1782604800,1,0.06772
custom built ins,0,1783209600,0,0.0
custom built ins,0,1783814400,0,0.0
custom built ins,0,1784419200,0,0.0
custom built ins,0,1785024000,0,0.0
custom built ins,0,1785628800,0,0.0
custom built ins,0,1786233600,0,0.0
custom built ins,0,1786838400,0,0.0
custom built ins,0,1787443200,0,0.0
custom kitchen island,0,1629590400,1,0.06772
custom kitchen island,0,1630195200,1,0.06772
custom kitchen island,0,1630800000,1,0.06772
custom kitchen island,0,1631404800,1,0.06772
custom kitchen island,0,1632009600,1,0.06772
custom kitchen island,0,1632614400,1,0.06772
custom kitchen island,0,1633219200,1,0.06772
custom kitchen island,0,1633824000,1,0.06772
custom kitchen island,0,1634428800,1,0.06772
custom kitchen island,0,1635033600,1,0.06772
custom kitchen island,0,1635638400,1,0.06772
custom kitchen island,0,1636243200,1,0.06772
custom kitchen island,0,1636848000,1,0.06772
custom kitchen island,0,1637452800,1,0.06772
custom kitchen island,0,1638057600,1,0.06772
custom kitchen island,0,1638662400,1,0.06772
custom kitchen island,0,1639267200,1,0.06772
custom kitchen island,0,1639872000,1,0.06772
custom kitchen island,0,1640476800,1,0.06772
custom kitchen island,0,1641081600,1,0.06772
custom kitchen island,0,1641686400,1,0.06772
custom kitchen island,0,1642291200,1,0.06772
custom kitchen island,0,1642896000,1,0.06772
custom kitchen island,0,1643500800,1,0.06772
custom kitchen island,0,1644105600,1,0.06772
custom kitchen island,0,1644710400,1,0.06772
custom kitchen island,0,1645315200,1,0.06772
custom kitchen island,0,1645920000,1,0.06772
custom kitchen island,0,1646524800,1,0.06772
custom kitchen island,0,1647129600,1,0.06772
custom kitchen island,0,1647734400,1,0.06772
custom kitchen island,0,1648339200,1,0.06772
custom kitchen island,0,1648944000,1,0.06772
custom kitchen island,0,1649548800,1,0.06772
custom kitchen island,0,1650153600,1,0.06772
custom kitchen island,0,1650758400,1,0.06772
custom kitchen island,0,1651363200,1,0.06772
custom kitchen island,0,1651968000,1,0.06772
custom kitchen island,0,1652572800,0,0.0
custom kitchen island,0,1653177600,0,0.0
custom kitchen island,0,1653782400,1,0.06772
custom kitchen island,0,1654387200,1,0.06772
custom kitchen island,0,1654992000,0,0.0
custom kitchen island,0,1655596800,1,0.06772
custom kitchen island,0,1656201600,0,0.0
custom kitchen island,0,1656806400,1,0.06772
custom kitchen island,0,1657411200,1,0.06772
custom kitchen island,0,1658016000,1,0.06772
custom kitchen island,0,1658620800,1,0.06772
custom kitchen island,0,1659225600,1,0.06772
custom kitchen island,0,1659830400,1,0.06772
custom kitchen island,0,1660435200,1,0.06772
custom kitchen island,0,1661040000,1,0.06772
custom kitchen island,0,1661644800,1,0.06772
custom kitchen island,0,1662249600,1,0.06772
custom kitchen island,0,1662854400,1,0.06772
custom kitchen island,0,1663459200,1,0.06772
custom kitchen island,0,1664064000,1,0.06772
custom kitchen island,0,1664668800,0,0.0
custom kitchen island,0,1665273600,1,0.06772
custom kitchen island,0,1665878400,1,0.06772
custom kitchen island,0,1666483200,0,0.0
custom kitchen island,0,1667088000,1,0.06772
custom kitchen island,0,1667692800,1,0.06772
custom kitchen island,0,1668297600,0,0.0
custom kitchen island,0,1668902400,0,0.0
custom kitchen island,0,1669507200,1,0.06772
custom kitchen island,0,1670112000,1,0.06772
custom kitchen island,0,1670716800,1,0.06772
custom kitchen island,0,1671321600,0,0.0
custom kitchen island,0,1671926400,1,0.06772
custom kitchen island,0,1672531200,1,0.06772
custom kitchen island,0,1673136000,1,0.06772
custom kitchen island,0,1673740800,1,0.06772
custom kitchen island,0,1674345600,1,0.06772
custom kitchen island,0,1674950400,1,0.06772
custom kitchen island,0,1675555200,1,0.06772
custom kitchen island,0,1676160000,1,0.06772
custom kitchen island,0,1676764800,1,0.06772
custom kitchen island,0,1677369600,1,0.06772
custom kitchen island,0,1677974400,1,0.06772
custom kitchen island,0,1678579200,1,0.06772
custom kitchen island,0,1679184000,1,0.06772
custom kitchen island,0,1679788800,1,0.06772
custom kitchen island,0,1680393600,0,0.0
custom kitchen island,0,1680998400,1,0.06772
custom kitchen island,0,1681603200,1,0.06772
custom kitchen island,0,1682208000,1,0.06772
custom kitchen island,0,1682812800,1,0.06772
custom kitchen island,0,1683417600,1,0.06772
custom kitchen island,0,1684022400,1,0.06772
custom kitchen island,0,1684627200,1,0.06772
custom kitchen island,0,1685232000,1,0.06772
custom kitchen island,0,1685836800,1,0.06772
custom kitchen island,0,1686441600,0,0.0
custom kitchen island,0,1687046400,1,0.06772
custom kitchen island,0,1687651200,1,0.06772
custom kitchen island,0,1688256000,1,0.06772
custom kitchen island,0,1688860800,1,0.06772
custom kitchen island,0,1689465600,1,0.06772
custom kitchen island,0,1690070400,1,0.06772
custom kitchen island,0,1690675200,1,0.06772
custom kitchen island,0,1691280000,0,0.0
custom kitchen island,0,1691884800,0,0.0
custom kitchen island,0,1692489600,0,0.0
custom kitchen island,0,1693094400,1,0.06772
custom kitchen island,0,1693699200,1,0.06772
custom kitchen island,0,1694304000,1,0.06772
custom kitchen island,0,1694908800,0,0.0
custom kitchen island,0,1695513600,1,0.06772
custom kitchen island,0,1696118400,0,0.0
custom kitchen island,0,1696723200,0,0.0
custom kitchen island,0,1697328000,1,0.06772
custom kitchen island,0,1697932800,0,0.0
custom kitchen island,0,1698537600,0,0.0
custom kitchen island,0,1699142400,1,0.06772
custom kitchen island,0,1699747200,0,0.0
custom kitchen island,0,1700352000,1,0.06772
custom kitchen island,0,1700956800,0,0.0
custom kitchen island,0,1701561600,1,0.06772
custom kitchen island,0,1702166400,1,0.06772
custom kitchen island,0,1702771200,0,0.0
custom kitchen island,0,1703376000,1,0.06772
custom kitchen island,0,1703980800,1,0.06772
custom kitchen island,0,1704585600,1,0.06772
custom kitchen island,0,1705190400,1,0.06772
custom kitchen island,0,1705795200,1,0.06772
custom kitchen island,0,1706400000,1,0.06772
custom kitchen island,0,1707004800,1,0.06772
custom kitchen island,0,1707609600,1,0.06772
custom kitchen island,0,1708214400,1,0.06772
custom kitchen island,0,1708819200,1,0.06772
custom kitchen island,0,1709424000,1,0.06772
custom kitchen island,0,1710028800,1,0.06772
custom kitchen island,0,1710633600,0,0.0
custom kitchen island,0,1711238400,1,0.06772
custom kitchen island,0,1711843200,1,0.06772
custom kitchen island,0,1712448000,1,0.06772
custom kitchen island,0,1713052800,1,0.06772
custom kitchen island,0,1713657600,1,0.06772
custom kitchen island,0,1714262400,0,0.0
custom kitchen island,0,1714867200,1,0.06772
custom kitchen island,0,1715472000,1,0.06772
custom kitchen island,0,1716076800,0,0.0
custom kitchen island,0,1716681600,0,0.0
custom kitchen island,0,1717286400,1,0.06772
custom kitchen island,0,1717891200,1,0.06772
custom kitchen island,0,1718496000,1,0.06772
custom kitchen island,0,1719100800,0,0.0
custom kitchen island,0,1719705600,0,0.0
custom kitchen island,0,1720310400,1,0.06772
custom kitchen island,0,1720915200,0,0.0
custom kitchen island,0,1721520000,0,0.0
custom kitchen island,0,1722124800,0,0.0
custom kitchen island,0,1722729600,0,0.0
custom kitchen island,0,1723334400,1,0.06772
custom kitchen island,0,1723939200,1,0.06772
custom kitchen island,0,1724544000,1,0.06772
custom kitchen island,0,1725148800,1,0.06772
custom kitchen island,0,1725753600,1,0.06772
custom kitchen island,0,1726358400,1,0.06772
custom kitchen island,0,1726963200,0,0.0
custom kitchen island,0,1727568000,1,0.06772
custom kitchen island,0,1728172800,1,0.06772
custom kitchen island,0,1728777600,1,0.06772
custom kitchen island,0,1729382400,1,0.06772
custom kitchen island,0,1729987200,1,0.06772
custom kitchen island,0,1730592000,1,0.06772
custom kitchen island,0,1731196800,1,0.06772
custom kitchen island,0,1731801600,1,0.06772
custom kitchen island,0,1732406400,1,0.06772
custom kitchen island,0,1733011200,1,0.06772
custom kitchen island,0,1733616000,1,0.06772
custom kitchen island,0,1734220800,1,0.06772
custom kitchen island,0,1734825600,1,0.06772
custom kitchen island,0,1735430400,1,0.06772
custom kitchen island,0,1736035200,1,0.06772
custom kitchen island,0,1736640000,1,0.06772
custom kitchen island,0,1737244800,0,0.0
custom kitchen island,0,1737849600,1,0.06772
custom kitchen island,0,1738454400,1,0.06772
custom kitchen island,0,1739059200,1,0.06772
custom kitchen island,0,1739664000,1,0.06772
custom kitchen island,0,1740268800,1,0.06772
custom kitchen island,0,1740873600,1,0.06772
custom kitchen island,0,1741478400,1,0.06772
custom kitchen island,0,1742083200,1,0.06772
custom kitchen island,0,1742688000,1,0.06772
custom kitchen island,0,1743292800,1,0.06772
custom kitchen island,0,1743897600,1,0.06772
custom kitchen island,0,1744502400,1,0.06772
custom kitchen island,0,1745107200,0,0.0
custom kitchen island,0,1745712000,1,0.06772
custom kitchen island,0,1746316800,1,0.06772
custom kitchen island,0,1746921600,1,0.06772
custom kitchen island,0,1747526400,0,0.0
custom kitchen island,0,1748131200,1,0.06772
custom kitchen island,0,1748736000,1,0.06772
custom kitchen island,0,1749340800,1,0.06772
custom kitchen island,0,1749945600,0,0.0
custom kitchen island,0,1750550400,1,0.06772
custom kitchen island,0,1751155200,1,0.06772
custom kitchen island,0,1751760000,1,0.06772
custom kitchen island,0,1752364800,1,0.06772
custom kitchen island,0,1752969600,1,0.06772
custom kitchen island,0,1753574400,1,0.06772
custom kitchen island,0,1754179200,1,0.06772
custom kitchen island,0,1754784000,1,0.06772
custom kitchen island,0,1755388800,1,0.06772
custom kitchen island,0,1755993600,1,0.06772
custom kitchen island,0,1756598400,1,0.06772
custom kitchen island,0,1757203200,1,0.06772
custom kitchen island,0,1757808000,1,0.06772
custom kitchen island,0,1758412800,1,0.06772
custom kitchen island,0,1759017600,1,0.06772
custom kitchen island,0,1759622400,1,0.06772
custom kitchen island,0,1760227200,1,0.06772
custom kitchen island,0,1760832000,1,0.06772
custom kitchen island,0,1761436800,1,0.06772
custom kitchen island,0,1762041600,1,0.06772
custom kitchen island,0,1762646400,1,0.06772
custom kitchen island,0,1763251200,1,0.06772
custom kitchen island,0,1763856000,1,0.06772
custom kitchen island,0,1764460800,1,0.06772
custom kitchen island,0,1765065600,1,0.06772
custom kitchen island,0,1765670400,1,0.06772
custom kitchen island,0,1766275200,0,0.0
custom kitchen island,0,1766880000,1,0.06772
custom kitchen island,0,1767484800,1,0.06772
custom kitchen island,0,1768089600,1,0.06772
custom kitchen island,0,1768694400,1,0.06772
custom kitchen island,0,1769299200,1,0.06772
custom kitchen island,0,1769904000,1,0.06772
custom kitchen island,0,1770508800,2,0.13544
custom kitchen island,0,1771113600,2,0.13544
custom kitchen island,0,1771718400,1,0.06772
custom kitchen island,0,1772323200,1,0.06772
custom kitchen island,0,1772928000,1,0.06772
custom kitchen island,0,1773532800,1,0.06772
custom kitchen island,0,1774137600,2,0.13544
custom kitchen island,0,1774742400,4,0.27087
custom kitchen island,0,1775347200,8,0.54174
custom kitchen island,0,1775952000,7,0.47402
custom kitchen island,0,1776556800,5,0.33859
custom kitchen island,0,1777161600,3,0.20315
custom kitchen island,0,1777766400,3,0.20315
custom kitchen island,0,1778371200,7,0.47402
custom kitchen island,0,1778976000,9,0.60946
custom kitchen island,0,1779580800,3,0.20315
custom kitchen island,0,1780185600,4,0.27087
custom kitchen island,0,1780790400,6,0.40631
custom kitchen island,0,1781395200,4,0.27087
custom kitchen island,0,1782000000,4,0.27087
custom kitchen island,0,1782604800,2,0.13544
custom kitchen island,0,1783209600,2,0.13544
custom kitchen island,0,1783814400,1,0.06772
custom kitchen island,0,1784419200,1,0.06772
custom kitchen island,0,1785024000,1,0.06772
custom kitchen island,0,1785628800,1,0.06772
custom kitchen island,0,1786233600,1,0.06772
custom kitchen island,0,1786838400,1,0.06772
custom kitchen island,0,1787443200,1,0.06772
custom dining table,1,1629590400,1,0.10582
custom dining table,1,1630195200,1,0.10582
custom dining table,1,1630800000,1,0.10582
custom dining table,1,1631404800,1,0.10582
custom dining table,1,1632009600,1,0.10582
custom dining table,1,1632614400,1,0.10582
custom dining table,1,1633219200,1,0.10582
custom dining table,1,1633824000,1,0.10582
custom dining table,1,1634428800,1,0.10582
custom dining table,1,1635033600,1,0.10582
custom dining table,1,1635638400,1,0.10582
custom dining table,1,1636243200,1,0.10582
custom dining table,1,1636848000,1,0.10582
custom dining table,1,1637452800,1,0.10582
custom dining table,1,1638057600,1,0.10582
custom dining table,1,1638662400,1,0.10582
custom dining table,1,1639267200,1,0.10582
custom dining table,1,1639872000,1,0.10582
custom dining table,1,1640476800,1,0.10582
custom dining table,1,1641081600,1,0.10582
custom dining table,1,1641686400,1,0.10582
custom dining table,1,1642291200,1,0.10582
custom dining table,1,1642896000,1,0.10582
custom dining table,1,1643500800,1,0.10582
custom dining table,1,1644105600,1,0.10582
custom dining table,1,1644710400,1,0.10582
custom dining table,1,1645315200,1,0.10582
custom dining table,1,1645920000,1,0.10582
custom dining table,1,1646524800,1,0.10582
custom dining table,1,1647129600,1,0.10582
custom dining table,1,1647734400,1,0.10582
custom dining table,1,1648339200,1,0.10582
custom dining table,1,1648944000,1,0.10582
custom dining table,1,1649548800,1,0.10582
custom dining table,1,1650153600,1,0.10582
custom dining table,1,1650758400,1,0.10582
custom dining table,1,1651363200,1,0.10582
custom dining table,1,1651968000,1,0.10582
custom dining table,1,1652572800,1,0.10582
custom dining table,1,1653177600,1,0.10582
custom dining table,1,1653782400,1,0.10582
custom dining table,1,1654387200,1,0.10582
custom dining table,1,1654992000,1,0.10582
custom dining table,1,1655596800,1,0.10582
custom dining table,1,1656201600,1,0.10582
custom dining table,1,1656806400,1,0.10582
custom dining table,1,1657411200,1,0.10582
custom dining table,1,1658016000,1,0.10582
custom dining table,1,1658620800,1,0.10582
custom dining table,1,1659225600,1,0.10582
custom dining table,1,1659830400,1,0.10582
custom dining table,1,1660435200,1,0.10582
custom dining table,1,1661040000,1,0.10582
custom dining table,1,1661644800,1,0.10582
custom dining table,1,1662249600,1,0.10582
custom dining table,1,1662854400,1,0.10582
custom dining table,1,1663459200,1,0.10582
custom dining table,1,1664064000,1,0.10582
custom dining table,1,1664668800,1,0.10582
custom dining table,1,1665273600,1,0.10582
custom dining table,1,1665878400,1,0.10582
custom dining table,1,1666483200,1,0.10582
custom dining table,1,1667088000,1,0.10582
custom dining table,1,1667692800,1,0.10582
custom dining table,1,1668297600,1,0.10582
custom dining table,1,1668902400,1,0.10582
custom dining table,1,1669507200,1,0.10582
custom dining table,1,1670112000,1,0.10582
custom dining table,1,1670716800,1,0.10582
custom dining table,1,1671321600,1,0.10582
custom dining table,1,1671926400,1,0.10582
custom dining table,1,1672531200,1,0.10582
custom dining table,1,1673136000,1,0.10582
custom dining table,1,1673740800,1,0.10582
custom dining table,1,1674345600,1,0.10582
custom dining table,1,1674950400,1,0.10582
custom dining table,1,1675555200,1,0.10582
custom dining table,1,1676160000,1,0.10582
custom dining table,1,1676764800,1,0.10582
custom dining table,1,1677369600,1,0.10582
custom dining table,1,1677974400,1,0.10582
custom dining table,1,1678579200,1,0.10582
custom dining table,1,1679184000,1,0.10582
custom dining table,1,1679788800,1,0.10582
custom dining table,1,1680393600,1,0.10582
custom dining table,1,1680998400,1,0.10582
custom dining table,1,1681603200,1,0.10582
custom dining table,1,1682208000,1,0.10582
custom dining table,1,1682812800,0,0.0
custom dining table,1,1683417600,1,0.10582
custom dining table,1,1684022400,1,0.10582
custom dining table,1,1684627200,1,0.10582
custom dining table,1,1685232000,1,0.10582
custom dining table,1,1685836800,1,0.10582
custom dining table,1,1686441600,1,0.10582
custom dining table,1,1687046400,1,0.10582
custom dining table,1,1687651200,1,0.10582
custom dining table,1,1688256000,1,0.10582
custom dining table,1,1688860800,1,0.10582
custom dining table,1,1689465600,1,0.10582
custom dining table,1,1690070400,1,0.10582
custom dining table,1,1690675200,1,0.10582
custom dining table,1,1691280000,1,0.10582
custom dining table,1,1691884800,0,0.0
custom dining table,1,1692489600,1,0.10582
custom dining table,1,1693094400,1,0.10582
custom dining table,1,1693699200,1,0.10582
custom dining table,1,1694304000,1,0.10582
custom dining table,1,1694908800,1,0.10582
custom dining table,1,1695513600,1,0.10582
custom dining table,1,1696118400,0,0.0
custom dining table,1,1696723200,1,0.10582
custom dining table,1,1697328000,1,0.10582
custom dining table,1,1697932800,1,0.10582
custom dining table,1,1698537600,1,0.10582
custom dining table,1,1699142400,1,0.10582
custom dining table,1,1699747200,1,0.10582
custom dining table,1,1700352000,1,0.10582
custom dining table,1,1700956800,1,0.10582
custom dining table,1,1701561600,1,0.10582
custom dining table,1,1702166400,1,0.10582
custom dining table,1,1702771200,1,0.10582
custom dining table,1,1703376000,1,0.10582
custom dining table,1,1703980800,1,0.10582
custom dining table,1,1704585600,1,0.10582
custom dining table,1,1705190400,1,0.10582
custom dining table,1,1705795200,1,0.10582
custom dining table,1,1706400000,1,0.10582
custom dining table,1,1707004800,1,0.10582
custom dining table,1,1707609600,1,0.10582
custom dining table,1,1708214400,1,0.10582
custom dining table,1,1708819200,1,0.10582
custom dining table,1,1709424000,1,0.10582
custom dining table,1,1710028800,1,0.10582
custom dining table,1,1710633600,1,0.10582
custom dining table,1,1711238400,1,0.10582
custom dining table,1,1711843200,1,0.10582
custom dining table,1,1712448000,1,0.10582
custom dining table,1,1713052800,0,0.0
custom dining table,1,1713657600,1,0.10582
custom dining table,1,1714262400,1,0.10582
custom dining table,1,1714867200,1,0.10582
custom dining table,1,1715472000,0,0.0
custom dining table,1,1716076800,1,0.10582
custom dining table,1,1716681600,1,0.10582
custom dining table,1,1717286400,1,0.10582
custom dining table,1,1717891200,1,0.10582
custom dining table,1,1718496000,1,0.10582
custom dining table,1,1719100800,1,0.10582
custom dining table,1,1719705600,1,0.10582
custom dining table,1,1720310400,1,0.10582
custom dining table,1,1720915200,0,0.0
custom dining table,1,1721520000,1,0.10582
custom dining table,1,1722124800,1,0.10582
custom dining table,1,1722729600,1,0.10582
custom dining table,1,1723334400,1,0.10582
custom dining table,1,1723939200,0,0.0
custom dining table,1,1724544000,1,0.10582
custom dining table,1,1725148800,1,0.10582
custom dining table,1,1725753600,1,0.10582
custom dining table,1,1726358400,1,0.10582
custom dining table,1,1726963200,1,0.10582
custom dining table,1,1727568000,1,0.10582
custom dining table,1,1728172800,1,0.10582
custom dining table,1,1728777600,1,0.10582
custom dining table,1,1729382400,1,0.10582
custom dining table,1,1729987200,1,0.10582
custom dining table,1,1730592000,1,0.10582
custom dining table,1,1731196800,1,0.10582
custom dining table,1,1731801600,1,0.10582
custom dining table,1,1732406400,1,0.10582
custom dining table,1,1733011200,1,0.10582
custom dining table,1,1733616000,1,0.10582
custom dining table,1,1734220800,1,0.10582
custom dining table,1,1734825600,1,0.10582
custom dining table,1,1735430400,1,0.10582
custom dining table,1,1736035200,1,0.10582
custom dining table,1,1736640000,1,0.10582
custom dining table,1,1737244800,1,0.10582
custom dining table,1,1737849600,1,0.10582
custom dining table,1,1738454400,1,0.10582
custom dining table,1,1739059200,1,0.10582
custom dining table,1,1739664000,1,0.10582
custom dining table,1,1740268800,1,0.10582
custom dining table,1,1740873600,1,0.10582
custom dining table,1,1741478400,1,0.10582
custom dining table,1,1742083200,1,0.10582
custom dining table,1,1742688000,1,0.10582
custom dining table,1,1743292800,1,0.10582
custom dining table,1,1743897600,0,0.0
custom dining table,1,1744502400,1,0.10582
custom dining table,1,1745107200,1,0.10582
custom dining table,1,1745712000,1,0.10582
custom dining table,1,1746316800,1,0.10582
custom dining table,1,1746921600,1,0.10582
custom dining table,1,1747526400,1,0.10582
custom dining table,1,1748131200,1,0.10582
custom dining table,1,1748736000,1,0.10582
custom dining table,1,1749340800,1,0.10582
custom dining table,1,1749945600,1,0.10582
custom dining table,1,1750550400,1,0.10582
custom dining table,1,1751155200,1,0.10582
custom dining table,1,1751760000,1,0.10582
custom dining table,1,1752364800,1,0.10582
custom dining table,1,1752969600,1,0.10582
custom dining table,1,1753574400,1,0.10582
custom dining table,1,1754179200,1,0.10582
custom dining table,1,1754784000,1,0.10582
custom dining table,1,1755388800,1,0.10582
custom dining table,1,1755993600,1,0.10582
custom dining table,1,1756598400,1,0.10582
custom dining table,1,1757203200,1,0.10582
custom dining table,1,1757808000,1,0.10582
custom dining table,1,1758412800,1,0.10582
custom dining table,1,1759017600,1,0.10582
custom dining table,1,1759622400,1,0.10582
custom dining table,1,1760227200,1,0.10582
custom dining table,1,1760832000,1,0.10582
custom dining table,1,1761436800,1,0.10582
custom dining table,1,1762041600,1,0.10582
custom dining table,1,1762646400,2,0.21163
custom dining table,1,1763251200,1,0.10582
custom dining table,1,1763856000,2,0.21163
custom dining table,1,1764460800,1,0.10582
custom dining table,1,1765065600,1,0.10582
custom dining table,1,1765670400,1,0.10582
custom dining table,1,1766275200,1,0.10582
custom dining table,1,1766880000,1,0.10582
custom dining table,1,1767484800,1,0.10582
custom dining table,1,1768089600,1,0.10582
custom dining table,1,1768694400,1,0.10582
custom dining table,1,1769299200,1,0.10582
custom dining table,1,1769904000,1,0.10582
custom dining table,1,1770508800,3,0.31745
custom dining table,1,1771113600,4,0.42326
custom dining table,1,1771718400,2,0.21163
custom dining table,1,1772323200,1,0.10582
custom dining table,1,1772928000,2,0.21163
custom dining table,1,1773532800,2,0.21163
custom dining table,1,1774137600,6,0.63489
custom dining table,1,1774742400,19,2.0105
custom dining table,1,1775347200,29,3.06866
custom dining table,1,1775952000,34,3.59774
custom dining table,1,1776556800,23,2.43376
custom dining table,1,1777161600,15,1.58724
custom dining table,1,1777766400,15,1.58724
custom dining table,1,1778371200,25,2.6454
custom dining table,1,1778976000,27,2.85703
custom dining table,1,1779580800,12,1.26979
custom dining table,1,1780185600,12,1.26979
custom dining table,1,1780790400,17,1.79887
custom dining table,1,1781395200,14,1.48142
custom dining table,1,1782000000,12,1.26979
custom dining table,1,1782604800,4,0.42326
custom dining table,1,1783209600,4,0.42326
custom dining table,1,1783814400,1,0.10582
custom dining table,1,1784419200,1,0.10582
custom dining table,1,1785024000,2,0.21163
custom dining table,1,1785628800,1,0.10582
custom dining table,1,1786233600,1,0.10582
custom dining table,1,1786838400,1,0.10582
custom dining table,1,1787443200,1,0.10582
custom desk,1,1629590400,3,0.31745
custom desk,1,1630195200,2,0.21163
custom desk,1,1630800000,2,0.21163
custom desk,1,1631404800,3,0.31745
custom desk,1,1632009600,3,0.31745
custom desk,1,1632614400,2,0.21163
custom desk,1,1633219200,3,0.31745
custom desk,1,1633824000,3,0.31745
custom desk,1,1634428800,3,0.31745
custom desk,1,1635033600,3,0.31745
custom desk,1,1635638400,3,0.31745
custom desk,1,1636243200,3,0.31745
custom desk,1,1636848000,4,0.42326
custom desk,1,1637452800,3,0.31745
custom desk,1,1638057600,3,0.31745
custom desk,1,1638662400,4,0.42326
custom desk,1,1639267200,3,0.31745
custom desk,1,1639872000,3,0.31745
custom desk,1,1640476800,3,0.31745
custom desk,1,1641081600,4,0.42326
custom desk,1,1641686400,3,0.31745
custom desk,1,1642291200,3,0.31745
custom desk,1,1642896000,4,0.42326
custom desk,1,1643500800,3,0.31745
custom desk,1,1644105600,4,0.42326
custom desk,1,1644710400,3,0.31745
custom desk,1,1645315200,3,0.31745
custom desk,1,1645920000,4,0.42326
custom desk,1,1646524800,4,0.42326
custom desk,1,1647129600,3,0.31745
custom desk,1,1647734400,3,0.31745
custom desk,1,1648339200,4,0.42326
custom desk,1,1648944000,3,0.31745
custom desk,1,1649548800,3,0.31745
custom desk,1,1650153600,3,0.31745
custom desk,1,1650758400,4,0.42326
custom desk,1,1651363200,3,0.31745
custom desk,1,1651968000,3,0.31745
custom desk,1,1652572800,3,0.31745
custom desk,1,1653177600,3,0.31745
custom desk,1,1653782400,2,0.21163
custom desk,1,1654387200,2,0.21163
custom desk,1,1654992000,3,0.31745
custom desk,1,1655596800,3,0.31745
custom desk,1,1656201600,3,0.31745
custom desk,1,1656806400,3,0.31745
custom desk,1,1657411200,3,0.31745
custom desk,1,1658016000,4,0.42326
custom desk,1,1658620800,3,0.31745
custom desk,1,1659225600,4,0.42326
custom desk,1,1659830400,4,0.42326
custom desk,1,1660435200,4,0.42326
custom desk,1,1661040000,3,0.31745
custom desk,1,1661644800,3,0.31745
custom desk,1,1662249600,3,0.31745
custom desk,1,1662854400,3,0.31745
custom desk,1,1663459200,3,0.31745
custom desk,1,1664064000,3,0.31745
custom desk,1,1664668800,3,0.31745
custom desk,1,1665273600,3,0.31745
custom desk,1,1665878400,3,0.31745
custom desk,1,1666483200,3,0.31745
custom desk,1,1667088000,3,0.31745
custom desk,1,1667692800,3,0.31745
custom desk,1,1668297600,3,0.31745
custom desk,1,1668902400,3,0.31745
custom desk,1,1669507200,4,0.42326
custom desk,1,1670112000,4,0.42326
custom desk,1,1670716800,4,0.42326
custom desk,1,1671321600,3,0.31745
custom desk,1,1671926400,3,0.31745
custom desk,1,1672531200,3,0.31745
custom desk,1,1673136000,3,0.31745
custom desk,1,1673740800,3,0.31745
custom desk,1,1674345600,3,0.31745
custom desk,1,1674950400,3,0.31745
custom desk,1,1675555200,3,0.31745
custom desk,1,1676160000,2,0.21163
custom desk,1,1676764800,3,0.31745
custom desk,1,1677369600,3,0.31745
custom desk,1,1677974400,3,0.31745
custom desk,1,1678579200,3,0.31745
custom desk,1,1679184000,3,0.31745
custom desk,1,1679788800,3,0.31745
custom desk,1,1680393600,3,0.31745
custom desk,1,1680998400,2,0.21163
custom desk,1,1681603200,3,0.31745
custom desk,1,1682208000,2,0.21163
custom desk,1,1682812800,3,0.31745
custom desk,1,1683417600,2,0.21163
custom desk,1,1684022400,3,0.31745
custom desk,1,1684627200,3,0.31745
custom desk,1,1685232000,3,0.31745
custom desk,1,1685836800,3,0.31745
custom desk,1,1686441600,3,0.31745
custom desk,1,1687046400,3,0.31745
custom desk,1,1687651200,3,0.31745
custom desk,1,1688256000,2,0.21163
custom desk,1,1688860800,2,0.21163
custom desk,1,1689465600,3,0.31745
custom desk,1,1690070400,3,0.31745
custom desk,1,1690675200,3,0.31745
custom desk,1,1691280000,3,0.31745
custom desk,1,1691884800,3,0.31745
custom desk,1,1692489600,3,0.31745
custom desk,1,1693094400,3,0.31745
custom desk,1,1693699200,3,0.31745
custom desk,1,1694304000,2,0.21163
custom desk,1,1694908800,3,0.31745
custom desk,1,1695513600,3,0.31745
custom desk,1,1696118400,2,0.21163
custom desk,1,1696723200,3,0.31745
custom desk,1,1697328000,3,0.31745
custom desk,1,1697932800,2,0.21163
custom desk,1,1698537600,2,0.21163
custom desk,1,1699142400,3,0.31745
custom desk,1,1699747200,3,0.31745
custom desk,1,1700352000,4,0.42326
custom desk,1,1700956800,4,0.42326
custom desk,1,1701561600,4,0.42326
custom desk,1,1702166400,4,0.42326
custom desk,1,1702771200,3,0.31745
custom desk,1,1703376000,3,0.31745
custom desk,1,1703980800,3,0.31745
custom desk,1,1704585600,3,0.31745
custom desk,1,1705190400,3,0.31745
custom desk,1,1705795200,3,0.31745
custom desk,1,1706400000,4,0.42326
custom desk,1,1707004800,3,0.31745
custom desk,1,1707609600,3,0.31745
custom desk,1,1708214400,3,0.31745
custom desk,1,1708819200,3,0.31745
custom desk,1,1709424000,3,0.31745
custom desk,1,1710028800,3,0.31745
custom desk,1,1710633600,2,0.21163
custom desk,1,1711238400,3,0.31745
custom desk,1,1711843200,3,0.31745
custom desk,1,1712448000,2,0.21163
custom desk,1,1713052800,3,0.31745
custom desk,1,1713657600,3,0.31745
custom desk,1,1714262400,3,0.31745
custom desk,1,1714867200,3,0.31745
custom desk,1,1715472000,2,0.21163
custom desk,1,1716076800,2,0.21163
custom desk,1,1716681600,3,0.31745
custom desk,1,1717286400,3,0.31745
custom desk,1,1717891200,3,0.31745
custom desk,1,1718496000,3,0.31745
custom desk,1,1719100800,2,0.21163
custom desk,1,1719705600,2,0.21163
custom desk,1,1720310400,3,0.31745
custom desk,1,1720915200,3,0.31745
custom desk,1,1721520000,3,0.31745
custom desk,1,1722124800,3,0.31745
custom desk,1,1722729600,3,0.31745
custom desk,1,1723334400,3,0.31745
custom desk,1,1723939200,3,0.31745
custom desk,1,1724544000,3,0.31745
custom desk,1,1725148800,3,0.31745
custom desk,1,1725753600,3,0.31745
custom desk,1,1726358400,3,0.31745
custom desk,1,1726963200,3,0.31745
custom desk,1,1727568000,3,0.31745
custom desk,1,1728172800,3,0.31745
custom desk,1,1728777600,3,0.31745
custom desk,1,1729382400,3,0.31745
custom desk,1,1729987200,3,0.31745
custom desk,1,1730592000,3,0.31745
custom desk,1,1731196800,3,0.31745
custom desk,1,1731801600,4,0.42326
custom desk,1,1732406400,5,0.52908
custom desk,1,1733011200,5,0.52908
custom desk,1,1733616000,5,0.52908
custom desk,1,1734220800,4,0.42326
custom desk,1,1734825600,3,0.31745
custom desk,1,1735430400,4,0.42326
custom desk,1,1736035200,4,0.42326
custom desk,1,1736640000,4,0.42326
custom desk,1,1737244800,3,0.31745
custom desk,1,1737849600,4,0.42326
custom desk,1,1738454400,3,0.31745
custom desk,1,1739059200,3,0.31745
custom desk,1,1739664000,3,0.31745
custom desk,1,1740268800,3,0.31745
custom desk,1,1740873600,3,0.31745
custom desk,1,1741478400,3,0.31745
custom desk,1,1742083200,3,0.31745
custom desk,1,1742688000,3,0.31745
custom desk,1,1743292800,3,0.31745
custom desk,1,1743897600,3,0.31745
custom desk,1,1744502400,3,0.31745
custom desk,1,1745107200,3,0.31745
custom desk,1,1745712000,3,0.31745
custom desk,1,1746316800,4,0.42326
custom desk,1,1746921600,3,0.31745
custom desk,1,1747526400,3,0.31745
custom desk,1,1748131200,3,0.31745
custom desk,1,1748736000,4,0.42326
custom desk,1,1749340800,4,0.42326
custom desk,1,1749945600,4,0.42326
custom desk,1,1750550400,4,0.42326
custom desk,1,1751155200,3,0.31745
custom desk,1,1751760000,4,0.42326
custom desk,1,1752364800,4,0.42326
custom desk,1,1752969600,5,0.52908
custom desk,1,1753574400,5,0.52908
custom desk,1,1754179200,4,0.42326
custom desk,1,1754784000,5,0.52908
custom desk,1,1755388800,4,0.42326
custom desk,1,1755993600,4,0.42326
custom desk,1,1756598400,4,0.42326
custom desk,1,1757203200,3,0.31745
custom desk,1,1757808000,4,0.42326
custom desk,1,1758412800,4,0.42326
custom desk,1,1759017600,4,0.42326
custom desk,1,1759622400,3,0.31745
custom desk,1,1760227200,4,0.42326
custom desk,1,1760832000,4,0.42326
custom desk,1,1761436800,4,0.42326
custom desk,1,1762041600,6,0.63489
custom desk,1,1762646400,6,0.63489
custom desk,1,1763251200,6,0.63489
custom desk,1,1763856000,6,0.63489
custom desk,1,1764460800,6,0.63489
custom desk,1,1765065600,7,0.74071
custom desk,1,1765670400,6,0.63489
custom desk,1,1766275200,5,0.52908
custom desk,1,1766880000,4,0.42326
custom desk,1,1767484800,5,0.52908
custom desk,1,1768089600,5,0.52908
custom desk,1,1768694400,5,0.52908
custom desk,1,1769299200,5,0.52908
custom desk,1,1769904000,5,0.52908
custom desk,1,1770508800,11,1.16397
custom desk,1,1771113600,11,1.16397
custom desk,1,1771718400,9,0.95234
custom desk,1,1772323200,7,0.74071
custom desk,1,1772928000,7,0.74071
custom desk,1,1773532800,9,0.95234
custom desk,1,1774137600,24,2.53958
custom desk,1,1774742400,63,6.6664
custom desk,1,1775347200,90,9.52342
custom desk,1,1775952000,100,10.58158
custom desk,1,1776556800,67,7.08966
custom desk,1,1777161600,58,6.13732
custom desk,1,1777766400,55,5.81987
custom desk,1,1778371200,71,7.51292
custom desk,1,1778976000,60,6.34895
custom desk,1,1779580800,30,3.17447
custom desk,1,1780185600,32,3.38611
custom desk,1,1780790400,44,4.6559
custom desk,1,1781395200,37,3.91519
custom desk,1,1782000000,35,3.70355
custom desk,1,1782604800,13,1.37561
custom desk,1,1783209600,11,1.16397
custom desk,1,1783814400,5,0.52908
custom desk,1,1784419200,6,0.63489
custom desk,1,1785024000,5,0.52908
custom desk,1,1785628800,5,0.52908
custom desk,1,1786233600,5,0.52908
custom desk,1,1786838400,4,0.42326
custom desk,1,1787443200,4,0.42326
custom bookshelf,1,1629590400,0,0.0
custom bookshelf,1,1630195200,0,0.0
custom bookshelf,1,1630800000,0,0.0
custom bookshelf,1,1631404800,0,0.0
custom bookshelf,1,1632009600,0,0.0
custom bookshelf,1,1632614400,0,0.0
custom bookshelf,1,1633219200,0,0.0
custom bookshelf,1,1633824000,0,0.0
custom bookshelf,1,1634428800,0,0.0
custom bookshelf,1,1635033600,0,0.0
custom bookshelf,1,1635638400,0,0.0
custom bookshelf,1,1636243200,0,0.0
custom bookshelf,1,1636848000,0,0.0
custom bookshelf,1,1637452800,1,0.10582
custom bookshelf,1,1638057600,0,0.0
custom bookshelf,1,1638662400,0,0.0
custom bookshelf,1,1639267200,0,0.0
custom bookshelf,1,1639872000,0,0.0
custom bookshelf,1,1640476800,0,0.0
custom bookshelf,1,1641081600,1,0.10582
custom bookshelf,1,1641686400,0,0.0
custom bookshelf,1,1642291200,0,0.0
custom bookshelf,1,1642896000,0,0.0
custom bookshelf,1,1643500800,0,0.0
custom bookshelf,1,1644105600,0,0.0
custom bookshelf,1,1644710400,0,0.0
custom bookshelf,1,1645315200,0,0.0
custom bookshelf,1,1645920000,0,0.0
custom bookshelf,1,1646524800,0,0.0
custom bookshelf,1,1647129600,0,0.0
custom bookshelf,1,1647734400,0,0.0
custom bookshelf,1,1648339200,0,0.0
custom bookshelf,1,1648944000,0,0.0
custom bookshelf,1,1649548800,0,0.0
custom bookshelf,1,1650153600,0,0.0
custom bookshelf,1,1650758400,0,0.0
custom bookshelf,1,1651363200,0,0.0
custom bookshelf,1,1651968000,0,0.0
custom bookshelf,1,1652572800,0,0.0
custom bookshelf,1,1653177600,0,0.0
custom bookshelf,1,1653782400,0,0.0
custom bookshelf,1,1654387200,0,0.0
custom bookshelf,1,1654992000,0,0.0
custom bookshelf,1,1655596800,0,0.0
custom bookshelf,1,1656201600,0,0.0
custom bookshelf,1,1656806400,0,0.0
custom bookshelf,1,1657411200,0,0.0
custom bookshelf,1,1658016000,0,0.0
custom bookshelf,1,1658620800,0,0.0
custom bookshelf,1,1659225600,0,0.0
custom bookshelf,1,1659830400,0,0.0
custom bookshelf,1,1660435200,0,0.0
custom bookshelf,1,1661040000,0,0.0
custom bookshelf,1,1661644800,0,0.0
custom bookshelf,1,1662249600,0,0.0
custom bookshelf,1,1662854400,0,0.0
custom bookshelf,1,1663459200,0,0.0
custom bookshelf,1,1664064000,0,0.0
custom bookshelf,1,1664668800,0,0.0
custom bookshelf,1,1665273600,0,0.0
custom bookshelf,1,1665878400,0,0.0
custom bookshelf,1,1666483200,0,0.0
custom bookshelf,1,1667088000,0,0.0
custom bookshelf,1,1667692800,0,0.0
custom bookshelf,1,1668297600,0,0.0
custom bookshelf,1,1668902400,1,0.10582
custom bookshelf,1,1669507200,0,0.0
custom bookshelf,1,1670112000,0,0.0
custom bookshelf,1,1670716800,0,0.0
custom bookshelf,1,1671321600,0,0.0
custom bookshelf,1,1671926400,0,0.0
custom bookshelf,1,1672531200,0,0.0
custom bookshelf,1,1673136000,0,0.0
custom bookshelf,1,1673740800,1,0.10582
custom bookshelf,1,1674345600,0,0.0
custom bookshelf,1,1674950400,0,0.0
custom bookshelf,1,1675555200,0,0.0
custom bookshelf,1,1676160000,0,0.0
custom bookshelf,1,1676764800,0,0.0
custom bookshelf,1,1677369600,0,0.0
custom bookshelf,1,1677974400,0,0.0
custom bookshelf,1,1678579200,0,0.0
custom bookshelf,1,1679184000,0,0.0
custom bookshelf,1,1679788800,0,0.0
custom bookshelf,1,1680393600,0,0.0
custom bookshelf,1,1680998400,0,0.0
custom bookshelf,1,1681603200,0,0.0
custom bookshelf,1,1682208000,0,0.0
custom bookshelf,1,1682812800,0,0.0
custom bookshelf,1,1683417600,0,0.0
custom bookshelf,1,1684022400,0,0.0
custom bookshelf,1,1684627200,0,0.0
custom bookshelf,1,1685232000,0,0.0
custom bookshelf,1,1685836800,0,0.0
custom bookshelf,1,1686441600,0,0.0
custom bookshelf,1,1687046400,0,0.0
custom bookshelf,1,1687651200,1,0.10582
custom bookshelf,1,1688256000,0,0.0
custom bookshelf,1,1688860800,0,0.0
custom bookshelf,1,1689465600,0,0.0
custom bookshelf,1,1690070400,0,0.0
custom bookshelf,1,1690675200,0,0.0
custom bookshelf,1,1691280000,0,0.0
custom bookshelf,1,1691884800,0,0.0
custom bookshelf,1,1692489600,0,0.0
custom bookshelf,1,1693094400,0,0.0
custom bookshelf,1,1693699200,0,0.0
custom bookshelf,1,1694304000,1,0.10582
custom bookshelf,1,1694908800,0,0.0
custom bookshelf,1,1695513600,0,0.0
custom bookshelf,1,1696118400,0,0.0
custom bookshelf,1,1696723200,0,0.0
custom bookshelf,1,1697328000,0,0.0
custom bookshelf,1,1697932800,1,0.10582
custom bookshelf,1,1698537600,0,0.0
custom bookshelf,1,1699142400,0,0.0
custom bookshelf,1,1699747200,0,0.0
custom bookshelf,1,1700352000,0,0.0
custom bookshelf,1,1700956800,0,0.0
custom bookshelf,1,1701561600,1,0.10582
custom bookshelf,1,1702166400,0,0.0
custom bookshelf,1,1702771200,0,0.0
custom bookshelf,1,1703376000,0,0.0
custom bookshelf,1,1703980800,1,0.10582
custom bookshelf,1,1704585600,0,0.0
custom bookshelf,1,1705190400,0,0.0
custom bookshelf,1,1705795200,1,0.10582
custom bookshelf,1,1706400000,1,0.10582
custom bookshelf,1,1707004800,0,0.0
custom bookshelf,1,1707609600,0,0.0
custom bookshelf,1,1708214400,0,0.0
custom bookshelf,1,1708819200,0,0.0
custom bookshelf,1,1709424000,0,0.0
custom bookshelf,1,1710028800,0,0.0
custom bookshelf,1,1710633600,0,0.0
custom bookshelf,1,1711238400,0,0.0
custom bookshelf,1,1711843200,0,0.0
custom bookshelf,1,1712448000,0,0.0
custom bookshelf,1,1713052800,0,0.0
custom bookshelf,1,1713657600,1,0.10582
custom bookshelf,1,1714262400,0,0.0
custom bookshelf,1,1714867200,0,0.0
custom bookshelf,1,1715472000,0,0.0
custom bookshelf,1,1716076800,0,0.0
custom bookshelf,1,1716681600,0,0.0
custom bookshelf,1,1717286400,0,0.0
custom bookshelf,1,1717891200,1,0.10582
custom bookshelf,1,1718496000,0,0.0
custom bookshelf,1,1719100800,0,0.0
custom bookshelf,1,1719705600,0,0.0
custom bookshelf,1,1720310400,0,0.0
custom bookshelf,1,1720915200,0,0.0
custom bookshelf,1,1721520000,0,0.0
custom bookshelf,1,1722124800,0,0.0
custom bookshelf,1,1722729600,0,0.0
custom bookshelf,1,1723334400,0,0.0
custom bookshelf,1,1723939200,0,0.0
custom bookshelf,1,1724544000,0,0.0
custom bookshelf,1,1725148800,0,0.0
custom bookshelf,1,1725753600,0,0.0
custom bookshelf,1,1726358400,0,0.0
custom bookshelf,1,1726963200,0,0.0
custom bookshelf,1,1727568000,0,0.0
custom bookshelf,1,1728172800,0,0.0
custom bookshelf,1,1728777600,0,0.0
custom bookshelf,1,1729382400,1,0.10582
custom bookshelf,1,1729987200,0,0.0
custom bookshelf,1,1730592000,0,0.0
custom bookshelf,1,1731196800,0,0.0
custom bookshelf,1,1731801600,1,0.10582
custom bookshelf,1,1732406400,0,0.0
custom bookshelf,1,1733011200,1,0.10582
custom bookshelf,1,1733616000,1,0.10582
custom bookshelf,1,1734220800,0,0.0
custom bookshelf,1,1734825600,1,0.10582
custom bookshelf,1,1735430400,1,0.10582
custom bookshelf,1,1736035200,0,0.0
custom bookshelf,1,1736640000,1,0.10582
custom bookshelf,1,1737244800,1,0.10582
custom bookshelf,1,1737849600,0,0.0
custom bookshelf,1,1738454400,1,0.10582
custom bookshelf,1,1739059200,0,0.0
custom bookshelf,1,1739664000,1,0.10582
custom bookshelf,1,1740268800,1,0.10582
custom bookshelf,1,1740873600,0,0.0
custom bookshelf,1,1741478400,0,0.0
custom bookshelf,1,1742083200,0,0.0
custom bookshelf,1,1742688000,0,0.0
custom bookshelf,1,1743292800,1,0.10582
custom bookshelf,1,1743897600,0,0.0
custom bookshelf,1,1744502400,0,0.0
custom bookshelf,1,1745107200,1,0.10582
custom bookshelf,1,1745712000,0,0.0
custom bookshelf,1,1746316800,0,0.0
custom bookshelf,1,1746921600,0,0.0
custom bookshelf,1,1747526400,0,0.0
custom bookshelf,1,1748131200,0,0.0
custom bookshelf,1,1748736000,0,0.0
custom bookshelf,1,1749340800,1,0.10582
custom bookshelf,1,1749945600,1,0.10582
custom bookshelf,1,1750550400,0,0.0
custom bookshelf,1,1751155200,0,0.0
custom bookshelf,1,1751760000,0,0.0
custom bookshelf,1,1752364800,1,0.10582
custom bookshelf,1,1752969600,0,0.0
custom bookshelf,1,1753574400,1,0.10582
custom bookshelf,1,1754179200,1,0.10582
custom bookshelf,1,1754784000,1,0.10582
custom bookshelf,1,1755388800,0,0.0
custom bookshelf,1,1755993600,1,0.10582
custom bookshelf,1,1756598400,0,0.0
custom bookshelf,1,1757203200,0,0.0
custom bookshelf,1,1757808000,1,0.10582
custom bookshelf,1,1758412800,0,0.0
custom bookshelf,1,1759017600,1,0.10582
custom bookshelf,1,1759622400,0,0.0
custom bookshelf,1,1760227200,1,0.10582
custom bookshelf,1,1760832000,1,0.10582
custom bookshelf,1,1761436800,0,0.0
custom bookshelf,1,1762041600,1,0.10582
custom bookshelf,1,1762646400,1,0.10582
custom bookshelf,1,1763251200,0,0.0
custom bookshelf,1,1763856000,1,0.10582
custom bookshelf,1,1764460800,1,0.10582
custom bookshelf,1,1765065600,0,0.0
custom bookshelf,1,1765670400,1,0.10582
custom bookshelf,1,1766275200,0,0.0
custom bookshelf,1,1766880000,1,0.10582
custom bookshelf,1,1767484800,1,0.10582
custom bookshelf,1,1768089600,1,0.10582
custom bookshelf,1,1768694400,1,0.10582
custom bookshelf,1,1769299200,1,0.10582
custom bookshelf,1,1769904000,1,0.10582
custom bookshelf,1,1770508800,1,0.10582
custom bookshelf,1,1771113600,2,0.21163
custom bookshelf,1,1771718400,1,0.10582
custom bookshelf,1,1772323200,1,0.10582
custom bookshelf,1,1772928000,1,0.10582
custom bookshelf,1,1773532800,1,0.10582
custom bookshelf,1,1774137600,4,0.42326
custom bookshelf,1,1774742400,10,1.05816
custom bookshelf,1,1775347200,15,1.58724
custom bookshelf,1,1775952000,14,1.48142
custom bookshelf,1,1776556800,12,1.26979
custom bookshelf,1,1777161600,9,0.95234
custom bookshelf,1,1777766400,10,1.05816
custom bookshelf,1,1778371200,11,1.16397
custom bookshelf,1,1778976000,7,0.74071
custom bookshelf,1,1779580800,6,0.63489
custom bookshelf,1,1780185600,5,0.52908
custom bookshelf,1,1780790400,7,0.74071
custom bookshelf,1,1781395200,6,0.63489
custom bookshelf,1,1782000000,6,0.63489
custom bookshelf,1,1782604800,2,0.21163
custom bookshelf,1,1783209600,2,0.21163
custom bookshelf,1,1783814400,1,0.10582
custom bookshelf,1,1784419200,1,0.10582
custom bookshelf,1,1785024000,1,0.10582
custom bookshelf,1,1785628800,1,0.10582
custom bookshelf,1,1786233600,1,0.10582
custom bookshelf,1,1786838400,1,0.10582
custom bookshelf,1,1787443200,1,0.10582
custom headboard,1,1629590400,0,0.0
custom headboard,1,1630195200,0,0.0
custom headboard,1,1630800000,0,0.0
custom headboard,1,1631404800,0,0.0
custom headboard,1,1632009600,0,0.0
custom headboard,1,1632614400,0,0.0
custom headboard,1,1633219200,0,0.0
custom headboard,1,1633824000,1,0.10582
custom headboard,1,1634428800,0,0.0
custom headboard,1,1635033600,0,0.0
custom headboard,1,1635638400,0,0.0
custom headboard,1,1636243200,0,0.0
custom headboard,1,1636848000,0,0.0
custom headboard,1,1637452800,0,0.0
custom headboard,1,1638057600,0,0.0
custom headboard,1,1638662400,0,0.0
custom headboard,1,1639267200,0,0.0
custom headboard,1,1639872000,0,0.0
custom headboard,1,1640476800,0,0.0
custom headboard,1,1641081600,0,0.0
custom headboard,1,1641686400,0,0.0
custom headboard,1,1642291200,0,0.0
custom headboard,1,1642896000,0,0.0
custom headboard,1,1643500800,0,0.0
custom headboard,1,1644105600,0,0.0
custom headboard,1,1644710400,0,0.0
custom headboard,1,1645315200,0,0.0
custom headboard,1,1645920000,0,0.0
custom headboard,1,1646524800,0,0.0
custom headboard,1,1647129600,0,0.0
custom headboard,1,1647734400,1,0.10582
custom headboard,1,1648339200,0,0.0
custom headboard,1,1648944000,1,0.10582
custom headboard,1,1649548800,0,0.0
custom headboard,1,1650153600,0,0.0
custom headboard,1,1650758400,0,0.0
custom headboard,1,1651363200,0,0.0
custom headboard,1,1651968000,0,0.0
custom headboard,1,1652572800,0,0.0
custom headboard,1,1653177600,0,0.0
custom headboard,1,1653782400,0,0.0
custom headboard,1,1654387200,0,0.0
custom headboard,1,1654992000,0,0.0
custom headboard,1,1655596800,0,0.0
custom headboard,1,1656201600,0,0.0
custom headboard,1,1656806400,0,0.0
custom headboard,1,1657411200,0,0.0
custom headboard,1,1658016000,0,0.0
custom headboard,1,1658620800,0,0.0
custom headboard,1,1659225600,0,0.0
custom headboard,1,1659830400,0,0.0
custom headboard,1,1660435200,1,0.10582
custom headboard,1,1661040000,0,0.0
custom headboard,1,1661644800,0,0.0
custom headboard,1,1662249600,0,0.0
custom headboard,1,1662854400,0,0.0
custom headboard,1,1663459200,0,0.0
custom headboard,1,1664064000,0,0.0
custom headboard,1,1664668800,0,0.0
custom headboard,1,1665273600,0,0.0
custom headboard,1,1665878400,0,0.0
custom headboard,1,1666483200,0,0.0
custom headboard,1,1667088000,0,0.0
custom headboard,1,1667692800,0,0.0
custom headboard,1,1668297600,0,0.0
custom headboard,1,1668902400,0,0.0
custom headboard,1,1669507200,0,0.0
custom headboard,1,1670112000,0,0.0
custom headboard,1,1670716800,0,0.0
custom headboard,1,1671321600,0,0.0
custom headboard,1,1671926400,0,0.0
custom headboard,1,1672531200,0,0.0
custom headboard,1,1673136000,0,0.0
custom headboard,1,1673740800,0,0.0
custom headboard,1,1674345600,0,0.0
custom headboard,1,1674950400,1,0.10582
custom headboard,1,1675555200,0,0.0
custom headboard,1,1676160000,0,0.0
custom headboard,1,1676764800,1,0.10582
custom headboard,1,1677369600,1,0.10582
custom headboard,1,1677974400,0,0.0
custom headboard,1,1678579200,0,0.0
custom headboard,1,1679184000,0,0.0
custom headboard,1,1679788800,0,0.0
custom headboard,1,1680393600,0,0.0
custom headboard,1,1680998400,0,0.0
custom headboard,1,1681603200,0,0.0
custom headboard,1,1682208000,0,0.0
custom headboard,1,1682812800,0,0.0
custom headboard,1,1683417600,0,0.0
custom headboard,1,1684022400,0,0.0
custom headboard,1,1684627200,0,0.0
custom headboard,1,1685232000,0,0.0
custom headboard,1,1685836800,0,0.0
custom headboard,1,1686441600,0,0.0
custom headboard,1,1687046400,0,0.0
custom headboard,1,1687651200,0,0.0
custom headboard,1,1688256000,0,0.0
custom headboard,1,1688860800,0,0.0
custom headboard,1,1689465600,0,0.0
custom headboard,1,1690070400,0,0.0
custom headboard,1,1690675200,0,0.0
custom headboard,1,1691280000,0,0.0
custom headboard,1,1691884800,0,0.0
custom headboard,1,1692489600,0,0.0
custom headboard,1,1693094400,0,0.0
custom headboard,1,1693699200,1,0.10582
custom headboard,1,1694304000,0,0.0
custom headboard,1,1694908800,0,0.0
custom headboard,1,1695513600,0,0.0
custom headboard,1,1696118400,0,0.0
custom headboard,1,1696723200,0,0.0
custom headboard,1,1697328000,0,0.0
custom headboard,1,1697932800,0,0.0
custom headboard,1,1698537600,0,0.0
custom headboard,1,1699142400,0,0.0
custom headboard,1,1699747200,0,0.0
custom headboard,1,1700352000,0,0.0
custom headboard,1,1700956800,0,0.0
custom headboard,1,1701561600,0,0.0
custom headboard,1,1702166400,0,0.0
custom headboard,1,1702771200,0,0.0
custom headboard,1,1703376000,0,0.0
custom headboard,1,1703980800,0,0.0
custom headboard,1,1704585600,0,0.0
custom headboard,1,1705190400,0,0.0
custom headboard,1,1705795200,0,0.0
custom headboard,1,1706400000,0,0.0
custom headboard,1,1707004800,0,0.0
custom headboard,1,1707609600,0,0.0
custom headboard,1,1708214400,1,0.10582
custom headboard,1,1708819200,0,0.0
custom headboard,1,1709424000,0,0.0
custom headboard,1,1710028800,0,0.0
custom headboard,1,1710633600,0,0.0
custom headboard,1,1711238400,0,0.0
custom headboard,1,1711843200,0,0.0
custom headboard,1,1712448000,0,0.0
custom headboard,1,1713052800,0,0.0
custom headboard,1,1713657600,0,0.0
custom headboard,1,1714262400,0,0.0
custom headboard,1,1714867200,0,0.0
custom headboard,1,1715472000,0,0.0
custom headboard,1,1716076800,0,0.0
custom headboard,1,1716681600,0,0.0
custom headboard,1,1717286400,0,0.0
custom headboard,1,1717891200,0,0.0
custom headboard,1,1718496000,0,0.0
custom headboard,1,1719100800,1,0.10582
custom headboard,1,1719705600,0,0.0
custom headboard,1,1720310400,0,0.0
custom headboard,1,1720915200,0,0.0
custom headboard,1,1721520000,0,0.0
custom headboard,1,1722124800,0,0.0
custom headboard,1,1722729600,0,0.0
custom headboard,1,1723334400,0,0.0
custom headboard,1,1723939200,1,0.10582
custom headboard,1,1724544000,0,0.0
custom headboard,1,1725148800,0,0.0
custom headboard,1,1725753600,0,0.0
custom headboard,1,1726358400,0,0.0
custom headboard,1,1726963200,0,0.0
custom headboard,1,1727568000,0,0.0
custom headboard,1,1728172800,0,0.0
custom headboard,1,1728777600,0,0.0
custom headboard,1,1729382400,0,0.0
custom headboard,1,1729987200,0,0.0
custom headboard,1,1730592000,1,0.10582
custom headboard,1,1731196800,0,0.0
custom headboard,1,1731801600,0,0.0
custom headboard,1,1732406400,0,0.0
custom headboard,1,1733011200,0,0.0
custom headboard,1,1733616000,0,0.0
custom headboard,1,1734220800,0,0.0
custom headboard,1,1734825600,1,0.10582
custom headboard,1,1735430400,0,0.0
custom headboard,1,1736035200,0,0.0
custom headboard,1,1736640000,0,0.0
custom headboard,1,1737244800,0,0.0
custom headboard,1,1737849600,0,0.0
custom headboard,1,1738454400,0,0.0
custom headboard,1,1739059200,0,0.0
custom headboard,1,1739664000,0,0.0
custom headboard,1,1740268800,0,0.0
custom headboard,1,1740873600,0,0.0
custom headboard,1,1741478400,0,0.0
custom headboard,1,1742083200,0,0.0
custom headboard,1,1742688000,0,0.0
custom headboard,1,1743292800,0,0.0
custom headboard,1,1743897600,0,0.0
custom headboard,1,1744502400,0,0.0
custom headboard,1,1745107200,0,0.0
custom headboard,1,1745712000,0,0.0
custom headboard,1,1746316800,1,0.10582
custom headboard,1,1746921600,0,0.0
custom headboard,1,1747526400,0,0.0
custom headboard,1,1748131200,0,0.0
custom headboard,1,1748736000,0,0.0
custom headboard,1,1749340800,0,0.0
custom headboard,1,1749945600,0,0.0
custom headboard,1,1750550400,0,0.0
custom headboard,1,1751155200,1,0.10582
custom headboard,1,1751760000,0,0.0
custom headboard,1,1752364800,1,0.10582
custom headboard,1,1752969600,0,0.0
custom headboard,1,1753574400,0,0.0
custom headboard,1,1754179200,0,0.0
custom headboard,1,1754784000,1,0.10582
custom headboard,1,1755388800,1,0.10582
custom headboard,1,1755993600,0,0.0
custom headboard,1,1756598400,0,0.0
custom headboard,1,1757203200,0,0.0
custom headboard,1,1757808000,0,0.0
custom headboard,1,1758412800,0,0.0
custom headboard,1,1759017600,0,0.0
custom headboard,1,1759622400,0,0.0
custom headboard,1,1760227200,0,0.0
custom headboard,1,1760832000,0,0.0
custom headboard,1,1761436800,0,0.0
custom headboard,1,1762041600,1,0.10582
custom headboard,1,1762646400,0,0.0
custom headboard,1,1763251200,0,0.0
custom headboard,1,1763856000,0,0.0
custom headboard,1,1764460800,0,0.0
custom headboard,1,1765065600,0,0.0
custom headboard,1,1765670400,1,0.10582
custom headboard,1,1766275200,0,0.0
custom headboard,1,1766880000,1,0.10582
custom headboard,1,1767484800,0,0.0
custom headboard,1,1768089600,1,0.10582
custom headboard,1,1768694400,0,0.0
custom headboard,1,1769299200,0,0.0
custom headboard,1,1769904000,0,0.0
custom headboard,1,1770508800,1,0.10582
custom headboard,1,1771113600,1,0.10582
custom headboard,1,1771718400,1,0.10582
custom headboard,1,1772323200,0,0.0
custom headboard,1,1772928000,1,0.10582
custom headboard,1,1773532800,1,0.10582
custom headboard,1,1774137600,2,0.21163
custom headboard,1,1774742400,6,0.63489
custom headboard,1,1775347200,10,1.05816
custom headboard,1,1775952000,11,1.16397
custom headboard,1,1776556800,8,0.84653
custom headboard,1,1777161600,5,0.52908
custom headboard,1,1777766400,4,0.42326
custom headboard,1,1778371200,8,0.84653
custom headboard,1,1778976000,10,1.05816
custom headboard,1,1779580800,4,0.42326
custom headboard,1,1780185600,4,0.42326
custom headboard,1,1780790400,6,0.63489
custom headboard,1,1781395200,6,0.63489
custom headboard,1,1782000000,6,0.63489
custom headboard,1,1782604800,2,0.21163
custom headboard,1,1783209600,2,0.21163
custom headboard,1,1783814400,0,0.0
custom headboard,1,1784419200,1,0.10582
custom headboard,1,1785024000,0,0.0
custom headboard,1,1785628800,0,0.0
custom headboard,1,1786233600,1,0.10582
custom headboard,1,1786838400,0,0.0
custom headboard,1,1787443200,0,0.0
custom coffee table,2,1629590400,1,0.06772
custom coffee table,2,1630195200,1,0.06772
custom coffee table,2,1630800000,1,0.06772
custom coffee table,2,1631404800,1,0.06772
custom coffee table,2,1632009600,1,0.06772
custom coffee table,2,1632614400,1,0.06772
custom coffee table,2,1633219200,1,0.06772
custom coffee table,2,1633824000,1,0.06772
custom coffee table,2,1634428800,1,0.06772
custom coffee table,2,1635033600,1,0.06772
custom coffee table,2,1635638400,1,0.06772
custom coffee table,2,1636243200,1,0.06772
custom coffee table,2,1636848000,1,0.06772
custom coffee table,2,1637452800,1,0.06772
custom coffee table,2,1638057600,1,0.06772
custom coffee table,2,1638662400,1,0.06772
custom coffee table,2,1639267200,1,0.06772
custom coffee table,2,1639872000,0,0.0
custom coffee table,2,1640476800,1,0.06772
custom coffee table,2,1641081600,0,0.0
custom coffee table,2,1641686400,1,0.06772
custom coffee table,2,1642291200,1,0.06772
custom coffee table,2,1642896000,1,0.06772
custom coffee table,2,1643500800,1,0.06772
custom coffee table,2,1644105600,1,0.06772
custom coffee table,2,1644710400,1,0.06772
custom coffee table,2,1645315200,1,0.06772
custom coffee table,2,1645920000,1,0.06772
custom coffee table,2,1646524800,0,0.0
custom coffee table,2,1647129600,1,0.06772
custom coffee table,2,1647734400,1,0.06772
custom coffee table,2,1648339200,1,0.06772
custom coffee table,2,1648944000,1,0.06772
custom coffee table,2,1649548800,1,0.06772
custom coffee table,2,1650153600,1,0.06772
custom coffee table,2,1650758400,1,0.06772
custom coffee table,2,1651363200,1,0.06772
custom coffee table,2,1651968000,1,0.06772
custom coffee table,2,1652572800,1,0.06772
custom coffee table,2,1653177600,1,0.06772
custom coffee table,2,1653782400,0,0.0
custom coffee table,2,1654387200,1,0.06772
custom coffee table,2,1654992000,1,0.06772
custom coffee table,2,1655596800,0,0.0
custom coffee table,2,1656201600,1,0.06772
custom coffee table,2,1656806400,0,0.0
custom coffee table,2,1657411200,1,0.06772
custom coffee table,2,1658016000,1,0.06772
custom coffee table,2,1658620800,1,0.06772
custom coffee table,2,1659225600,1,0.06772
custom coffee table,2,1659830400,1,0.06772
custom coffee table,2,1660435200,1,0.06772
custom coffee table,2,1661040000,1,0.06772
custom coffee table,2,1661644800,1,0.06772
custom coffee table,2,1662249600,1,0.06772
custom coffee table,2,1662854400,1,0.06772
custom coffee table,2,1663459200,1,0.06772
custom coffee table,2,1664064000,1,0.06772
custom coffee table,2,1664668800,1,0.06772
custom coffee table,2,1665273600,1,0.06772
custom coffee table,2,1665878400,0,0.0
custom coffee table,2,1666483200,1,0.06772
custom coffee table,2,1667088000,1,0.06772
custom coffee table,2,1667692800,1,0.06772
custom coffee table,2,1668297600,1,0.06772
custom coffee table,2,1668902400,1,0.06772
custom coffee table,2,1669507200,1,0.06772
custom coffee table,2,1670112000,1,0.06772
custom coffee table,2,1670716800,1,0.06772
custom coffee table,2,1671321600,1,0.06772
custom coffee table,2,1671926400,0,0.0
custom coffee table,2,1672531200,1,0.06772
custom coffee table,2,1673136000,1,0.06772
custom coffee table,2,1673740800,1,0.06772
custom coffee table,2,1674345600,1,0.06772
custom coffee table,2,1674950400,1,0.06772
custom coffee table,2,1675555200,1,0.06772
custom coffee table,2,1676160000,1,0.06772
custom coffee table,2,1676764800,1,0.06772
custom coffee table,2,1677369600,1,0.06772
custom coffee table,2,1677974400,1,0.06772
custom coffee table,2,1678579200,1,0.06772
custom coffee table,2,1679184000,0,0.0
custom coffee table,2,1679788800,1,0.06772
custom coffee table,2,1680393600,1,0.06772
custom coffee table,2,1680998400,1,0.06772
custom coffee table,2,1681603200,1,0.06772
custom coffee table,2,1682208000,1,0.06772
custom coffee table,2,1682812800,1,0.06772
custom coffee table,2,1683417600,1,0.06772
custom coffee table,2,1684022400,1,0.06772
custom coffee table,2,1684627200,0,0.0
custom coffee table,2,1685232000,1,0.06772
custom coffee table,2,1685836800,1,0.06772
custom coffee table,2,1686441600,1,0.06772
custom coffee table,2,1687046400,1,0.06772
custom coffee table,2,1687651200,1,0.06772
custom coffee table,2,1688256000,1,0.06772
custom coffee table,2,1688860800,1,0.06772
custom coffee table,2,1689465600,1,0.06772
custom coffee table,2,1690070400,1,0.06772
custom coffee table,2,1690675200,1,0.06772
custom coffee table,2,1691280000,1,0.06772
custom coffee table,2,1691884800,1,0.06772
custom coffee table,2,1692489600,1,0.06772
custom coffee table,2,1693094400,1,0.06772
custom coffee table,2,1693699200,1,0.06772
custom coffee table,2,1694304000,1,0.06772
custom coffee table,2,1694908800,1,0.06772
custom coffee table,2,1695513600,1,0.06772
custom coffee table,2,1696118400,1,0.06772
custom coffee table,2,1696723200,1,0.06772
custom coffee table,2,1697328000,1,0.06772
custom coffee table,2,1697932800,1,0.06772
custom coffee table,2,1698537600,1,0.06772
custom coffee table,2,1699142400,1,0.06772
custom coffee table,2,1699747200,1,0.06772
custom coffee table,2,1700352000,1,0.06772
custom coffee table,2,1700956800,1,0.06772
custom coffee table,2,1701561600,1,0.06772
custom coffee table,2,1702166400,1,0.06772
custom coffee table,2,1702771200,1,0.06772
custom coffee table,2,1703376000,1,0.06772
custom coffee table,2,1703980800,1,0.06772
custom coffee table,2,1704585600,1,0.06772
custom coffee table,2,1705190400,1,0.06772
custom coffee table,2,1705795200,1,0.06772
custom coffee table,2,1706400000,1,0.06772
custom coffee table,2,1707004800,1,0.06772
custom coffee table,2,1707609600,1,0.06772
custom coffee table,2,1708214400,1,0.06772
custom coffee table,2,1708819200,0,0.0
custom coffee table,2,1709424000,1,0.06772
custom coffee table,2,1710028800,1,0.06772
custom coffee table,2,1710633600,1,0.06772
custom coffee table,2,1711238400,1,0.06772
custom coffee table,2,1711843200,1,0.06772
custom coffee table,2,1712448000,0,0.0
custom coffee table,2,1713052800,1,0.06772
custom coffee table,2,1713657600,1,0.06772
custom coffee table,2,1714262400,1,0.06772
custom coffee table,2,1714867200,1,0.06772
custom coffee table,2,1715472000,1,0.06772
custom coffee table,2,1716076800,1,0.06772
custom coffee table,2,1716681600,1,0.06772
custom coffee table,2,1717286400,1,0.06772
custom coffee table,2,1717891200,1,0.06772
custom coffee table,2,1718496000,1,0.06772
custom coffee table,2,1719100800,1,0.06772
custom coffee table,2,1719705600,1,0.06772
custom coffee table,2,1720310400,0,0.0
custom coffee table,2,1720915200,1,0.06772
custom coffee table,2,1721520000,1,0.06772
custom coffee table,2,1722124800,1,0.06772
custom coffee table,2,1722729600,1,0.06772
custom coffee table,2,1723334400,1,0.06772
custom coffee table,2,1723939200,1,0.06772
custom coffee table,2,1724544000,1,0.06772
custom coffee table,2,1725148800,1,0.06772
custom coffee table,2,1725753600,1,0.06772
custom coffee table,2,1726358400,1,0.06772
custom coffee table,2,1726963200,1,0.06772
custom coffee table,2,1727568000,1,0.06772
custom coffee table,2,1728172800,1,0.06772
custom coffee table,2,1728777600,1,0.06772
custom coffee table,2,1729382400,1,0.06772
custom coffee table,2,1729987200,1,0.06772
custom coffee table,2,1730592000,1,0.06772
custom coffee table,2,1731196800,1,0.06772
custom coffee table,2,1731801600,1,0.06772
custom coffee table,2,1732406400,1,0.06772
custom coffee table,2,1733011200,1,0.06772
custom coffee table,2,1733616000,1,0.06772
custom coffee table,2,1734220800,1,0.06772
custom coffee table,2,1734825600,1,0.06772
custom coffee table,2,1735430400,1,0.06772
custom coffee table,2,1736035200,1,0.06772
custom coffee table,2,1736640000,1,0.06772
custom coffee table,2,1737244800,1,0.06772
custom coffee table,2,1737849600,1,0.06772
custom coffee table,2,1738454400,1,0.06772
custom coffee table,2,1739059200,1,0.06772
custom coffee table,2,1739664000,2,0.13544
custom coffee table,2,1740268800,1,0.06772
custom coffee table,2,1740873600,0,0.0
custom coffee table,2,1741478400,1,0.06772
custom coffee table,2,1742083200,1,0.06772
custom coffee table,2,1742688000,1,0.06772
custom coffee table,2,1743292800,1,0.06772
custom coffee table,2,1743897600,1,0.06772
custom coffee table,2,1744502400,1,0.06772
custom coffee table,2,1745107200,1,0.06772
custom coffee table,2,1745712000,1,0.06772
custom coffee table,2,1746316800,1,0.06772
custom coffee table,2,1746921600,1,0.06772
custom coffee table,2,1747526400,1,0.06772
custom coffee table,2,1748131200,1,0.06772
custom coffee table,2,1748736000,1,0.06772
custom coffee table,2,1749340800,1,0.06772
custom coffee table,2,1749945600,1,0.06772
custom coffee table,2,1750550400,1,0.06772
custom coffee table,2,1751155200,1,0.06772
custom coffee table,2,1751760000,1,0.06772
custom coffee table,2,1752364800,1,0.06772
custom coffee table,2,1752969600,1,0.06772
custom coffee table,2,1753574400,1,0.06772
custom coffee table,2,1754179200,1,0.06772
custom coffee table,2,1754784000,1,0.06772
custom coffee table,2,1755388800,1,0.06772
custom coffee table,2,1755993600,1,0.06772
custom coffee table,2,1756598400,1,0.06772
custom coffee table,2,1757203200,1,0.06772
custom coffee table,2,1757808000,2,0.13544
custom coffee table,2,1758412800,1,0.06772
custom coffee table,2,1759017600,1,0.06772
custom coffee table,2,1759622400,1,0.06772
custom coffee table,2,1760227200,1,0.06772
custom coffee table,2,1760832000,1,0.06772
custom coffee table,2,1761436800,1,0.06772
custom coffee table,2,1762041600,2,0.13544
custom coffee table,2,1762646400,2,0.13544
custom coffee table,2,1763251200,2,0.13544
custom coffee table,2,1763856000,2,0.13544
custom coffee table,2,1764460800,2,0.13544
custom coffee table,2,1765065600,1,0.06772
custom coffee table,2,1765670400,2,0.13544
custom coffee table,2,1766275200,1,0.06772
custom coffee table,2,1766880000,2,0.13544
custom coffee table,2,1767484800,1,0.06772
custom coffee table,2,1768089600,1,0.06772
custom coffee table,2,1768694400,2,0.13544
custom coffee table,2,1769299200,2,0.13544
custom coffee table,2,1769904000,2,0.13544
custom coffee table,2,1770508800,4,0.27087
custom coffee table,2,1771113600,5,0.33859
custom coffee table,2,1771718400,3,0.20315
custom coffee table,2,1772323200,2,0.13544
custom coffee table,2,1772928000,2,0.13544
custom coffee table,2,1773532800,3,0.20315
custom coffee table,2,1774137600,9,0.60946
custom coffee table,2,1774742400,33,2.23469
custom coffee table,2,1775347200,51,3.45361
custom coffee table,2,1775952000,54,3.65676
custom coffee table,2,1776556800,37,2.50556
custom coffee table,2,1777161600,27,1.82838
custom coffee table,2,1777766400,22,1.48979
custom coffee table,2,1778371200,41,2.77643
custom coffee table,2,1778976000,43,2.91186
custom coffee table,2,1779580800,19,1.28664
custom coffee table,2,1780185600,18,1.21892
custom coffee table,2,1780790400,24,1.62523
custom coffee table,2,1781395200,26,1.76066
custom coffee table,2,1782000000,21,1.42207
custom coffee table,2,1782604800,6,0.40631
custom coffee table,2,1783209600,5,0.33859
custom coffee table,2,1783814400,2,0.13544
custom coffee table,2,1784419200,2,0.13544
custom coffee table,2,1785024000,2,0.13544
custom coffee table,2,1785628800,1,0.06772
custom coffee table,2,1786233600,2,0.13544
custom coffee table,2,1786838400,1,0.06772
custom coffee table,2,1787443200,1,0.06772
custom bed frame,2,1629590400,1,0.06772
custom bed frame,2,1630195200,0,0.0
custom bed frame,2,1630800000,1,0.06772
custom bed frame,2,1631404800,1,0.06772
custom bed frame,2,1632009600,0,0.0
custom bed frame,2,1632614400,1,0.06772
custom bed frame,2,1633219200,0,0.0
custom bed frame,2,1633824000,0,0.0
custom bed frame,2,1634428800,0,0.0
custom bed frame,2,1635033600,0,0.0
custom bed frame,2,1635638400,1,0.06772
custom bed frame,2,1636243200,0,0.0
custom bed frame,2,1636848000,1,0.06772
custom bed frame,2,1637452800,1,0.06772
custom bed frame,2,1638057600,0,0.0
custom bed frame,2,1638662400,1,0.06772
custom bed frame,2,1639267200,0,0.0
custom bed frame,2,1639872000,0,0.0
custom bed frame,2,1640476800,1,0.06772
custom bed frame,2,1641081600,1,0.06772
custom bed frame,2,1641686400,1,0.06772
custom bed frame,2,1642291200,0,0.0
custom bed frame,2,1642896000,1,0.06772
custom bed frame,2,1643500800,1,0.06772
custom bed frame,2,1644105600,1,0.06772
custom bed frame,2,1644710400,1,0.06772
custom bed frame,2,1645315200,1,0.06772
custom bed frame,2,1645920000,1,0.06772
custom bed frame,2,1646524800,1,0.06772
custom bed frame,2,1647129600,1,0.06772
custom bed frame,2,1647734400,1,0.06772
custom bed frame,2,1648339200,1,0.06772
custom bed frame,2,1648944000,1,0.06772
custom bed frame,2,1649548800,1,0.06772
custom bed frame,2,1650153600,1,0.06772
custom bed frame,2,1650758400,1,0.06772
custom bed frame,2,1651363200,1,0.06772
custom bed frame,2,1651968000,0,0.0
custom bed frame,2,1652572800,1,0.06772
custom bed frame,2,1653177600,1,0.06772
custom bed frame,2,1653782400,1,0.06772
custom bed frame,2,1654387200,1,0.06772
custom bed frame,2,1654992000,0,0.0
custom bed frame,2,1655596800,1,0.06772
custom bed frame,2,1656201600,1,0.06772
custom bed frame,2,1656806400,1,0.06772
custom bed frame,2,1657411200,0,0.0
custom bed frame,2,1658016000,0,0.0
custom bed frame,2,1658620800,1,0.06772
custom bed frame,2,1659225600,1,0.06772
custom bed frame,2,1659830400,1,0.06772
custom bed frame,2,1660435200,1,0.06772
custom bed frame,2,1661040000,1,0.06772
custom bed frame,2,1661644800,1,0.06772
custom bed frame,2,1662249600,1,0.06772
custom bed frame,2,1662854400,0,0.0
custom bed frame,2,1663459200,1,0.06772
custom bed frame,2,1664064000,1,0.06772
custom bed frame,2,1664668800,1,0.06772
custom bed frame,2,1665273600,1,0.06772
custom bed frame,2,1665878400,1,0.06772
custom bed frame,2,1666483200,1,0.06772
custom bed frame,2,1667088000,0,0.0
custom bed frame,2,1667692800,0,0.0
custom bed frame,2,1668297600,1,0.06772
custom bed frame,2,1668902400,1,0.06772
custom bed frame,2,1669507200,1,0.06772
custom bed frame,2,1670112000,0,0.0
custom bed frame,2,1670716800,0,0.0
custom bed frame,2,1671321600,1,0.06772
custom bed frame,2,1671926400,1,0.06772
custom bed frame,2,1672531200,1,0.06772
custom bed frame,2,1673136000,1,0.06772
custom bed frame,2,1673740800,1,0.06772
custom bed frame,2,1674345600,1,0.06772
custom bed frame,2,1674950400,1,0.06772
custom bed frame,2,1675555200,1,0.06772
custom bed frame,2,1676160000,0,0.0
custom bed frame,2,1676764800,1,0.06772
custom bed frame,2,1677369600,1,0.06772
custom bed frame,2,1677974400,1,0.06772
custom bed frame,2,1678579200,0,0.0
custom bed frame,2,1679184000,1,0.06772
custom bed frame,2,1679788800,1,0.06772
custom bed frame,2,1680393600,0,0.0
custom bed frame,2,1680998400,1,0.06772
custom bed frame,2,1681603200,1,0.06772
custom bed frame,2,1682208000,1,0.06772
custom bed frame,2,1682812800,1,0.06772
custom bed frame,2,1683417600,1,0.06772
custom bed frame,2,1684022400,0,0.0
custom bed frame,2,1684627200,1,0.06772
custom bed frame,2,1685232000,1,0.06772
custom bed frame,2,1685836800,1,0.06772
custom bed frame,2,1686441600,0,0.0
custom bed frame,2,1687046400,1,0.06772
custom bed frame,2,1687651200,1,0.06772
custom bed frame,2,1688256000,1,0.06772
custom bed frame,2,1688860800,1,0.06772
custom bed frame,2,1689465600,1,0.06772
custom bed frame,2,1690070400,1,0.06772
custom bed frame,2,1690675200,1,0.06772
custom bed frame,2,1691280000,1,0.06772
custom bed frame,2,1691884800,1,0.06772
custom bed frame,2,1692489600,1,0.06772
custom bed frame,2,1693094400,1,0.06772
custom bed frame,2,1693699200,1,0.06772
custom bed frame,2,1694304000,1,0.06772
custom bed frame,2,1694908800,1,0.06772
custom bed frame,2,1695513600,1,0.06772
custom bed frame,2,1696118400,0,0.0
custom bed frame,2,1696723200,0,0.0
custom bed frame,2,1697328000,0,0.0
custom bed frame,2,1697932800,0,0.0
custom bed frame,2,1698537600,0,0.0
custom bed frame,2,1699142400,0,0.0
custom bed frame,2,1699747200,0,0.0
custom bed frame,2,1700352000,1,0.06772
custom bed frame,2,1700956800,1,0.06772
custom bed frame,2,1701561600,1,0.06772
custom bed frame,2,1702166400,1,0.06772
custom bed frame,2,1702771200,1,0.06772
custom bed frame,2,1703376000,1,0.06772
custom bed frame,2,1703980800,1,0.06772
custom bed frame,2,1704585600,0,0.0
custom bed frame,2,1705190400,1,0.06772
custom bed frame,2,1705795200,1,0.06772
custom bed frame,2,1706400000,1,0.06772
custom bed frame,2,1707004800,1,0.06772
custom bed frame,2,1707609600,1,0.06772
custom bed frame,2,1708214400,1,0.06772
custom bed frame,2,1708819200,1,0.06772
custom bed frame,2,1709424000,0,0.0
custom bed frame,2,1710028800,0,0.0
custom bed frame,2,1710633600,0,0.0
custom bed frame,2,1711238400,1,0.06772
custom bed frame,2,1711843200,0,0.0
custom bed frame,2,1712448000,0,0.0
custom bed frame,2,1713052800,1,0.06772
custom bed frame,2,1713657600,1,0.06772
custom bed frame,2,1714262400,1,0.06772
custom bed frame,2,1714867200,1,0.06772
custom bed frame,2,1715472000,0,0.0
custom bed frame,2,1716076800,1,0.06772
custom bed frame,2,1716681600,1,0.06772
custom bed frame,2,1717286400,0,0.0
custom bed frame,2,1717891200,1,0.06772
custom bed frame,2,1718496000,0,0.0
custom bed frame,2,1719100800,1,0.06772
custom bed frame,2,1719705600,1,0.06772
custom bed frame,2,1720310400,1,0.06772
custom bed frame,2,1720915200,1,0.06772
custom bed frame,2,1721520000,1,0.06772
custom bed frame,2,1722124800,1,0.06772
custom bed frame,2,1722729600,1,0.06772
custom bed frame,2,1723334400,1,0.06772
custom bed frame,2,1723939200,1,0.06772
custom bed frame,2,1724544000,0,0.0
custom bed frame,2,1725148800,1,0.06772
custom bed frame,2,1725753600,0,0.0
custom bed frame,2,1726358400,1,0.06772
custom bed frame,2,1726963200,1,0.06772
custom bed frame,2,1727568000,1,0.06772
custom bed frame,2,1728172800,1,0.06772
custom bed frame,2,1728777600,0,0.0
custom bed frame,2,1729382400,1,0.06772
custom bed frame,2,1729987200,0,0.0
custom bed frame,2,1730592000,1,0.06772
custom bed frame,2,1731196800,1,0.06772
custom bed frame,2,1731801600,1,0.06772
custom bed frame,2,1732406400,1,0.06772
custom bed frame,2,1733011200,0,0.0
custom bed frame,2,1733616000,1,0.06772
custom bed frame,2,1734220800,0,0.0
custom bed frame,2,1734825600,0,0.0
custom bed frame,2,1735430400,1,0.06772
custom bed frame,2,1736035200,1,0.06772
custom bed frame,2,1736640000,1,0.06772
custom bed frame,2,1737244800,1,0.06772
custom bed frame,2,1737849600,1,0.06772
custom bed frame,2,1738454400,1,0.06772
custom bed frame,2,1739059200,1,0.06772
custom bed frame,2,1739664000,1,0.06772
custom bed frame,2,1740268800,1,0.06772
custom bed frame,2,1740873600,0,0.0
custom bed frame,2,1741478400,1,0.06772
custom bed frame,2,1742083200,0,0.0
custom bed frame,2,1742688000,1,0.06772
custom bed frame,2,1743292800,0,0.0
custom bed frame,2,1743897600,0,0.0
custom bed frame,2,1744502400,1,0.06772
custom bed frame,2,1745107200,1,0.06772
custom bed frame,2,1745712000,1,0.06772
custom bed frame,2,1746316800,1,0.06772
custom bed frame,2,1746921600,1,0.06772
custom bed frame,2,1747526400,1,0.06772
custom bed frame,2,1748131200,1,0.06772
custom bed frame,2,1748736000,1,0.06772
custom bed frame,2,1749340800,1,0.06772
custom bed frame,2,1749945600,1,0.06772
custom bed frame,2,1750550400,1,0.06772
custom bed frame,2,1751155200,1,0.06772
custom bed frame,2,1751760000,1,0.06772
custom bed frame,2,1752364800,1,0.06772
custom bed frame,2,1752969600,1,0.06772
custom bed frame,2,1753574400,1,0.06772
custom bed frame,2,1754179200,1,0.06772
custom bed frame,2,1754784000,1,0.06772
custom bed frame,2,1755388800,1,0.06772
custom bed frame,2,1755993600,1,0.06772
custom bed frame,2,1756598400,1,0.06772
custom bed frame,2,1757203200,1,0.06772
custom bed frame,2,1757808000,1,0.06772
custom bed frame,2,1758412800,1,0.06772
custom bed frame,2,1759017600,1,0.06772
custom bed frame,2,1759622400,1,0.06772
custom bed frame,2,1760227200,1,0.06772
custom bed frame,2,1760832000,1,0.06772
custom bed frame,2,1761436800,1,0.06772
custom bed frame,2,1762041600,1,0.06772
custom bed frame,2,1762646400,1,0.06772
custom bed frame,2,1763251200,1,0.06772
custom bed frame,2,1763856000,2,0.13544
custom bed frame,2,1764460800,1,0.06772
custom bed frame,2,1765065600,1,0.06772
custom bed frame,2,1765670400,1,0.06772
custom bed frame,2,1766275200,1,0.06772
custom bed frame,2,1766880000,2,0.13544
custom bed frame,2,1767484800,1,0.06772
custom bed frame,2,1768089600,1,0.06772
custom bed frame,2,1768694400,1,0.06772
custom bed frame,2,1769299200,1,0.06772
custom bed frame,2,1769904000,1,0.06772
custom bed frame,2,1770508800,2,0.13544
custom bed frame,2,1771113600,2,0.13544
custom bed frame,2,1771718400,2,0.13544
custom bed frame,2,1772323200,2,0.13544
custom bed frame,2,1772928000,1,0.06772
custom bed frame,2,1773532800,2,0.13544
custom bed frame,2,1774137600,7,0.47402
custom bed frame,2,1774742400,23,1.55751
custom bed frame,2,1775347200,37,2.50556
custom bed frame,2,1775952000,39,2.64099
custom bed frame,2,1776556800,28,1.8961
custom bed frame,2,1777161600,19,1.28664
custom bed frame,2,1777766400,16,1.08348
custom bed frame,2,1778371200,31,2.09925
custom bed frame,2,1778976000,32,2.16697
custom bed frame,2,1779580800,16,1.08348
custom bed frame,2,1780185600,15,1.01577
custom bed frame,2,1780790400,23,1.55751
custom bed frame,2,1781395200,19,1.28664
custom bed frame,2,1782000000,18,1.21892
custom bed frame,2,1782604800,6,0.40631
custom bed frame,2,1783209600,5,0.33859
custom bed frame,2,1783814400,2,0.13544
custom bed frame,2,1784419200,2,0.13544
custom bed frame,2,1785024000,1,0.06772
custom bed frame,2,1785628800,1,0.06772
custom bed frame,2,1786233600,1,0.06772
custom bed frame,2,1786838400,1,0.06772
custom bed frame,2,1787443200,1,0.06772
custom vanity,2,1629590400,3,0.20315
custom vanity,2,1630195200,3,0.20315
custom vanity,2,1630800000,3,0.20315
custom vanity,2,1631404800,3,0.20315
custom vanity,2,1632009600,3,0.20315
custom vanity,2,1632614400,4,0.27087
custom vanity,2,1633219200,3,0.20315
custom vanity,2,1633824000,3,0.20315
custom vanity,2,1634428800,3,0.20315
custom vanity,2,1635033600,3,0.20315
custom vanity,2,1635638400,3,0.20315
custom vanity,2,1636243200,4,0.27087
custom vanity,2,1636848000,3,0.20315
custom vanity,2,1637452800,3,0.20315
custom vanity,2,1638057600,3,0.20315
custom vanity,2,1638662400,3,0.20315
custom vanity,2,1639267200,3,0.20315
custom vanity,2,1639872000,2,0.13544
custom vanity,2,1640476800,3,0.20315
custom vanity,2,1641081600,4,0.27087
custom vanity,2,1641686400,4,0.27087
custom vanity,2,1642291200,6,0.40631
custom vanity,2,1642896000,4,0.27087
custom vanity,2,1643500800,4,0.27087
custom vanity,2,1644105600,4,0.27087
custom vanity,2,1644710400,5,0.33859
custom vanity,2,1645315200,5,0.33859
custom vanity,2,1645920000,4,0.27087
custom vanity,2,1646524800,4,0.27087
custom vanity,2,1647129600,4,0.27087
custom vanity,2,1647734400,5,0.33859
custom vanity,2,1648339200,4,0.27087
custom vanity,2,1648944000,3,0.20315
custom vanity,2,1649548800,4,0.27087
custom vanity,2,1650153600,4,0.27087
custom vanity,2,1650758400,4,0.27087
custom vanity,2,1651363200,3,0.20315
custom vanity,2,1651968000,4,0.27087
custom vanity,2,1652572800,4,0.27087
custom vanity,2,1653177600,3,0.20315
custom vanity,2,1653782400,3,0.20315
custom vanity,2,1654387200,3,0.20315
custom vanity,2,1654992000,3,0.20315
custom vanity,2,1655596800,3,0.20315
custom vanity,2,1656201600,4,0.27087
custom vanity,2,1656806400,4,0.27087
custom vanity,2,1657411200,4,0.27087
custom vanity,2,1658016000,4,0.27087
custom vanity,2,1658620800,3,0.20315
custom vanity,2,1659225600,4,0.27087
custom vanity,2,1659830400,3,0.20315
custom vanity,2,1660435200,4,0.27087
custom vanity,2,1661040000,3,0.20315
custom vanity,2,1661644800,3,0.20315
custom vanity,2,1662249600,4,0.27087
custom vanity,2,1662854400,4,0.27087
custom vanity,2,1663459200,3,0.20315
custom vanity,2,1664064000,3,0.20315
custom vanity,2,1664668800,4,0.27087
custom vanity,2,1665273600,4,0.27087
custom vanity,2,1665878400,4,0.27087
custom vanity,2,1666483200,3,0.20315
custom vanity,2,1667088000,3,0.20315
custom vanity,2,1667692800,3,0.20315
custom vanity,2,1668297600,3,0.20315
custom vanity,2,1668902400,3,0.20315
custom vanity,2,1669507200,3,0.20315
custom vanity,2,1670112000,3,0.20315
custom vanity,2,1670716800,2,0.13544
custom vanity,2,1671321600,2,0.13544
custom vanity,2,1671926400,4,0.27087
custom vanity,2,1672531200,4,0.27087
custom vanity,2,1673136000,4,0.27087
custom vanity,2,1673740800,4,0.27087
custom vanity,2,1674345600,4,0.27087
custom vanity,2,1674950400,4,0.27087
custom vanity,2,1675555200,4,0.27087
custom vanity,2,1676160000,3,0.20315
custom vanity,2,1676764800,4,0.27087
custom vanity,2,1677369600,4,0.27087
custom vanity,2,1677974400,3,0.20315
custom vanity,2,1678579200,4,0.27087
custom vanity,2,1679184000,4,0.27087
custom vanity,2,1679788800,4,0.27087
custom vanity,2,1680393600,3,0.20315
custom vanity,2,1680998400,3,0.20315
custom vanity,2,1681603200,4,0.27087
custom vanity,2,1682208000,4,0.27087
custom vanity,2,1682812800,3,0.20315
custom vanity,2,1683417600,3,0.20315
custom vanity,2,1684022400,3,0.20315
custom vanity,2,1684627200,3,0.20315
custom vanity,2,1685232000,3,0.20315
custom vanity,2,1685836800,3,0.20315
custom vanity,2,1686441600,3,0.20315
custom vanity,2,1687046400,3,0.20315
custom vanity,2,1687651200,3,0.20315
custom vanity,2,1688256000,3,0.20315
custom vanity,2,1688860800,4,0.27087
custom vanity,2,1689465600,3,0.20315
custom vanity,2,1690070400,3,0.20315
custom vanity,2,1690675200,3,0.20315
custom vanity,2,1691280000,3,0.20315
custom vanity,2,1691884800,3,0.20315
custom vanity,2,1692489600,3,0.20315
custom vanity,2,1693094400,3,0.20315
custom vanity,2,1693699200,3,0.20315
custom vanity,2,1694304000,3,0.20315
custom vanity,2,1694908800,3,0.20315
custom vanity,2,1695513600,4,0.27087
custom vanity,2,1696118400,3,0.20315
custom vanity,2,1696723200,3,0.20315
custom vanity,2,1697328000,3,0.20315
custom vanity,2,1697932800,3,0.20315
custom vanity,2,1698537600,3,0.20315
custom vanity,2,1699142400,3,0.20315
custom vanity,2,1699747200,4,0.27087
custom vanity,2,1700352000,3,0.20315
custom vanity,2,1700956800,3,0.20315
custom vanity,2,1701561600,3,0.20315
custom vanity,2,1702166400,3,0.20315
custom vanity,2,1702771200,2,0.13544
custom vanity,2,1703376000,3,0.20315
custom vanity,2,1703980800,4,0.27087
custom vanity,2,1704585600,4,0.27087
custom vanity,2,1705190400,4,0.27087
custom vanity,2,1705795200,5,0.33859
custom vanity,2,1706400000,4,0.27087
custom vanity,2,1707004800,4,0.27087
custom vanity,2,1707609600,4,0.27087
custom vanity,2,1708214400,4,0.27087
custom vanity,2,1708819200,5,0.33859
custom vanity,2,1709424000,4,0.27087
custom vanity,2,1710028800,4,0.27087
custom vanity,2,1710633600,4,0.27087
custom vanity,2,1711238400,3,0.20315
custom vanity,2,1711843200,3,0.20315
custom vanity,2,1712448000,3,0.20315
custom vanity,2,1713052800,4,0.27087
custom vanity,2,1713657600,3,0.20315
custom vanity,2,1714262400,3,0.20315
custom vanity,2,1714867200,3,0.20315
custom vanity,2,1715472000,3,0.20315
custom vanity,2,1716076800,3,0.20315
custom vanity,2,1716681600,4,0.27087
custom vanity,2,1717286400,4,0.27087
custom vanity,2,1717891200,3,0.20315
custom vanity,2,1718496000,3,0.20315
custom vanity,2,1719100800,3,0.20315
custom vanity,2,1719705600,4,0.27087
custom vanity,2,1720310400,3,0.20315
custom vanity,2,1720915200,3,0.20315
custom vanity,2,1721520000,3,0.20315
custom vanity,2,1722124800,3,0.20315
custom vanity,2,1722729600,3,0.20315
custom vanity,2,1723334400,3,0.20315
custom vanity,2,1723939200,3,0.20315
custom vanity,2,1724544000,4,0.27087
custom vanity,2,1725148800,4,0.27087
custom vanity,2,1725753600,3,0.20315
custom vanity,2,1726358400,3,0.20315
custom vanity,2,1726963200,3,0.20315
custom vanity,2,1727568000,3,0.20315
custom vanity,2,1728172800,3,0.20315
custom vanity,2,1728777600,3,0.20315
custom vanity,2,1729382400,3,0.20315
custom vanity,2,1729987200,3,0.20315
custom vanity,2,1730592000,2,0.13544
custom vanity,2,1731196800,3,0.20315
custom vanity,2,1731801600,3,0.20315
custom vanity,2,1732406400,3,0.20315
custom vanity,2,1733011200,3,0.20315
custom vanity,2,1733616000,3,0.20315
custom vanity,2,1734220800,2,0.13544
custom vanity,2,1734825600,3,0.20315
custom vanity,2,1735430400,3,0.20315
custom vanity,2,1736035200,4,0.27087
custom vanity,2,1736640000,4,0.27087
custom vanity,2,1737244800,4,0.27087
custom vanity,2,1737849600,4,0.27087
custom vanity,2,1738454400,4,0.27087
custom vanity,2,1739059200,4,0.27087
custom vanity,2,1739664000,5,0.33859
custom vanity,2,1740268800,4,0.27087
custom vanity,2,1740873600,4,0.27087
custom vanity,2,1741478400,4,0.27087
custom vanity,2,1742083200,4,0.27087
custom vanity,2,1742688000,4,0.27087
custom vanity,2,1743292800,4,0.27087
custom vanity,2,1743897600,3,0.20315
custom vanity,2,1744502400,4,0.27087
custom vanity,2,1745107200,3,0.20315
custom vanity,2,1745712000,3,0.20315
custom vanity,2,1746316800,4,0.27087
custom vanity,2,1746921600,3,0.20315
custom vanity,2,1747526400,3,0.20315
custom vanity,2,1748131200,3,0.20315
custom vanity,2,1748736000,4,0.27087
custom vanity,2,1749340800,4,0.27087
custom vanity,2,1749945600,4,0.27087
custom vanity,2,1750550400,4,0.27087
custom vanity,2,1751155200,4,0.27087
custom vanity,2,1751760000,4,0.27087
custom vanity,2,1752364800,4,0.27087
custom vanity,2,1752969600,5,0.33859
custom vanity,2,1753574400,5,0.33859
custom vanity,2,1754179200,4,0.27087
custom vanity,2,1754784000,4,0.27087
custom vanity,2,1755388800,4,0.27087
custom vanity,2,1755993600,4,0.27087
custom vanity,2,1756598400,4,0.27087
custom vanity,2,1757203200,4,0.27087
custom vanity,2,1757808000,4,0.27087
custom vanity,2,1758412800,4,0.27087
custom vanity,2,1759017600,4,0.27087
custom vanity,2,1759622400,4,0.27087
custom vanity,2,1760227200,3,0.20315
custom vanity,2,1760832000,4,0.27087
custom vanity,2,1761436800,3,0.20315
custom vanity,2,1762041600,4,0.27087
custom vanity,2,1762646400,4,0.27087
custom vanity,2,1763251200,4,0.27087
custom vanity,2,1763856000,4,0.27087
custom vanity,2,1764460800,5,0.33859
custom vanity,2,1765065600,4,0.27087
custom vanity,2,1765670400,4,0.27087
custom vanity,2,1766275200,4,0.27087
custom vanity,2,1766880000,4,0.27087
custom vanity,2,1767484800,5,0.33859
custom vanity,2,1768089600,5,0.33859
custom vanity,2,1768694400,5,0.33859
custom vanity,2,1769299200,5,0.33859
custom vanity,2,1769904000,4,0.27087
custom vanity,2,1770508800,8,0.54174
custom vanity,2,1771113600,9,0.60946
custom vanity,2,1771718400,7,0.47402
custom vanity,2,1772323200,6,0.40631
custom vanity,2,1772928000,6,0.40631
custom vanity,2,1773532800,6,0.40631
custom vanity,2,1774137600,11,0.7449
custom vanity,2,1774742400,31,2.09925
custom vanity,2,1775347200,45,3.0473
custom vanity,2,1775952000,46,3.11502
custom vanity,2,1776556800,32,2.16697
custom vanity,2,1777161600,20,1.35436
custom vanity,2,1777766400,18,1.21892
custom vanity,2,1778371200,36,2.43784
custom vanity,2,1778976000,47,3.18273
custom vanity,2,1779580800,21,1.42207
custom vanity,2,1780185600,21,1.42207
custom vanity,2,1780790400,31,2.09925
custom vanity,2,1781395200,26,1.76066
custom vanity,2,1782000000,24,1.62523
custom vanity,2,1782604800,9,0.60946
custom vanity,2,1783209600,8,0.54174
custom vanity,2,1783814400,5,0.33859
custom vanity,2,1784419200,5,0.33859
custom vanity,2,1785024000,5,0.33859
custom vanity,2,1785628800,5,0.33859
custom vanity,2,1786233600,5,0.33859
custom vanity,2,1786838400,4,0.27087
custom vanity,2,1787443200,4,0.27087
custom shelving,2,1629590400,1,0.06772
custom shelving,2,1630195200,1,0.06772
custom shelving,2,1630800000,2,0.13544
custom shelving,2,1631404800,2,0.13544
custom shelving,2,1632009600,1,0.06772
custom shelving,2,1632614400,1,0.06772
custom shelving,2,1633219200,1,0.06772
custom shelving,2,1633824000,1,0.06772
custom shelving,2,1634428800,1,0.06772
custom shelving,2,1635033600,1,0.06772
custom shelving,2,1635638400,1,0.06772
custom shelving,2,1636243200,1,0.06772
custom shelving,2,1636848000,2,0.13544
custom shelving,2,1637452800,2,0.13544
custom shelving,2,1638057600,1,0.06772
custom shelving,2,1638662400,1,0.06772
custom shelving,2,1639267200,1,0.06772
custom shelving,2,1639872000,1,0.06772
custom shelving,2,1640476800,2,0.13544
custom shelving,2,1641081600,1,0.06772
custom shelving,2,1641686400,2,0.13544
custom shelving,2,1642291200,1,0.06772
custom shelving,2,1642896000,1,0.06772
custom shelving,2,1643500800,2,0.13544
custom shelving,2,1644105600,2,0.13544
custom shelving,2,1644710400,2,0.13544
custom shelving,2,1645315200,2,0.13544
custom shelving,2,1645920000,2,0.13544
custom shelving,2,1646524800,1,0.06772
custom shelving,2,1647129600,1,0.06772
custom shelving,2,1647734400,1,0.06772
custom shelving,2,1648339200,2,0.13544
custom shelving,2,1648944000,2,0.13544
custom shelving,2,1649548800,1,0.06772
custom shelving,2,1650153600,1,0.06772
custom shelving,2,1650758400,1,0.06772
custom shelving,2,1651363200,1,0.06772
custom shelving,2,1651968000,1,0.06772
custom shelving,2,1652572800,1,0.06772
custom shelving,2,1653177600,1,0.06772
custom shelving,2,1653782400,1,0.06772
custom shelving,2,1654387200,1,0.06772
custom shelving,2,1654992000,1,0.06772
custom shelving,2,1655596800,1,0.06772
custom shelving,2,1656201600,1,0.06772
custom shelving,2,1656806400,1,0.06772
custom shelving,2,1657411200,1,0.06772
custom shelving,2,1658016000,1,0.06772
custom shelving,2,1658620800,1,0.06772
custom shelving,2,1659225600,1,0.06772
custom shelving,2,1659830400,1,0.06772
custom shelving,2,1660435200,1,0.06772
custom shelving,2,1661040000,2,0.13544
custom shelving,2,1661644800,1,0.06772
custom shelving,2,1662249600,1,0.06772
custom shelving,2,1662854400,1,0.06772
custom shelving,2,1663459200,1,0.06772
custom shelving,2,1664064000,1,0.06772
custom shelving,2,1664668800,1,0.06772
custom shelving,2,1665273600,1,0.06772
custom shelving,2,1665878400,1,0.06772
custom shelving,2,1666483200,1,0.06772
custom shelving,2,1667088000,0,0.0
custom shelving,2,1667692800,1,0.06772
custom shelving,2,1668297600,1,0.06772
custom shelving,2,1668902400,1,0.06772
custom shelving,2,1669507200,1,0.06772
custom shelving,2,1670112000,1,0.06772
custom shelving,2,1670716800,1,0.06772
custom shelving,2,1671321600,1,0.06772
custom shelving,2,1671926400,1,0.06772
custom shelving,2,1672531200,1,0.06772
custom shelving,2,1673136000,1,0.06772
custom shelving,2,1673740800,1,0.06772
custom shelving,2,1674345600,1,0.06772
custom shelving,2,1674950400,1,0.06772
custom shelving,2,1675555200,1,0.06772
custom shelving,2,1676160000,1,0.06772
custom shelving,2,1676764800,1,0.06772
custom shelving,2,1677369600,1,0.06772
custom shelving,2,1677974400,1,0.06772
custom shelving,2,1678579200,1,0.06772
custom shelving,2,1679184000,1,0.06772
custom shelving,2,1679788800,1,0.06772
custom shelving,2,1680393600,1,0.06772
custom shelving,2,1680998400,1,0.06772
custom shelving,2,1681603200,1,0.06772
custom shelving,2,1682208000,1,0.06772
custom shelving,2,1682812800,1,0.06772
custom shelving,2,1683417600,1,0.06772
custom shelving,2,1684022400,1,0.06772
custom shelving,2,1684627200,1,0.06772
custom shelving,2,1685232000,1,0.06772
custom shelving,2,1685836800,1,0.06772
custom shelving,2,1686441600,1,0.06772
custom shelving,2,1687046400,1,0.06772
custom shelving,2,1687651200,1,0.06772
custom shelving,2,1688256000,1,0.06772
custom shelving,2,1688860800,1,0.06772
custom shelving,2,1689465600,1,0.06772
custom shelving,2,1690070400,1,0.06772
custom shelving,2,1690675200,1,0.06772
custom shelving,2,1691280000,1,0.06772
custom shelving,2,1691884800,1,0.06772
custom shelving,2,1692489600,1,0.06772
custom shelving,2,1693094400,1,0.06772
custom shelving,2,1693699200,1,0.06772
custom shelving,2,1694304000,1,0.06772
custom shelving,2,1694908800,1,0.06772
custom shelving,2,1695513600,1,0.06772
custom shelving,2,1696118400,1,0.06772
custom shelving,2,1696723200,1,0.06772
custom shelving,2,1697328000,1,0.06772
custom shelving,2,1697932800,1,0.06772
custom shelving,2,1698537600,1,0.06772
custom shelving,2,1699142400,1,0.06772
custom shelving,2,1699747200,1,0.06772
custom shelving,2,1700352000,1,0.06772
custom shelving,2,1700956800,1,0.06772
custom shelving,2,1701561600,1,0.06772
custom shelving,2,1702166400,1,0.06772
custom shelving,2,1702771200,1,0.06772
custom shelving,2,1703376000,1,0.06772
custom shelving,2,1703980800,2,0.13544
custom shelving,2,1704585600,1,0.06772
custom shelving,2,1705190400,1,0.06772
custom shelving,2,1705795200,1,0.06772
custom shelving,2,1706400000,1,0.06772
custom shelving,2,1707004800,1,0.06772
custom shelving,2,1707609600,1,0.06772
custom shelving,2,1708214400,1,0.06772
custom shelving,2,1708819200,1,0.06772
custom shelving,2,1709424000,1,0.06772
custom shelving,2,1710028800,1,0.06772
custom shelving,2,1710633600,1,0.06772
custom shelving,2,1711238400,1,0.06772
custom shelving,2,1711843200,1,0.06772
custom shelving,2,1712448000,1,0.06772
custom shelving,2,1713052800,1,0.06772
custom shelving,2,1713657600,1,0.06772
custom shelving,2,1714262400,1,0.06772
custom shelving,2,1714867200,1,0.06772
custom shelving,2,1715472000,1,0.06772
custom shelving,2,1716076800,1,0.06772
custom shelving,2,1716681600,1,0.06772
custom shelving,2,1717286400,1,0.06772
custom shelving,2,1717891200,1,0.06772
custom shelving,2,1718496000,1,0.06772
custom shelving,2,1719100800,1,0.06772
custom shelving,2,1719705600,1,0.06772
custom shelving,2,1720310400,1,0.06772
custom shelving,2,1720915200,1,0.06772
custom shelving,2,1721520000,1,0.06772
custom shelving,2,1722124800,1,0.06772
custom shelving,2,1722729600,1,0.06772
custom shelving,2,1723334400,1,0.06772
custom shelving,2,1723939200,1,0.06772
custom shelving,2,1724544000,1,0.06772
custom shelving,2,1725148800,1,0.06772
custom shelving,2,1725753600,1,0.06772
custom shelving,2,1726358400,1,0.06772
custom shelving,2,1726963200,1,0.06772
custom shelving,2,1727568000,1,0.06772
custom shelving,2,1728172800,1,0.06772
custom shelving,2,1728777600,1,0.06772
custom shelving,2,1729382400,1,0.06772
custom shelving,2,1729987200,1,0.06772
custom shelving,2,1730592000,1,0.06772
custom shelving,2,1731196800,1,0.06772
custom shelving,2,1731801600,1,0.06772
custom shelving,2,1732406400,1,0.06772
custom shelving,2,1733011200,1,0.06772
custom shelving,2,1733616000,1,0.06772
custom shelving,2,1734220800,1,0.06772
custom shelving,2,1734825600,2,0.13544
custom shelving,2,1735430400,1,0.06772
custom shelving,2,1736035200,2,0.13544
custom shelving,2,1736640000,2,0.13544
custom shelving,2,1737244800,1,0.06772
custom shelving,2,1737849600,1,0.06772
custom shelving,2,1738454400,1,0.06772
custom shelving,2,1739059200,1,0.06772
custom shelving,2,1739664000,1,0.06772
custom shelving,2,1740268800,1,0.06772
custom shelving,2,1740873600,1,0.06772
custom shelving,2,1741478400,1,0.06772
custom shelving,2,1742083200,1,0.06772
custom shelving,2,1742688000,1,0.06772
custom shelving,2,1743292800,1,0.06772
custom shelving,2,1743897600,1,0.06772
custom shelving,2,1744502400,1,0.06772
custom shelving,2,1745107200,1,0.06772
custom shelving,2,1745712000,1,0.06772
custom shelving,2,1746316800,2,0.13544
custom shelving,2,1746921600,1,0.06772
custom shelving,2,1747526400,1,0.06772
custom shelving,2,1748131200,1,0.06772
custom shelving,2,1748736000,1,0.06772
custom shelving,2,1749340800,1,0.06772
custom shelving,2,1749945600,1,0.06772
custom shelving,2,1750550400,1,0.06772
custom shelving,2,1751155200,1,0.06772
custom shelving,2,1751760000,1,0.06772
custom shelving,2,1752364800,2,0.13544
custom shelving,2,1752969600,2,0.13544
custom shelving,2,1753574400,2,0.13544
custom shelving,2,1754179200,1,0.06772
custom shelving,2,1754784000,2,0.13544
custom shelving,2,1755388800,2,0.13544
custom shelving,2,1755993600,2,0.13544
custom shelving,2,1756598400,1,0.06772
custom shelving,2,1757203200,2,0.13544
custom shelving,2,1757808000,1,0.06772
custom shelving,2,1758412800,1,0.06772
custom shelving,2,1759017600,1,0.06772
custom shelving,2,1759622400,1,0.06772
custom shelving,2,1760227200,2,0.13544
custom shelving,2,1760832000,1,0.06772
custom shelving,2,1761436800,1,0.06772
custom shelving,2,1762041600,2,0.13544
custom shelving,2,1762646400,2,0.13544
custom shelving,2,1763251200,2,0.13544
custom shelving,2,1763856000,2,0.13544
custom shelving,2,1764460800,1,0.06772
custom shelving,2,1765065600,1,0.06772
custom shelving,2,1765670400,2,0.13544
custom shelving,2,1766275200,2,0.13544
custom shelving,2,1766880000,2,0.13544
custom shelving,2,1767484800,2,0.13544
custom shelving,2,1768089600,2,0.13544
custom shelving,2,1768694400,2,0.13544
custom shelving,2,1769299200,2,0.13544
custom shelving,2,1769904000,2,0.13544
custom shelving,2,1770508800,3,0.20315
custom shelving,2,1771113600,3,0.20315
custom shelving,2,1771718400,2,0.13544
custom shelving,2,1772323200,1,0.06772
custom shelving,2,1772928000,2,0.13544
custom shelving,2,1773532800,2,0.13544
custom shelving,2,1774137600,3,0.20315
custom shelving,2,1774742400,7,0.47402
custom shelving,2,1775347200,9,0.60946
custom shelving,2,1775952000,9,0.60946
custom shelving,2,1776556800,7,0.47402
custom shelving,2,1777161600,5,0.33859
custom shelving,2,1777766400,4,0.27087
custom shelving,2,1778371200,8,0.54174
custom shelving,2,1778976000,10,0.67718
custom shelving,2,1779580800,6,0.40631
custom shelving,2,1780185600,6,0.40631
custom shelving,2,1780790400,8,0.54174
custom shelving,2,1781395200,7,0.47402
custom shelving,2,1782000000,6,0.40631
custom shelving,2,1782604800,3,0.20315
custom shelving,2,1783209600,3,0.20315
custom shelving,2,1783814400,1,0.06772
custom shelving,2,1784419200,2,0.13544
custom shelving,2,1785024000,2,0.13544
custom shelving,2,1785628800,2,0.13544
custom shelving,2,1786233600,2,0.13544
custom shelving,2,1786838400,2,0.13544
custom shelving,2,1787443200,2,0.13544
custom conference table,3,1629590400,0,0.0
custom conference table,3,1630195200,0,0.0
custom conference table,3,1630800000,0,0.0
custom conference table,3,1631404800,0,0.0
custom conference table,3,1632009600,0,0.0
custom conference table,3,1632614400,0,0.0
custom conference table,3,1633219200,0,0.0
custom conference table,3,1633824000,0,0.0
custom conference table,3,1634428800,0,0.0
custom conference table,3,1635033600,0,0.0
custom conference table,3,1635638400,0,0.0
custom conference table,3,1636243200,0,0.0
custom conference table,3,1636848000,0,0.0
custom conference table,3,1637452800,0,0.0
custom conference table,3,1638057600,0,0.0
custom conference table,3,1638662400,0,0.0
custom conference table,3,1639267200,0,0.0
custom conference table,3,1639872000,0,0.0
custom conference table,3,1640476800,0,0.0
custom conference table,3,1641081600,0,0.0
custom conference table,3,1641686400,0,0.0
custom conference table,3,1642291200,0,0.0
custom conference table,3,1642896000,0,0.0
custom conference table,3,1643500800,0,0.0
custom conference table,3,1644105600,0,0.0
custom conference table,3,1644710400,0,0.0
custom conference table,3,1645315200,0,0.0
custom conference table,3,1645920000,0,0.0
custom conference table,3,1646524800,0,0.0
custom conference table,3,1647129600,0,0.0
custom conference table,3,1647734400,0,0.0
custom conference table,3,1648339200,0,0.0
custom conference table,3,1648944000,0,0.0
custom conference table,3,1649548800,0,0.0
custom conference table,3,1650153600,0,0.0
custom conference table,3,1650758400,0,0.0
custom conference table,3,1651363200,0,0.0
custom conference table,3,1651968000,0,0.0
custom conference table,3,1652572800,0,0.0
custom conference table,3,1653177600,0,0.0
custom conference table,3,1653782400,0,0.0
custom conference table,3,1654387200,0,0.0
custom conference table,3,1654992000,0,0.0
custom conference table,3,1655596800,0,0.0
custom conference table,3,1656201600,0,0.0
custom conference table,3,1656806400,0,0.0
custom conference table,3,1657411200,0,0.0
custom conference table,3,1658016000,0,0.0
custom conference table,3,1658620800,0,0.0
custom conference table,3,1659225600,0,0.0
custom conference table,3,1659830400,0,0.0
custom conference table,3,1660435200,0,0.0
custom conference table,3,1661040000,0,0.0
custom conference table,3,1661644800,0,0.0
custom conference table,3,1662249600,0,0.0
custom conference table,3,1662854400,0,0.0
custom conference table,3,1663459200,0,0.0
custom conference table,3,1664064000,0,0.0
custom conference table,3,1664668800,0,0.0
custom conference table,3,1665273600,0,0.0
custom conference table,3,1665878400,0,0.0
custom conference table,3,1666483200,0,0.0
custom conference table,3,1667088000,0,0.0
custom conference table,3,1667692800,0,0.0
custom conference table,3,1668297600,0,0.0
custom conference table,3,1668902400,0,0.0
custom conference table,3,1669507200,0,0.0
custom conference table,3,1670112000,0,0.0
custom conference table,3,1670716800,0,0.0
custom conference table,3,1671321600,0,0.0
custom conference table,3,1671926400,0,0.0
custom conference table,3,1672531200,0,0.0
custom conference table,3,1673136000,0,0.0
custom conference table,3,1673740800,0,0.0
custom conference table,3,1674345600,0,0.0
custom conference table,3,1674950400,0,0.0
custom conference table,3,1675555200,0,0.0
custom conference table,3,1676160000,0,0.0
custom conference table,3,1676764800,0,0.0
custom conference table,3,1677369600,0,0.0
custom conference table,3,1677974400,0,0.0
custom conference table,3,1678579200,0,0.0
custom conference table,3,1679184000,0,0.0
custom conference table,3,1679788800,0,0.0
custom conference table,3,1680393600,0,0.0
custom conference table,3,1680998400,0,0.0
custom conference table,3,1681603200,0,0.0
custom conference table,3,1682208000,0,0.0
custom conference table,3,1682812800,0,0.0
custom conference table,3,1683417600,0,0.0
custom conference table,3,1684022400,0,0.0
custom conference table,3,1684627200,0,0.0
custom conference table,3,1685232000,0,0.0
custom conference table,3,1685836800,0,0.0
custom conference table,3,1686441600,0,0.0
custom conference table,3,1687046400,0,0.0
custom conference table,3,1687651200,0,0.0
custom conference table,3,1688256000,0,0.0
custom conference table,3,1688860800,0,0.0
custom conference table,3,1689465600,0,0.0
custom conference table,3,1690070400,0,0.0
custom conference table,3,1690675200,0,0.0
custom conference table,3,1691280000,0,0.0
custom conference table,3,1691884800,0,0.0
custom conference table,3,1692489600,0,0.0
custom conference table,3,1693094400,0,0.0
custom conference table,3,1693699200,0,0.0
custom conference table,3,1694304000,0,0.0
custom conference table,3,1694908800,0,0.0
custom conference table,3,1695513600,0,0.0
custom conference table,3,1696118400,0,0.0
custom conference table,3,1696723200,0,0.0
custom conference table,3,1697328000,0,0.0
custom conference table,3,1697932800,0,0.0
custom conference table,3,1698537600,0,0.0
custom conference table,3,1699142400,0,0.0
custom conference table,3,1699747200,0,0.0
custom conference table,3,1700352000,0,0.0
custom conference table,3,1700956800,0,0.0
custom conference table,3,1701561600,0,0.0
custom conference table,3,1702166400,0,0.0
custom conference table,3,1702771200,0,0.0
custom conference table,3,1703376000,0,0.0
custom conference table,3,1703980800,0,0.0
custom conference table,3,1704585600,0,0.0
custom conference table,3,1705190400,0,0.0
custom conference table,3,1705795200,0,0.0
custom conference table,3,1706400000,0,0.0
custom conference table,3,1707004800,0,0.0
custom conference table,3,1707609600,0,0.0
custom conference table,3,1708214400,0,0.0
custom conference table,3,1708819200,0,0.0
custom conference table,3,1709424000,0,0.0
custom conference table,3,1710028800,0,0.0
custom conference table,3,1710633600,0,0.0
custom conference table,3,1711238400,0,0.0
custom conference table,3,1711843200,0,0.0
custom conference table,3,1712448000,0,0.0
custom conference table,3,1713052800,0,0.0
custom conference table,3,1713657600,0,0.0
custom conference table,3,1714262400,0,0.0
custom conference table,3,1714867200,0,0.0
custom conference table,3,1715472000,0,0.0
custom conference table,3,1716076800,0,0.0
custom conference table,3,1716681600,0,0.0
custom conference table,3,1717286400,0,0.0
custom conference table,3,1717891200,0,0.0
custom conference table,3,1718496000,0,0.0
custom conference table,3,1719100800,0,0.0
custom conference table,3,1719705600,0,0.0
custom conference table,3,1720310400,0,0.0
custom conference table,3,1720915200,0,0.0
custom conference table,3,1721520000,0,0.0
custom conference table,3,1722124800,0,0.0
custom conference table,3,1722729600,0,0.0
custom conference table,3,1723334400,0,0.0
custom conference table,3,1723939200,0,0.0
custom conference table,3,1724544000,0,0.0
custom conference table,3,1725148800,0,0.0
custom conference table,3,1725753600,0,0.0
custom conference table,3,1726358400,0,0.0
custom conference table,3,1726963200,0,0.0
custom conference table,3,1727568000,0,0.0
custom conference table,3,1728172800,0,0.0
custom conference table,3,1728777600,0,0.0
custom conference table,3,1729382400,0,0.0
custom conference table,3,1729987200,0,0.0
custom conference table,3,1730592000,0,0.0
custom conference table,3,1731196800,0,0.0
custom conference table,3,1731801600,0,0.0
custom conference table,3,1732406400,0,0.0
custom conference table,3,1733011200,0,0.0
custom conference table,3,1733616000,0,0.0
custom conference table,3,1734220800,0,0.0
custom conference table,3,1734825600,0,0.0
custom conference table,3,1735430400,0,0.0
custom conference table,3,1736035200,0,0.0
custom conference table,3,1736640000,0,0.0
custom conference table,3,1737244800,0,0.0
custom conference table,3,1737849600,0,0.0
custom conference table,3,1738454400,0,0.0
custom conference table,3,1739059200,0,0.0
custom conference table,3,1739664000,0,0.0
custom conference table,3,1740268800,0,0.0
custom conference table,3,1740873600,0,0.0
custom conference table,3,1741478400,0,0.0
custom conference table,3,1742083200,0,0.0
custom conference table,3,1742688000,0,0.0
custom conference table,3,1743292800,0,0.0
custom conference table,3,1743897600,0,0.0
custom conference table,3,1744502400,0,0.0
custom conference table,3,1745107200,0,0.0
custom conference table,3,1745712000,0,0.0
custom conference table,3,1746316800,0,0.0
custom conference table,3,1746921600,0,0.0
custom conference table,3,1747526400,0,0.0
custom conference table,3,1748131200,0,0.0
custom conference table,3,1748736000,0,0.0
custom conference table,3,1749340800,0,0.0
custom conference table,3,1749945600,0,0.0
custom conference table,3,1750550400,0,0.0
custom conference table,3,1751155200,0,0.0
custom conference table,3,1751760000,0,0.0
custom conference table,3,1752364800,0,0.0
custom conference table,3,1752969600,0,0.0
custom conference table,3,1753574400,0,0.0
custom conference table,3,1754179200,0,0.0
custom conference table,3,1754784000,0,0.0
custom conference table,3,1755388800,0,0.0
custom conference table,3,1755993600,0,0.0
custom conference table,3,1756598400,0,0.0
custom conference table,3,1757203200,0,0.0
custom conference table,3,1757808000,0,0.0
custom conference table,3,1758412800,0,0.0
custom conference table,3,1759017600,0,0.0
custom conference table,3,1759622400,0,0.0
custom conference table,3,1760227200,0,0.0
custom conference table,3,1760832000,0,0.0
custom conference table,3,1761436800,0,0.0
custom conference table,3,1762041600,0,0.0
custom conference table,3,1762646400,0,0.0
custom conference table,3,1763251200,0,0.0
custom conference table,3,1763856000,0,0.0
custom conference table,3,1764460800,0,0.0
custom conference table,3,1765065600,0,0.0
custom conference table,3,1765670400,0,0.0
custom conference table,3,1766275200,0,0.0
custom conference table,3,1766880000,0,0.0
custom conference table,3,1767484800,0,0.0
custom conference table,3,1768089600,0,0.0
custom conference table,3,1768694400,0,0.0
custom conference table,3,1769299200,0,0.0
custom conference table,3,1769904000,0,0.0
custom conference table,3,1770508800,1,0.10786
custom conference table,3,1771113600,0,0.0
custom conference table,3,1771718400,0,0.0
custom conference table,3,1772323200,0,0.0
custom conference table,3,1772928000,0,0.0
custom conference table,3,1773532800,0,0.0
custom conference table,3,1774137600,0,0.0
custom conference table,3,1774742400,1,0.10786
custom conference table,3,1775347200,1,0.10786
custom conference table,3,1775952000,1,0.10786
custom conference table,3,1776556800,1,0.10786
custom conference table,3,1777161600,1,0.10786
custom conference table,3,1777766400,0,0.0
custom conference table,3,1778371200,1,0.10786
custom conference table,3,1778976000,1,0.10786
custom conference table,3,1779580800,1,0.10786
custom conference table,3,1780185600,1,0.10786
custom conference table,3,1780790400,1,0.10786
custom conference table,3,1781395200,1,0.10786
custom conference table,3,1782000000,1,0.10786
custom conference table,3,1782604800,0,0.0
custom conference table,3,1783209600,1,0.10786
custom conference table,3,1783814400,0,0.0
custom conference table,3,1784419200,0,0.0
custom conference table,3,1785024000,0,0.0
custom conference table,3,1785628800,0,0.0
custom conference table,3,1786233600,0,0.0
custom conference table,3,1786838400,0,0.0
custom conference table,3,1787443200,0,0.0
custom bench,3,1629590400,2,0.21573
custom bench,3,1630195200,2,0.21573
custom bench,3,1630800000,2,0.21573
custom bench,3,1631404800,1,0.10786
custom bench,3,1632009600,1,0.10786
custom bench,3,1632614400,2,0.21573
custom bench,3,1633219200,1,0.10786
custom bench,3,1633824000,2,0.21573
custom bench,3,1634428800,1,0.10786
custom bench,3,1635033600,1,0.10786
custom bench,3,1635638400,1,0.10786
custom bench,3,1636243200,1,0.10786
custom bench,3,1636848000,2,0.21573
custom bench,3,1637452800,2,0.21573
custom bench,3,1638057600,2,0.21573
custom bench,3,1638662400,1,0.10786
custom bench,3,1639267200,1,0.10786
custom bench,3,1639872000,1,0.10786
custom bench,3,1640476800,2,0.21573
custom bench,3,1641081600,2,0.21573
custom bench,3,1641686400,2,0.21573
custom bench,3,1642291200,2,0.21573
custom bench,3,1642896000,2,0.21573
custom bench,3,1643500800,2,0.21573
custom bench,3,1644105600,2,0.21573
custom bench,3,1644710400,2,0.21573
custom bench,3,1645315200,2,0.21573
custom bench,3,1645920000,2,0.21573
custom bench,3,1646524800,2,0.21573
custom bench,3,1647129600,2,0.21573
custom bench,3,1647734400,2,0.21573
custom bench,3,1648339200,2,0.21573
custom bench,3,1648944000,2,0.21573
custom bench,3,1649548800,2,0.21573
custom bench,3,1650153600,2,0.21573
custom bench,3,1650758400,2,0.21573
custom bench,3,1651363200,2,0.21573
custom bench,3,1651968000,2,0.21573
custom bench,3,1652572800,2,0.21573
custom bench,3,1653177600,2,0.21573
custom bench,3,1653782400,1,0.10786
custom bench,3,1654387200,2,0.21573
custom bench,3,1654992000,2,0.21573
custom bench,3,1655596800,1,0.10786
custom bench,3,1656201600,2,0.21573
custom bench,3,1656806400,2,0.21573
custom bench,3,1657411200,2,0.21573
custom bench,3,1658016000,2,0.21573
custom bench,3,1658620800,2,0.21573
custom bench,3,1659225600,2,0.21573
custom bench,3,1659830400,2,0.21573
custom bench,3,1660435200,2,0.21573
custom bench,3,1661040000,2,0.21573
custom bench,3,1661644800,2,0.21573
custom bench,3,1662249600,1,0.10786
custom bench,3,1662854400,1,0.10786
custom bench,3,1663459200,2,0.21573
custom bench,3,1664064000,2,0.21573
custom bench,3,1664668800,2,0.21573
custom bench,3,1665273600,2,0.21573
custom bench,3,1665878400,2,0.21573
custom bench,3,1666483200,1,0.10786
custom bench,3,1667088000,1,0.10786
custom bench,3,1667692800,2,0.21573
custom bench,3,1668297600,1,0.10786
custom bench,3,1668902400,2,0.21573
custom bench,3,1669507200,1,0.10786
custom bench,3,1670112000,2,0.21573
custom bench,3,1670716800,1,0.10786
custom bench,3,1671321600,2,0.21573
custom bench,3,1671926400,2,0.21573
custom bench,3,1672531200,1,0.10786
custom bench,3,1673136000,2,0.21573
custom bench,3,1673740800,2,0.21573
custom bench,3,1674345600,2,0.21573
custom bench,3,1674950400,1,0.10786
custom bench,3,1675555200,1,0.10786
custom bench,3,1676160000,2,0.21573
custom bench,3,1676764800,2,0.21573
custom bench,3,1677369600,2,0.21573
custom bench,3,1677974400,1,0.10786
custom bench,3,1678579200,2,0.21573
custom bench,3,1679184000,2,0.21573
custom bench,3,1679788800,2,0.21573
custom bench,3,1680393600,2,0.21573
custom bench,3,1680998400,2,0.21573
custom bench,3,1681603200,2,0.21573
custom bench,3,1682208000,2,0.21573
custom bench,3,1682812800,2,0.21573
custom bench,3,1683417600,2,0.21573
custom bench,3,1684022400,2,0.21573
custom bench,3,1684627200,2,0.21573
custom bench,3,1685232000,2,0.21573
custom bench,3,1685836800,2,0.21573
custom bench,3,1686441600,2,0.21573
custom bench,3,1687046400,1,0.10786
custom bench,3,1687651200,2,0.21573
custom bench,3,1688256000,2,0.21573
custom bench,3,1688860800,2,0.21573
custom bench,3,1689465600,2,0.21573
custom bench,3,1690070400,2,0.21573
custom bench,3,1690675200,2,0.21573
custom bench,3,1691280000,2,0.21573
custom bench,3,1691884800,1,0.10786
custom bench,3,1692489600,2,0.21573
custom bench,3,1693094400,1,0.10786
custom bench,3,1693699200,1,0.10786
custom bench,3,1694304000,2,0.21573
custom bench,3,1694908800,2,0.21573
custom bench,3,1695513600,2,0.21573
custom bench,3,1696118400,2,0.21573
custom bench,3,1696723200,1,0.10786
custom bench,3,1697328000,1,0.10786
custom bench,3,1697932800,1,0.10786
custom bench,3,1698537600,2,0.21573
custom bench,3,1699142400,2,0.21573
custom bench,3,1699747200,2,0.21573
custom bench,3,1700352000,2,0.21573
custom bench,3,1700956800,1,0.10786
custom bench,3,1701561600,2,0.21573
custom bench,3,1702166400,1,0.10786
custom bench,3,1702771200,1,0.10786
custom bench,3,1703376000,2,0.21573
custom bench,3,1703980800,2,0.21573
custom bench,3,1704585600,2,0.21573
custom bench,3,1705190400,2,0.21573
custom bench,3,1705795200,2,0.21573
custom bench,3,1706400000,2,0.21573
custom bench,3,1707004800,2,0.21573
custom bench,3,1707609600,2,0.21573
custom bench,3,1708214400,2,0.21573
custom bench,3,1708819200,2,0.21573
custom bench,3,1709424000,2,0.21573
custom bench,3,1710028800,2,0.21573
custom bench,3,1710633600,2,0.21573
custom bench,3,1711238400,2,0.21573
custom bench,3,1711843200,2,0.21573
custom bench,3,1712448000,1,0.10786
custom bench,3,1713052800,2,0.21573
custom bench,3,1713657600,2,0.21573
custom bench,3,1714262400,2,0.21573
custom bench,3,1714867200,2,0.21573
custom bench,3,1715472000,1,0.10786
custom bench,3,1716076800,1,0.10786
custom bench,3,1716681600,2,0.21573
custom bench,3,1717286400,2,0.21573
custom bench,3,1717891200,2,0.21573
custom bench,3,1718496000,2,0.21573
custom bench,3,1719100800,2,0.21573
custom bench,3,1719705600,2,0.21573
custom bench,3,1720310400,2,0.21573
custom bench,3,1720915200,1,0.10786
custom bench,3,1721520000,2,0.21573
custom bench,3,1722124800,2,0.21573
custom bench,3,1722729600,2,0.21573
custom bench,3,1723334400,2,0.21573
custom bench,3,1723939200,2,0.21573
custom bench,3,1724544000,2,0.21573
custom bench,3,1725148800,2,0.21573
custom bench,3,1725753600,2,0.21573
custom bench,3,1726358400,2,0.21573
custom bench,3,1726963200,2,0.21573
custom bench,3,1727568000,2,0.21573
custom bench,3,1728172800,2,0.21573
custom bench,3,1728777600,2,0.21573
custom bench,3,1729382400,2,0.21573
custom bench,3,1729987200,2,0.21573
custom bench,3,1730592000,2,0.21573
custom bench,3,1731196800,2,0.21573
custom bench,3,1731801600,2,0.21573
custom bench,3,1732406400,2,0.21573
custom bench,3,1733011200,2,0.21573
custom bench,3,1733616000,2,0.21573
custom bench,3,1734220800,2,0.21573
custom bench,3,1734825600,1,0.10786
custom bench,3,1735430400,2,0.21573
custom bench,3,1736035200,2,0.21573
custom bench,3,1736640000,2,0.21573
custom bench,3,1737244800,2,0.21573
custom bench,3,1737849600,2,0.21573
custom bench,3,1738454400,2,0.21573
custom bench,3,1739059200,2,0.21573
custom bench,3,1739664000,2,0.21573
custom bench,3,1740268800,2,0.21573
custom bench,3,1740873600,2,0.21573
custom bench,3,1741478400,2,0.21573
custom bench,3,1742083200,2,0.21573
custom bench,3,1742688000,2,0.21573
custom bench,3,1743292800,2,0.21573
custom bench,3,1743897600,2,0.21573
custom bench,3,1744502400,2,0.21573
custom bench,3,1745107200,2,0.21573
custom bench,3,1745712000,3,0.32359
custom bench,3,1746316800,2,0.21573
custom bench,3,1746921600,2,0.21573
custom bench,3,1747526400,2,0.21573
custom bench,3,1748131200,2,0.21573
custom bench,3,1748736000,2,0.21573
custom bench,3,1749340800,2,0.21573
custom bench,3,1749945600,2,0.21573
custom bench,3,1750550400,2,0.21573
custom bench,3,1751155200,2,0.21573
custom bench,3,1751760000,2,0.21573
custom bench,3,1752364800,2,0.21573
custom bench,3,1752969600,3,0.32359
custom bench,3,1753574400,3,0.32359
custom bench,3,1754179200,3,0.32359
custom bench,3,1754784000,2,0.21573
custom bench,3,1755388800,2,0.21573
custom bench,3,1755993600,3,0.32359
custom bench,3,1756598400,3,0.32359
custom bench,3,1757203200,2,0.21573
custom bench,3,1757808000,2,0.21573
custom bench,3,1758412800,3,0.32359
custom bench,3,1759017600,2,0.21573
custom bench,3,1759622400,2,0.21573
custom bench,3,1760227200,2,0.21573
custom bench,3,1760832000,2,0.21573
custom bench,3,1761436800,3,0.32359
custom bench,3,1762041600,3,0.32359
custom bench,3,1762646400,3,0.32359
custom bench,3,1763251200,2,0.21573
custom bench,3,1763856000,3,0.32359
custom bench,3,1764460800,3,0.32359
custom bench,3,1765065600,2,0.21573
custom bench,3,1765670400,2,0.21573
custom bench,3,1766275200,3,0.32359
custom bench,3,1766880000,3,0.32359
custom bench,3,1767484800,3,0.32359
custom bench,3,1768089600,3,0.32359
custom bench,3,1768694400,3,0.32359
custom bench,3,1769299200,3,0.32359
custom bench,3,1769904000,3,0.32359
custom bench,3,1770508800,5,0.53932
custom bench,3,1771113600,5,0.53932
custom bench,3,1771718400,4,0.43145
custom bench,3,1772323200,3,0.32359
custom bench,3,1772928000,4,0.43145
custom bench,3,1773532800,5,0.53932
custom bench,3,1774137600,7,0.75504
custom bench,3,1774742400,17,1.83368
custom bench,3,1775347200,26,2.80445
custom bench,3,1775952000,27,2.91231
custom bench,3,1776556800,18,1.94154
custom bench,3,1777161600,13,1.40222
custom bench,3,1777766400,11,1.1865
custom bench,3,1778371200,21,2.26513
custom bench,3,1778976000,26,2.80445
custom bench,3,1779580800,15,1.61795
custom bench,3,1780185600,15,1.61795
custom bench,3,1780790400,21,2.26513
custom bench,3,1781395200,18,1.94154
custom bench,3,1782000000,15,1.61795
custom bench,3,1782604800,7,0.75504
custom bench,3,1783209600,6,0.64718
custom bench,3,1783814400,3,0.32359
custom bench,3,1784419200,3,0.32359
custom bench,3,1785024000,3,0.32359
custom bench,3,1785628800,3,0.32359
custom bench,3,1786233600,3,0.32359
custom bench,3,1786838400,3,0.32359
custom bench,3,1787443200,3,0.32359
custom wardrobe,3,1629590400,0,0.0
custom wardrobe,3,1630195200,0,0.0
custom wardrobe,3,1630800000,0,0.0
custom wardrobe,3,1631404800,0,0.0
custom wardrobe,3,1632009600,0,0.0
custom wardrobe,3,1632614400,0,0.0
custom wardrobe,3,1633219200,0,0.0
custom wardrobe,3,1633824000,0,0.0
custom wardrobe,3,1634428800,0,0.0
custom wardrobe,3,1635033600,0,0.0
custom wardrobe,3,1635638400,0,0.0
custom wardrobe,3,1636243200,0,0.0
custom wardrobe,3,1636848000,0,0.0
custom wardrobe,3,1637452800,0,0.0
custom wardrobe,3,1638057600,0,0.0
custom wardrobe,3,1638662400,0,0.0
custom wardrobe,3,1639267200,0,0.0
custom wardrobe,3,1639872000,0,0.0
custom wardrobe,3,1640476800,0,0.0
custom wardrobe,3,1641081600,0,0.0
custom wardrobe,3,1641686400,0,0.0
custom wardrobe,3,1642291200,0,0.0
custom wardrobe,3,1642896000,0,0.0
custom wardrobe,3,1643500800,0,0.0
custom wardrobe,3,1644105600,0,0.0
custom wardrobe,3,1644710400,0,0.0
custom wardrobe,3,1645315200,0,0.0
custom wardrobe,3,1645920000,0,0.0
custom wardrobe,3,1646524800,0,0.0
custom wardrobe,3,1647129600,0,0.0
custom wardrobe,3,1647734400,0,0.0
custom wardrobe,3,1648339200,0,0.0
custom wardrobe,3,1648944000,1,0.10786
custom wardrobe,3,1649548800,0,0.0
custom wardrobe,3,1650153600,0,0.0
custom wardrobe,3,1650758400,0,0.0
custom wardrobe,3,1651363200,0,0.0
custom wardrobe,3,1651968000,0,0.0
custom wardrobe,3,1652572800,0,0.0
custom wardrobe,3,1653177600,0,0.0
custom wardrobe,3,1653782400,0,0.0
custom wardrobe,3,1654387200,0,0.0
custom wardrobe,3,1654992000,0,0.0
custom wardrobe,3,1655596800,0,0.0
custom wardrobe,3,1656201600,0,0.0
custom wardrobe,3,1656806400,0,0.0
custom wardrobe,3,1657411200,0,0.0
custom wardrobe,3,1658016000,0,0.0
custom wardrobe,3,1658620800,0,0.0
custom wardrobe,3,1659225600,1,0.10786
custom wardrobe,3,1659830400,0,0.0
custom wardrobe,3,1660435200,0,0.0
custom wardrobe,3,1661040000,0,0.0
custom wardrobe,3,1661644800,0,0.0
custom wardrobe,3,1662249600,0,0.0
custom wardrobe,3,1662854400,0,0.0
custom wardrobe,3,1663459200,0,0.0
custom wardrobe,3,1664064000,0,0.0
custom wardrobe,3,1664668800,0,0.0
custom wardrobe,3,1665273600,0,0.0
custom wardrobe,3,1665878400,0,0.0
custom wardrobe,3,1666483200,0,0.0
custom wardrobe,3,1667088000,0,0.0
custom wardrobe,3,1667692800,0,0.0
custom wardrobe,3,1668297600,0,0.0
custom wardrobe,3,1668902400,1,0.10786
custom wardrobe,3,1669507200,0,0.0
custom wardrobe,3,1670112000,0,0.0
custom wardrobe,3,1670716800,0,0.0
custom wardrobe,3,1671321600,0,0.0
custom wardrobe,3,1671926400,1,0.10786
custom wardrobe,3,1672531200,0,0.0
custom wardrobe,3,1673136000,0,0.0
custom wardrobe,3,1673740800,0,0.0
custom wardrobe,3,1674345600,0,0.0
custom wardrobe,3,1674950400,0,0.0
custom wardrobe,3,1675555200,0,0.0
custom wardrobe,3,1676160000,0,0.0
custom wardrobe,3,1676764800,0,0.0
custom wardrobe,3,1677369600,0,0.0
custom wardrobe,3,1677974400,0,0.0
custom wardrobe,3,1678579200,0,0.0
custom wardrobe,3,1679184000,0,0.0
custom wardrobe,3,1679788800,0,0.0
custom wardrobe,3,1680393600,0,0.0
custom wardrobe,3,1680998400,0,0.0
custom wardrobe,3,1681603200,0,0.0
custom wardrobe,3,1682208000,0,0.0
custom wardrobe,3,1682812800,0,0.0
custom wardrobe,3,1683417600,0,0.0
custom wardrobe,3,1684022400,0,0.0
custom wardrobe,3,1684627200,0,0.0
custom wardrobe,3,1685232000,0,0.0
custom wardrobe,3,1685836800,0,0.0
custom wardrobe,3,1686441600,0,0.0
custom wardrobe,3,1687046400,0,0.0
custom wardrobe,3,1687651200,1,0.10786
custom wardrobe,3,1688256000,0,0.0
custom wardrobe,3,1688860800,0,0.0
custom wardrobe,3,1689465600,1,0.10786
custom wardrobe,3,1690070400,0,0.0
custom wardrobe,3,1690675200,0,0.0
custom wardrobe,3,1691280000,0,0.0
custom wardrobe,3,1691884800,0,0.0
custom wardrobe,3,1692489600,0,0.0
custom wardrobe,3,1693094400,0,0.0
custom wardrobe,3,1693699200,0,0.0
custom wardrobe,3,1694304000,0,0.0
custom wardrobe,3,1694908800,0,0.0
custom wardrobe,3,1695513600,0,0.0
custom wardrobe,3,1696118400,0,0.0
custom wardrobe,3,1696723200,0,0.0
custom wardrobe,3,1697328000,0,0.0
custom wardrobe,3,1697932800,0,0.0
custom wardrobe,3,1698537600,0,0.0
custom wardrobe,3,1699142400,0,0.0
custom wardrobe,3,1699747200,0,0.0
custom wardrobe,3,1700352000,0,0.0
custom wardrobe,3,1700956800,1,0.10786
custom wardrobe,3,1701561600,0,0.0
custom wardrobe,3,1702166400,0,0.0
custom wardrobe,3,1702771200,0,0.0
custom wardrobe,3,1703376000,0,0.0
custom wardrobe,3,1703980800,0,0.0
custom wardrobe,3,1704585600,0,0.0
custom wardrobe,3,1705190400,0,0.0
custom wardrobe,3,1705795200,0,0.0
custom wardrobe,3,1706400000,1,0.10786
custom wardrobe,3,1707004800,0,0.0
custom wardrobe,3,1707609600,0,0.0
custom wardrobe,3,1708214400,0,0.0
custom wardrobe,3,1708819200,0,0.0
custom wardrobe,3,1709424000,0,0.0
custom wardrobe,3,1710028800,0,0.0
custom wardrobe,3,1710633600,0,0.0
custom wardrobe,3,1711238400,0,0.0
custom wardrobe,3,1711843200,1,0.10786
custom wardrobe,3,1712448000,0,0.0
custom wardrobe,3,1713052800,0,0.0
custom wardrobe,3,1713657600,0,0.0
custom wardrobe,3,1714262400,0,0.0
custom wardrobe,3,1714867200,0,0.0
custom wardrobe,3,1715472000,0,0.0
custom wardrobe,3,1716076800,0,0.0
custom wardrobe,3,1716681600,0,0.0
custom wardrobe,3,1717286400,0,0.0
custom wardrobe,3,1717891200,0,0.0
custom wardrobe,3,1718496000,0,0.0
custom wardrobe,3,1719100800,0,0.0
custom wardrobe,3,1719705600,0,0.0
custom wardrobe,3,1720310400,0,0.0
custom wardrobe,3,1720915200,0,0.0
custom wardrobe,3,1721520000,1,0.10786
custom wardrobe,3,1722124800,0,0.0
custom wardrobe,3,1722729600,0,0.0
custom wardrobe,3,1723334400,0,0.0
custom wardrobe,3,1723939200,0,0.0
custom wardrobe,3,1724544000,0,0.0
custom wardrobe,3,1725148800,0,0.0
custom wardrobe,3,1725753600,0,0.0
custom wardrobe,3,1726358400,0,0.0
custom wardrobe,3,1726963200,0,0.0
custom wardrobe,3,1727568000,1,0.10786
custom wardrobe,3,1728172800,0,0.0
custom wardrobe,3,1728777600,0,0.0
custom wardrobe,3,1729382400,0,0.0
custom wardrobe,3,1729987200,0,0.0
custom wardrobe,3,1730592000,0,0.0
custom wardrobe,3,1731196800,0,0.0
custom wardrobe,3,1731801600,1,0.10786
custom wardrobe,3,1732406400,0,0.0
custom wardrobe,3,1733011200,1,0.10786
custom wardrobe,3,1733616000,0,0.0
custom wardrobe,3,1734220800,0,0.0
custom wardrobe,3,1734825600,0,0.0
custom wardrobe,3,1735430400,1,0.10786
custom wardrobe,3,1736035200,0,0.0
custom wardrobe,3,1736640000,0,0.0
custom wardrobe,3,1737244800,0,0.0
custom wardrobe,3,1737849600,0,0.0
custom wardrobe,3,1738454400,0,0.0
custom wardrobe,3,1739059200,0,0.0
custom wardrobe,3,1739664000,0,0.0
custom wardrobe,3,1740268800,0,0.0
custom wardrobe,3,1740873600,0,0.0
custom wardrobe,3,1741478400,0,0.0
custom wardrobe,3,1742083200,1,0.10786
custom wardrobe,3,1742688000,0,0.0
custom wardrobe,3,1743292800,1,0.10786
custom wardrobe,3,1743897600,1,0.10786
custom wardrobe,3,1744502400,0,0.0
custom wardrobe,3,1745107200,0,0.0
custom wardrobe,3,1745712000,1,0.10786
custom wardrobe,3,1746316800,1,0.10786
custom wardrobe,3,1746921600,1,0.10786
custom wardrobe,3,1747526400,1,0.10786
custom wardrobe,3,1748131200,0,0.0
custom wardrobe,3,1748736000,0,0.0
custom wardrobe,3,1749340800,1,0.10786
custom wardrobe,3,1749945600,1,0.10786
custom wardrobe,3,1750550400,1,0.10786
custom wardrobe,3,1751155200,1,0.10786
custom wardrobe,3,1751760000,1,0.10786
custom wardrobe,3,1752364800,1,0.10786
custom wardrobe,3,1752969600,1,0.10786
custom wardrobe,3,1753574400,1,0.10786
custom wardrobe,3,1754179200,1,0.10786
custom wardrobe,3,1754784000,1,0.10786
custom wardrobe,3,1755388800,1,0.10786
custom wardrobe,3,1755993600,1,0.10786
custom wardrobe,3,1756598400,1,0.10786
custom wardrobe,3,1757203200,1,0.10786
custom wardrobe,3,1757808000,1,0.10786
custom wardrobe,3,1758412800,1,0.10786
custom wardrobe,3,1759017600,1,0.10786
custom wardrobe,3,1759622400,1,0.10786
custom wardrobe,3,1760227200,0,0.0
custom wardrobe,3,1760832000,1,0.10786
custom wardrobe,3,1761436800,1,0.10786
custom wardrobe,3,1762041600,0,0.0
custom wardrobe,3,1762646400,1,0.10786
custom wardrobe,3,1763251200,1,0.10786
custom wardrobe,3,1763856000,3,0.32359
custom wardrobe,3,1764460800,1,0.10786
custom wardrobe,3,1765065600,1,0.10786
custom wardrobe,3,1765670400,1,0.10786
custom wardrobe,3,1766275200,2,0.21573
custom wardrobe,3,1766880000,1,0.10786
custom wardrobe,3,1767484800,1,0.10786
custom wardrobe,3,1768089600,1,0.10786
custom wardrobe,3,1768694400,1,0.10786
custom wardrobe,3,1769299200,1,0.10786
custom wardrobe,3,1769904000,1,0.10786
custom wardrobe,3,1770508800,3,0.32359
custom wardrobe,3,1771113600,2,0.21573
custom wardrobe,3,1771718400,2,0.21573
custom wardrobe,3,1772323200,1,0.10786
custom wardrobe,3,1772928000,2,0.21573
custom wardrobe,3,1773532800,1,0.10786
custom wardrobe,3,1774137600,1,0.10786
custom wardrobe,3,1774742400,3,0.32359
custom wardrobe,3,1775347200,4,0.43145
custom wardrobe,3,1775952000,5,0.53932
custom wardrobe,3,1776556800,3,0.32359
custom wardrobe,3,1777161600,3,0.32359
custom wardrobe,3,1777766400,3,0.32359
custom wardrobe,3,1778371200,4,0.43145
custom wardrobe,3,1778976000,6,0.64718
custom wardrobe,3,1779580800,3,0.32359
custom wardrobe,3,1780185600,3,0.32359
custom wardrobe,3,1780790400,5,0.53932
custom wardrobe,3,1781395200,6,0.64718
custom wardrobe,3,1782000000,4,0.43145
custom wardrobe,3,1782604800,2,0.21573
custom wardrobe,3,1783209600,3,0.32359
custom wardrobe,3,1783814400,1,0.10786
custom wardrobe,3,1784419200,1,0.10786
custom wardrobe,3,1785024000,1,0.10786
custom wardrobe,3,1785628800,1,0.10786
custom wardrobe,3,1786233600,1,0.10786
custom wardrobe,3,1786838400,1,0.10786
custom wardrobe,3,1787443200,1,0.10786
custom sofa,3,1629590400,2,0.21573
custom sofa,3,1630195200,2,0.21573
custom sofa,3,1630800000,2,0.21573
custom sofa,3,1631404800,2,0.21573
custom sofa,3,1632009600,2,0.21573
custom sofa,3,1632614400,2,0.21573
custom sofa,3,1633219200,2,0.21573
custom sofa,3,1633824000,2,0.21573
custom sofa,3,1634428800,2,0.21573
custom sofa,3,1635033600,2,0.21573
custom sofa,3,1635638400,2,0.21573
custom sofa,3,1636243200,2,0.21573
custom sofa,3,1636848000,2,0.21573
custom sofa,3,1637452800,2,0.21573
custom sofa,3,1638057600,2,0.21573
custom sofa,3,1638662400,2,0.21573
custom sofa,3,1639267200,2,0.21573
custom sofa,3,1639872000,1,0.10786
custom sofa,3,1640476800,1,0.10786
custom sofa,3,1641081600,2,0.21573
custom sofa,3,1641686400,1,0.10786
custom sofa,3,1642291200,2,0.21573
custom sofa,3,1642896000,1,0.10786
custom sofa,3,1643500800,2,0.21573
custom sofa,3,1644105600,2,0.21573
custom sofa,3,1644710400,1,0.10786
custom sofa,3,1645315200,2,0.21573
custom sofa,3,1645920000,1,0.10786
custom sofa,3,1646524800,1,0.10786
custom sofa,3,1647129600,2,0.21573
custom sofa,3,1647734400,2,0.21573
custom sofa,3,1648339200,1,0.10786
custom sofa,3,1648944000,2,0.21573
custom sofa,3,1649548800,1,0.10786
custom sofa,3,1650153600,1,0.10786
custom sofa,3,1650758400,2,0.21573
custom sofa,3,1651363200,1,0.10786
custom sofa,3,1651968000,1,0.10786
custom sofa,3,1652572800,1,0.10786
custom sofa,3,1653177600,1,0.10786
custom sofa,3,1653782400,1,0.10786
custom sofa,3,1654387200,1,0.10786
custom sofa,3,1654992000,1,0.10786
custom sofa,3,1655596800,1,0.10786
custom sofa,3,1656201600,2,0.21573
custom sofa,3,1656806400,1,0.10786
custom sofa,3,1657411200,1,0.10786
custom sofa,3,1658016000,2,0.21573
custom sofa,3,1658620800,1,0.10786
custom sofa,3,1659225600,2,0.21573
custom sofa,3,1659830400,2,0.21573
custom sofa,3,1660435200,1,0.10786
custom sofa,3,1661040000,1,0.10786
custom sofa,3,1661644800,2,0.21573
custom sofa,3,1662249600,2,0.21573
custom sofa,3,1662854400,1,0.10786
custom sofa,3,1663459200,1,0.10786
custom sofa,3,1664064000,1,0.10786
custom sofa,3,1664668800,1,0.10786
custom sofa,3,1665273600,2,0.21573
custom sofa,3,1665878400,1,0.10786
custom sofa,3,1666483200,1,0.10786
custom sofa,3,1667088000,1,0.10786
custom sofa,3,1667692800,1,0.10786
custom sofa,3,1668297600,1,0.10786
custom sofa,3,1668902400,1,0.10786
custom sofa,3,1669507200,1,0.10786
custom sofa,3,1670112000,1,0.10786
custom sofa,3,1670716800,1,0.10786
custom sofa,3,1671321600,1,0.10786
custom sofa,3,1671926400,2,0.21573
custom sofa,3,1672531200,2,0.21573
custom sofa,3,1673136000,1,0.10786
custom sofa,3,1673740800,2,0.21573
custom sofa,3,1674345600,1,0.10786
custom sofa,3,1674950400,1,0.10786
custom sofa,3,1675555200,1,0.10786
custom sofa,3,1676160000,1,0.10786
custom sofa,3,1676764800,1,0.10786
custom sofa,3,1677369600,1,0.10786
custom sofa,3,1677974400,1,0.10786
custom sofa,3,1678579200,1,0.10786
custom sofa,3,1679184000,1,0.10786
custom sofa,3,1679788800,1,0.10786
custom sofa,3,1680393600,1,0.10786
custom sofa,3,1680998400,1,0.10786
custom sofa,3,1681603200,1,0.10786
custom sofa,3,1682208000,1,0.10786
custom sofa,3,1682812800,1,0.10786
custom sofa,3,1683417600,1,0.10786
custom sofa,3,1684022400,1,0.10786
custom sofa,3,1684627200,1,0.10786
custom sofa,3,1685232000,1,0.10786
custom sofa,3,1685836800,1,0.10786
custom sofa,3,1686441600,1,0.10786
custom sofa,3,1687046400,2,0.21573
custom sofa,3,1687651200,1,0.10786
custom sofa,3,1688256000,1,0.10786
custom sofa,3,1688860800,1,0.10786
custom sofa,3,1689465600,1,0.10786
custom sofa,3,1690070400,1,0.10786
custom sofa,3,1690675200,1,0.10786
custom sofa,3,1691280000,1,0.10786
custom sofa,3,1691884800,1,0.10786
custom sofa,3,1692489600,1,0.10786
custom sofa,3,1693094400,1,0.10786
custom sofa,3,1693699200,1,0.10786
custom sofa,3,1694304000,1,0.10786
custom sofa,3,1694908800,1,0.10786
custom sofa,3,1695513600,1,0.10786
custom sofa,3,1696118400,1,0.10786
custom sofa,3,1696723200,1,0.10786
custom sofa,3,1697328000,1,0.10786
custom sofa,3,1697932800,1,0.10786
custom sofa,3,1698537600,1,0.10786
custom sofa,3,1699142400,1,0.10786
custom sofa,3,1699747200,2,0.21573
custom sofa,3,1700352000,1,0.10786
custom sofa,3,1700956800,1,0.10786
custom sofa,3,1701561600,1,0.10786
custom sofa,3,1702166400,1,0.10786
custom sofa,3,1702771200,1,0.10786
custom sofa,3,1703376000,1,0.10786
custom sofa,3,1703980800,2,0.21573
custom sofa,3,1704585600,1,0.10786
custom sofa,3,1705190400,1,0.10786
custom sofa,3,1705795200,1,0.10786
custom sofa,3,1706400000,1,0.10786
custom sofa,3,1707004800,1,0.10786
custom sofa,3,1707609600,1,0.10786
custom sofa,3,1708214400,2,0.21573
custom sofa,3,1708819200,1,0.10786
custom sofa,3,1709424000,1,0.10786
custom sofa,3,1710028800,1,0.10786
custom sofa,3,1710633600,1,0.10786
custom sofa,3,1711238400,1,0.10786
custom sofa,3,1711843200,1,0.10786
custom sofa,3,1712448000,1,0.10786
custom sofa,3,1713052800,1,0.10786
custom sofa,3,1713657600,1,0.10786
custom sofa,3,1714262400,1,0.10786
custom sofa,3,1714867200,1,0.10786
custom sofa,3,1715472000,1,0.10786
custom sofa,3,1716076800,1,0.10786
custom sofa,3,1716681600,1,0.10786
custom sofa,3,1717286400,1,0.10786
custom sofa,3,1717891200,1,0.10786
custom sofa,3,1718496000,1,0.10786
custom sofa,3,1719100800,1,0.10786
custom sofa,3,1719705600,2,0.21573
custom sofa,3,1720310400,1,0.10786
custom sofa,3,1720915200,1,0.10786
custom sofa,3,1721520000,1,0.10786
custom sofa,3,1722124800,1,0.10786
custom sofa,3,1722729600,1,0.10786
custom sofa,3,1723334400,2,0.21573
custom sofa,3,1723939200,1,0.10786
custom sofa,3,1724544000,2,0.21573
custom sofa,3,1725148800,2,0.21573
custom sofa,3,1725753600,1,0.10786
custom sofa,3,1726358400,1,0.10786
custom sofa,3,1726963200,1,0.10786
custom sofa,3,1727568000,1,0.10786
custom sofa,3,1728172800,1,0.10786
custom sofa,3,1728777600,1,0.10786
custom sofa,3,1729382400,1,0.10786
custom sofa,3,1729987200,1,0.10786
custom sofa,3,1730592000,1,0.10786
custom sofa,3,1731196800,1,0.10786
custom sofa,3,1731801600,2,0.21573
custom sofa,3,1732406400,1,0.10786
custom sofa,3,1733011200,2,0.21573
custom sofa,3,1733616000,1,0.10786
custom sofa,3,1734220800,1,0.10786
custom sofa,3,1734825600,2,0.21573
custom sofa,3,1735430400,2,0.21573
custom sofa,3,1736035200,2,0.21573
custom sofa,3,1736640000,2,0.21573
custom sofa,3,1737244800,2,0.21573
custom sofa,3,1737849600,1,0.10786
custom sofa,3,1738454400,2,0.21573
custom sofa,3,1739059200,1,0.10786
custom sofa,3,1739664000,2,0.21573
custom sofa,3,1740268800,2,0.21573
custom sofa,3,1740873600,1,0.10786
custom sofa,3,1741478400,1,0.10786
custom sofa,3,1742083200,1,0.10786
custom sofa,3,1742688000,2,0.21573
custom sofa,3,1743292800,1,0.10786
custom sofa,3,1743897600,1,0.10786
custom sofa,3,1744502400,1,0.10786
custom sofa,3,1745107200,1,0.10786
custom sofa,3,1745712000,2,0.21573
custom sofa,3,1746316800,2,0.21573
custom sofa,3,1746921600,2,0.21573
custom sofa,3,1747526400,1,0.10786
custom sofa,3,1748131200,2,0.21573
custom sofa,3,1748736000,2,0.21573
custom sofa,3,1749340800,2,0.21573
custom sofa,3,1749945600,1,0.10786
custom sofa,3,1750550400,2,0.21573
custom sofa,3,1751155200,2,0.21573
custom sofa,3,1751760000,2,0.21573
custom sofa,3,1752364800,2,0.21573
custom sofa,3,1752969600,2,0.21573
custom sofa,3,1753574400,2,0.21573
custom sofa,3,1754179200,2,0.21573
custom sofa,3,1754784000,2,0.21573
custom sofa,3,1755388800,2,0.21573
custom sofa,3,1755993600,2,0.21573
custom sofa,3,1756598400,2,0.21573
custom sofa,3,1757203200,1,0.10786
custom sofa,3,1757808000,2,0.21573
custom sofa,3,1758412800,2,0.21573
custom sofa,3,1759017600,1,0.10786
custom sofa,3,1759622400,2,0.21573
custom sofa,3,1760227200,2,0.21573
custom sofa,3,1760832000,1,0.10786
custom sofa,3,1761436800,2,0.21573
custom sofa,3,1762041600,2,0.21573
custom sofa,3,1762646400,2,0.21573
custom sofa,3,1763251200,3,0.32359
custom sofa,3,1763856000,2,0.21573
custom sofa,3,1764460800,2,0.21573
custom sofa,3,1765065600,2,0.21573
custom sofa,3,1765670400,2,0.21573
custom sofa,3,1766275200,2,0.21573
custom sofa,3,1766880000,2,0.21573
custom sofa,3,1767484800,2,0.21573
custom sofa,3,1768089600,3,0.32359
custom sofa,3,1768694400,3,0.32359
custom sofa,3,1769299200,3,0.32359
custom sofa,3,1769904000,3,0.32359
custom sofa,3,1770508800,8,0.86291
custom sofa,3,1771113600,9,0.97077
custom sofa,3,1771718400,6,0.64718
custom sofa,3,1772323200,2,0.21573
custom sofa,3,1772928000,3,0.32359
custom sofa,3,1773532800,5,0.53932
custom sofa,3,1774137600,21,2.26513
custom sofa,3,1774742400,62,6.68753
custom sofa,3,1775347200,86,9.27625
custom sofa,3,1775952000,100,10.78633
custom sofa,3,1776556800,70,7.55043
custom sofa,3,1777161600,53,5.71676
custom sofa,3,1777766400,45,4.85385
custom sofa,3,1778371200,68,7.33471
custom sofa,3,1778976000,66,7.11898
custom sofa,3,1779580800,38,4.09881
custom sofa,3,1780185600,33,3.55949
custom sofa,3,1780790400,47,5.06958
custom sofa,3,1781395200,41,4.4224
custom sofa,3,1782000000,36,3.88308
custom sofa,3,1782604800,11,1.1865
custom sofa,3,1783209600,10,1.07863
custom sofa,3,1783814400,3,0.32359
custom sofa,3,1784419200,3,0.32359
custom sofa,3,1785024000,2,0.21573
custom sofa,3,1785628800,2,0.21573
custom sofa,3,1786233600,2,0.21573
custom sofa,3,1786838400,2,0.21573
custom sofa,3,1787443200,2,0.21573
custom outdoor furniture,4,1629590400,0,0.0
custom outdoor furniture,4,1630195200,0,0.0
custom outdoor furniture,4,1630800000,0,0.0
custom outdoor furniture,4,1631404800,0,0.0
custom outdoor furniture,4,1632009600,0,0.0
custom outdoor furniture,4,1632614400,0,0.0
custom outdoor furniture,4,1633219200,0,0.0
custom outdoor furniture,4,1633824000,0,0.0
custom outdoor furniture,4,1634428800,0,0.0
custom outdoor furniture,4,1635033600,0,0.0
custom outdoor furniture,4,1635638400,0,0.0
custom outdoor furniture,4,1636243200,1,0.10163
custom outdoor furniture,4,1636848000,0,0.0
custom outdoor furniture,4,1637452800,0,0.0
custom outdoor furniture,4,1638057600,0,0.0
custom outdoor furniture,4,1638662400,0,0.0
custom outdoor furniture,4,1639267200,0,0.0
custom outdoor furniture,4,1639872000,0,0.0
custom outdoor furniture,4,1640476800,0,0.0
custom outdoor furniture,4,1641081600,0,0.0
custom outdoor furniture,4,1641686400,0,0.0
custom outdoor furniture,4,1642291200,0,0.0
custom outdoor furniture,4,1642896000,0,0.0
custom outdoor furniture,4,1643500800,0,0.0
custom outdoor furniture,4,1644105600,0,0.0
custom outdoor furniture,4,1644710400,0,0.0
custom outdoor furniture,4,1645315200,0,0.0
custom outdoor furniture,4,1645920000,0,0.0
custom outdoor furniture,4,1646524800,0,0.0
custom outdoor furniture,4,1647129600,0,0.0
custom outdoor furniture,4,1647734400,1,0.10163
custom outdoor furniture,4,1648339200,1,0.10163
custom outdoor furniture,4,1648944000,1,0.10163
custom outdoor furniture,4,1649548800,0,0.0
custom outdoor furniture,4,1650153600,1,0.10163
custom outdoor furniture,4,1650758400,1,0.10163
custom outdoor furniture,4,1651363200,0,0.0
custom outdoor furniture,4,1651968000,1,0.10163
custom outdoor furniture,4,1652572800,0,0.0
custom outdoor furniture,4,1653177600,1,0.10163
custom outdoor furniture,4,1653782400,1,0.10163
custom outdoor furniture,4,1654387200,0,0.0
custom outdoor furniture,4,1654992000,1,0.10163
custom outdoor furniture,4,1655596800,0,0.0
custom outdoor furniture,4,1656201600,1,0.10163
custom outdoor furniture,4,1656806400,1,0.10163
custom outdoor furniture,4,1657411200,0,0.0
custom outdoor furniture,4,1658016000,1,0.10163
custom outdoor furniture,4,1658620800,0,0.0
custom outdoor furniture,4,1659225600,0,0.0
custom outdoor furniture,4,1659830400,0,0.0
custom outdoor furniture,4,1660435200,0,0.0
custom outdoor furniture,4,1661040000,0,0.0
custom outdoor furniture,4,1661644800,1,0.10163
custom outdoor furniture,4,1662249600,0,0.0
custom outdoor furniture,4,1662854400,0,0.0
custom outdoor furniture,4,1663459200,0,0.0
custom outdoor furniture,4,1664064000,0,0.0
custom outdoor furniture,4,1664668800,0,0.0
custom outdoor furniture,4,1665273600,0,0.0
custom outdoor furniture,4,1665878400,0,0.0
custom outdoor furniture,4,1666483200,0,0.0
custom outdoor furniture,4,1667088000,0,0.0
custom outdoor furniture,4,1667692800,0,0.0
custom outdoor furniture,4,1668297600,0,0.0
custom outdoor furniture,4,1668902400,0,0.0
custom outdoor furniture,4,1669507200,0,0.0
custom outdoor furniture,4,1670112000,0,0.0
custom outdoor furniture,4,1670716800,0,0.0
custom outdoor furniture,4,1671321600,0,0.0
custom outdoor furniture,4,1671926400,1,0.10163
custom outdoor furniture,4,1672531200,0,0.0
custom outdoor furniture,4,1673136000,0,0.0
custom outdoor furniture,4,1673740800,0,0.0
custom outdoor furniture,4,1674345600,0,0.0
custom outdoor furniture,4,1674950400,0,0.0
custom outdoor furniture,4,1675555200,0,0.0
custom outdoor furniture,4,1676160000,0,0.0
custom outdoor furniture,4,1676764800,1,0.10163
custom outdoor furniture,4,1677369600,0,0.0
custom outdoor furniture,4,1677974400,0,0.0
custom outdoor furniture,4,1678579200,1,0.10163
custom outdoor furniture,4,1679184000,0,0.0
custom outdoor furniture,4,1679788800,1,0.10163
custom outdoor furniture,4,1680393600,1,0.10163
custom outdoor furniture,4,1680998400,1,0.10163
custom outdoor furniture,4,1681603200,1,0.10163
custom outdoor furniture,4,1682208000,1,0.10163
custom outdoor furniture,4,1682812800,1,0.10163
custom outdoor furniture,4,1683417600,1,0.10163
custom outdoor furniture,4,1684022400,1,0.10163
custom outdoor furniture,4,1684627200,1,0.10163
custom outdoor furniture,4,1685232000,1,0.10163
custom outdoor furniture,4,1685836800,1,0.10163
custom outdoor furniture,4,1686441600,0,0.0
custom outdoor furniture,4,1687046400,0,0.0
custom outdoor furniture,4,1687651200,0,0.0
custom outdoor furniture,4,1688256000,1,0.10163
custom outdoor furniture,4,1688860800,1,0.10163
custom outdoor furniture,4,1689465600,0,0.0
custom outdoor furniture,4,1690070400,0,0.0
custom outdoor furniture,4,1690675200,0,0.0
custom outdoor furniture,4,1691280000,0,0.0
custom outdoor furniture,4,1691884800,0,0.0
custom outdoor furniture,4,1692489600,0,0.0
custom outdoor furniture,4,1693094400,0,0.0
custom outdoor furniture,4,1693699200,0,0.0
custom outdoor furniture,4,1694304000,0,0.0
custom outdoor furniture,4,1694908800,0,0.0
custom outdoor furniture,4,1695513600,0,0.0
custom outdoor furniture,4,1696118400,0,0.0
custom outdoor furniture,4,1696723200,0,0.0
custom outdoor furniture,4,1697328000,0,0.0
custom outdoor furniture,4,1697932800,0,0.0
custom outdoor furniture,4,1698537600,0,0.0
custom outdoor furniture,4,1699142400,0,0.0
custom outdoor furniture,4,1699747200,0,0.0
custom outdoor furniture,4,1700352000,0,0.0
custom outdoor furniture,4,1700956800,0,0.0
custom outdoor furniture,4,1701561600,0,0.0
custom outdoor furniture,4,1702166400,0,0.0
custom outdoor furniture,4,1702771200,0,0.0
custom outdoor furniture,4,1703376000,0,0.0
custom outdoor furniture,4,1703980800,0,0.0
custom outdoor furniture,4,1704585600,0,0.0
custom outdoor furniture,4,1705190400,0,0.0
custom outdoor furniture,4,1705795200,0,0.0
custom outdoor furniture,4,1706400000,0,0.0
custom outdoor furniture,4,1707004800,0,0.0
custom outdoor furniture,4,1707609600,0,0.0
custom outdoor furniture,4,1708214400,0,0.0
custom outdoor furniture,4,1708819200,0,0.0
custom outdoor furniture,4,1709424000,0,0.0
custom outdoor furniture,4,1710028800,0,0.0
custom outdoor furniture,4,1710633600,0,0.0
custom outdoor furniture,4,1711238400,1,0.10163
custom outdoor furniture,4,1711843200,1,0.10163
custom outdoor furniture,4,1712448000,1,0.10163
custom outdoor furniture,4,1713052800,1,0.10163
custom outdoor furniture,4,1713657600,1,0.10163
custom outdoor furniture,4,1714262400,1,0.10163
custom outdoor furniture,4,1714867200,1,0.10163
custom outdoor furniture,4,1715472000,1,0.10163
custom outdoor furniture,4,1716076800,1,0.10163
custom outdoor furniture,4,1716681600,1,0.10163
custom outdoor furniture,4,1717286400,0,0.0
custom outdoor furniture,4,1717891200,0,0.0
custom outdoor furniture,4,1718496000,0,0.0
custom outdoor furniture,4,1719100800,0,0.0
custom outdoor furniture,4,1719705600,0,0.0
custom outdoor furniture,4,1720310400,1,0.10163
custom outdoor furniture,4,1720915200,0,0.0
custom outdoor furniture,4,1721520000,0,0.0
custom outdoor furniture,4,1722124800,0,0.0
custom outdoor furniture,4,1722729600,0,0.0
custom outdoor furniture,4,1723334400,1,0.10163
custom outdoor furniture,4,1723939200,0,0.0
custom outdoor furniture,4,1724544000,0,0.0
custom outdoor furniture,4,1725148800,1,0.10163
custom outdoor furniture,4,1725753600,0,0.0
custom outdoor furniture,4,1726358400,0,0.0
custom outdoor furniture,4,1726963200,0,0.0
custom outdoor furniture,4,1727568000,0,0.0
custom outdoor furniture,4,1728172800,0,0.0
custom outdoor furniture,4,1728777600,0,0.0
custom outdoor furniture,4,1729382400,0,0.0
custom outdoor furniture,4,1729987200,0,0.0
custom outdoor furniture,4,1730592000,0,0.0
custom outdoor furniture,4,1731196800,0,0.0
custom outdoor furniture,4,1731801600,0,0.0
custom outdoor furniture,4,1732406400,0,0.0
custom outdoor furniture,4,1733011200,0,0.0
custom outdoor furniture,4,1733616000,0,0.0
custom outdoor furniture,4,1734220800,0,0.0
custom outdoor furniture,4,1734825600,0,0.0
custom outdoor furniture,4,1735430400,0,0.0
custom outdoor furniture,4,1736035200,0,0.0
custom outdoor furniture,4,1736640000,0,0.0
custom outdoor furniture,4,1737244800,0,0.0
custom outdoor furniture,4,1737849600,0,0.0
custom outdoor furniture,4,1738454400,0,0.0
custom outdoor furniture,4,1739059200,0,0.0
custom outdoor furniture,4,1739664000,0,0.0
custom outdoor furniture,4,1740268800,0,0.0
custom outdoor furniture,4,1740873600,1,0.10163
custom outdoor furniture,4,1741478400,0,0.0
custom outdoor furniture,4,1742083200,1,0.10163
custom outdoor furniture,4,1742688000,0,0.0
custom outdoor furniture,4,1743292800,0,0.0
custom outdoor furniture,4,1743897600,1,0.10163
custom outdoor furniture,4,1744502400,1,0.10163
custom outdoor furniture,4,1745107200,1,0.10163
custom outdoor furniture,4,1745712000,1,0.10163
custom outdoor furniture,4,1746316800,1,0.10163
custom outdoor furniture,4,1746921600,0,0.0
custom outdoor furniture,4,1747526400,1,0.10163
custom outdoor furniture,4,1748131200,1,0.10163
custom outdoor furniture,4,1748736000,1,0.10163
custom outdoor furniture,4,1749340800,0,0.0
custom outdoor furniture,4,1749945600,0,0.0
custom outdoor furniture,4,1750550400,1,0.10163
custom outdoor furniture,4,1751155200,1,0.10163
custom outdoor furniture,4,1751760000,1,0.10163
custom outdoor furniture,4,1752364800,1,0.10163
custom outdoor furniture,4,1752969600,1,0.10163
custom outdoor furniture,4,1753574400,1,0.10163
custom outdoor furniture,4,1754179200,1,0.10163
custom outdoor furniture,4,1754784000,1,0.10163
custom outdoor furniture,4,1755388800,1,0.10163
custom outdoor furniture,4,1755993600,1,0.10163
custom outdoor furniture,4,1756598400,1,0.10163
custom outdoor furniture,4,1757203200,1,0.10163
custom outdoor furniture,4,1757808000,1,0.10163
custom outdoor furniture,4,1758412800,1,0.10163
custom outdoor furniture,4,1759017600,0,0.0
custom outdoor furniture,4,1759622400,0,0.0
custom outdoor furniture,4,1760227200,0,0.0
custom outdoor furniture,4,1760832000,0,0.0
custom outdoor furniture,4,1761436800,0,0.0
custom outdoor furniture,4,1762041600,1,0.10163
custom outdoor furniture,4,1762646400,0,0.0
custom outdoor furniture,4,1763251200,1,0.10163
custom outdoor furniture,4,1763856000,0,0.0
custom outdoor furniture,4,1764460800,0,0.0
custom outdoor furniture,4,1765065600,0,0.0
custom outdoor furniture,4,1765670400,0,0.0
custom outdoor furniture,4,1766275200,0,0.0
custom outdoor furniture,4,1766880000,0,0.0
custom outdoor furniture,4,1767484800,1,0.10163
custom outdoor furniture,4,1768089600,0,0.0
custom outdoor furniture,4,1768694400,0,0.0
custom outdoor furniture,4,1769299200,0,0.0
custom outdoor furniture,4,1769904000,0,0.0
custom outdoor furniture,4,1770508800,1,0.10163
custom outdoor furniture,4,1771113600,1,0.10163
custom outdoor furniture,4,1771718400,1,0.10163
custom outdoor furniture,4,1772323200,1,0.10163
custom outdoor furniture,4,1772928000,1,0.10163
custom outdoor furniture,4,1773532800,1,0.10163
custom outdoor furniture,4,1774137600,2,0.20326
custom outdoor furniture,4,1774742400,6,0.60978
custom outdoor furniture,4,1775347200,9,0.91466
custom outdoor furniture,4,1775952000,10,1.01629
custom outdoor furniture,4,1776556800,6,0.60978
custom outdoor furniture,4,1777161600,4,0.40652
custom outdoor furniture,4,1777766400,4,0.40652
custom outdoor furniture,4,1778371200,8,0.81303
custom outdoor furniture,4,1778976000,11,1.11792
custom outdoor furniture,4,1779580800,7,0.7114
custom outdoor furniture,4,1780185600,6,0.60978
custom outdoor furniture,4,1780790400,8,0.81303
custom outdoor furniture,4,1781395200,8,0.81303
custom outdoor furniture,4,1782000000,6,0.60978
custom outdoor furniture,4,1782604800,2,0.20326
custom outdoor furniture,4,1783209600,2,0.20326
custom outdoor furniture,4,1783814400,1,0.10163
custom outdoor furniture,4,1784419200,1,0.10163
custom outdoor furniture,4,1785024000,1,0.10163
custom outdoor furniture,4,1785628800,1,0.10163
custom outdoor furniture,4,1786233600,1,0.10163
custom outdoor furniture,4,1786838400,0,0.0
custom outdoor furniture,4,1787443200,0,0.0
custom nightstand,4,1629590400,0,0.0
custom nightstand,4,1630195200,0,0.0
custom nightstand,4,1630800000,0,0.0
custom nightstand,4,1631404800,0,0.0
custom nightstand,4,1632009600,0,0.0
custom nightstand,4,1632614400,0,0.0
custom nightstand,4,1633219200,0,0.0
custom nightstand,4,1633824000,0,0.0
custom nightstand,4,1634428800,0,0.0
custom nightstand,4,1635033600,0,0.0
custom nightstand,4,1635638400,0,0.0
custom nightstand,4,1636243200,0,0.0
custom nightstand,4,1636848000,0,0.0
custom nightstand,4,1637452800,0,0.0
custom nightstand,4,1638057600,0,0.0
custom nightstand,4,1638662400,0,0.0
custom nightstand,4,1639267200,0,0.0
custom nightstand,4,1639872000,0,0.0
custom nightstand,4,1640476800,0,0.0
custom nightstand,4,1641081600,0,0.0
custom nightstand,4,1641686400,0,0.0
custom nightstand,4,1642291200,0,0.0
custom nightstand,4,1642896000,0,0.0
custom nightstand,4,1643500800,0,0.0
custom nightstand,4,1644105600,0,0.0
custom nightstand,4,1644710400,0,0.0
custom nightstand,4,1645315200,0,0.0
custom nightstand,4,1645920000,0,0.0
custom nightstand,4,1646524800,0,0.0
custom nightstand,4,1647129600,0,0.0
custom nightstand,4,1647734400,0,0.0
custom nightstand,4,1648339200,0,0.0
custom nightstand,4,1648944000,0,0.0
custom nightstand,4,1649548800,0,0.0
custom nightstand,4,1650153600,0,0.0
custom nightstand,4,1650758400,0,0.0
custom nightstand,4,1651363200,0,0.0
custom nightstand,4,1651968000,0,0.0
custom nightstand,4,1652572800,0,0.0
custom nightstand,4,1653177600,0,0.0
custom nightstand,4,1653782400,0,0.0
custom nightstand,4,1654387200,0,0.0
custom nightstand,4,1654992000,0,0.0
custom nightstand,4,1655596800,0,0.0
custom nightstand,4,1656201600,0,0.0
custom nightstand,4,1656806400,0,0.0
custom nightstand,4,1657411200,0,0.0
custom nightstand,4,1658016000,0,0.0
custom nightstand,4,1658620800,0,0.0
custom nightstand,4,1659225600,0,0.0
custom nightstand,4,1659830400,0,0.0
custom nightstand,4,1660435200,0,0.0
custom nightstand,4,1661040000,0,0.0
custom nightstand,4,1661644800,0,0.0
custom nightstand,4,1662249600,0,0.0
custom nightstand,4,1662854400,0,0.0
custom nightstand,4,1663459200,0,0.0
custom nightstand,4,1664064000,0,0.0
custom nightstand,4,1664668800,0,0.0
custom nightstand,4,1665273600,0,0.0
custom nightstand,4,1665878400,0,0.0
custom nightstand,4,1666483200,0,0.0
custom nightstand,4,1667088000,0,0.0
custom nightstand,4,1667692800,0,0.0
custom nightstand,4,1668297600,0,0.0
custom nightstand,4,1668902400,0,0.0
custom nightstand,4,1669507200,0,0.0
custom nightstand,4,1670112000,0,0.0
custom nightstand,4,1670716800,0,0.0
custom nightstand,4,1671321600,0,0.0
custom nightstand,4,1671926400,0,0.0
custom nightstand,4,1672531200,0,0.0
custom nightstand,4,1673136000,0,0.0
custom nightstand,4,1673740800,0,0.0
custom nightstand,4,1674345600,0,0.0
custom nightstand,4,1674950400,0,0.0
custom nightstand,4,1675555200,0,0.0
custom nightstand,4,1676160000,1,0.10163
custom nightstand,4,1676764800,0,0.0
custom nightstand,4,1677369600,0,0.0
custom nightstand,4,1677974400,0,0.0
custom nightstand,4,1678579200,0,0.0
custom nightstand,4,1679184000,0,0.0
custom nightstand,4,1679788800,0,0.0
custom nightstand,4,1680393600,0,0.0
custom nightstand,4,1680998400,0,0.0
custom nightstand,4,1681603200,0,0.0
custom nightstand,4,1682208000,0,0.0
custom nightstand,4,1682812800,0,0.0
custom nightstand,4,1683417600,0,0.0
custom nightstand,4,1684022400,0,0.0
custom nightstand,4,1684627200,0,0.0
custom nightstand,4,1685232000,0,0.0
custom nightstand,4,1685836800,0,0.0
custom nightstand,4,1686441600,0,0.0
custom nightstand,4,1687046400,0,0.0
custom nightstand,4,1687651200,0,0.0
custom nightstand,4,1688256000,0,0.0
custom nightstand,4,1688860800,0,0.0
custom nightstand,4,1689465600,0,0.0
custom nightstand,4,1690070400,0,0.0
custom nightstand,4,1690675200,0,0.0
custom nightstand,4,1691280000,0,0.0
custom nightstand,4,1691884800,0,0.0
custom nightstand,4,1692489600,0,0.0
custom nightstand,4,1693094400,0,0.0
custom nightstand,4,1693699200,0,0.0
custom nightstand,4,1694304000,0,0.0
custom nightstand,4,1694908800,0,0.0
custom nightstand,4,1695513600,0,0.0
custom nightstand,4,1696118400,0,0.0
custom nightstand,4,1696723200,0,0.0
custom nightstand,4,1697328000,0,0.0
custom nightstand,4,1697932800,0,0.0
custom nightstand,4,1698537600,0,0.0
custom nightstand,4,1699142400,0,0.0
custom nightstand,4,1699747200,0,0.0
custom nightstand,4,1700352000,0,0.0
custom nightstand,4,1700956800,0,0.0
custom nightstand,4,1701561600,0,0.0
custom nightstand,4,1702166400,0,0.0
custom nightstand,4,1702771200,0,0.0
custom nightstand,4,1703376000,0,0.0
custom nightstand,4,1703980800,0,0.0
custom nightstand,4,1704585600,0,0.0
custom nightstand,4,1705190400,0,0.0
custom nightstand,4,1705795200,0,0.0
custom nightstand,4,1706400000,0,0.0
custom nightstand,4,1707004800,0,0.0
custom nightstand,4,1707609600,0,0.0
custom nightstand,4,1708214400,0,0.0
custom nightstand,4,1708819200,0,0.0
custom nightstand,4,1709424000,0,0.0
custom nightstand,4,1710028800,0,0.0
custom nightstand,4,1710633600,0,0.0
custom nightstand,4,1711238400,0,0.0
custom nightstand,4,1711843200,0,0.0
custom nightstand,4,1712448000,0,0.0
custom nightstand,4,1713052800,0,0.0
custom nightstand,4,1713657600,0,0.0
custom nightstand,4,1714262400,0,0.0
custom nightstand,4,1714867200,0,0.0
custom nightstand,4,1715472000,0,0.0
custom nightstand,4,1716076800,0,0.0
custom nightstand,4,1716681600,0,0.0
custom nightstand,4,1717286400,0,0.0
custom nightstand,4,1717891200,0,0.0
custom nightstand,4,1718496000,0,0.0
custom nightstand,4,1719100800,0,0.0
custom nightstand,4,1719705600,0,0.0
custom nightstand,4,1720310400,0,0.0
custom nightstand,4,1720915200,0,0.0
custom nightstand,4,1721520000,0,0.0
custom nightstand,4,1722124800,0,0.0
custom nightstand,4,1722729600,0,0.0
custom nightstand,4,1723334400,0,0.0
custom nightstand,4,1723939200,0,0.0
custom nightstand,4,1724544000,0,0.0
custom nightstand,4,1725148800,0,0.0
custom nightstand,4,1725753600,0,0.0
custom nightstand,4,1726358400,0,0.0
custom nightstand,4,1726963200,0,0.0
custom nightstand,4,1727568000,0,0.0
custom nightstand,4,1728172800,0,0.0
custom nightstand,4,1728777600,0,0.0
custom nightstand,4,1729382400,0,0.0
custom nightstand,4,1729987200,0,0.0
custom nightstand,4,1730592000,0,0.0
custom nightstand,4,1731196800,0,0.0
custom nightstand,4,1731801600,0,0.0
custom nightstand,4,1732406400,0,0.0
custom nightstand,4,1733011200,0,0.0
custom nightstand,4,1733616000,0,0.0
custom nightstand,4,1734220800,0,0.0
custom nightstand,4,1734825600,0,0.0
custom nightstand,4,1735430400,0,0.0
custom nightstand,4,1736035200,1,0.10163
custom nightstand,4,1736640000,0,0.0
custom nightstand,4,1737244800,0,0.0
custom nightstand,4,1737849600,0,0.0
custom nightstand,4,1738454400,0,0.0
custom nightstand,4,1739059200,0,0.0
custom nightstand,4,1739664000,0,0.0
custom nightstand,4,1740268800,0,0.0
custom nightstand,4,1740873600,0,0.0
custom nightstand,4,1741478400,0,0.0
custom nightstand,4,1742083200,0,0.0
custom nightstand,4,1742688000,0,0.0
custom nightstand,4,1743292800,0,0.0
custom nightstand,4,1743897600,0,0.0
custom nightstand,4,1744502400,0,0.0
custom nightstand,4,1745107200,0,0.0
custom nightstand,4,1745712000,0,0.0
custom nightstand,4,1746316800,0,0.0
custom nightstand,4,1746921600,0,0.0
custom nightstand,4,1747526400,0,0.0
custom nightstand,4,1748131200,0,0.0
custom nightstand,4,1748736000,0,0.0
custom nightstand,4,1749340800,0,0.0
custom nightstand,4,1749945600,0,0.0
custom nightstand,4,1750550400,0,0.0
custom nightstand,4,1751155200,0,0.0
custom nightstand,4,1751760000,0,0.0
custom nightstand,4,1752364800,0,0.0
custom nightstand,4,1752969600,0,0.0
custom nightstand,4,1753574400,0,0.0
custom nightstand,4,1754179200,0,0.0
custom nightstand,4,1754784000,0,0.0
custom nightstand,4,1755388800,0,0.0
custom nightstand,4,1755993600,0,0.0
custom nightstand,4,1756598400,0,0.0
custom nightstand,4,1757203200,0,0.0
custom nightstand,4,1757808000,0,0.0
custom nightstand,4,1758412800,0,0.0
custom nightstand,4,1759017600,0,0.0
custom nightstand,4,1759622400,0,0.0
custom nightstand,4,1760227200,0,0.0
custom nightstand,4,1760832000,0,0.0
custom nightstand,4,1761436800,0,0.0
custom nightstand,4,1762041600,0,0.0
custom nightstand,4,1762646400,0,0.0
custom nightstand,4,1763251200,0,0.0
custom nightstand,4,1763856000,0,0.0
custom nightstand,4,1764460800,0,0.0
custom nightstand,4,1765065600,0,0.0
custom nightstand,4,1765670400,0,0.0
custom nightstand,4,1766275200,0,0.0
custom nightstand,4,1766880000,1,0.10163
custom nightstand,4,1767484800,0,0.0
custom nightstand,4,1768089600,0,0.0
custom nightstand,4,1768694400,0,0.0
custom nightstand,4,1769299200,0,0.0
custom nightstand,4,1769904000,0,0.0
custom nightstand,4,1770508800,1,0.10163
custom nightstand,4,1771113600,1,0.10163
custom nightstand,4,1771718400,1,0.10163
custom nightstand,4,1772323200,0,0.0
custom nightstand,4,1772928000,0,0.0
custom nightstand,4,1773532800,1,0.10163
custom nightstand,4,1774137600,1,0.10163
custom nightstand,4,1774742400,6,0.60978
custom nightstand,4,1775347200,10,1.01629
custom nightstand,4,1775952000,11,1.11792
custom nightstand,4,1776556800,7,0.7114
custom nightstand,4,1777161600,5,0.50815
custom nightstand,4,1777766400,4,0.40652
custom nightstand,4,1778371200,9,0.91466
custom nightstand,4,1778976000,11,1.11792
custom nightstand,4,1779580800,5,0.50815
custom nightstand,4,1780185600,5,0.50815
custom nightstand,4,1780790400,8,0.81303
custom nightstand,4,1781395200,6,0.60978
custom nightstand,4,1782000000,6,0.60978
custom nightstand,4,1782604800,2,0.20326
custom nightstand,4,1783209600,1,0.10163
custom nightstand,4,1783814400,0,0.0
custom nightstand,4,1784419200,0,0.0
custom nightstand,4,1785024000,0,0.0
custom nightstand,4,1785628800,0,0.0
custom nightstand,4,1786233600,0,0.0
custom nightstand,4,1786838400,0,0.0
custom nightstand,4,1787443200,0,0.0
custom mantel,4,1629590400,0,0.0
custom mantel,4,1630195200,0,0.0
custom mantel,4,1630800000,0,0.0
custom mantel,4,1631404800,0,0.0
custom mantel,4,1632009600,0,0.0
custom mantel,4,1632614400,0,0.0
custom mantel,4,1633219200,0,0.0
custom mantel,4,1633824000,0,0.0
custom mantel,4,1634428800,0,0.0
custom mantel,4,1635033600,0,0.0
custom mantel,4,1635638400,0,0.0
custom mantel,4,1636243200,0,0.0
custom mantel,4,1636848000,0,0.0
custom mantel,4,1637452800,0,0.0
custom mantel,4,1638057600,0,0.0
custom mantel,4,1638662400,0,0.0
custom mantel,4,1639267200,0,0.0
custom mantel,4,1639872000,0,0.0
custom mantel,4,1640476800,0,0.0
custom mantel,4,1641081600,0,0.0
custom mantel,4,1641686400,0,0.0
custom mantel,4,1642291200,0,0.0
custom mantel,4,1642896000,0,0.0
custom mantel,4,1643500800,0,0.0
custom mantel,4,1644105600,0,0.0
custom mantel,4,1644710400,0,0.0
custom mantel,4,1645315200,0,0.0
custom mantel,4,1645920000,0,0.0
custom mantel,4,1646524800,0,0.0
custom mantel,4,1647129600,0,0.0
custom mantel,4,1647734400,0,0.0
custom mantel,4,1648339200,0,0.0
custom mantel,4,1648944000,0,0.0
custom mantel,4,1649548800,0,0.0
custom mantel,4,1650153600,0,0.0
custom mantel,4,1650758400,0,0.0
custom mantel,4,1651363200,0,0.0
custom mantel,4,1651968000,0,0.0
custom mantel,4,1652572800,0,0.0
custom mantel,4,1653177600,0,0.0
custom mantel,4,1653782400,0,0.0
custom mantel,4,1654387200,0,0.0
custom mantel,4,1654992000,0,0.0
custom mantel,4,1655596800,0,0.0
custom mantel,4,1656201600,0,0.0
custom mantel,4,1656806400,0,0.0
custom mantel,4,1657411200,0,0.0
custom mantel,4,1658016000,0,0.0
custom mantel,4,1658620800,0,0.0
custom mantel,4,1659225600,0,0.0
custom mantel,4,1659830400,0,0.0
custom mantel,4,1660435200,0,0.0
custom mantel,4,1661040000,0,0.0
custom mantel,4,1661644800,0,0.0
custom mantel,4,1662249600,0,0.0
custom mantel,4,1662854400,0,0.0
custom mantel,4,1663459200,0,0.0
custom mantel,4,1664064000,0,0.0
custom mantel,4,1664668800,0,0.0
custom mantel,4,1665273600,0,0.0
custom mantel,4,1665878400,0,0.0
custom mantel,4,1666483200,0,0.0
custom mantel,4,1667088000,0,0.0
custom mantel,4,1667692800,0,0.0
custom mantel,4,1668297600,0,0.0
custom mantel,4,1668902400,0,0.0
custom mantel,4,1669507200,0,0.0
custom mantel,4,1670112000,0,0.0
custom mantel,4,1670716800,0,0.0
custom mantel,4,1671321600,0,0.0
custom mantel,4,1671926400,0,0.0
custom mantel,4,1672531200,0,0.0
custom mantel,4,1673136000,0,0.0
custom mantel,4,1673740800,0,0.0
custom mantel,4,1674345600,0,0.0
custom mantel,4,1674950400,0,0.0
custom mantel,4,1675555200,0,0.0
custom mantel,4,1676160000,0,0.0
custom mantel,4,1676764800,0,0.0
custom mantel,4,1677369600,0,0.0
custom mantel,4,1677974400,0,0.0
custom mantel,4,1678579200,0,0.0
custom mantel,4,1679184000,0,0.0
custom mantel,4,1679788800,0,0.0
custom mantel,4,1680393600,0,0.0
custom mantel,4,1680998400,0,0.0
custom mantel,4,1681603200,0,0.0
custom mantel,4,1682208000,0,0.0
custom mantel,4,1682812800,0,0.0
custom mantel,4,1683417600,0,0.0
custom mantel,4,1684022400,0,0.0
custom mantel,4,1684627200,0,0.0
custom mantel,4,1685232000,0,0.0
custom mantel,4,1685836800,0,0.0
custom mantel,4,1686441600,0,0.0
custom mantel,4,1687046400,0,0.0
custom mantel,4,1687651200,0,0.0
custom mantel,4,1688256000,0,0.0
custom mantel,4,1688860800,0,0.0
custom mantel,4,1689465600,0,0.0
custom mantel,4,1690070400,0,0.0
custom mantel,4,1690675200,0,0.0
custom mantel,4,1691280000,0,0.0
custom mantel,4,1691884800,0,0.0
custom mantel,4,1692489600,0,0.0
custom mantel,4,1693094400,0,0.0
custom mantel,4,1693699200,0,0.0
custom mantel,4,1694304000,0,0.0
custom mantel,4,1694908800,0,0.0
custom mantel,4,1695513600,0,0.0
custom mantel,4,1696118400,0,0.0
custom mantel,4,1696723200,0,0.0
custom mantel,4,1697328000,0,0.0
custom mantel,4,1697932800,0,0.0
custom mantel,4,1698537600,0,0.0
custom mantel,4,1699142400,0,0.0
custom mantel,4,1699747200,0,0.0
custom mantel,4,1700352000,0,0.0
custom mantel,4,1700956800,0,0.0
custom mantel,4,1701561600,0,0.0
custom mantel,4,1702166400,0,0.0
custom mantel,4,1702771200,0,0.0
custom mantel,4,1703376000,0,0.0
custom mantel,4,1703980800,0,0.0
custom mantel,4,1704585600,0,0.0
custom mantel,4,1705190400,0,0.0
custom mantel,4,1705795200,0,0.0
custom mantel,4,1706400000,0,0.0
custom mantel,4,1707004800,0,0.0
custom mantel,4,1707609600,0,0.0
custom mantel,4,1708214400,0,0.0
custom mantel,4,1708819200,0,0.0
custom mantel,4,1709424000,0,0.0
custom mantel,4,1710028800,0,0.0
custom mantel,4,1710633600,0,0.0
custom mantel,4,1711238400,0,0.0
custom mantel,4,1711843200,0,0.0
custom mantel,4,1712448000,0,0.0
custom mantel,4,1713052800,0,0.0
custom mantel,4,1713657600,0,0.0
custom mantel,4,1714262400,0,0.0
custom mantel,4,1714867200,0,0.0
custom mantel,4,1715472000,0,0.0
custom mantel,4,1716076800,0,0.0
custom mantel,4,1716681600,0,0.0
custom mantel,4,1717286400,0,0.0
custom mantel,4,1717891200,0,0.0
custom mantel,4,1718496000,0,0.0
custom mantel,4,1719100800,0,0.0
custom mantel,4,1719705600,0,0.0
custom mantel,4,1720310400,0,0.0
custom mantel,4,1720915200,0,0.0
custom mantel,4,1721520000,0,0.0
custom mantel,4,1722124800,0,0.0
custom mantel,4,1722729600,0,0.0
custom mantel,4,1723334400,0,0.0
custom mantel,4,1723939200,0,0.0
custom mantel,4,1724544000,0,0.0
custom mantel,4,1725148800,0,0.0
custom mantel,4,1725753600,0,0.0
custom mantel,4,1726358400,0,0.0
custom mantel,4,1726963200,0,0.0
custom mantel,4,1727568000,0,0.0
custom mantel,4,1728172800,0,0.0
custom mantel,4,1728777600,0,0.0
custom mantel,4,1729382400,0,0.0
custom mantel,4,1729987200,0,0.0
custom mantel,4,1730592000,0,0.0
custom mantel,4,1731196800,1,0.10163
custom mantel,4,1731801600,0,0.0
custom mantel,4,1732406400,0,0.0
custom mantel,4,1733011200,0,0.0
custom mantel,4,1733616000,0,0.0
custom mantel,4,1734220800,0,0.0
custom mantel,4,1734825600,0,0.0
custom mantel,4,1735430400,0,0.0
custom mantel,4,1736035200,0,0.0
custom mantel,4,1736640000,0,0.0
custom mantel,4,1737244800,0,0.0
custom mantel,4,1737849600,0,0.0
custom mantel,4,1738454400,0,0.0
custom mantel,4,1739059200,0,0.0
custom mantel,4,1739664000,0,0.0
custom mantel,4,1740268800,0,0.0
custom mantel,4,1740873600,0,0.0
custom mantel,4,1741478400,0,0.0
custom mantel,4,1742083200,0,0.0
custom mantel,4,1742688000,0,0.0
custom mantel,4,1743292800,0,0.0
custom mantel,4,1743897600,0,0.0
custom mantel,4,1744502400,0,0.0
custom mantel,4,1745107200,0,0.0
custom mantel,4,1745712000,0,0.0
custom mantel,4,1746316800,0,0.0
custom mantel,4,1746921600,0,0.0
custom mantel,4,1747526400,0,0.0
custom mantel,4,1748131200,0,0.0
custom mantel,4,1748736000,0,0.0
custom mantel,4,1749340800,0,0.0
custom mantel,4,1749945600,0,0.0
custom mantel,4,1750550400,0,0.0
custom mantel,4,1751155200,0,0.0
custom mantel,4,1751760000,0,0.0
custom mantel,4,1752364800,0,0.0
custom mantel,4,1752969600,0,0.0
custom mantel,4,1753574400,0,0.0
custom mantel,4,1754179200,0,0.0
custom mantel,4,1754784000,0,0.0
custom mantel,4,1755388800,0,0.0
custom mantel,4,1755993600,0,0.0
custom mantel,4,1756598400,0,0.0
custom mantel,4,1757203200,0,0.0
custom mantel,4,1757808000,0,0.0
custom mantel,4,1758412800,0,0.0
custom mantel,4,1759017600,0,0.0
custom mantel,4,1759622400,0,0.0
custom mantel,4,1760227200,0,0.0
custom mantel,4,1760832000,0,0.0
custom mantel,4,1761436800,0,0.0
custom mantel,4,1762041600,0,0.0
custom mantel,4,1762646400,0,0.0
custom mantel,4,1763251200,0,0.0
custom mantel,4,1763856000,0,0.0
custom mantel,4,1764460800,0,0.0
custom mantel,4,1765065600,0,0.0
custom mantel,4,1765670400,0,0.0
custom mantel,4,1766275200,0,0.0
custom mantel,4,1766880000,0,0.0
custom mantel,4,1767484800,0,0.0
custom mantel,4,1768089600,0,0.0
custom mantel,4,1768694400,0,0.0
custom mantel,4,1769299200,0,0.0
custom mantel,4,1769904000,0,0.0
custom mantel,4,1770508800,1,0.10163
custom mantel,4,1771113600,0,0.0
custom mantel,4,1771718400,0,0.0
custom mantel,4,1772323200,0,0.0
custom mantel,4,1772928000,0,0.0
custom mantel,4,1773532800,0,0.0
custom mantel,4,1774137600,0,0.0
custom mantel,4,1774742400,1,0.10163
custom mantel,4,1775347200,1,0.10163
custom mantel,4,1775952000,1,0.10163
custom mantel,4,1776556800,1,0.10163
custom mantel,4,1777161600,1,0.10163
custom mantel,4,1777766400,1,0.10163
custom mantel,4,1778371200,2,0.20326
custom mantel,4,1778976000,2,0.20326
custom mantel,4,1779580800,1,0.10163
custom mantel,4,1780185600,1,0.10163
custom mantel,4,1780790400,1,0.10163
custom mantel,4,1781395200,1,0.10163
custom mantel,4,1782000000,1,0.10163
custom mantel,4,1782604800,1,0.10163
custom mantel,4,1783209600,0,0.0
custom mantel,4,1783814400,0,0.0
custom mantel,4,1784419200,0,0.0
custom mantel,4,1785024000,0,0.0
custom mantel,4,1785628800,0,0.0
custom mantel,4,1786233600,0,0.0
custom mantel,4,1786838400,0,0.0
custom mantel,4,1787443200,0,0.0
custom bar,4,1629590400,6,0.60978
custom bar,4,1630195200,6,0.60978
custom bar,4,1630800000,7,0.7114
custom bar,4,1631404800,6,0.60978
custom bar,4,1632009600,6,0.60978
custom bar,4,1632614400,6,0.60978
custom bar,4,1633219200,7,0.7114
custom bar,4,1633824000,6,0.60978
custom bar,4,1634428800,7,0.7114
custom bar,4,1635033600,7,0.7114
custom bar,4,1635638400,7,0.7114
custom bar,4,1636243200,8,0.81303
custom bar,4,1636848000,8,0.81303
custom bar,4,1637452800,7,0.7114
custom bar,4,1638057600,8,0.81303
custom bar,4,1638662400,8,0.81303
custom bar,4,1639267200,7,0.7114
custom bar,4,1639872000,6,0.60978
custom bar,4,1640476800,7,0.7114
custom bar,4,1641081600,7,0.7114
custom bar,4,1641686400,8,0.81303
custom bar,4,1642291200,7,0.7114
custom bar,4,1642896000,8,0.81303
custom bar,4,1643500800,8,0.81303
custom bar,4,1644105600,8,0.81303
custom bar,4,1644710400,7,0.7114
custom bar,4,1645315200,8,0.81303
custom bar,4,1645920000,8,0.81303
custom bar,4,1646524800,8,0.81303
custom bar,4,1647129600,7,0.7114
custom bar,4,1647734400,8,0.81303
custom bar,4,1648339200,7,0.7114
custom bar,4,1648944000,8,0.81303
custom bar,4,1649548800,8,0.81303
custom bar,4,1650153600,8,0.81303
custom bar,4,1650758400,8,0.81303
custom bar,4,1651363200,8,0.81303
custom bar,4,1651968000,7,0.7114
custom bar,4,1652572800,7,0.7114
custom bar,4,1653177600,7,0.7114
custom bar,4,1653782400,7,0.7114
custom bar,4,1654387200,7,0.7114
custom bar,4,1654992000,6,0.60978
custom bar,4,1655596800,8,0.81303
custom bar,4,1656201600,7,0.7114
custom bar,4,1656806400,6,0.60978
custom bar,4,1657411200,7,0.7114
custom bar,4,1658016000,7,0.7114
custom bar,4,1658620800,8,0.81303
custom bar,4,1659225600,7,0.7114
custom bar,4,1659830400,8,0.81303
custom bar,4,1660435200,7,0.7114
custom bar,4,1661040000,7,0.7114
custom bar,4,1661644800,7,0.7114
custom bar,4,1662249600,7,0.7114
custom bar,4,1662854400,7,0.7114
custom bar,4,1663459200,7,0.7114
custom bar,4,1664064000,7,0.7114
custom bar,4,1664668800,7,0.7114
custom bar,4,1665273600,7,0.7114
custom bar,4,1665878400,7,0.7114
custom bar,4,1666483200,7,0.7114
custom bar,4,1667088000,7,0.7114
custom bar,4,1667692800,7,0.7114
custom bar,4,1668297600,8,0.81303
custom bar,4,1668902400,7,0.7114
custom bar,4,1669507200,8,0.81303
custom bar,4,1670112000,8,0.81303
custom bar,4,1670716800,7,0.7114
custom bar,4,1671321600,6,0.60978
custom bar,4,1671926400,7,0.7114
custom bar,4,1672531200,8,0.81303
custom bar,4,1673136000,8,0.81303
custom bar,4,1673740800,8,0.81303
custom bar,4,1674345600,8,0.81303
custom bar,4,1674950400,8,0.81303
custom bar,4,1675555200,8,0.81303
custom bar,4,1676160000,8,0.81303
custom bar,4,1676764800,7,0.7114
custom bar,4,1677369600,7,0.7114
custom bar,4,1677974400,7,0.7114
custom bar,4,1678579200,7,0.7114
custom bar,4,1679184000,8,0.81303
custom bar,4,1679788800,8,0.81303
custom bar,4,1680393600,7,0.7114
custom bar,4,1680998400,7,0.7114
custom bar,4,1681603200,7,0.7114
custom bar,4,1682208000,7,0.7114
custom bar,4,1682812800,7,0.7114
custom bar,4,1683417600,7,0.7114
custom bar,4,1684022400,7,0.7114
custom bar,4,1684627200,7,0.7114
custom bar,4,1685232000,7,0.7114
custom bar,4,1685836800,7,0.7114
custom bar,4,1686441600,7,0.7114
custom bar,4,1687046400,7,0.7114
custom bar,4,1687651200,7,0.7114
custom bar,4,1688256000,7,0.7114
custom bar,4,1688860800,7,0.7114
custom bar,4,1689465600,7,0.7114
custom bar,4,1690070400,7,0.7114
custom bar,4,1690675200,7,0.7114
custom bar,4,1691280000,7,0.7114
custom bar,4,1691884800,7,0.7114
custom bar,4,1692489600,7,0.7114
custom bar,4,1693094400,7,0.7114
custom bar,4,1693699200,7,0.7114
custom bar,4,1694304000,7,0.7114
custom bar,4,1694908800,7,0.7114
custom bar,4,1695513600,6,0.60978
custom bar,4,1696118400,7,0.7114
custom bar,4,1696723200,7,0.7114
custom bar,4,1697328000,7,0.7114
custom bar,4,1697932800,6,0.60978
custom bar,4,1698537600,6,0.60978
custom bar,4,1699142400,8,0.81303
custom bar,4,1699747200,8,0.81303
custom bar,4,1700352000,7,0.7114
custom bar,4,1700956800,9,0.91466
custom bar,4,1701561600,8,0.81303
custom bar,4,1702166400,8,0.81303
custom bar,4,1702771200,7,0.7114
custom bar,4,1703376000,6,0.60978
custom bar,4,1703980800,7,0.7114
custom bar,4,1704585600,7,0.7114
custom bar,4,1705190400,8,0.81303
custom bar,4,1705795200,8,0.81303
custom bar,4,1706400000,8,0.81303
custom bar,4,1707004800,8,0.81303
custom bar,4,1707609600,7,0.7114
custom bar,4,1708214400,7,0.7114
custom bar,4,1708819200,8,0.81303
custom bar,4,1709424000,8,0.81303
custom bar,4,1710028800,7,0.7114
custom bar,4,1710633600,8,0.81303
custom bar,4,1711238400,7,0.7114
custom bar,4,1711843200,8,0.81303
custom bar,4,1712448000,8,0.81303
custom bar,4,1713052800,7,0.7114
custom bar,4,1713657600,7,0.7114
custom bar,4,1714262400,8,0.81303
custom bar,4,1714867200,8,0.81303
custom bar,4,1715472000,7,0.7114
custom bar,4,1716076800,8,0.81303
custom bar,4,1716681600,6,0.60978
custom bar,4,1717286400,8,0.81303
custom bar,4,1717891200,7,0.7114
custom bar,4,1718496000,7,0.7114
custom bar,4,1719100800,7,0.7114
custom bar,4,1719705600,7,0.7114
custom bar,4,1720310400,7,0.7114
custom bar,4,1720915200,7,0.7114
custom bar,4,1721520000,8,0.81303
custom bar,4,1722124800,7,0.7114
custom bar,4,1722729600,7,0.7114
custom bar,4,1723334400,8,0.81303
custom bar,4,1723939200,8,0.81303
custom bar,4,1724544000,7,0.7114
custom bar,4,1725148800,8,0.81303
custom bar,4,1725753600,7,0.7114
custom bar,4,1726358400,7,0.7114
custom bar,4,1726963200,8,0.81303
custom bar,4,1727568000,8,0.81303
custom bar,4,1728172800,6,0.60978
custom bar,4,1728777600,7,0.7114
custom bar,4,1729382400,8,0.81303
custom bar,4,1729987200,8,0.81303
custom bar,4,1730592000,7,0.7114
custom bar,4,1731196800,8,0.81303
custom bar,4,1731801600,8,0.81303
custom bar,4,1732406400,9,0.91466
custom bar,4,1733011200,9,0.91466
custom bar,4,1733616000,9,0.91466
custom bar,4,1734220800,8,0.81303
custom bar,4,1734825600,7,0.7114
custom bar,4,1735430400,8,0.81303
custom bar,4,1736035200,7,0.7114
custom bar,4,1736640000,8,0.81303
custom bar,4,1737244800,8,0.81303
custom bar,4,1737849600,7,0.7114
custom bar,4,1738454400,8,0.81303
custom bar,4,1739059200,8,0.81303
custom bar,4,1739664000,8,0.81303
custom bar,4,1740268800,8,0.81303
custom bar,4,1740873600,8,0.81303
custom bar,4,1741478400,8,0.81303
custom bar,4,1742083200,8,0.81303
custom bar,4,1742688000,9,0.91466
custom bar,4,1743292800,9,0.91466
custom bar,4,1743897600,7,0.7114
custom bar,4,1744502400,8,0.81303
custom bar,4,1745107200,9,0.91466
custom bar,4,1745712000,8,0.81303
custom bar,4,1746316800,10,1.01629
custom bar,4,1746921600,9,0.91466
custom bar,4,1747526400,8,0.81303
custom bar,4,1748131200,9,0.91466
custom bar,4,1748736000,8,0.81303
custom bar,4,1749340800,10,1.01629
custom bar,4,1749945600,9,0.91466
custom bar,4,1750550400,10,1.01629
custom bar,4,1751155200,9,0.91466
custom bar,4,1751760000,10,1.01629
custom bar,4,1752364800,11,1.11792
custom bar,4,1752969600,14,1.42281
custom bar,4,1753574400,14,1.42281
custom bar,4,1754179200,12,1.21955
custom bar,4,1754784000,10,1.01629
custom bar,4,1755388800,9,0.91466
custom bar,4,1755993600,9,0.91466
custom bar,4,1756598400,10,1.01629
custom bar,4,1757203200,8,0.81303
custom bar,4,1757808000,10,1.01629
custom bar,4,1758412800,10,1.01629
custom bar,4,1759017600,10,1.01629
custom bar,4,1759622400,9,0.91466
custom bar,4,1760227200,9,0.91466
custom bar,4,1760832000,10,1.01629
custom bar,4,1761436800,11,1.11792
custom bar,4,1762041600,13,1.32118
custom bar,4,1762646400,14,1.42281
custom bar,4,1763251200,14,1.42281
custom bar,4,1763856000,14,1.42281
custom bar,4,1764460800,16,1.62607
custom bar,4,1765065600,15,1.52444
custom bar,4,1765670400,13,1.32118
custom bar,4,1766275200,13,1.32118
custom bar,4,1766880000,15,1.52444
custom bar,4,1767484800,13,1.32118
custom bar,4,1768089600,17,1.7277
custom bar,4,1768694400,16,1.62607
custom bar,4,1769299200,18,1.82933
custom bar,4,1769904000,19,1.93095
custom bar,4,1770508800,28,2.84562
custom bar,4,1771113600,30,3.04888
custom bar,4,1771718400,26,2.64236
custom bar,4,1772323200,20,2.03258
custom bar,4,1772928000,20,2.03258
custom bar,4,1773532800,20,2.03258
custom bar,4,1774137600,28,2.84562
custom bar,4,1774742400,68,6.91078
custom bar,4,1775347200,92,9.34988
custom bar,4,1775952000,100,10.16292
custom bar,4,1776556800,61,6.19938
custom bar,4,1777161600,49,4.97983
custom bar,4,1777766400,46,4.67494
custom bar,4,1778371200,74,7.52056
custom bar,4,1778976000,89,9.045
custom bar,4,1779580800,58,5.89449
custom bar,4,1780185600,60,6.09775
custom bar,4,1780790400,74,7.52056
custom bar,4,1781395200,73,7.41893
custom bar,4,1782000000,61,6.19938
custom bar,4,1782604800,30,3.04888
custom bar,4,1783209600,29,2.94725
custom bar,4,1783814400,15,1.52444
custom bar,4,1784419200,12,1.21955
custom bar,4,1785024000,11,1.11792
custom bar,4,1785628800,10,1.01629
custom bar,4,1786233600,10,1.01629
custom bar,4,1786838400,9,0.91466
custom bar,4,1787443200,8,0.81303
custom dining chair,5,1629590400,0,0.0
custom dining chair,5,1630195200,0,0.0
custom dining chair,5,1630800000,0,0.0
custom dining chair,5,1631404800,0,0.0
custom dining chair,5,1632009600,0,0.0
custom dining chair,5,1632614400,0,0.0
custom dining chair,5,1633219200,0,0.0
custom dining chair,5,1633824000,0,0.0
custom dining chair,5,1634428800,0,0.0
custom dining chair,5,1635033600,0,0.0
custom dining chair,5,1635638400,0,0.0
custom dining chair,5,1636243200,0,0.0
custom dining chair,5,1636848000,0,0.0
custom dining chair,5,1637452800,0,0.0
custom dining chair,5,1638057600,0,0.0
custom dining chair,5,1638662400,0,0.0
custom dining chair,5,1639267200,0,0.0
custom dining chair,5,1639872000,0,0.0
custom dining chair,5,1640476800,0,0.0
custom dining chair,5,1641081600,0,0.0
custom dining chair,5,1641686400,0,0.0
custom dining chair,5,1642291200,0,0.0
custom dining chair,5,1642896000,0,0.0
custom dining chair,5,1643500800,0,0.0
custom dining chair,5,1644105600,0,0.0
custom dining chair,5,1644710400,0,0.0
custom dining chair,5,1645315200,0,0.0
custom dining chair,5,1645920000,0,0.0
custom dining chair,5,1646524800,0,0.0
custom dining chair,5,1647129600,0,0.0
custom dining chair,5,1647734400,0,0.0
custom dining chair,5,1648339200,0,0.0
custom dining chair,5,1648944000,0,0.0
custom dining chair,5,1649548800,0,0.0
custom dining chair,5,1650153600,0,0.0
custom dining chair,5,1650758400,0,0.0
custom dining chair,5,1651363200,0,0.0
custom dining chair,5,1651968000,0,0.0
custom dining chair,5,1652572800,0,0.0
custom dining chair,5,1653177600,0,0.0
custom dining chair,5,1653782400,0,0.0
custom dining chair,5,1654387200,0,0.0
custom dining chair,5,1654992000,0,0.0
custom dining chair,5,1655596800,0,0.0
custom dining chair,5,1656201600,0,0.0
custom dining chair,5,1656806400,0,0.0
custom dining chair,5,1657411200,0,0.0
custom dining chair,5,1658016000,0,0.0
custom dining chair,5,1658620800,0,0.0
custom dining chair,5,1659225600,0,0.0
custom dining chair,5,1659830400,0,0.0
custom dining chair,5,1660435200,0,0.0
custom dining chair,5,1661040000,0,0.0
custom dining chair,5,1661644800,0,0.0
custom dining chair,5,1662249600,0,0.0
custom dining chair,5,1662854400,0,0.0
custom dining chair,5,1663459200,0,0.0
custom dining chair,5,1664064000,0,0.0
custom dining chair,5,1664668800,0,0.0
custom dining chair,5,1665273600,0,0.0
custom dining chair,5,1665878400,0,0.0
custom dining chair,5,1666483200,0,0.0
custom dining chair,5,1667088000,0,0.0
custom dining chair,5,1667692800,0,0.0
custom dining chair,5,1668297600,0,0.0
custom dining chair,5,1668902400,0,0.0
custom dining chair,5,1669507200,0,0.0
custom dining chair,5,1670112000,0,0.0
custom dining chair,5,1670716800,0,0.0
custom dining chair,5,1671321600,0,0.0
custom dining chair,5,1671926400,0,0.0
custom dining chair,5,1672531200,0,0.0
custom dining chair,5,1673136000,0,0.0
custom dining chair,5,1673740800,0,0.0
custom dining chair,5,1674345600,0,0.0
custom dining chair,5,1674950400,0,0.0
custom dining chair,5,1675555200,0,0.0
custom dining chair,5,1676160000,0,0.0
custom dining chair,5,1676764800,0,0.0
custom dining chair,5,1677369600,0,0.0
custom dining chair,5,1677974400,0,0.0
custom dining chair,5,1678579200,0,0.0
custom dining chair,5,1679184000,0,0.0
custom dining chair,5,1679788800,0,0.0
custom dining chair,5,1680393600,0,0.0
custom dining chair,5,1680998400,0,0.0
custom dining chair,5,1681603200,0,0.0
custom dining chair,5,1682208000,0,0.0
custom dining chair,5,1682812800,0,0.0
custom dining chair,5,1683417600,0,0.0
custom dining chair,5,1684022400,0,0.0
custom dining chair,5,1684627200,0,0.0
custom dining chair,5,1685232000,0,0.0
custom dining chair,5,1685836800,0,0.0
custom dining chair,5,1686441600,0,0.0
custom dining chair,5,1687046400,0,0.0
custom dining chair,5,1687651200,0,0.0
custom dining chair,5,1688256000,0,0.0
custom dining chair,5,1688860800,0,0.0
custom dining chair,5,1689465600,0,0.0
custom dining chair,5,1690070400,0,0.0
custom dining chair,5,1690675200,0,0.0
custom dining chair,5,1691280000,0,0.0
custom dining chair,5,1691884800,0,0.0
custom dining chair,5,1692489600,0,0.0
custom dining chair,5,1693094400,0,0.0
custom dining chair,5,1693699200,0,0.0
custom dining chair,5,1694304000,0,0.0
custom dining chair,5,1694908800,0,0.0
custom dining chair,5,1695513600,0,0.0
custom dining chair,5,1696118400,0,0.0
custom dining chair,5,1696723200,0,0.0
custom dining chair,5,1697328000,0,0.0
custom dining chair,5,1697932800,0,0.0
custom dining chair,5,1698537600,0,0.0
custom dining chair,5,1699142400,0,0.0
custom dining chair,5,1699747200,0,0.0
custom dining chair,5,1700352000,0,0.0
custom dining chair,5,1700956800,0,0.0
custom dining chair,5,1701561600,0,0.0
custom dining chair,5,1702166400,0,0.0
custom dining chair,5,1702771200,0,0.0
custom dining chair,5,1703376000,0,0.0
custom dining chair,5,1703980800,0,0.0
custom dining chair,5,1704585600,0,0.0
custom dining chair,5,1705190400,0,0.0
custom dining chair,5,1705795200,0,0.0
custom dining chair,5,1706400000,0,0.0
custom dining chair,5,1707004800,0,0.0
custom dining chair,5,1707609600,0,0.0
custom dining chair,5,1708214400,0,0.0
custom dining chair,5,1708819200,0,0.0
custom dining chair,5,1709424000,0,0.0
custom dining chair,5,1710028800,0,0.0
custom dining chair,5,1710633600,0,0.0
custom dining chair,5,1711238400,0,0.0
custom dining chair,5,1711843200,0,0.0
custom dining chair,5,1712448000,0,0.0
custom dining chair,5,1713052800,0,0.0
custom dining chair,5,1713657600,0,0.0
custom dining chair,5,1714262400,0,0.0
custom dining chair,5,1714867200,0,0.0
custom dining chair,5,1715472000,0,0.0
custom dining chair,5,1716076800,0,0.0
custom dining chair,5,1716681600,0,0.0
custom dining chair,5,1717286400,0,0.0
custom dining chair,5,1717891200,0,0.0
custom dining chair,5,1718496000,0,0.0
custom dining chair,5,1719100800,0,0.0
custom dining chair,5,1719705600,0,0.0
custom dining chair,5,1720310400,0,0.0
custom dining chair,5,1720915200,0,0.0
custom dining chair,5,1721520000,0,0.0
custom dining chair,5,1722124800,0,0.0
custom dining chair,5,1722729600,0,0.0
custom dining chair,5,1723334400,0,0.0
custom dining chair,5,1723939200,0,0.0
custom dining chair,5,1724544000,0,0.0
custom dining chair,5,1725148800,0,0.0
custom dining chair,5,1725753600,0,0.0
custom dining chair,5,1726358400,0,0.0
custom dining chair,5,1726963200,0,0.0
custom dining chair,5,1727568000,0,0.0
custom dining chair,5,1728172800,0,0.0
custom dining chair,5,1728777600,0,0.0
custom dining chair,5,1729382400,0,0.0
custom dining chair,5,1729987200,0,0.0
custom dining chair,5,1730592000,0,0.0
custom dining chair,5,1731196800,0,0.0
custom dining chair,5,1731801600,0,0.0
custom dining chair,5,1732406400,0,0.0
custom dining chair,5,1733011200,0,0.0
custom dining chair,5,1733616000,0,0.0
custom dining chair,5,1734220800,0,0.0
custom dining chair,5,1734825600,0,0.0
custom dining chair,5,1735430400,0,0.0
custom dining chair,5,1736035200,0,0.0
custom dining chair,5,1736640000,0,0.0
custom dining chair,5,1737244800,0,0.0
custom dining chair,5,1737849600,0,0.0
custom dining chair,5,1738454400,0,0.0
custom dining chair,5,1739059200,0,0.0
custom dining chair,5,1739664000,0,0.0
custom dining chair,5,1740268800,0,0.0
custom dining chair,5,1740873600,0,0.0
custom dining chair,5,1741478400,0,0.0
custom dining chair,5,1742083200,0,0.0
custom dining chair,5,1742688000,0,0.0
custom dining chair,5,1743292800,0,0.0
custom dining chair,5,1743897600,0,0.0
custom dining chair,5,1744502400,0,0.0
custom dining chair,5,1745107200,0,0.0
custom dining chair,5,1745712000,0,0.0
custom dining chair,5,1746316800,0,0.0
custom dining chair,5,1746921600,0,0.0
custom dining chair,5,1747526400,0,0.0
custom dining chair,5,1748131200,0,0.0
custom dining chair,5,1748736000,0,0.0
custom dining chair,5,1749340800,0,0.0
custom dining chair,5,1749945600,0,0.0
custom dining chair,5,1750550400,0,0.0
custom dining chair,5,1751155200,0,0.0
custom dining chair,5,1751760000,0,0.0
custom dining chair,5,1752364800,0,0.0
custom dining chair,5,1752969600,0,0.0
custom dining chair,5,1753574400,0,0.0
custom dining chair,5,1754179200,0,0.0
custom dining chair,5,1754784000,0,0.0
custom dining chair,5,1755388800,0,0.0
custom dining chair,5,1755993600,0,0.0
custom dining chair,5,1756598400,0,0.0
custom dining chair,5,1757203200,0,0.0
custom dining chair,5,1757808000,0,0.0
custom dining chair,5,1758412800,0,0.0
custom dining chair,5,1759017600,0,0.0
custom dining chair,5,1759622400,0,0.0
custom dining chair,5,1760227200,0,0.0
custom dining chair,5,1760832000,0,0.0
custom dining chair,5,1761436800,0,0.0
custom dining chair,5,1762041600,0,0.0
custom dining chair,5,1762646400,0,0.0
custom dining chair,5,1763251200,0,0.0
custom dining chair,5,1763856000,0,0.0
custom dining chair,5,1764460800,0,0.0
custom dining chair,5,1765065600,0,0.0
custom dining chair,5,1765670400,0,0.0
custom dining chair,5,1766275200,0,0.0
custom dining chair,5,1766880000,0,0.0
custom dining chair,5,1767484800,0,0.0
custom dining chair,5,1768089600,0,0.0
custom dining chair,5,1768694400,0,0.0
custom dining chair,5,1769299200,0,0.0
custom dining chair,5,1769904000,0,0.0
custom dining chair,5,1770508800,1,0.13533
custom dining chair,5,1771113600,1,0.13533
custom dining chair,5,1771718400,1,0.13533
custom dining chair,5,1772323200,0,0.0
custom dining chair,5,1772928000,0,0.0
custom dining chair,5,1773532800,1,0.13533
custom dining chair,5,1774137600,2,0.27066
custom dining chair,5,1774742400,6,0.81198
custom dining chair,5,1775347200,9,1.21798
custom dining chair,5,1775952000,10,1.35331
custom dining chair,5,1776556800,7,0.94731
custom dining chair,5,1777161600,4,0.54132
custom dining chair,5,1777766400,4,0.54132
custom dining chair,5,1778371200,8,1.08264
custom dining chair,5,1778976000,10,1.35331
custom dining chair,5,1779580800,5,0.67665
custom dining chair,5,1780185600,4,0.54132
custom dining chair,5,1780790400,6,0.81198
custom dining chair,5,1781395200,6,0.81198
custom dining chair,5,1782000000,5,0.67665
custom dining chair,5,1782604800,1,0.13533
custom dining chair,5,1783209600,2,0.27066
custom dining chair,5,1783814400,0,0.0
custom dining chair,5,1784419200,0,0.0
custom dining chair,5,1785024000,0,0.0
custom dining chair,5,1785628800,0,0.0
custom dining chair,5,1786233600,0,0.0
custom dining chair,5,1786838400,0,0.0
custom dining chair,5,1787443200,0,0.0
custom chair,5,1629590400,2,0.27066
custom chair,5,1630195200,2,0.27066
custom chair,5,1630800000,2,0.27066
custom chair,5,1631404800,2,0.27066
custom chair,5,1632009600,2,0.27066
custom chair,5,1632614400,2,0.27066
custom chair,5,1633219200,2,0.27066
custom chair,5,1633824000,2,0.27066
custom chair,5,1634428800,2,0.27066
custom chair,5,1635033600,2,0.27066
custom chair,5,1635638400,2,0.27066
custom chair,5,1636243200,3,0.40599
custom chair,5,1636848000,2,0.27066
custom chair,5,1637452800,2,0.27066
custom chair,5,1638057600,2,0.27066
custom chair,5,1638662400,2,0.27066
custom chair,5,1639267200,1,0.13533
custom chair,5,1639872000,1,0.13533
custom chair,5,1640476800,2,0.27066
custom chair,5,1641081600,2,0.27066
custom chair,5,1641686400,2,0.27066
custom chair,5,1642291200,2,0.27066
custom chair,5,1642896000,2,0.27066
custom chair,5,1643500800,2,0.27066
custom chair,5,1644105600,2,0.27066
custom chair,5,1644710400,2,0.27066
custom chair,5,1645315200,2,0.27066
custom chair,5,1645920000,2,0.27066
custom chair,5,1646524800,2,0.27066
custom chair,5,1647129600,2,0.27066
custom chair,5,1647734400,2,0.27066
custom chair,5,1648339200,2,0.27066
custom chair,5,1648944000,2,0.27066
custom chair,5,1649548800,2,0.27066
custom chair,5,1650153600,2,0.27066
custom chair,5,1650758400,2,0.27066
custom chair,5,1651363200,2,0.27066
custom chair,5,1651968000,2,0.27066
custom chair,5,1652572800,2,0.27066
custom chair,5,1653177600,2,0.27066
custom chair,5,1653782400,2,0.27066
custom chair,5,1654387200,2,0.27066
custom chair,5,1654992000,2,0.27066
custom chair,5,1655596800,2,0.27066
custom chair,5,1656201600,2,0.27066
custom chair,5,1656806400,2,0.27066
custom chair,5,1657411200,2,0.27066
custom chair,5,1658016000,2,0.27066
custom chair,5,1658620800,2,0.27066
custom chair,5,1659225600,2,0.27066
custom chair,5,1659830400,2,0.27066
custom chair,5,1660435200,2,0.27066
custom chair,5,1661040000,2,0.27066
custom chair,5,1661644800,2,0.27066
custom chair,5,1662249600,2,0.27066
custom chair,5,1662854400,2,0.27066
custom chair,5,1663459200,2,0.27066
custom chair,5,1664064000,2,0.27066
custom chair,5,1664668800,2,0.27066
custom chair,5,1665273600,2,0.27066
custom chair,5,1665878400,2,0.27066
custom chair,5,1666483200,2,0.27066
custom chair,5,1667088000,2,0.27066
custom chair,5,1667692800,2,0.27066
custom chair,5,1668297600,2,0.27066
custom chair,5,1668902400,2,0.27066
custom chair,5,1669507200,2,0.27066
custom chair,5,1670112000,2,0.27066
custom chair,5,1670716800,2,0.27066
custom chair,5,1671321600,2,0.27066
custom chair,5,1671926400,2,0.27066
custom chair,5,1672531200,2,0.27066
custom chair,5,1673136000,2,0.27066
custom chair,5,1673740800,2,0.27066
custom chair,5,1674345600,1,0.13533
custom chair,5,1674950400,2,0.27066
custom chair,5,1675555200,2,0.27066
custom chair,5,1676160000,2,0.27066
custom chair,5,1676764800,2,0.27066
custom chair,5,1677369600,2,0.27066
custom chair,5,1677974400,2,0.27066
custom chair,5,1678579200,2,0.27066
custom chair,5,1679184000,2,0.27066
custom chair,5,1679788800,2,0.27066
custom chair,5,1680393600,2,0.27066
custom chair,5,1680998400,2,0.27066
custom chair,5,1681603200,2,0.27066
custom chair,5,1682208000,2,0.27066
custom chair,5,1682812800,2,0.27066
custom chair,5,1683417600,2,0.27066
custom chair,5,1684022400,2,0.27066
custom chair,5,1684627200,2,0.27066
custom chair,5,1685232000,2,0.27066
custom chair,5,1685836800,2,0.27066
custom chair,5,1686441600,2,0.27066
custom chair,5,1687046400,2,0.27066
custom chair,5,1687651200,2,0.27066
custom chair,5,1688256000,2,0.27066
custom chair,5,1688860800,2,0.27066
custom chair,5,1689465600,2,0.27066
custom chair,5,1690070400,2,0.27066
custom chair,5,1690675200,2,0.27066
custom chair,5,1691280000,2,0.27066
custom chair,5,1691884800,2,0.27066
custom chair,5,1692489600,2,0.27066
custom chair,5,1693094400,2,0.27066
custom chair,5,1693699200,2,0.27066
custom chair,5,1694304000,2,0.27066
custom chair,5,1694908800,2,0.27066
custom chair,5,1695513600,1,0.13533
custom chair,5,1696118400,2,0.27066
custom chair,5,1696723200,2,0.27066
custom chair,5,1697328000,2,0.27066
custom chair,5,1697932800,2,0.27066
custom chair,5,1698537600,2,0.27066
custom chair,5,1699142400,2,0.27066
custom chair,5,1699747200,2,0.27066
custom chair,5,1700352000,2,0.27066
custom chair,5,1700956800,2,0.27066
custom chair,5,1701561600,2,0.27066
custom chair,5,1702166400,2,0.27066
custom chair,5,1702771200,2,0.27066
custom chair,5,1703376000,2,0.27066
custom chair,5,1703980800,2,0.27066
custom chair,5,1704585600,2,0.27066
custom chair,5,1705190400,2,0.27066
custom chair,5,1705795200,2,0.27066
custom chair,5,1706400000,2,0.27066
custom chair,5,1707004800,2,0.27066
custom chair,5,1707609600,2,0.27066
custom chair,5,1708214400,2,0.27066
custom chair,5,1708819200,2,0.27066
custom chair,5,1709424000,2,0.27066
custom chair,5,1710028800,2,0.27066
custom chair,5,1710633600,2,0.27066
custom chair,5,1711238400,2,0.27066
custom chair,5,1711843200,1,0.13533
custom chair,5,1712448000,2,0.27066
custom chair,5,1713052800,1,0.13533
custom chair,5,1713657600,2,0.27066
custom chair,5,1714262400,2,0.27066
custom chair,5,1714867200,2,0.27066
custom chair,5,1715472000,2,0.27066
custom chair,5,1716076800,2,0.27066
custom chair,5,1716681600,1,0.13533
custom chair,5,1717286400,2,0.27066
custom chair,5,1717891200,2,0.27066
custom chair,5,1718496000,2,0.27066
custom chair,5,1719100800,1,0.13533
custom chair,5,1719705600,2,0.27066
custom chair,5,1720310400,2,0.27066
custom chair,5,1720915200,2,0.27066
custom chair,5,1721520000,2,0.27066
custom chair,5,1722124800,2,0.27066
custom chair,5,1722729600,2,0.27066
custom chair,5,1723334400,2,0.27066
custom chair,5,1723939200,2,0.27066
custom chair,5,1724544000,2,0.27066
custom chair,5,1725148800,2,0.27066
custom chair,5,1725753600,2,0.27066
custom chair,5,1726358400,2,0.27066
custom chair,5,1726963200,2,0.27066
custom chair,5,1727568000,2,0.27066
custom chair,5,1728172800,2,0.27066
custom chair,5,1728777600,2,0.27066
custom chair,5,1729382400,2,0.27066
custom chair,5,1729987200,2,0.27066
custom chair,5,1730592000,1,0.13533
custom chair,5,1731196800,2,0.27066
custom chair,5,1731801600,2,0.27066
custom chair,5,1732406400,2,0.27066
custom chair,5,1733011200,2,0.27066
custom chair,5,1733616000,2,0.27066
custom chair,5,1734220800,2,0.27066
custom chair,5,1734825600,2,0.27066
custom chair,5,1735430400,2,0.27066
custom chair,5,1736035200,2,0.27066
custom chair,5,1736640000,2,0.27066
custom chair,5,1737244800,2,0.27066
custom chair,5,1737849600,2,0.27066
custom chair,5,1738454400,2,0.27066
custom chair,5,1739059200,2,0.27066
custom chair,5,1739664000,2,0.27066
custom chair,5,1740268800,2,0.27066
custom chair,5,1740873600,2,0.27066
custom chair,5,1741478400,2,0.27066
custom chair,5,1742083200,2,0.27066
custom chair,5,1742688000,2,0.27066
custom chair,5,1743292800,2,0.27066
custom chair,5,1743897600,2,0.27066
custom chair,5,1744502400,2,0.27066
custom chair,5,1745107200,2,0.27066
custom chair,5,1745712000,2,0.27066
custom chair,5,1746316800,2,0.27066
custom chair,5,1746921600,2,0.27066
custom chair,5,1747526400,2,0.27066
custom chair,5,1748131200,2,0.27066
custom chair,5,1748736000,2,0.27066
custom chair,5,1749340800,2,0.27066
custom chair,5,1749945600,2,0.27066
custom chair,5,1750550400,2,0.27066
custom chair,5,1751155200,2,0.27066
custom chair,5,1751760000,2,0.27066
custom chair,5,1752364800,2,0.27066
custom chair,5,1752969600,3,0.40599
custom chair,5,1753574400,3,0.40599
custom chair,5,1754179200,3,0.40599
custom chair,5,1754784000,2,0.27066
custom chair,5,1755388800,2,0.27066
custom chair,5,1755993600,2,0.27066
custom chair,5,1756598400,2,0.27066
custom chair,5,1757203200,2,0.27066
custom chair,5,1757808000,3,0.40599
custom chair,5,1758412800,2,0.27066
custom chair,5,1759017600,2,0.27066
custom chair,5,1759622400,2,0.27066
custom chair,5,1760227200,2,0.27066
custom chair,5,1760832000,2,0.27066
custom chair,5,1761436800,3,0.40599
custom chair,5,1762041600,3,0.40599
custom chair,5,1762646400,4,0.54132
custom chair,5,1763251200,4,0.54132
custom chair,5,1763856000,4,0.54132
custom chair,5,1764460800,4,0.54132
custom chair,5,1765065600,4,0.54132
custom chair,5,1765670400,3,0.40599
custom chair,5,1766275200,3,0.40599
custom chair,5,1766880000,3,0.40599
custom chair,5,1767484800,3,0.40599
custom chair,5,1768089600,3,0.40599
custom chair,5,1768694400,3,0.40599
custom chair,5,1769299200,4,0.54132
custom chair,5,1769904000,5,0.67665
custom chair,5,1770508800,8,1.08264
custom chair,5,1771113600,9,1.21798
custom chair,5,1771718400,7,0.94731
custom chair,5,1772323200,4,0.54132
custom chair,5,1772928000,5,0.67665
custom chair,5,1773532800,7,0.94731
custom chair,5,1774137600,19,2.57128
custom chair,5,1774742400,50,6.76653
custom chair,5,1775347200,85,11.5031
custom chair,5,1775952000,100,13.53306
custom chair,5,1776556800,61,8.25517
custom chair,5,1777161600,44,5.95455
custom chair,5,1777766400,45,6.08988
custom chair,5,1778371200,70,9.47314
custom chair,5,1778976000,72,9.7438
custom chair,5,1779580800,39,5.27789
custom chair,5,1780185600,42,5.68388
custom chair,5,1780790400,54,7.30785
custom chair,5,1781395200,46,6.22521
custom chair,5,1782000000,42,5.68388
custom chair,5,1782604800,14,1.89463
custom chair,5,1783209600,12,1.62397
custom chair,5,1783814400,4,0.54132
custom chair,5,1784419200,4,0.54132
custom chair,5,1785024000,3,0.40599
custom chair,5,1785628800,4,0.54132
custom chair,5,1786233600,3,0.40599
custom chair,5,1786838400,3,0.40599
custom chair,5,1787443200,2,0.27066
custom stool,5,1629590400,0,0.0
custom stool,5,1630195200,0,0.0
custom stool,5,1630800000,0,0.0
custom stool,5,1631404800,0,0.0
custom stool,5,1632009600,0,0.0
custom stool,5,1632614400,0,0.0
custom stool,5,1633219200,0,0.0
custom stool,5,1633824000,0,0.0
custom stool,5,1634428800,0,0.0
custom stool,5,1635033600,0,0.0
custom stool,5,1635638400,0,0.0
custom stool,5,1636243200,0,0.0
custom stool,5,1636848000,0,0.0
custom stool,5,1637452800,0,0.0
custom stool,5,1638057600,0,0.0
custom stool,5,1638662400,0,0.0
custom stool,5,1639267200,0,0.0
custom stool,5,1639872000,0,0.0
custom stool,5,1640476800,0,0.0
custom stool,5,1641081600,0,0.0
custom stool,5,1641686400,0,0.0
custom stool,5,1642291200,0,0.0
custom stool,5,1642896000,0,0.0
custom stool,5,1643500800,0,0.0
custom stool,5,1644105600,0,0.0
custom stool,5,1644710400,0,0.0
custom stool,5,1645315200,0,0.0
custom stool,5,1645920000,0,0.0
custom stool,5,1646524800,0,0.0
custom stool,5,1647129600,0,0.0
custom stool,5,1647734400,0,0.0
custom stool,5,1648339200,0,0.0
custom stool,5,1648944000,0,0.0
custom stool,5,1649548800,0,0.0
custom stool,5,1650153600,0,0.0
custom stool,5,1650758400,0,0.0
custom stool,5,1651363200,0,0.0
custom stool,5,1651968000,0,0.0
custom stool,5,1652572800,0,0.0
custom stool,5,1653177600,0,0.0
custom stool,5,1653782400,0,0.0
custom stool,5,1654387200,0,0.0
custom stool,5,1654992000,0,0.0
custom stool,5,1655596800,0,0.0
custom stool,5,1656201600,0,0.0
custom stool,5,1656806400,0,0.0
custom stool,5,1657411200,0,0.0
custom stool,5,1658016000,0,0.0
custom stool,5,1658620800,0,0.0
custom stool,5,1659225600,0,0.0
custom stool,5,1659830400,0,0.0
custom stool,5,1660435200,0,0.0
custom stool,5,1661040000,0,0.0
custom stool,5,1661644800,0,0.0
custom stool,5,1662249600,0,0.0
custom stool,5,1662854400,0,0.0
custom stool,5,1663459200,0,0.0
custom stool,5,1664064000,0,0.0
custom stool,5,1664668800,0,0.0
custom stool,5,1665273600,0,0.0
custom stool,5,1665878400,0,0.0
custom stool,5,1666483200,0,0.0
custom stool,5,1667088000,0,0.0
custom stool,5,1667692800,0,0.0
custom stool,5,1668297600,0,0.0
custom stool,5,1668902400,0,0.0
custom stool,5,1669507200,0,0.0
custom stool,5,1670112000,0,0.0
custom stool,5,1670716800,0,0.0
custom stool,5,1671321600,0,0.0
custom stool,5,1671926400,0,0.0
custom stool,5,1672531200,0,0.0
custom stool,5,1673136000,0,0.0
custom stool,5,1673740800,0,0.0
custom stool,5,1674345600,0,0.0
custom stool,5,1674950400,0,0.0
custom stool,5,1675555200,0,0.0
custom stool,5,1676160000,0,0.0
custom stool,5,1676764800,0,0.0
custom stool,5,1677369600,0,0.0
custom stool,5,1677974400,0,0.0
custom stool,5,1678579200,0,0.0
custom stool,5,1679184000,0,0.0
custom stool,5,1679788800,0,0.0
custom stool,5,1680393600,0,0.0
custom stool,5,1680998400,0,0.0
custom stool,5,1681603200,0,0.0
custom stool,5,1682208000,0,0.0
custom stool,5,1682812800,0,0.0
custom stool,5,1683417600,0,0.0
custom stool,5,1684022400,0,0.0
custom stool,5,1684627200,0,0.0
custom stool,5,1685232000,0,0.0
custom stool,5,1685836800,0,0.0
custom stool,5,1686441600,0,0.0
custom stool,5,1687046400,0,0.0
custom stool,5,1687651200,0,0.0
custom stool,5,1688256000,0,0.0
custom stool,5,1688860800,0,0.0
custom stool,5,1689465600,0,0.0
custom stool,5,1690070400,0,0.0
custom stool,5,1690675200,0,0.0
custom stool,5,1691280000,0,0.0
custom stool,5,1691884800,0,0.0
custom stool,5,1692489600,0,0.0
custom stool,5,1693094400,0,0.0
custom stool,5,1693699200,0,0.0
custom stool,5,1694304000,0,0.0
custom stool,5,1694908800,0,0.0
custom stool,5,1695513600,0,0.0
custom stool,5,1696118400,0,0.0
custom stool,5,1696723200,0,0.0
custom stool,5,1697328000,0,0.0
custom stool,5,1697932800,0,0.0
custom stool,5,1698537600,0,0.0
custom stool,5,1699142400,0,0.0
custom stool,5,1699747200,0,0.0
custom stool,5,1700352000,0,0.0
custom stool,5,1700956800,0,0.0
custom stool,5,1701561600,0,0.0
custom stool,5,1702166400,1,0.13533
custom stool,5,1702771200,0,0.0
custom stool,5,1703376000,0,0.0
custom stool,5,1703980800,0,0.0
custom stool,5,1704585600,0,0.0
custom stool,5,1705190400,0,0.0
custom stool,5,1705795200,0,0.0
custom stool,5,1706400000,0,0.0
custom stool,5,1707004800,0,0.0
custom stool,5,1707609600,0,0.0
custom stool,5,1708214400,0,0.0
custom stool,5,1708819200,0,0.0
custom stool,5,1709424000,0,0.0
custom stool,5,1710028800,0,0.0
custom stool,5,1710633600,0,0.0
custom stool,5,1711238400,0,0.0
custom stool,5,1711843200,0,0.0
custom stool,5,1712448000,0,0.0
custom stool,5,1713052800,0,0.0
custom stool,5,1713657600,0,0.0
custom stool,5,1714262400,0,0.0
custom stool,5,1714867200,0,0.0
custom stool,5,1715472000,0,0.0
custom stool,5,1716076800,0,0.0
custom stool,5,1716681600,0,0.0
custom stool,5,1717286400,1,0.13533
custom stool,5,1717891200,0,0.0
custom stool,5,1718496000,0,0.0
custom stool,5,1719100800,0,0.0
custom stool,5,1719705600,0,0.0
custom stool,5,1720310400,0,0.0
custom stool,5,1720915200,0,0.0
custom stool,5,1721520000,0,0.0
custom stool,5,1722124800,0,0.0
custom stool,5,1722729600,0,0.0
custom stool,5,1723334400,0,0.0
custom stool,5,1723939200,0,0.0
custom stool,5,1724544000,0,0.0
custom stool,5,1725148800,0,0.0
custom stool,5,1725753600,0,0.0
custom stool,5,1726358400,0,0.0
custom stool,5,1726963200,0,0.0
custom stool,5,1727568000,0,0.0
custom stool,5,1728172800,0,0.0
custom stool,5,1728777600,0,0.0
custom stool,5,1729382400,0,0.0
custom stool,5,1729987200,0,0.0
custom stool,5,1730592000,0,0.0
custom stool,5,1731196800,0,0.0
custom stool,5,1731801600,1,0.13533
custom stool,5,1732406400,1,0.13533
custom stool,5,1733011200,0,0.0
custom stool,5,1733616000,0,0.0
custom stool,5,1734220800,0,0.0
custom stool,5,1734825600,0,0.0
custom stool,5,1735430400,0,0.0
custom stool,5,1736035200,0,0.0
custom stool,5,1736640000,0,0.0
custom stool,5,1737244800,0,0.0
custom stool,5,1737849600,0,0.0
custom stool,5,1738454400,0,0.0
custom stool,5,1739059200,0,0.0
custom stool,5,1739664000,0,0.0
custom stool,5,1740268800,0,0.0
custom stool,5,1740873600,0,0.0
custom stool,5,1741478400,0,0.0
custom stool,5,1742083200,0,0.0
custom stool,5,1742688000,0,0.0
custom stool,5,1743292800,0,0.0
custom stool,5,1743897600,0,0.0
custom stool,5,1744502400,0,0.0
custom stool,5,1745107200,0,0.0
custom stool,5,1745712000,0,0.0
custom stool,5,1746316800,0,0.0
custom stool,5,1746921600,0,0.0
custom stool,5,1747526400,0,0.0
custom stool,5,1748131200,0,0.0
custom stool,5,1748736000,0,0.0
custom stool,5,1749340800,0,0.0
custom stool,5,1749945600,0,0.0
custom stool,5,1750550400,0,0.0
custom stool,5,1751155200,0,0.0
custom stool,5,1751760000,0,0.0
custom stool,5,1752364800,1,0.13533
custom stool,5,1752969600,0,0.0
custom stool,5,1753574400,1,0.13533
custom stool,5,1754179200,0,0.0
custom stool,5,1754784000,1,0.13533
custom stool,5,1755388800,0,0.0
custom stool,5,1755993600,0,0.0
custom stool,5,1756598400,0,0.0
custom stool,5,1757203200,0,0.0
custom stool,5,1757808000,0,0.0
custom stool,5,1758412800,0,0.0
custom stool,5,1759017600,1,0.13533
custom stool,5,1759622400,1,0.13533
custom stool,5,1760227200,0,0.0
custom stool,5,1760832000,0,0.0
custom stool,5,1761436800,1,0.13533
custom stool,5,1762041600,1,0.13533
custom stool,5,1762646400,1,0.13533
custom stool,5,1763251200,1,0.13533
custom stool,5,1763856000,1,0.13533
custom stool,5,1764460800,1,0.13533
custom stool,5,1765065600,1,0.13533
custom stool,5,1765670400,0,0.0
custom stool,5,1766275200,0,0.0
custom stool,5,1766880000,0,0.0
custom stool,5,1767484800,1,0.13533
custom stool,5,1768089600,1,0.13533
custom stool,5,1768694400,1,0.13533
custom stool,5,1769299200,1,0.13533
custom stool,5,1769904000,1,0.13533
custom stool,5,1770508800,2,0.27066
custom stool,5,1771113600,2,0.27066
custom stool,5,1771718400,1,0.13533
custom stool,5,1772323200,1,0.13533
custom stool,5,1772928000,1,0.13533
custom stool,5,1773532800,2,0.27066
custom stool,5,1774137600,3,0.40599
custom stool,5,1774742400,7,0.94731
custom stool,5,1775347200,11,1.48864
custom stool,5,1775952000,11,1.48864
custom stool,5,1776556800,9,1.21798
custom stool,5,1777161600,6,0.81198
custom stool,5,1777766400,5,0.67665
custom stool,5,1778371200,11,1.48864
custom stool,5,1778976000,13,1.7593
custom stool,5,1779580800,7,0.94731
custom stool,5,1780185600,8,1.08264
custom stool,5,1780790400,9,1.21798
custom stool,5,1781395200,9,1.21798
custom stool,5,1782000000,7,0.94731
custom stool,5,1782604800,3,0.40599
custom stool,5,1783209600,3,0.40599
custom stool,5,1783814400,1,0.13533
custom stool,5,1784419200,1,0.13533
custom stool,5,1785024000,1,0.13533
custom stool,5,1785628800,1,0.13533
custom stool,5,1786233600,0,0.0
custom stool,5,1786838400,0,0.0
custom stool,5,1787443200,0,0.0
custom console table,5,1629590400,0,0.0
custom console table,5,1630195200,0,0.0
custom console table,5,1630800000,0,0.0
custom console table,5,1631404800,0,0.0
custom console table,5,1632009600,0,0.0
custom console table,5,1632614400,0,0.0
custom console table,5,1633219200,0,0.0
custom console table,5,1633824000,0,0.0
custom console table,5,1634428800,0,0.0
custom console table,5,1635033600,0,0.0
custom console table,5,1635638400,0,0.0
custom console table,5,1636243200,0,0.0
custom console table,5,1636848000,0,0.0
custom console table,5,1637452800,0,0.0
custom console table,5,1638057600,0,0.0
custom console table,5,1638662400,0,0.0
custom console table,5,1639267200,0,0.0
custom console table,5,1639872000,0,0.0
custom console table,5,1640476800,0,0.0
custom console table,5,1641081600,0,0.0
custom console table,5,1641686400,0,0.0
custom console table,5,1642291200,0,0.0
custom console table,5,1642896000,0,0.0
custom console table,5,1643500800,0,0.0
custom console table,5,1644105600,0,0.0
custom console table,5,1644710400,0,0.0
custom console table,5,1645315200,0,0.0
custom console table,5,1645920000,0,0.0
custom console table,5,1646524800,0,0.0
custom console table,5,1647129600,0,0.0
custom console table,5,1647734400,0,0.0
custom console table,5,1648339200,0,0.0
custom console table,5,1648944000,0,0.0
custom console table,5,1649548800,0,0.0
custom console table,5,1650153600,0,0.0
custom console table,5,1650758400,0,0.0
custom console table,5,1651363200,0,0.0
custom console table,5,1651968000,0,0.0
custom console table,5,1652572800,0,0.0
custom console table,5,1653177600,0,0.0
custom console table,5,1653782400,0,0.0
custom console table,5,1654387200,0,0.0
custom console table,5,1654992000,0,0.0
custom console table,5,1655596800,0,0.0
custom console table,5,1656201600,0,0.0
custom console table,5,1656806400,0,0.0
custom console table,5,1657411200,0,0.0
custom console table,5,1658016000,0,0.0
custom console table,5,1658620800,0,0.0
custom console table,5,1659225600,0,0.0
custom console table,5,1659830400,0,0.0
custom console table,5,1660435200,0,0.0
custom console table,5,1661040000,0,0.0
custom console table,5,1661644800,0,0.0
custom console table,5,1662249600,0,0.0
custom console table,5,1662854400,0,0.0
custom console table,5,1663459200,0,0.0
custom console table,5,1664064000,0,0.0
custom console table,5,1664668800,0,0.0
custom console table,5,1665273600,0,0.0
custom console table,5,1665878400,0,0.0
custom console table,5,1666483200,0,0.0
custom console table,5,1667088000,0,0.0
custom console table,5,1667692800,0,0.0
custom console table,5,1668297600,0,0.0
custom console table,5,1668902400,0,0.0
custom console table,5,1669507200,0,0.0
custom console table,5,1670112000,0,0.0
custom console table,5,1670716800,0,0.0
custom console table,5,1671321600,0,0.0
custom console table,5,1671926400,0,0.0
custom console table,5,1672531200,0,0.0
custom console table,5,1673136000,0,0.0
custom console table,5,1673740800,0,0.0
custom console table,5,1674345600,0,0.0
custom console table,5,1674950400,0,0.0
custom console table,5,1675555200,0,0.0
custom console table,5,1676160000,0,0.0
custom console table,5,1676764800,0,0.0
custom console table,5,1677369600,0,0.0
custom console table,5,1677974400,0,0.0
custom console table,5,1678579200,0,0.0
custom console table,5,1679184000,0,0.0
custom console table,5,1679788800,0,0.0
custom console table,5,1680393600,0,0.0
custom console table,5,1680998400,0,0.0
custom console table,5,1681603200,0,0.0
custom console table,5,1682208000,0,0.0
custom console table,5,1682812800,0,0.0
custom console table,5,1683417600,0,0.0
custom console table,5,1684022400,0,0.0
custom console table,5,1684627200,0,0.0
custom console table,5,1685232000,0,0.0
custom console table,5,1685836800,0,0.0
custom console table,5,1686441600,0,0.0
custom console table,5,1687046400,0,0.0
custom console table,5,1687651200,0,0.0
custom console table,5,1688256000,0,0.0
custom console table,5,1688860800,0,0.0
custom console table,5,1689465600,0,0.0
custom console table,5,1690070400,0,0.0
custom console table,5,1690675200,0,0.0
custom console table,5,1691280000,0,0.0
custom console table,5,1691884800,0,0.0
custom console table,5,1692489600,0,0.0
custom console table,5,1693094400,0,0.0
custom console table,5,1693699200,0,0.0
custom console table,5,1694304000,0,0.0
custom console table,5,1694908800,0,0.0
custom console table,5,1695513600,0,0.0
custom console table,5,1696118400,0,0.0
custom console table,5,1696723200,0,0.0
custom console table,5,1697328000,0,0.0
custom console table,5,1697932800,0,0.0
custom console table,5,1698537600,0,0.0
custom console table,5,1699142400,0,0.0
custom console table,5,1699747200,0,0.0
custom console table,5,1700352000,0,0.0
custom console table,5,1700956800,0,0.0
custom console table,5,1701561600,0,0.0
custom console table,5,1702166400,0,0.0
custom console table,5,1702771200,0,0.0
custom console table,5,1703376000,0,0.0
custom console table,5,1703980800,0,0.0
custom console table,5,1704585600,0,0.0
custom console table,5,1705190400,0,0.0
custom console table,5,1705795200,0,0.0
custom console table,5,1706400000,0,0.0
custom console table,5,1707004800,0,0.0
custom console table,5,1707609600,0,0.0
custom console table,5,1708214400,0,0.0
custom console table,5,1708819200,0,0.0
custom console table,5,1709424000,0,0.0
custom console table,5,1710028800,0,0.0
custom console table,5,1710633600,0,0.0
custom console table,5,1711238400,0,0.0
custom console table,5,1711843200,0,0.0
custom console table,5,1712448000,0,0.0
custom console table,5,1713052800,0,0.0
custom console table,5,1713657600,0,0.0
custom console table,5,1714262400,0,0.0
custom console table,5,1714867200,0,0.0
custom console table,5,1715472000,0,0.0
custom console table,5,1716076800,0,0.0
custom console table,5,1716681600,0,0.0
custom console table,5,1717286400,0,0.0
custom console table,5,1717891200,0,0.0
custom console table,5,1718496000,0,0.0
custom console table,5,1719100800,0,0.0
custom console table,5,1719705600,0,0.0
custom console table,5,1720310400,0,0.0
custom console table,5,1720915200,0,0.0
custom console table,5,1721520000,0,0.0
custom console table,5,1722124800,0,0.0
custom console table,5,1722729600,0,0.0
custom console table,5,1723334400,0,0.0
custom console table,5,1723939200,0,0.0
custom console table,5,1724544000,0,0.0
custom console table,5,1725148800,0,0.0
custom console table,5,1725753600,0,0.0
custom console table,5,1726358400,0,0.0
custom console table,5,1726963200,0,0.0
custom console table,5,1727568000,0,0.0
custom console table,5,1728172800,0,0.0
custom console table,5,1728777600,0,0.0
custom console table,5,1729382400,0,0.0
custom console table,5,1729987200,0,0.0
custom console table,5,1730592000,0,0.0
custom console table,5,1731196800,0,0.0
custom console table,5,1731801600,0,0.0
custom console table,5,1732406400,0,0.0
custom console table,5,1733011200,0,0.0
custom console table,5,1733616000,0,0.0
custom console table,5,1734220800,0,0.0
custom console table,5,1734825600,0,0.0
custom console table,5,1735430400,0,0.0
custom console table,5,1736035200,0,0.0
custom console table,5,1736640000,0,0.0
custom console table,5,1737244800,0,0.0
custom console table,5,1737849600,0,0.0
custom console table,5,1738454400,0,0.0
custom console table,5,1739059200,0,0.0
custom console table,5,1739664000,0,0.0
custom console table,5,1740268800,0,0.0
custom console table,5,1740873600,0,0.0
custom console table,5,1741478400,0,0.0
custom console table,5,1742083200,0,0.0
custom console table,5,1742688000,0,0.0
custom console table,5,1743292800,0,0.0
custom console table,5,1743897600,0,0.0
custom console table,5,1744502400,0,0.0
custom console table,5,1745107200,0,0.0
custom console table,5,1745712000,0,0.0
custom console table,5,1746316800,0,0.0
custom console table,5,1746921600,0,0.0
custom console table,5,1747526400,0,0.0
custom console table,5,1748131200,0,0.0
custom console table,5,1748736000,0,0.0
custom console table,5,1749340800,0,0.0
custom console table,5,1749945600,0,0.0
custom console table,5,1750550400,0,0.0
custom console table,5,1751155200,0,0.0
custom console table,5,1751760000,0,0.0
custom console table,5,1752364800,0,0.0
custom console table,5,1752969600,0,0.0
custom console table,5,1753574400,0,0.0
custom console table,5,1754179200,0,0.0
custom console table,5,1754784000,0,0.0
custom console table,5,1755388800,0,0.0
custom console table,5,1755993600,0,0.0
custom console table,5,1756598400,0,0.0
custom console table,5,1757203200,0,0.0
custom console table,5,1757808000,0,0.0
custom console table,5,1758412800,0,0.0
custom console table,5,1759017600,0,0.0
custom console table,5,1759622400,0,0.0
custom console table,5,1760227200,0,0.0
custom console table,5,1760832000,0,0.0
custom console table,5,1761436800,0,0.0
custom console table,5,1762041600,0,0.0
custom console table,5,1762646400,0,0.0
custom console table,5,1763251200,0,0.0
custom console table,5,1763856000,0,0.0
custom console table,5,1764460800,0,0.0
custom console table,5,1765065600,0,0.0
custom console table,5,1765670400,0,0.0
custom console table,5,1766275200,0,0.0
custom console table,5,1766880000,0,0.0
custom console table,5,1767484800,0,0.0
custom console table,5,1768089600,0,0.0
custom console table,5,1768694400,0,0.0
custom console table,5,1769299200,0,0.0
custom console table,5,1769904000,0,0.0
custom console table,5,1770508800,0,0.0
custom console table,5,1771113600,1,0.13533
custom console table,5,1771718400,0,0.0
custom console table,5,1772323200,0,0.0
custom console table,5,1772928000,1,0.13533
custom console table,5,1773532800,0,0.0
custom console table,5,1774137600,1,0.13533
custom console table,5,1774742400,6,0.81198
custom console table,5,1775347200,9,1.21798
custom console table,5,1775952000,9,1.21798
custom console table,5,1776556800,7,0.94731
custom console table,5,1777161600,4,0.54132
custom console table,5,1777766400,4,0.54132
custom console table,5,1778371200,8,1.08264
custom console table,5,1778976000,8,1.08264
custom console table,5,1779580800,3,0.40599
custom console table,5,1780185600,3,0.40599
custom console table,5,1780790400,5,0.67665
custom console table,5,1781395200,5,0.67665
custom console table,5,1782000000,4,0.54132
custom console table,5,1782604800,1,0.13533
custom console table,5,1783209600,1,0.13533
custom console table,5,1783814400,0,0.0
custom console table,5,1784419200,0,0.0
custom console table,5,1785024000,0,0.0
custom console table,5,1785628800,0,0.0
custom console table,5,1786233600,0,0.0
custom console table,5,1786838400,0,0.0
custom console table,5,1787443200,0,0.0
