naics,kind_of_business,year,month,period,sales_musd,seasonally_adjusted
442,Furniture and home furnishings stores,1992,1,1992-01,3699.0,False
442,Furniture and home furnishings stores,1992,2,1992-02,3759.0,False
442,Furniture and home furnishings stores,1992,3,1992-03,3997.0,False
442,Furniture and home furnishings stores,1992,4,1992-04,3981.0,False
442,Furniture and home furnishings stores,1992,5,1992-05,4109.0,False
442,Furniture and home furnishings stores,1992,6,1992-06,4188.0,False
442,Furniture and home furnishings stores,1992,7,1992-07,4237.0,False
442,Furniture and home furnishings stores,1992,8,1992-08,4273.0,False
442,Furniture and home furnishings stores,1992,9,1992-09,4161.0,False
442,Furniture and home furnishings stores,1992,10,1992-10,4324.0,False
442,Furniture and home furnishings stores,1992,11,1992-11,4508.0,False
442,Furniture and home furnishings stores,1992,12,1992-12,5086.0,False
442,Furniture and home furnishings stores,1993,1,1993-01,3954.0,False
442,Furniture and home furnishings stores,1993,2,1993-02,3766.0,False
442,Furniture and home furnishings stores,1993,3,1993-03,4209.0,False
442,Furniture and home furnishings stores,1993,4,1993-04,4212.0,False
442,Furniture and home furnishings stores,1993,5,1993-05,4370.0,False
442,Furniture and home furnishings stores,1993,6,1993-06,4402.0,False
442,Furniture and home furnishings stores,1993,7,1993-07,4513.0,False
442,Furniture and home furnishings stores,1993,8,1993-08,4561.0,False
442,Furniture and home furnishings stores,1993,9,1993-09,4455.0,False
442,Furniture and home furnishings stores,1993,10,1993-10,4602.0,False
442,Furniture and home furnishings stores,1993,11,1993-11,4976.0,False
442,Furniture and home furnishings stores,1993,12,1993-12,5432.0,False
442,Furniture and home furnishings stores,1994,1,1994-01,3881.0,False
442,Furniture and home furnishings stores,1994,2,1994-02,4000.0,False
442,Furniture and home furnishings stores,1994,3,1994-03,4658.0,False
442,Furniture and home furnishings stores,1994,4,1994-04,4538.0,False
442,Furniture and home furnishings stores,1994,5,1994-05,4698.0,False
442,Furniture and home furnishings stores,1994,6,1994-06,4784.0,False
442,Furniture and home furnishings stores,1994,7,1994-07,4809.0,False
442,Furniture and home furnishings stores,1994,8,1994-08,5172.0,False
442,Furniture and home furnishings stores,1994,9,1994-09,5027.0,False
442,Furniture and home furnishings stores,1994,10,1994-10,5143.0,False
442,Furniture and home furnishings stores,1994,11,1994-11,5542.0,False
442,Furniture and home furnishings stores,1994,12,1994-12,6096.0,False
442,Furniture and home furnishings stores,1995,1,1995-01,4501.0,False
442,Furniture and home furnishings stores,1995,2,1995-02,4270.0,False
442,Furniture and home furnishings stores,1995,3,1995-03,4922.0,False
442,Furniture and home furnishings stores,1995,4,1995-04,4664.0,False
442,Furniture and home furnishings stores,1995,5,1995-05,5032.0,False
442,Furniture and home furnishings stores,1995,6,1995-06,5033.0,False
442,Furniture and home furnishings stores,1995,7,1995-07,5028.0,False
442,Furniture and home furnishings stores,1995,8,1995-08,5334.0,False
442,Furniture and home furnishings stores,1995,9,1995-09,5249.0,False
442,Furniture and home furnishings stores,1995,10,1995-10,5332.0,False
442,Furniture and home furnishings stores,1995,11,1995-11,5893.0,False
442,Furniture and home furnishings stores,1995,12,1995-12,6210.0,False
442,Furniture and home furnishings stores,1996,1,1996-01,4639.0,False
442,Furniture and home furnishings stores,1996,2,1996-02,4684.0,False
442,Furniture and home furnishings stores,1996,3,1996-03,5242.0,False
442,Furniture and home furnishings stores,1996,4,1996-04,5139.0,False
442,Furniture and home furnishings stores,1996,5,1996-05,5424.0,False
442,Furniture and home furnishings stores,1996,6,1996-06,5305.0,False
442,Furniture and home furnishings stores,1996,7,1996-07,5493.0,False
442,Furniture and home furnishings stores,1996,8,1996-08,5704.0,False
442,Furniture and home furnishings stores,1996,9,1996-09,5409.0,False
442,Furniture and home furnishings stores,1996,10,1996-10,5775.0,False
442,Furniture and home furnishings stores,1996,11,1996-11,6221.0,False
442,Furniture and home furnishings stores,1996,12,1996-12,6523.0,False
442,Furniture and home furnishings stores,1997,1,1997-01,5148.0,False
442,Furniture and home furnishings stores,1997,2,1997-02,4960.0,False
442,Furniture and home furnishings stores,1997,3,1997-03,5536.0,False
442,Furniture and home furnishings stores,1997,4,1997-04,5493.0,False
442,Furniture and home furnishings stores,1997,5,1997-05,5825.0,False
442,Furniture and home furnishings stores,1997,6,1997-06,5625.0,False
442,Furniture and home furnishings stores,1997,7,1997-07,5838.0,False
442,Furniture and home furnishings stores,1997,8,1997-08,6071.0,False
442,Furniture and home furnishings stores,1997,9,1997-09,5903.0,False
442,Furniture and home furnishings stores,1997,10,1997-10,6169.0,False
442,Furniture and home furnishings stores,1997,11,1997-11,6573.0,False
442,Furniture and home furnishings stores,1997,12,1997-12,7320.0,False
442,Furniture and home furnishings stores,1998,1,1998-01,5646.0,False
442,Furniture and home furnishings stores,1998,2,1998-02,5411.0,False
442,Furniture and home furnishings stores,1998,3,1998-03,5971.0,False
442,Furniture and home furnishings stores,1998,4,1998-04,5851.0,False
442,Furniture and home furnishings stores,1998,5,1998-05,6034.0,False
442,Furniture and home furnishings stores,1998,6,1998-06,6115.0,False
442,Furniture and home furnishings stores,1998,7,1998-07,6265.0,False
442,Furniture and home furnishings stores,1998,8,1998-08,6301.0,False
442,Furniture and home furnishings stores,1998,9,1998-09,6135.0,False
442,Furniture and home furnishings stores,1998,10,1998-10,6487.0,False
442,Furniture and home furnishings stores,1998,11,1998-11,6968.0,False
442,Furniture and home furnishings stores,1998,12,1998-12,7850.0,False
442,Furniture and home furnishings stores,1999,1,1999-01,5752.0,False
442,Furniture and home furnishings stores,1999,2,1999-02,5823.0,False
442,Furniture and home furnishings stores,1999,3,1999-03,6593.0,False
442,Furniture and home furnishings stores,1999,4,1999-04,6289.0,False
442,Furniture and home furnishings stores,1999,5,1999-05,6493.0,False
442,Furniture and home furnishings stores,1999,6,1999-06,6656.0,False
442,Furniture and home furnishings stores,1999,7,1999-07,6764.0,False
442,Furniture and home furnishings stores,1999,8,1999-08,7037.0,False
442,Furniture and home furnishings stores,1999,9,1999-09,6938.0,False
442,Furniture and home furnishings stores,1999,10,1999-10,7132.0,False
442,Furniture and home furnishings stores,1999,11,1999-11,7788.0,False
442,Furniture and home furnishings stores,1999,12,1999-12,8643.0,False
442,Furniture and home furnishings stores,2000,1,2000-01,6461.0,False
442,Furniture and home furnishings stores,2000,2,2000-02,6805.0,False
442,Furniture and home furnishings stores,2000,3,2000-03,7420.0,False
442,Furniture and home furnishings stores,2000,4,2000-04,6944.0,False
442,Furniture and home furnishings stores,2000,5,2000-05,7432.0,False
442,Furniture and home furnishings stores,2000,6,2000-06,7287.0,False
442,Furniture and home furnishings stores,2000,7,2000-07,7310.0,False
442,Furniture and home furnishings stores,2000,8,2000-08,7761.0,False
442,Furniture and home furnishings stores,2000,9,2000-09,7337.0,False
442,Furniture and home furnishings stores,2000,10,2000-10,7461.0,False
442,Furniture and home furnishings stores,2000,11,2000-11,8125.0,False
442,Furniture and home furnishings stores,2000,12,2000-12,8411.0,False
442,Furniture and home furnishings stores,2001,1,2001-01,6866.0,False
442,Furniture and home furnishings stores,2001,2,2001-02,6619.0,False
442,Furniture and home furnishings stores,2001,3,2001-03,7372.0,False
442,Furniture and home furnishings stores,2001,4,2001-04,6753.0,False
442,Furniture and home furnishings stores,2001,5,2001-05,7351.0,False
442,Furniture and home furnishings stores,2001,6,2001-06,7291.0,False
442,Furniture and home furnishings stores,2001,7,2001-07,7259.0,False
442,Furniture and home furnishings stores,2001,8,2001-08,7757.0,False
442,Furniture and home furnishings stores,2001,9,2001-09,6888.0,False
442,Furniture and home furnishings stores,2001,10,2001-10,7399.0,False
442,Furniture and home furnishings stores,2001,11,2001-11,8320.0,False
442,Furniture and home furnishings stores,2001,12,2001-12,9178.0,False
442,Furniture and home furnishings stores,2002,1,2002-01,6956.0,False
442,Furniture and home furnishings stores,2002,2,2002-02,6900.0,False
442,Furniture and home furnishings stores,2002,3,2002-03,7566.0,False
442,Furniture and home furnishings stores,2002,4,2002-04,7167.0,False
442,Furniture and home furnishings stores,2002,5,2002-05,7770.0,False
442,Furniture and home furnishings stores,2002,6,2002-06,7293.0,False
442,Furniture and home furnishings stores,2002,7,2002-07,7455.0,False
442,Furniture and home furnishings stores,2002,8,2002-08,7974.0,False
442,Furniture and home furnishings stores,2002,9,2002-09,7247.0,False
442,Furniture and home furnishings stores,2002,10,2002-10,7637.0,False
442,Furniture and home furnishings stores,2002,11,2002-11,8589.0,False
442,Furniture and home furnishings stores,2002,12,2002-12,9261.0,False
442,Furniture and home furnishings stores,2003,1,2003-01,6984.0,False
442,Furniture and home furnishings stores,2003,2,2003-02,6523.0,False
442,Furniture and home furnishings stores,2003,3,2003-03,7400.0,False
442,Furniture and home furnishings stores,2003,4,2003-04,7158.0,False
442,Furniture and home furnishings stores,2003,5,2003-05,7843.0,False
442,Furniture and home furnishings stores,2003,6,2003-06,7526.0,False
442,Furniture and home furnishings stores,2003,7,2003-07,7838.0,False
442,Furniture and home furnishings stores,2003,8,2003-08,8143.0,False
442,Furniture and home furnishings stores,2003,9,2003-09,7786.0,False
442,Furniture and home furnishings stores,2003,10,2003-10,8111.0,False
442,Furniture and home furnishings stores,2003,11,2003-11,8761.0,False
442,Furniture and home furnishings stores,2003,12,2003-12,9882.0,False
442,Furniture and home furnishings stores,2004,1,2004-01,7437.0,False
442,Furniture and home furnishings stores,2004,2,2004-02,7400.0,False
442,Furniture and home furnishings stores,2004,3,2004-03,8259.0,False
442,Furniture and home furnishings stores,2004,4,2004-04,7765.0,False
442,Furniture and home furnishings stores,2004,5,2004-05,7886.0,False
442,Furniture and home furnishings stores,2004,6,2004-06,8209.0,False
442,Furniture and home furnishings stores,2004,7,2004-07,8649.0,False
442,Furniture and home furnishings stores,2004,8,2004-08,8639.0,False
442,Furniture and home furnishings stores,2004,9,2004-09,8211.0,False
442,Furniture and home furnishings stores,2004,10,2004-10,8479.0,False
442,Furniture and home furnishings stores,2004,11,2004-11,9336.0,False
442,Furniture and home furnishings stores,2004,12,2004-12,10625.0,False
442,Furniture and home furnishings stores,2005,1,2005-01,7696.0,False
442,Furniture and home furnishings stores,2005,2,2005-02,7762.0,False
442,Furniture and home furnishings stores,2005,3,2005-03,8550.0,False
442,Furniture and home furnishings stores,2005,4,2005-04,8190.0,False
442,Furniture and home furnishings stores,2005,5,2005-05,8415.0,False
442,Furniture and home furnishings stores,2005,6,2005-06,8723.0,False
442,Furniture and home furnishings stores,2005,7,2005-07,8718.0,False
442,Furniture and home furnishings stores,2005,8,2005-08,9350.0,False
442,Furniture and home furnishings stores,2005,9,2005-09,8974.0,False
442,Furniture and home furnishings stores,2005,10,2005-10,8870.0,False
442,Furniture and home furnishings stores,2005,11,2005-11,9965.0,False
442,Furniture and home furnishings stores,2005,12,2005-12,11008.0,False
442,Furniture and home furnishings stores,2006,1,2006-01,8381.0,False
442,Furniture and home furnishings stores,2006,2,2006-02,8248.0,False
442,Furniture and home furnishings stores,2006,3,2006-03,9178.0,False
442,Furniture and home furnishings stores,2006,4,2006-04,8346.0,False
442,Furniture and home furnishings stores,2006,5,2006-05,8980.0,False
442,Furniture and home furnishings stores,2006,6,2006-06,9212.0,False
442,Furniture and home furnishings stores,2006,7,2006-07,9018.0,False
442,Furniture and home furnishings stores,2006,8,2006-08,9695.0,False
442,Furniture and home furnishings stores,2006,9,2006-09,9278.0,False
442,Furniture and home furnishings stores,2006,10,2006-10,8953.0,False
442,Furniture and home furnishings stores,2006,11,2006-11,9941.0,False
442,Furniture and home furnishings stores,2006,12,2006-12,10782.0,False
442,Furniture and home furnishings stores,2007,1,2007-01,8588.0,False
442,Furniture and home furnishings stores,2007,2,2007-02,8220.0,False
442,Furniture and home furnishings stores,2007,3,2007-03,9183.0,False
442,Furniture and home furnishings stores,2007,4,2007-04,8336.0,False
442,Furniture and home furnishings stores,2007,5,2007-05,9030.0,False
442,Furniture and home furnishings stores,2007,6,2007-06,8932.0,False
442,Furniture and home furnishings stores,2007,7,2007-07,8952.0,False
442,Furniture and home furnishings stores,2007,8,2007-08,9601.0,False
442,Furniture and home furnishings stores,2007,9,2007-09,8643.0,False
442,Furniture and home furnishings stores,2007,10,2007-10,8812.0,False
442,Furniture and home furnishings stores,2007,11,2007-11,9731.0,False
442,Furniture and home furnishings stores,2007,12,2007-12,10192.0,False
442,Furniture and home furnishings stores,2008,1,2008-01,7939.0,False
442,Furniture and home furnishings stores,2008,2,2008-02,7887.0,False
442,Furniture and home furnishings stores,2008,3,2008-03,8158.0,False
442,Furniture and home furnishings stores,2008,4,2008-04,7815.0,False
442,Furniture and home furnishings stores,2008,5,2008-05,8381.0,False
442,Furniture and home furnishings stores,2008,6,2008-06,7904.0,False
442,Furniture and home furnishings stores,2008,7,2008-07,8269.0,False
442,Furniture and home furnishings stores,2008,8,2008-08,8238.0,False
442,Furniture and home furnishings stores,2008,9,2008-09,7474.0,False
442,Furniture and home furnishings stores,2008,10,2008-10,7506.0,False
442,Furniture and home furnishings stores,2008,11,2008-11,7907.0,False
442,Furniture and home furnishings stores,2008,12,2008-12,8630.0,False
442,Furniture and home furnishings stores,2009,1,2009-01,6611.0,False
442,Furniture and home furnishings stores,2009,2,2009-02,6416.0,False
442,Furniture and home furnishings stores,2009,3,2009-03,6713.0,False
442,Furniture and home furnishings stores,2009,4,2009-04,6420.0,False
442,Furniture and home furnishings stores,2009,5,2009-05,6777.0,False
442,Furniture and home furnishings stores,2009,6,2009-06,6722.0,False
442,Furniture and home furnishings stores,2009,7,2009-07,6985.0,False
442,Furniture and home furnishings stores,2009,8,2009-08,6954.0,False
442,Furniture and home furnishings stores,2009,9,2009-09,6764.0,False
442,Furniture and home furnishings stores,2009,10,2009-10,6650.0,False
442,Furniture and home furnishings stores,2009,11,2009-11,7161.0,False
442,Furniture and home furnishings stores,2009,12,2009-12,8156.0,False
442,Furniture and home furnishings stores,2010,1,2010-01,6145.0,False
442,Furniture and home furnishings stores,2010,2,2010-02,6285.0,False
442,Furniture and home furnishings stores,2010,3,2010-03,7062.0,False
442,Furniture and home furnishings stores,2010,4,2010-04,6535.0,False
442,Furniture and home furnishings stores,2010,5,2010-05,6739.0,False
442,Furniture and home furnishings stores,2010,6,2010-06,6703.0,False
442,Furniture and home furnishings stores,2010,7,2010-07,7036.0,False
442,Furniture and home furnishings stores,2010,8,2010-08,7124.0,False
442,Furniture and home furnishings stores,2010,9,2010-09,6898.0,False
442,Furniture and home furnishings stores,2010,10,2010-10,6600.0,False
442,Furniture and home furnishings stores,2010,11,2010-11,7418.0,False
442,Furniture and home furnishings stores,2010,12,2010-12,8249.0,False
442,Furniture and home furnishings stores,2011,1,2011-01,6073.0,False
442,Furniture and home furnishings stores,2011,2,2011-02,6311.0,False
442,Furniture and home furnishings stores,2011,3,2011-03,7319.0,False
442,Furniture and home furnishings stores,2011,4,2011-04,6705.0,False
442,Furniture and home furnishings stores,2011,5,2011-05,6886.0,False
442,Furniture and home furnishings stores,2011,6,2011-06,6839.0,False
442,Furniture and home furnishings stores,2011,7,2011-07,7043.0,False
442,Furniture and home furnishings stores,2011,8,2011-08,7470.0,False
442,Furniture and home furnishings stores,2011,9,2011-09,7242.0,False
442,Furniture and home furnishings stores,2011,10,2011-10,6771.0,False
442,Furniture and home furnishings stores,2011,11,2011-11,7715.0,False
442,Furniture and home furnishings stores,2011,12,2011-12,8787.0,False
442,Furniture and home furnishings stores,2012,1,2012-01,6677.0,False
442,Furniture and home furnishings stores,2012,2,2012-02,6976.0,False
442,Furniture and home furnishings stores,2012,3,2012-03,7568.0,False
442,Furniture and home furnishings stores,2012,4,2012-04,6679.0,False
442,Furniture and home furnishings stores,2012,5,2012-05,7468.0,False
442,Furniture and home furnishings stores,2012,6,2012-06,7175.0,False
442,Furniture and home furnishings stores,2012,7,2012-07,7341.0,False
442,Furniture and home furnishings stores,2012,8,2012-08,7840.0,False
442,Furniture and home furnishings stores,2012,9,2012-09,7239.0,False
442,Furniture and home furnishings stores,2012,10,2012-10,7064.0,False
442,Furniture and home furnishings stores,2012,11,2012-11,8044.0,False
442,Furniture and home furnishings stores,2012,12,2012-12,8987.0,False
442,Furniture and home furnishings stores,2013,1,2013-01,7117.0,False
442,Furniture and home furnishings stores,2013,2,2013-02,6920.0,False
442,Furniture and home furnishings stores,2013,3,2013-03,7695.0,False
442,Furniture and home furnishings stores,2013,4,2013-04,7146.0,False
442,Furniture and home furnishings stores,2013,5,2013-05,7658.0,False
442,Furniture and home furnishings stores,2013,6,2013-06,7390.0,False
442,Furniture and home furnishings stores,2013,7,2013-07,7805.0,False
442,Furniture and home furnishings stores,2013,8,2013-08,8285.0,False
442,Furniture and home furnishings stores,2013,9,2013-09,7686.0,False
442,Furniture and home furnishings stores,2013,10,2013-10,7897.0,False
442,Furniture and home furnishings stores,2013,11,2013-11,8668.0,False
442,Furniture and home furnishings stores,2013,12,2013-12,9013.0,False
442,Furniture and home furnishings stores,2014,1,2014-01,7071.0,False
442,Furniture and home furnishings stores,2014,2,2014-02,7100.0,False
442,Furniture and home furnishings stores,2014,3,2014-03,7966.0,False
442,Furniture and home furnishings stores,2014,4,2014-04,7654.0,False
442,Furniture and home furnishings stores,2014,5,2014-05,8244.0,False
442,Furniture and home furnishings stores,2014,6,2014-06,7749.0,False
442,Furniture and home furnishings stores,2014,7,2014-07,8261.0,False
442,Furniture and home furnishings stores,2014,8,2014-08,8591.0,False
442,Furniture and home furnishings stores,2014,9,2014-09,8235.0,False
442,Furniture and home furnishings stores,2014,10,2014-10,8301.0,False
442,Furniture and home furnishings stores,2014,11,2014-11,8799.0,False
442,Furniture and home furnishings stores,2014,12,2014-12,10053.0,False
442,Furniture and home furnishings stores,2015,1,2015-01,7840.0,False
442,Furniture and home furnishings stores,2015,2,2015-02,7407.0,False
442,Furniture and home furnishings stores,2015,3,2015-03,8495.0,False
442,Furniture and home furnishings stores,2015,4,2015-04,8150.0,False
442,Furniture and home furnishings stores,2015,5,2015-05,8785.0,False
442,Furniture and home furnishings stores,2015,6,2015-06,8479.0,False
442,Furniture and home furnishings stores,2015,7,2015-07,9012.0,False
442,Furniture and home furnishings stores,2015,8,2015-08,9056.0,False
442,Furniture and home furnishings stores,2015,9,2015-09,8886.0,False
442,Furniture and home furnishings stores,2015,10,2015-10,9026.0,False
442,Furniture and home furnishings stores,2015,11,2015-11,9398.0,False
442,Furniture and home furnishings stores,2015,12,2015-12,10810.0,False
442,Furniture and home furnishings stores,2016,1,2016-01,8117.0,False
442,Furniture and home furnishings stores,2016,2,2016-02,8323.0,False
442,Furniture and home furnishings stores,2016,3,2016-03,9198.0,False
442,Furniture and home furnishings stores,2016,4,2016-04,8545.0,False
442,Furniture and home furnishings stores,2016,5,2016-05,8943.0,False
442,Furniture and home furnishings stores,2016,6,2016-06,9056.0,False
442,Furniture and home furnishings stores,2016,7,2016-07,9114.0,False
442,Furniture and home furnishings stores,2016,8,2016-08,9503.0,False
442,Furniture and home furnishings stores,2016,9,2016-09,9461.0,False
442,Furniture and home furnishings stores,2016,10,2016-10,8978.0,False
442,Furniture and home furnishings stores,2016,11,2016-11,9866.0,False
442,Furniture and home furnishings stores,2016,12,2016-12,10756.0,False
442,Furniture and home furnishings stores,2017,1,2017-01,8232.0,False
442,Furniture and home furnishings stores,2017,2,2017-02,8200.0,False
442,Furniture and home furnishings stores,2017,3,2017-03,9605.0,False
442,Furniture and home furnishings stores,2017,4,2017-04,8541.0,False
442,Furniture and home furnishings stores,2017,5,2017-05,9369.0,False
442,Furniture and home furnishings stores,2017,6,2017-06,9317.0,False
442,Furniture and home furnishings stores,2017,7,2017-07,9195.0,False
442,Furniture and home furnishings stores,2017,8,2017-08,9813.0,False
442,Furniture and home furnishings stores,2017,9,2017-09,9467.0,False
442,Furniture and home furnishings stores,2017,10,2017-10,9436.0,False
442,Furniture and home furnishings stores,2017,11,2017-11,10468.0,False
442,Furniture and home furnishings stores,2017,12,2017-12,11181.0,False
442,Furniture and home furnishings stores,2018,1,2018-01,8679.0,False
442,Furniture and home furnishings stores,2018,2,2018-02,8508.0,False
442,Furniture and home furnishings stores,2018,3,2018-03,9963.0,False
442,Furniture and home furnishings stores,2018,4,2018-04,9152.0,False
442,Furniture and home furnishings stores,2018,5,2018-05,9883.0,False
442,Furniture and home furnishings stores,2018,6,2018-06,9692.0,False
442,Furniture and home furnishings stores,2018,7,2018-07,9703.0,False
442,Furniture and home furnishings stores,2018,8,2018-08,10169.0,False
442,Furniture and home furnishings stores,2018,9,2018-09,9560.0,False
442,Furniture and home furnishings stores,2018,10,2018-10,9746.0,False
442,Furniture and home furnishings stores,2018,11,2018-11,10563.0,False
442,Furniture and home furnishings stores,2018,12,2018-12,10912.0,False
442,Furniture and home furnishings stores,2019,1,2019-01,8641.0,False
442,Furniture and home furnishings stores,2019,2,2019-02,8463.0,False
442,Furniture and home furnishings stores,2019,3,2019-03,9825.0,False
442,Furniture and home furnishings stores,2019,4,2019-04,9394.0,False
442,Furniture and home furnishings stores,2019,5,2019-05,10105.0,False
442,Furniture and home furnishings stores,2019,6,2019-06,9565.0,False
442,Furniture and home furnishings stores,2019,7,2019-07,9986.0,False
442,Furniture and home furnishings stores,2019,8,2019-08,10402.0,False
442,Furniture and home furnishings stores,2019,9,2019-09,9914.0,False
442,Furniture and home furnishings stores,2019,10,2019-10,10027.0,False
442,Furniture and home furnishings stores,2019,11,2019-11,10789.0,False
442,Furniture and home furnishings stores,2019,12,2019-12,10926.0,False
442,Furniture and home furnishings stores,2020,1,2020-01,9225.0,False
442,Furniture and home furnishings stores,2020,2,2020-02,9193.0,False
442,Furniture and home furnishings stores,2020,3,2020-03,7897.0,False
442,Furniture and home furnishings stores,2020,4,2020-04,3780.0,False
442,Furniture and home furnishings stores,2020,5,2020-05,7072.0,False
442,Furniture and home furnishings stores,2020,6,2020-06,9581.0,False
442,Furniture and home furnishings stores,2020,7,2020-07,10172.0,False
442,Furniture and home furnishings stores,2020,8,2020-08,10692.0,False
442,Furniture and home furnishings stores,2020,9,2020-09,10671.0,False
442,Furniture and home furnishings stores,2020,10,2020-10,10645.0,False
442,Furniture and home furnishings stores,2020,11,2020-11,10697.0,False
442,Furniture and home furnishings stores,2020,12,2020-12,11493.0,False
442,Furniture and home furnishings stores,2021,1,2021-01,10215.0,False
442,Furniture and home furnishings stores,2021,2,2021-02,9690.0,False
442,Furniture and home furnishings stores,2021,3,2021-03,12133.0,False
442,Furniture and home furnishings stores,2021,4,2021-04,11591.0,False
442,Furniture and home furnishings stores,2021,5,2021-05,11580.0,False
442,Furniture and home furnishings stores,2021,6,2021-06,11350.0,False
442,Furniture and home furnishings stores,2021,7,2021-07,11660.0,False
442,Furniture and home furnishings stores,2021,8,2021-08,11728.0,False
442,Furniture and home furnishings stores,2021,9,2021-09,11616.0,False
442,Furniture and home furnishings stores,2021,10,2021-10,11704.0,False
442,Furniture and home furnishings stores,2021,11,2021-11,12443.0,False
442,Furniture and home furnishings stores,2021,12,2021-12,12340.0,False
442,Furniture and home furnishings stores,2022,1,2022-01,10107.0,False
442,Furniture and home furnishings stores,2022,2,2022-02,10422.0,False
442,Furniture and home furnishings stores,2022,3,2022-03,12363.0,False
442,Furniture and home furnishings stores,2022,4,2022-04,11967.0,False
442,Furniture and home furnishings stores,2022,5,2022-05,11977.0,False
442,Furniture and home furnishings stores,2022,6,2022-06,11654.0,False
442,Furniture and home furnishings stores,2022,7,2022-07,11503.0,False
442,Furniture and home furnishings stores,2022,8,2022-08,12294.0,False
442,Furniture and home furnishings stores,2022,9,2022-09,11852.0,False
442,Furniture and home furnishings stores,2022,10,2022-10,11770.0,False
442,Furniture and home furnishings stores,2022,11,2022-11,12368.0,False
442,Furniture and home furnishings stores,2022,12,2022-12,12227.0,False
442,Furniture and home furnishings stores,2023,1,2023-01,11121.0,False
442,Furniture and home furnishings stores,2023,2,2023-02,10678.0,False
442,Furniture and home furnishings stores,2023,3,2023-03,12098.0,False
442,Furniture and home furnishings stores,2023,4,2023-04,10868.0,False
442,Furniture and home furnishings stores,2023,5,2023-05,11541.0,False
442,Furniture and home furnishings stores,2023,6,2023-06,11338.0,False
442,Furniture and home furnishings stores,2023,7,2023-07,10970.0,False
442,Furniture and home furnishings stores,2023,8,2023-08,11726.0,False
442,Furniture and home furnishings stores,2023,9,2023-09,11092.0,False
442,Furniture and home furnishings stores,2023,10,2023-10,10707.0,False
442,Furniture and home furnishings stores,2023,11,2023-11,11958.0,False
442,Furniture and home furnishings stores,2023,12,2023-12,11490.0,False
442,Furniture and home furnishings stores,2024,1,2024-01,9745.0,False
442,Furniture and home furnishings stores,2024,2,2024-02,10140.0,False
442,Furniture and home furnishings stores,2024,3,2024-03,10801.0,False
442,Furniture and home furnishings stores,2024,4,2024-04,10388.0,False
442,Furniture and home furnishings stores,2024,5,2024-05,11186.0,False
442,Furniture and home furnishings stores,2024,6,2024-06,10597.0,False
442,Furniture and home furnishings stores,2024,7,2024-07,11145.0,False
442,Furniture and home furnishings stores,2024,8,2024-08,11679.0,False
442,Furniture and home furnishings stores,2024,9,2024-09,11038.0,False
442,Furniture and home furnishings stores,2024,10,2024-10,11194.0,False
442,Furniture and home furnishings stores,2024,11,2024-11,12345.0,False
442,Furniture and home furnishings stores,2024,12,2024-12,12455.0,False
442,Furniture and home furnishings stores,2025,1,2025-01,10414.0,False
442,Furniture and home furnishings stores,2025,2,2025-02,10444.0,False
442,Furniture and home furnishings stores,2025,3,2025-03,11549.0,False
442,Furniture and home furnishings stores,2025,4,2025-04,11219.0,False
442,Furniture and home furnishings stores,2025,5,2025-05,11766.0,False
442,Furniture and home furnishings stores,2025,6,2025-06,11053.0,False
442,Furniture and home furnishings stores,2025,7,2025-07,11808.0,False
442,Furniture and home furnishings stores,2025,8,2025-08,11585.0,False
442,Furniture and home furnishings stores,2025,9,2025-09,10888.0,False
442,Furniture and home furnishings stores,2025,10,2025-10,11230.0,False
442,Furniture and home furnishings stores,2025,11,2025-11,11855.0,False
442,Furniture and home furnishings stores,2025,12,2025-12,11764.0,False
442,Furniture and home furnishings stores,2026,1,2026-01,10007.0,False
442,Furniture and home furnishings stores,2026,2,2026-02,9976.0,False
442,Furniture and home furnishings stores,2026,3,2026-03,11486.0,False
442,Furniture and home furnishings stores,2026,4,2026-04,10840.0,False
442,Furniture and home furnishings stores,2026,5,2026-05,11508.0,False
442,Furniture and home furnishings stores,2026,6,2026-06,11270.0,False
442,Furniture and home furnishings stores,1992,1,1992-01,4087.0,True
442,Furniture and home furnishings stores,1992,2,1992-02,4177.0,True
442,Furniture and home furnishings stores,1992,3,1992-03,4172.0,True
442,Furniture and home furnishings stores,1992,4,1992-04,4182.0,True
442,Furniture and home furnishings stores,1992,5,1992-05,4159.0,True
442,Furniture and home furnishings stores,1992,6,1992-06,4239.0,True
442,Furniture and home furnishings stores,1992,7,1992-07,4195.0,True
442,Furniture and home furnishings stores,1992,8,1992-08,4202.0,True
442,Furniture and home furnishings stores,1992,9,1992-09,4182.0,True
442,Furniture and home furnishings stores,1992,10,1992-10,4130.0,True
442,Furniture and home furnishings stores,1992,11,1992-11,4193.0,True
442,Furniture and home furnishings stores,1992,12,1992-12,4260.0,True
442,Furniture and home furnishings stores,1993,1,1993-01,4468.0,True
442,Furniture and home furnishings stores,1993,2,1993-02,4339.0,True
442,Furniture and home furnishings stores,1993,3,1993-03,4304.0,True
442,Furniture and home furnishings stores,1993,4,1993-04,4392.0,True
442,Furniture and home furnishings stores,1993,5,1993-05,4473.0,True
442,Furniture and home furnishings stores,1993,6,1993-06,4446.0,True
442,Furniture and home furnishings stores,1993,7,1993-07,4473.0,True
442,Furniture and home furnishings stores,1993,8,1993-08,4480.0,True
442,Furniture and home furnishings stores,1993,9,1993-09,4468.0,True
442,Furniture and home furnishings stores,1993,10,1993-10,4499.0,True
442,Furniture and home furnishings stores,1993,11,1993-11,4528.0,True
442,Furniture and home furnishings stores,1993,12,1993-12,4523.0,True
442,Furniture and home furnishings stores,1994,1,1994-01,4420.0,True
442,Furniture and home furnishings stores,1994,2,1994-02,4608.0,True
442,Furniture and home furnishings stores,1994,3,1994-03,4734.0,True
442,Furniture and home furnishings stores,1994,4,1994-04,4747.0,True
442,Furniture and home furnishings stores,1994,5,1994-05,4804.0,True
442,Furniture and home furnishings stores,1994,6,1994-06,4832.0,True
442,Furniture and home furnishings stores,1994,7,1994-07,4877.0,True
442,Furniture and home furnishings stores,1994,8,1994-08,4992.0,True
442,Furniture and home furnishings stores,1994,9,1994-09,5002.0,True
442,Furniture and home furnishings stores,1994,10,1994-10,5082.0,True
442,Furniture and home furnishings stores,1994,11,1994-11,5020.0,True
442,Furniture and home furnishings stores,1994,12,1994-12,5076.0,True
442,Furniture and home furnishings stores,1995,1,1995-01,5103.0,True
442,Furniture and home furnishings stores,1995,2,1995-02,4919.0,True
442,Furniture and home furnishings stores,1995,3,1995-03,4957.0,True
442,Furniture and home furnishings stores,1995,4,1995-04,5015.0,True
442,Furniture and home furnishings stores,1995,5,1995-05,5057.0,True
442,Furniture and home furnishings stores,1995,6,1995-06,5053.0,True
442,Furniture and home furnishings stores,1995,7,1995-07,5157.0,True
442,Furniture and home furnishings stores,1995,8,1995-08,5134.0,True
442,Furniture and home furnishings stores,1995,9,1995-09,5249.0,True
442,Furniture and home furnishings stores,1995,10,1995-10,5269.0,True
442,Furniture and home furnishings stores,1995,11,1995-11,5319.0,True
442,Furniture and home furnishings stores,1995,12,1995-12,5276.0,True
442,Furniture and home furnishings stores,1996,1,1996-01,5143.0,True
442,Furniture and home furnishings stores,1996,2,1996-02,5176.0,True
442,Furniture and home furnishings stores,1996,3,1996-03,5393.0,True
442,Furniture and home furnishings stores,1996,4,1996-04,5427.0,True
442,Furniture and home furnishings stores,1996,5,1996-05,5402.0,True
442,Furniture and home furnishings stores,1996,6,1996-06,5497.0,True
442,Furniture and home furnishings stores,1996,7,1996-07,5521.0,True
442,Furniture and home furnishings stores,1996,8,1996-08,5469.0,True
442,Furniture and home furnishings stores,1996,9,1996-09,5576.0,True
442,Furniture and home furnishings stores,1996,10,1996-10,5591.0,True
442,Furniture and home furnishings stores,1996,11,1996-11,5584.0,True
442,Furniture and home furnishings stores,1996,12,1996-12,5575.0,True
442,Furniture and home furnishings stores,1997,1,1997-01,5639.0,True
442,Furniture and home furnishings stores,1997,2,1997-02,5669.0,True
442,Furniture and home furnishings stores,1997,3,1997-03,5725.0,True
442,Furniture and home furnishings stores,1997,4,1997-04,5788.0,True
442,Furniture and home furnishings stores,1997,5,1997-05,5813.0,True
442,Furniture and home furnishings stores,1997,6,1997-06,5841.0,True
442,Furniture and home furnishings stores,1997,7,1997-07,5850.0,True
442,Furniture and home furnishings stores,1997,8,1997-08,5958.0,True
442,Furniture and home furnishings stores,1997,9,1997-09,5975.0,True
442,Furniture and home furnishings stores,1997,10,1997-10,5960.0,True
442,Furniture and home furnishings stores,1997,11,1997-11,6069.0,True
442,Furniture and home furnishings stores,1997,12,1997-12,6115.0,True
442,Furniture and home furnishings stores,1998,1,1998-01,6184.0,True
442,Furniture and home furnishings stores,1998,2,1998-02,6142.0,True
442,Furniture and home furnishings stores,1998,3,1998-03,6149.0,True
442,Furniture and home furnishings stores,1998,4,1998-04,6165.0,True
442,Furniture and home furnishings stores,1998,5,1998-05,6157.0,True
442,Furniture and home furnishings stores,1998,6,1998-06,6227.0,True
442,Furniture and home furnishings stores,1998,7,1998-07,6246.0,True
442,Furniture and home furnishings stores,1998,8,1998-08,6239.0,True
442,Furniture and home furnishings stores,1998,9,1998-09,6222.0,True
442,Furniture and home furnishings stores,1998,10,1998-10,6310.0,True
442,Furniture and home furnishings stores,1998,11,1998-11,6452.0,True
442,Furniture and home furnishings stores,1998,12,1998-12,6504.0,True
442,Furniture and home furnishings stores,1999,1,1999-01,6434.0,True
442,Furniture and home furnishings stores,1999,2,1999-02,6565.0,True
442,Furniture and home furnishings stores,1999,3,1999-03,6633.0,True
442,Furniture and home furnishings stores,1999,4,1999-04,6585.0,True
442,Furniture and home furnishings stores,1999,5,1999-05,6687.0,True
442,Furniture and home furnishings stores,1999,6,1999-06,6778.0,True
442,Furniture and home furnishings stores,1999,7,1999-07,6750.0,True
442,Furniture and home furnishings stores,1999,8,1999-08,6947.0,True
442,Furniture and home furnishings stores,1999,9,1999-09,7065.0,True
442,Furniture and home furnishings stores,1999,10,1999-10,7132.0,True
442,Furniture and home furnishings stores,1999,11,1999-11,7074.0,True
442,Furniture and home furnishings stores,1999,12,1999-12,7079.0,True
442,Furniture and home furnishings stores,2000,1,2000-01,7292.0,True
442,Furniture and home furnishings stores,2000,2,2000-02,7341.0,True
442,Furniture and home furnishings stores,2000,3,2000-03,7376.0,True
442,Furniture and home furnishings stores,2000,4,2000-04,7523.0,True
442,Furniture and home furnishings stores,2000,5,2000-05,7469.0,True
442,Furniture and home furnishings stores,2000,6,2000-06,7368.0,True
442,Furniture and home furnishings stores,2000,7,2000-07,7544.0,True
442,Furniture and home furnishings stores,2000,8,2000-08,7470.0,True
442,Furniture and home furnishings stores,2000,9,2000-09,7464.0,True
442,Furniture and home furnishings stores,2000,10,2000-10,7552.0,True
442,Furniture and home furnishings stores,2000,11,2000-11,7353.0,True
442,Furniture and home furnishings stores,2000,12,2000-12,7015.0,True
442,Furniture and home furnishings stores,2001,1,2001-01,7578.0,True
442,Furniture and home furnishings stores,2001,2,2001-02,7396.0,True
442,Furniture and home furnishings stores,2001,3,2001-03,7335.0,True
442,Furniture and home furnishings stores,2001,4,2001-04,7348.0,True
442,Furniture and home furnishings stores,2001,5,2001-05,7344.0,True
442,Furniture and home furnishings stores,2001,6,2001-06,7402.0,True
442,Furniture and home furnishings stores,2001,7,2001-07,7476.0,True
442,Furniture and home furnishings stores,2001,8,2001-08,7409.0,True
442,Furniture and home furnishings stores,2001,9,2001-09,7213.0,True
442,Furniture and home furnishings stores,2001,10,2001-10,7362.0,True
442,Furniture and home furnishings stores,2001,11,2001-11,7469.0,True
442,Furniture and home furnishings stores,2001,12,2001-12,7700.0,True
442,Furniture and home furnishings stores,2002,1,2002-01,7644.0,True
442,Furniture and home furnishings stores,2002,2,2002-02,7709.0,True
442,Furniture and home furnishings stores,2002,3,2002-03,7713.0,True
442,Furniture and home furnishings stores,2002,4,2002-04,7665.0,True
442,Furniture and home furnishings stores,2002,5,2002-05,7716.0,True
442,Furniture and home furnishings stores,2002,6,2002-06,7605.0,True
442,Furniture and home furnishings stores,2002,7,2002-07,7523.0,True
442,Furniture and home furnishings stores,2002,8,2002-08,7609.0,True
442,Furniture and home furnishings stores,2002,9,2002-09,7596.0,True
442,Furniture and home furnishings stores,2002,10,2002-10,7584.0,True
442,Furniture and home furnishings stores,2002,11,2002-11,7738.0,True
442,Furniture and home furnishings stores,2002,12,2002-12,7737.0,True
442,Furniture and home furnishings stores,2003,1,2003-01,7600.0,True
442,Furniture and home furnishings stores,2003,2,2003-02,7288.0,True
442,Furniture and home furnishings stores,2003,3,2003-03,7629.0,True
442,Furniture and home furnishings stores,2003,4,2003-04,7664.0,True
442,Furniture and home furnishings stores,2003,5,2003-05,7820.0,True
442,Furniture and home furnishings stores,2003,6,2003-06,7848.0,True
442,Furniture and home furnishings stores,2003,7,2003-07,7862.0,True
442,Furniture and home furnishings stores,2003,8,2003-08,7921.0,True
442,Furniture and home furnishings stores,2003,9,2003-09,7969.0,True
442,Furniture and home furnishings stores,2003,10,2003-10,8015.0,True
442,Furniture and home furnishings stores,2003,11,2003-11,8120.0,True
442,Furniture and home furnishings stores,2003,12,2003-12,8100.0,True
442,Furniture and home furnishings stores,2004,1,2004-01,8075.0,True
442,Furniture and home furnishings stores,2004,2,2004-02,8132.0,True
442,Furniture and home furnishings stores,2004,3,2004-03,8342.0,True
442,Furniture and home furnishings stores,2004,4,2004-04,8269.0,True
442,Furniture and home furnishings stores,2004,5,2004-05,8155.0,True
442,Furniture and home furnishings stores,2004,6,2004-06,8342.0,True
442,Furniture and home furnishings stores,2004,7,2004-07,8615.0,True
442,Furniture and home furnishings stores,2004,8,2004-08,8445.0,True
442,Furniture and home furnishings stores,2004,9,2004-09,8345.0,True
442,Furniture and home furnishings stores,2004,10,2004-10,8582.0,True
442,Furniture and home furnishings stores,2004,11,2004-11,8495.0,True
442,Furniture and home furnishings stores,2004,12,2004-12,8659.0,True
442,Furniture and home furnishings stores,2005,1,2005-01,8599.0,True
442,Furniture and home furnishings stores,2005,2,2005-02,8673.0,True
442,Furniture and home furnishings stores,2005,3,2005-03,8610.0,True
442,Furniture and home furnishings stores,2005,4,2005-04,8759.0,True
442,Furniture and home furnishings stores,2005,5,2005-05,8702.0,True
442,Furniture and home furnishings stores,2005,6,2005-06,8847.0,True
442,Furniture and home furnishings stores,2005,7,2005-07,8851.0,True
442,Furniture and home furnishings stores,2005,8,2005-08,8939.0,True
442,Furniture and home furnishings stores,2005,9,2005-09,9001.0,True
442,Furniture and home furnishings stores,2005,10,2005-10,9060.0,True
442,Furniture and home furnishings stores,2005,11,2005-11,9084.0,True
442,Furniture and home furnishings stores,2005,12,2005-12,9038.0,True
442,Furniture and home furnishings stores,2006,1,2006-01,9323.0,True
442,Furniture and home furnishings stores,2006,2,2006-02,9205.0,True
442,Furniture and home furnishings stores,2006,3,2006-03,9196.0,True
442,Furniture and home furnishings stores,2006,4,2006-04,9171.0,True
442,Furniture and home furnishings stores,2006,5,2006-05,9108.0,True
442,Furniture and home furnishings stores,2006,6,2006-06,9268.0,True
442,Furniture and home furnishings stores,2006,7,2006-07,9193.0,True
442,Furniture and home furnishings stores,2006,8,2006-08,9198.0,True
442,Furniture and home furnishings stores,2006,9,2006-09,9306.0,True
442,Furniture and home furnishings stores,2006,10,2006-10,9154.0,True
442,Furniture and home furnishings stores,2006,11,2006-11,9079.0,True
442,Furniture and home furnishings stores,2006,12,2006-12,9114.0,True
442,Furniture and home furnishings stores,2007,1,2007-01,9355.0,True
442,Furniture and home furnishings stores,2007,2,2007-02,9154.0,True
442,Furniture and home furnishings stores,2007,3,2007-03,9183.0,True
442,Furniture and home furnishings stores,2007,4,2007-04,9171.0,True
442,Furniture and home furnishings stores,2007,5,2007-05,9103.0,True
442,Furniture and home furnishings stores,2007,6,2007-06,9031.0,True
442,Furniture and home furnishings stores,2007,7,2007-07,9079.0,True
442,Furniture and home furnishings stores,2007,8,2007-08,9049.0,True
442,Furniture and home furnishings stores,2007,9,2007-09,8883.0,True
442,Furniture and home furnishings stores,2007,10,2007-10,8883.0,True
442,Furniture and home furnishings stores,2007,11,2007-11,8846.0,True
442,Furniture and home furnishings stores,2007,12,2007-12,8734.0,True
442,Furniture and home furnishings stores,2008,1,2008-01,8629.0,True
442,Furniture and home furnishings stores,2008,2,2008-02,8373.0,True
442,Furniture and home furnishings stores,2008,3,2008-03,8393.0,True
442,Furniture and home furnishings stores,2008,4,2008-04,8385.0,True
442,Furniture and home furnishings stores,2008,5,2008-05,8373.0,True
442,Furniture and home furnishings stores,2008,6,2008-06,8242.0,True
442,Furniture and home furnishings stores,2008,7,2008-07,8163.0,True
442,Furniture and home furnishings stores,2008,8,2008-08,7944.0,True
442,Furniture and home furnishings stores,2008,9,2008-09,7512.0,True
442,Furniture and home furnishings stores,2008,10,2008-10,7536.0,True
442,Furniture and home furnishings stores,2008,11,2008-11,7438.0,True
442,Furniture and home furnishings stores,2008,12,2008-12,7252.0,True
442,Furniture and home furnishings stores,2009,1,2009-01,7163.0,True
442,Furniture and home furnishings stores,2009,2,2009-02,7097.0,True
442,Furniture and home furnishings stores,2009,3,2009-03,6850.0,True
442,Furniture and home furnishings stores,2009,4,2009-04,6866.0,True
442,Furniture and home furnishings stores,2009,5,2009-05,6894.0,True
442,Furniture and home furnishings stores,2009,6,2009-06,6887.0,True
442,Furniture and home furnishings stores,2009,7,2009-07,6841.0,True
442,Furniture and home furnishings stores,2009,8,2009-08,6771.0,True
442,Furniture and home furnishings stores,2009,9,2009-09,6778.0,True
442,Furniture and home furnishings stores,2009,10,2009-10,6717.0,True
442,Furniture and home furnishings stores,2009,11,2009-11,6775.0,True
442,Furniture and home furnishings stores,2009,12,2009-12,6825.0,True
442,Furniture and home furnishings stores,2010,1,2010-01,6813.0,True
442,Furniture and home furnishings stores,2010,2,2010-02,6929.0,True
442,Furniture and home furnishings stores,2010,3,2010-03,7020.0,True
442,Furniture and home furnishings stores,2010,4,2010-04,6930.0,True
442,Furniture and home furnishings stores,2010,5,2010-05,6905.0,True
442,Furniture and home furnishings stores,2010,6,2010-06,6875.0,True
442,Furniture and home furnishings stores,2010,7,2010-07,6898.0,True
442,Furniture and home furnishings stores,2010,8,2010-08,6923.0,True
442,Furniture and home furnishings stores,2010,9,2010-09,6898.0,True
442,Furniture and home furnishings stores,2010,10,2010-10,6846.0,True
442,Furniture and home furnishings stores,2010,11,2010-11,6900.0,True
442,Furniture and home furnishings stores,2010,12,2010-12,6863.0,True
442,Furniture and home furnishings stores,2011,1,2011-01,6785.0,True
442,Furniture and home furnishings stores,2011,2,2011-02,6950.0,True
442,Furniture and home furnishings stores,2011,3,2011-03,7204.0,True
442,Furniture and home furnishings stores,2011,4,2011-04,7125.0,True
442,Furniture and home furnishings stores,2011,5,2011-05,7041.0,True
442,Furniture and home furnishings stores,2011,6,2011-06,7022.0,True
442,Furniture and home furnishings stores,2011,7,2011-07,7071.0,True
442,Furniture and home furnishings stores,2011,8,2011-08,7121.0,True
442,Furniture and home furnishings stores,2011,9,2011-09,7185.0,True
442,Furniture and home furnishings stores,2011,10,2011-10,7090.0,True
442,Furniture and home furnishings stores,2011,11,2011-11,7190.0,True
442,Furniture and home furnishings stores,2011,12,2011-12,7323.0,True
442,Furniture and home furnishings stores,2012,1,2012-01,7427.0,True
442,Furniture and home furnishings stores,2012,2,2012-02,7413.0,True
442,Furniture and home furnishings stores,2012,3,2012-03,7383.0,True
442,Furniture and home furnishings stores,2012,4,2012-04,7291.0,True
442,Furniture and home furnishings stores,2012,5,2012-05,7438.0,True
442,Furniture and home furnishings stores,2012,6,2012-06,7351.0,True
442,Furniture and home furnishings stores,2012,7,2012-07,7438.0,True
442,Furniture and home furnishings stores,2012,8,2012-08,7389.0,True
442,Furniture and home furnishings stores,2012,9,2012-09,7409.0,True
442,Furniture and home furnishings stores,2012,10,2012-10,7208.0,True
442,Furniture and home furnishings stores,2012,11,2012-11,7441.0,True
442,Furniture and home furnishings stores,2012,12,2012-12,7741.0,True
442,Furniture and home furnishings stores,2013,1,2013-01,7719.0,True
442,Furniture and home furnishings stores,2013,2,2013-02,7663.0,True
442,Furniture and home furnishings stores,2013,3,2013-03,7680.0,True
442,Furniture and home furnishings stores,2013,4,2013-04,7635.0,True
442,Furniture and home furnishings stores,2013,5,2013-05,7567.0,True
442,Furniture and home furnishings stores,2013,6,2013-06,7779.0,True
442,Furniture and home furnishings stores,2013,7,2013-07,7758.0,True
442,Furniture and home furnishings stores,2013,8,2013-08,7823.0,True
442,Furniture and home furnishings stores,2013,9,2013-09,7867.0,True
442,Furniture and home furnishings stores,2013,10,2013-10,7977.0,True
442,Furniture and home furnishings stores,2013,11,2013-11,8048.0,True
442,Furniture and home furnishings stores,2013,12,2013-12,7756.0,True
442,Furniture and home furnishings stores,2014,1,2014-01,7620.0,True
442,Furniture and home furnishings stores,2014,2,2014-02,7906.0,True
442,Furniture and home furnishings stores,2014,3,2014-03,8030.0,True
442,Furniture and home furnishings stores,2014,4,2014-04,8160.0,True
442,Furniture and home furnishings stores,2014,5,2014-05,8138.0,True
442,Furniture and home furnishings stores,2014,6,2014-06,8148.0,True
442,Furniture and home furnishings stores,2014,7,2014-07,8171.0,True
442,Furniture and home furnishings stores,2014,8,2014-08,8309.0,True
442,Furniture and home furnishings stores,2014,9,2014-09,8243.0,True
442,Furniture and home furnishings stores,2014,10,2014-10,8276.0,True
442,Furniture and home furnishings stores,2014,11,2014-11,8388.0,True
442,Furniture and home furnishings stores,2014,12,2014-12,8512.0,True
442,Furniture and home furnishings stores,2015,1,2015-01,8485.0,True
442,Furniture and home furnishings stores,2015,2,2015-02,8304.0,True
442,Furniture and home furnishings stores,2015,3,2015-03,8546.0,True
442,Furniture and home furnishings stores,2015,4,2015-04,8661.0,True
442,Furniture and home furnishings stores,2015,5,2015-05,8856.0,True
442,Furniture and home furnishings stores,2015,6,2015-06,8688.0,True
442,Furniture and home furnishings stores,2015,7,2015-07,8853.0,True
442,Furniture and home furnishings stores,2015,8,2015-08,8861.0,True
442,Furniture and home furnishings stores,2015,9,2015-09,8868.0,True
442,Furniture and home furnishings stores,2015,10,2015-10,8963.0,True
442,Furniture and home furnishings stores,2015,11,2015-11,8950.0,True
442,Furniture and home furnishings stores,2015,12,2015-12,9161.0,True
442,Furniture and home furnishings stores,2016,1,2016-01,9039.0,True
442,Furniture and home furnishings stores,2016,2,2016-02,9066.0,True
442,Furniture and home furnishings stores,2016,3,2016-03,9026.0,True
442,Furniture and home furnishings stores,2016,4,2016-04,9014.0,True
442,Furniture and home furnishings stores,2016,5,2016-05,9061.0,True
442,Furniture and home furnishings stores,2016,6,2016-06,9213.0,True
442,Furniture and home furnishings stores,2016,7,2016-07,9151.0,True
442,Furniture and home furnishings stores,2016,8,2016-08,9120.0,True
442,Furniture and home furnishings stores,2016,9,2016-09,9340.0,True
442,Furniture and home furnishings stores,2016,10,2016-10,9171.0,True
442,Furniture and home furnishings stores,2016,11,2016-11,9161.0,True
442,Furniture and home furnishings stores,2016,12,2016-12,9138.0,True
442,Furniture and home furnishings stores,2017,1,2017-01,9291.0,True
442,Furniture and home furnishings stores,2017,2,2017-02,9287.0,True
442,Furniture and home furnishings stores,2017,3,2017-03,9352.0,True
442,Furniture and home furnishings stores,2017,4,2017-04,9204.0,True
442,Furniture and home furnishings stores,2017,5,2017-05,9285.0,True
442,Furniture and home furnishings stores,2017,6,2017-06,9373.0,True
442,Furniture and home furnishings stores,2017,7,2017-07,9316.0,True
442,Furniture and home furnishings stores,2017,8,2017-08,9390.0,True
442,Furniture and home furnishings stores,2017,9,2017-09,9346.0,True
442,Furniture and home furnishings stores,2017,10,2017-10,9609.0,True
442,Furniture and home furnishings stores,2017,11,2017-11,9711.0,True
442,Furniture and home furnishings stores,2017,12,2017-12,9834.0,True
442,Furniture and home furnishings stores,2018,1,2018-01,9633.0,True
442,Furniture and home furnishings stores,2018,2,2018-02,9657.0,True
442,Furniture and home furnishings stores,2018,3,2018-03,9673.0,True
442,Furniture and home furnishings stores,2018,4,2018-04,9799.0,True
442,Furniture and home furnishings stores,2018,5,2018-05,9718.0,True
442,Furniture and home furnishings stores,2018,6,2018-06,9760.0,True
442,Furniture and home furnishings stores,2018,7,2018-07,9811.0,True
442,Furniture and home furnishings stores,2018,8,2018-08,9676.0,True
442,Furniture and home furnishings stores,2018,9,2018-09,9676.0,True
442,Furniture and home furnishings stores,2018,10,2018-10,9707.0,True
442,Furniture and home furnishings stores,2018,11,2018-11,9727.0,True
442,Furniture and home furnishings stores,2018,12,2018-12,9839.0,True
442,Furniture and home furnishings stores,2019,1,2019-01,9580.0,True
442,Furniture and home furnishings stores,2019,2,2019-02,9595.0,True
442,Furniture and home furnishings stores,2019,3,2019-03,9708.0,True
442,Furniture and home furnishings stores,2019,4,2019-04,9765.0,True
442,Furniture and home furnishings stores,2019,5,2019-05,9839.0,True
442,Furniture and home furnishings stores,2019,6,2019-06,9891.0,True
442,Furniture and home furnishings stores,2019,7,2019-07,9917.0,True
442,Furniture and home furnishings stores,2019,8,2019-08,9897.0,True
442,Furniture and home furnishings stores,2019,9,2019-09,10045.0,True
442,Furniture and home furnishings stores,2019,10,2019-10,9918.0,True
442,Furniture and home furnishings stores,2019,11,2019-11,9981.0,True
442,Furniture and home furnishings stores,2019,12,2019-12,9978.0,True
442,Furniture and home furnishings stores,2020,1,2020-01,10193.0,True
442,Furniture and home furnishings stores,2020,2,2020-02,10025.0,True
442,Furniture and home furnishings stores,2020,3,2020-03,7819.0,True
442,Furniture and home furnishings stores,2020,4,2020-04,3885.0,True
442,Furniture and home furnishings stores,2020,5,2020-05,7023.0,True
442,Furniture and home furnishings stores,2020,6,2020-06,9717.0,True
442,Furniture and home furnishings stores,2020,7,2020-07,10012.0,True
442,Furniture and home furnishings stores,2020,8,2020-08,10493.0,True
442,Furniture and home furnishings stores,2020,9,2020-09,10576.0,True
442,Furniture and home furnishings stores,2020,10,2020-10,10457.0,True
442,Furniture and home furnishings stores,2020,11,2020-11,10188.0,True
442,Furniture and home furnishings stores,2020,12,2020-12,10373.0,True
442,Furniture and home furnishings stores,2021,1,2021-01,11555.0,True
442,Furniture and home furnishings stores,2021,2,2021-02,10900.0,True
442,Furniture and home furnishings stores,2021,3,2021-03,11734.0,True
442,Furniture and home furnishings stores,2021,4,2021-04,11779.0,True
442,Furniture and home furnishings stores,2021,5,2021-05,11580.0,True
442,Furniture and home furnishings stores,2021,6,2021-06,11488.0,True
442,Furniture and home furnishings stores,2021,7,2021-07,11510.0,True
442,Furniture and home furnishings stores,2021,8,2021-08,11464.0,True
442,Furniture and home furnishings stores,2021,9,2021-09,11501.0,True
442,Furniture and home furnishings stores,2021,10,2021-10,11763.0,True
442,Furniture and home furnishings stores,2021,11,2021-11,11607.0,True
442,Furniture and home furnishings stores,2021,12,2021-12,11167.0,True
442,Furniture and home furnishings stores,2022,1,2022-01,11538.0,True
442,Furniture and home furnishings stores,2022,2,2022-02,11645.0,True
442,Furniture and home furnishings stores,2022,3,2022-03,11888.0,True
442,Furniture and home furnishings stores,2022,4,2022-04,12199.0,True
442,Furniture and home furnishings stores,2022,5,2022-05,11953.0,True
442,Furniture and home furnishings stores,2022,6,2022-06,11772.0,True
442,Furniture and home furnishings stores,2022,7,2022-07,11631.0,True
442,Furniture and home furnishings stores,2022,8,2022-08,11776.0,True
442,Furniture and home furnishings stores,2022,9,2022-09,11665.0,True
442,Furniture and home furnishings stores,2022,10,2022-10,11961.0,True
442,Furniture and home furnishings stores,2022,11,2022-11,11473.0,True
442,Furniture and home furnishings stores,2022,12,2022-12,11115.0,True
442,Furniture and home furnishings stores,2023,1,2023-01,12652.0,True
442,Furniture and home furnishings stores,2023,2,2023-02,11864.0,True
442,Furniture and home furnishings stores,2023,3,2023-03,11588.0,True
442,Furniture and home furnishings stores,2023,4,2023-04,11416.0,True
442,Furniture and home furnishings stores,2023,5,2023-05,11293.0,True
442,Furniture and home furnishings stores,2023,6,2023-06,11361.0,True
442,Furniture and home furnishings stores,2023,7,2023-07,11194.0,True
442,Furniture and home furnishings stores,2023,8,2023-08,11178.0,True
442,Furniture and home furnishings stores,2023,9,2023-09,10971.0,True
442,Furniture and home furnishings stores,2023,10,2023-10,10881.0,True
442,Furniture and home furnishings stores,2023,11,2023-11,11052.0,True
442,Furniture and home furnishings stores,2023,12,2023-12,10659.0,True
442,Furniture and home furnishings stores,2024,1,2024-01,10864.0,True
442,Furniture and home furnishings stores,2024,2,2024-02,10787.0,True
442,Furniture and home furnishings stores,2024,3,2024-03,10610.0,True
442,Furniture and home furnishings stores,2024,4,2024-04,10743.0,True
442,Furniture and home furnishings stores,2024,5,2024-05,10860.0,True
442,Furniture and home furnishings stores,2024,6,2024-06,10993.0,True
442,Furniture and home furnishings stores,2024,7,2024-07,11079.0,True
442,Furniture and home furnishings stores,2024,8,2024-08,11144.0,True
442,Furniture and home furnishings stores,2024,9,2024-09,11356.0,True
442,Furniture and home furnishings stores,2024,10,2024-10,11194.0,True
442,Furniture and home furnishings stores,2024,11,2024-11,11347.0,True
442,Furniture and home furnishings stores,2024,12,2024-12,11873.0,True
442,Furniture and home furnishings stores,2025,1,2025-01,11457.0,True
442,Furniture and home furnishings stores,2025,2,2025-02,11566.0,True
442,Furniture and home furnishings stores,2025,3,2025-03,11412.0,True
442,Furniture and home furnishings stores,2025,4,2025-04,11518.0,True
442,Furniture and home furnishings stores,2025,5,2025-05,11335.0,True
442,Furniture and home furnishings stores,2025,6,2025-06,11336.0,True
442,Furniture and home furnishings stores,2025,7,2025-07,11486.0,True
442,Furniture and home furnishings stores,2025,8,2025-08,11291.0,True
442,Furniture and home furnishings stores,2025,9,2025-09,11020.0,True
442,Furniture and home furnishings stores,2025,10,2025-10,11174.0,True
442,Furniture and home furnishings stores,2025,11,2025-11,11163.0,True
442,Furniture and home furnishings stores,2025,12,2025-12,10953.0,True
442,Furniture and home furnishings stores,2026,1,2026-01,11070.0,True
442,Furniture and home furnishings stores,2026,2,2026-02,11023.0,True
442,Furniture and home furnishings stores,2026,3,2026-03,11283.0,True
442,Furniture and home furnishings stores,2026,4,2026-04,11152.0,True
442,Furniture and home furnishings stores,2026,5,2026-05,11327.0,True
442,Furniture and home furnishings stores,2026,6,2026-06,11315.0,True
"442,443","Furniture, home furn, electronics and appliance stores",1992,1,1992-01,7259.0,False
"442,443","Furniture, home furn, electronics and appliance stores",1992,2,1992-02,7155.0,False
"442,443","Furniture, home furn, electronics and appliance stores",1992,3,1992-03,7551.0,False
"442,443","Furniture, home furn, electronics and appliance stores",1992,4,1992-04,7375.0,False
"442,443","Furniture, home furn, electronics and appliance stores",1992,5,1992-05,7539.0,False
"442,443","Furniture, home furn, electronics and appliance stores",1992,6,1992-06,7800.0,False
"442,443","Furniture, home furn, electronics and appliance stores",1992,7,1992-07,7990.0,False
"442,443","Furniture, home furn, electronics and appliance stores",1992,8,1992-08,7928.0,False
"442,443","Furniture, home furn, electronics and appliance stores",1992,9,1992-09,7821.0,False
"442,443","Furniture, home furn, electronics and appliance stores",1992,10,1992-10,8190.0,False
"442,443","Furniture, home furn, electronics and appliance stores",1992,11,1992-11,8797.0,False
"442,443","Furniture, home furn, electronics and appliance stores",1992,12,1992-12,12060.0,False
"442,443","Furniture, home furn, electronics and appliance stores",1993,1,1993-01,7970.0,False
"442,443","Furniture, home furn, electronics and appliance stores",1993,2,1993-02,7414.0,False
"442,443","Furniture, home furn, electronics and appliance stores",1993,3,1993-03,8265.0,False
"442,443","Furniture, home furn, electronics and appliance stores",1993,4,1993-04,8050.0,False
"442,443","Furniture, home furn, electronics and appliance stores",1993,5,1993-05,8245.0,False
"442,443","Furniture, home furn, electronics and appliance stores",1993,6,1993-06,8563.0,False
"442,443","Furniture, home furn, electronics and appliance stores",1993,7,1993-07,8725.0,False
"442,443","Furniture, home furn, electronics and appliance stores",1993,8,1993-08,8780.0,False
"442,443","Furniture, home furn, electronics and appliance stores",1993,9,1993-09,8700.0,False
"442,443","Furniture, home furn, electronics and appliance stores",1993,10,1993-10,8893.0,False
"442,443","Furniture, home furn, electronics and appliance stores",1993,11,1993-11,9979.0,False
"442,443","Furniture, home furn, electronics and appliance stores",1993,12,1993-12,13316.0,False
"442,443","Furniture, home furn, electronics and appliance stores",1994,1,1994-01,8283.0,False
"442,443","Furniture, home furn, electronics and appliance stores",1994,2,1994-02,8150.0,False
"442,443","Furniture, home furn, electronics and appliance stores",1994,3,1994-03,9329.0,False
"442,443","Furniture, home furn, electronics and appliance stores",1994,4,1994-04,8912.0,False
"442,443","Furniture, home furn, electronics and appliance stores",1994,5,1994-05,9196.0,False
"442,443","Furniture, home furn, electronics and appliance stores",1994,6,1994-06,9607.0,False
"442,443","Furniture, home furn, electronics and appliance stores",1994,7,1994-07,9609.0,False
"442,443","Furniture, home furn, electronics and appliance stores",1994,8,1994-08,10205.0,False
"442,443","Furniture, home furn, electronics and appliance stores",1994,9,1994-09,10017.0,False
"442,443","Furniture, home furn, electronics and appliance stores",1994,10,1994-10,10318.0,False
"442,443","Furniture, home furn, electronics and appliance stores",1994,11,1994-11,11641.0,False
"442,443","Furniture, home furn, electronics and appliance stores",1994,12,1994-12,15741.0,False
"442,443","Furniture, home furn, electronics and appliance stores",1995,1,1995-01,9849.0,False
"442,443","Furniture, home furn, electronics and appliance stores",1995,2,1995-02,9166.0,False
"442,443","Furniture, home furn, electronics and appliance stores",1995,3,1995-03,10345.0,False
"442,443","Furniture, home furn, electronics and appliance stores",1995,4,1995-04,9541.0,False
"442,443","Furniture, home furn, electronics and appliance stores",1995,5,1995-05,10298.0,False
"442,443","Furniture, home furn, electronics and appliance stores",1995,6,1995-06,10527.0,False
"442,443","Furniture, home furn, electronics and appliance stores",1995,7,1995-07,10379.0,False
"442,443","Furniture, home furn, electronics and appliance stores",1995,8,1995-08,11152.0,False
"442,443","Furniture, home furn, electronics and appliance stores",1995,9,1995-09,10857.0,False
"442,443","Furniture, home furn, electronics and appliance stores",1995,10,1995-10,11037.0,False
"442,443","Furniture, home furn, electronics and appliance stores",1995,11,1995-11,12603.0,False
"442,443","Furniture, home furn, electronics and appliance stores",1995,12,1995-12,16378.0,False
"442,443","Furniture, home furn, electronics and appliance stores",1996,1,1996-01,10351.0,False
"442,443","Furniture, home furn, electronics and appliance stores",1996,2,1996-02,10181.0,False
"442,443","Furniture, home furn, electronics and appliance stores",1996,3,1996-03,11127.0,False
"442,443","Furniture, home furn, electronics and appliance stores",1996,4,1996-04,10605.0,False
"442,443","Furniture, home furn, electronics and appliance stores",1996,5,1996-05,11176.0,False
"442,443","Furniture, home furn, electronics and appliance stores",1996,6,1996-06,11040.0,False
"442,443","Furniture, home furn, electronics and appliance stores",1996,7,1996-07,11220.0,False
"442,443","Furniture, home furn, electronics and appliance stores",1996,8,1996-08,11792.0,False
"442,443","Furniture, home furn, electronics and appliance stores",1996,9,1996-09,11198.0,False
"442,443","Furniture, home furn, electronics and appliance stores",1996,10,1996-10,11688.0,False
"442,443","Furniture, home furn, electronics and appliance stores",1996,11,1996-11,12979.0,False
"442,443","Furniture, home furn, electronics and appliance stores",1996,12,1996-12,16509.0,False
"442,443","Furniture, home furn, electronics and appliance stores",1997,1,1997-01,10823.0,False
"442,443","Furniture, home furn, electronics and appliance stores",1997,2,1997-02,10389.0,False
"442,443","Furniture, home furn, electronics and appliance stores",1997,3,1997-03,11402.0,False
"442,443","Furniture, home furn, electronics and appliance stores",1997,4,1997-04,11041.0,False
"442,443","Furniture, home furn, electronics and appliance stores",1997,5,1997-05,11579.0,False
"442,443","Furniture, home furn, electronics and appliance stores",1997,6,1997-06,11451.0,False
"442,443","Furniture, home furn, electronics and appliance stores",1997,7,1997-07,11899.0,False
"442,443","Furniture, home furn, electronics and appliance stores",1997,8,1997-08,12343.0,False
"442,443","Furniture, home furn, electronics and appliance stores",1997,9,1997-09,11873.0,False
"442,443","Furniture, home furn, electronics and appliance stores",1997,10,1997-10,12202.0,False
"442,443","Furniture, home furn, electronics and appliance stores",1997,11,1997-11,13498.0,False
"442,443","Furniture, home furn, electronics and appliance stores",1997,12,1997-12,17890.0,False
"442,443","Furniture, home furn, electronics and appliance stores",1998,1,1998-01,11979.0,False
"442,443","Furniture, home furn, electronics and appliance stores",1998,2,1998-02,11286.0,False
"442,443","Furniture, home furn, electronics and appliance stores",1998,3,1998-03,12245.0,False
"442,443","Furniture, home furn, electronics and appliance stores",1998,4,1998-04,11664.0,False
"442,443","Furniture, home furn, electronics and appliance stores",1998,5,1998-05,12104.0,False
"442,443","Furniture, home furn, electronics and appliance stores",1998,6,1998-06,12442.0,False
"442,443","Furniture, home furn, electronics and appliance stores",1998,7,1998-07,12771.0,False
"442,443","Furniture, home furn, electronics and appliance stores",1998,8,1998-08,13077.0,False
"442,443","Furniture, home furn, electronics and appliance stores",1998,9,1998-09,12456.0,False
"442,443","Furniture, home furn, electronics and appliance stores",1998,10,1998-10,12813.0,False
"442,443","Furniture, home furn, electronics and appliance stores",1998,11,1998-11,14241.0,False
"442,443","Furniture, home furn, electronics and appliance stores",1998,12,1998-12,18894.0,False
"442,443","Furniture, home furn, electronics and appliance stores",1999,1,1999-01,12249.0,False
"442,443","Furniture, home furn, electronics and appliance stores",1999,2,1999-02,11956.0,False
"442,443","Furniture, home furn, electronics and appliance stores",1999,3,1999-03,13273.0,False
"442,443","Furniture, home furn, electronics and appliance stores",1999,4,1999-04,12458.0,False
"442,443","Furniture, home furn, electronics and appliance stores",1999,5,1999-05,12926.0,False
"442,443","Furniture, home furn, electronics and appliance stores",1999,6,1999-06,13317.0,False
"442,443","Furniture, home furn, electronics and appliance stores",1999,7,1999-07,13668.0,False
"442,443","Furniture, home furn, electronics and appliance stores",1999,8,1999-08,14026.0,False
"442,443","Furniture, home furn, electronics and appliance stores",1999,9,1999-09,13665.0,False
"442,443","Furniture, home furn, electronics and appliance stores",1999,10,1999-10,13770.0,False
"442,443","Furniture, home furn, electronics and appliance stores",1999,11,1999-11,15501.0,False
"442,443","Furniture, home furn, electronics and appliance stores",1999,12,1999-12,20648.0,False
"442,443","Furniture, home furn, electronics and appliance stores",2000,1,2000-01,13520.0,False
"442,443","Furniture, home furn, electronics and appliance stores",2000,2,2000-02,13801.0,False
"442,443","Furniture, home furn, electronics and appliance stores",2000,3,2000-03,14651.0,False
"442,443","Furniture, home furn, electronics and appliance stores",2000,4,2000-04,13522.0,False
"442,443","Furniture, home furn, electronics and appliance stores",2000,5,2000-05,14273.0,False
"442,443","Furniture, home furn, electronics and appliance stores",2000,6,2000-06,14101.0,False
"442,443","Furniture, home furn, electronics and appliance stores",2000,7,2000-07,14083.0,False
"442,443","Furniture, home furn, electronics and appliance stores",2000,8,2000-08,15011.0,False
"442,443","Furniture, home furn, electronics and appliance stores",2000,9,2000-09,14211.0,False
"442,443","Furniture, home furn, electronics and appliance stores",2000,10,2000-10,14092.0,False
"442,443","Furniture, home furn, electronics and appliance stores",2000,11,2000-11,15968.0,False
"442,443","Furniture, home furn, electronics and appliance stores",2000,12,2000-12,20168.0,False
"442,443","Furniture, home furn, electronics and appliance stores",2001,1,2001-01,13748.0,False
"442,443","Furniture, home furn, electronics and appliance stores",2001,2,2001-02,13067.0,False
"442,443","Furniture, home furn, electronics and appliance stores",2001,3,2001-03,14218.0,False
"442,443","Furniture, home furn, electronics and appliance stores",2001,4,2001-04,12768.0,False
"442,443","Furniture, home furn, electronics and appliance stores",2001,5,2001-05,13758.0,False
"442,443","Furniture, home furn, electronics and appliance stores",2001,6,2001-06,13941.0,False
"442,443","Furniture, home furn, electronics and appliance stores",2001,7,2001-07,13886.0,False
"442,443","Furniture, home furn, electronics and appliance stores",2001,8,2001-08,14894.0,False
"442,443","Furniture, home furn, electronics and appliance stores",2001,9,2001-09,13235.0,False
"442,443","Furniture, home furn, electronics and appliance stores",2001,10,2001-10,13964.0,False
"442,443","Furniture, home furn, electronics and appliance stores",2001,11,2001-11,16549.0,False
"442,443","Furniture, home furn, electronics and appliance stores",2001,12,2001-12,21775.0,False
"442,443","Furniture, home furn, electronics and appliance stores",2002,1,2002-01,14005.0,False
"442,443","Furniture, home furn, electronics and appliance stores",2002,2,2002-02,13591.0,False
"442,443","Furniture, home furn, electronics and appliance stores",2002,3,2002-03,14680.0,False
"442,443","Furniture, home furn, electronics and appliance stores",2002,4,2002-04,13570.0,False
"442,443","Furniture, home furn, electronics and appliance stores",2002,5,2002-05,14702.0,False
"442,443","Furniture, home furn, electronics and appliance stores",2002,6,2002-06,14259.0,False
"442,443","Furniture, home furn, electronics and appliance stores",2002,7,2002-07,14387.0,False
"442,443","Furniture, home furn, electronics and appliance stores",2002,8,2002-08,15383.0,False
"442,443","Furniture, home furn, electronics and appliance stores",2002,9,2002-09,13899.0,False
"442,443","Furniture, home furn, electronics and appliance stores",2002,10,2002-10,14460.0,False
"442,443","Furniture, home furn, electronics and appliance stores",2002,11,2002-11,16769.0,False
"442,443","Furniture, home furn, electronics and appliance stores",2002,12,2002-12,21565.0,False
"442,443","Furniture, home furn, electronics and appliance stores",2003,1,2003-01,13875.0,False
"442,443","Furniture, home furn, electronics and appliance stores",2003,2,2003-02,12949.0,False
"442,443","Furniture, home furn, electronics and appliance stores",2003,3,2003-03,14165.0,False
"442,443","Furniture, home furn, electronics and appliance stores",2003,4,2003-04,13395.0,False
"442,443","Furniture, home furn, electronics and appliance stores",2003,5,2003-05,14672.0,False
"442,443","Furniture, home furn, electronics and appliance stores",2003,6,2003-06,14470.0,False
"442,443","Furniture, home furn, electronics and appliance stores",2003,7,2003-07,14926.0,False
"442,443","Furniture, home furn, electronics and appliance stores",2003,8,2003-08,15845.0,False
"442,443","Furniture, home furn, electronics and appliance stores",2003,9,2003-09,14863.0,False
"442,443","Furniture, home furn, electronics and appliance stores",2003,10,2003-10,15350.0,False
"442,443","Furniture, home furn, electronics and appliance stores",2003,11,2003-11,17411.0,False
"442,443","Furniture, home furn, electronics and appliance stores",2003,12,2003-12,23133.0,False
"442,443","Furniture, home furn, electronics and appliance stores",2004,1,2004-01,14921.0,False
"442,443","Furniture, home furn, electronics and appliance stores",2004,2,2004-02,14674.0,False
"442,443","Furniture, home furn, electronics and appliance stores",2004,3,2004-03,15784.0,False
"442,443","Furniture, home furn, electronics and appliance stores",2004,4,2004-04,14699.0,False
"442,443","Furniture, home furn, electronics and appliance stores",2004,5,2004-05,15238.0,False
"442,443","Furniture, home furn, electronics and appliance stores",2004,6,2004-06,15823.0,False
"442,443","Furniture, home furn, electronics and appliance stores",2004,7,2004-07,16340.0,False
"442,443","Furniture, home furn, electronics and appliance stores",2004,8,2004-08,16706.0,False
"442,443","Furniture, home furn, electronics and appliance stores",2004,9,2004-09,15799.0,False
"442,443","Furniture, home furn, electronics and appliance stores",2004,10,2004-10,16058.0,False
"442,443","Furniture, home furn, electronics and appliance stores",2004,11,2004-11,18606.0,False
"442,443","Furniture, home furn, electronics and appliance stores",2004,12,2004-12,24490.0,False
"442,443","Furniture, home furn, electronics and appliance stores",2005,1,2005-01,15527.0,False
"442,443","Furniture, home furn, electronics and appliance stores",2005,2,2005-02,15525.0,False
"442,443","Furniture, home furn, electronics and appliance stores",2005,3,2005-03,16717.0,False
"442,443","Furniture, home furn, electronics and appliance stores",2005,4,2005-04,15633.0,False
"442,443","Furniture, home furn, electronics and appliance stores",2005,5,2005-05,16225.0,False
"442,443","Furniture, home furn, electronics and appliance stores",2005,6,2005-06,16795.0,False
"442,443","Furniture, home furn, electronics and appliance stores",2005,7,2005-07,16784.0,False
"442,443","Furniture, home furn, electronics and appliance stores",2005,8,2005-08,17987.0,False
"442,443","Furniture, home furn, electronics and appliance stores",2005,9,2005-09,17046.0,False
"442,443","Furniture, home furn, electronics and appliance stores",2005,10,2005-10,16945.0,False
"442,443","Furniture, home furn, electronics and appliance stores",2005,11,2005-11,19811.0,False
"442,443","Furniture, home furn, electronics and appliance stores",2005,12,2005-12,25580.0,False
"442,443","Furniture, home furn, electronics and appliance stores",2006,1,2006-01,17023.0,False
"442,443","Furniture, home furn, electronics and appliance stores",2006,2,2006-02,16359.0,False
"442,443","Furniture, home furn, electronics and appliance stores",2006,3,2006-03,17721.0,False
"442,443","Furniture, home furn, electronics and appliance stores",2006,4,2006-04,16012.0,False
"442,443","Furniture, home furn, electronics and appliance stores",2006,5,2006-05,17222.0,False
"442,443","Furniture, home furn, electronics and appliance stores",2006,6,2006-06,17587.0,False
"442,443","Furniture, home furn, electronics and appliance stores",2006,7,2006-07,17334.0,False
"442,443","Furniture, home furn, electronics and appliance stores",2006,8,2006-08,18604.0,False
"442,443","Furniture, home furn, electronics and appliance stores",2006,9,2006-09,17515.0,False
"442,443","Furniture, home furn, electronics and appliance stores",2006,10,2006-10,16881.0,False
"442,443","Furniture, home furn, electronics and appliance stores",2006,11,2006-11,20122.0,False
"442,443","Furniture, home furn, electronics and appliance stores",2006,12,2006-12,26025.0,False
"442,443","Furniture, home furn, electronics and appliance stores",2007,1,2007-01,17157.0,False
"442,443","Furniture, home furn, electronics and appliance stores",2007,2,2007-02,16376.0,False
"442,443","Furniture, home furn, electronics and appliance stores",2007,3,2007-03,17560.0,False
"442,443","Furniture, home furn, electronics and appliance stores",2007,4,2007-04,15862.0,False
"442,443","Furniture, home furn, electronics and appliance stores",2007,5,2007-05,17267.0,False
"442,443","Furniture, home furn, electronics and appliance stores",2007,6,2007-06,17187.0,False
"442,443","Furniture, home furn, electronics and appliance stores",2007,7,2007-07,17250.0,False
"442,443","Furniture, home furn, electronics and appliance stores",2007,8,2007-08,18653.0,False
"442,443","Furniture, home furn, electronics and appliance stores",2007,9,2007-09,16778.0,False
"442,443","Furniture, home furn, electronics and appliance stores",2007,10,2007-10,17014.0,False
"442,443","Furniture, home furn, electronics and appliance stores",2007,11,2007-11,20495.0,False
"442,443","Furniture, home furn, electronics and appliance stores",2007,12,2007-12,25105.0,False
"442,443","Furniture, home furn, electronics and appliance stores",2008,1,2008-01,16479.0,False
"442,443","Furniture, home furn, electronics and appliance stores",2008,2,2008-02,16455.0,False
"442,443","Furniture, home furn, electronics and appliance stores",2008,3,2008-03,16551.0,False
"442,443","Furniture, home furn, electronics and appliance stores",2008,4,2008-04,15646.0,False
"442,443","Furniture, home furn, electronics and appliance stores",2008,5,2008-05,17075.0,False
"442,443","Furniture, home furn, electronics and appliance stores",2008,6,2008-06,16401.0,False
"442,443","Furniture, home furn, electronics and appliance stores",2008,7,2008-07,16936.0,False
"442,443","Furniture, home furn, electronics and appliance stores",2008,8,2008-08,17113.0,False
"442,443","Furniture, home furn, electronics and appliance stores",2008,9,2008-09,15393.0,False
"442,443","Furniture, home furn, electronics and appliance stores",2008,10,2008-10,15170.0,False
"442,443","Furniture, home furn, electronics and appliance stores",2008,11,2008-11,17687.0,False
"442,443","Furniture, home furn, electronics and appliance stores",2008,12,2008-12,21874.0,False
"442,443","Furniture, home furn, electronics and appliance stores",2009,1,2009-01,14882.0,False
"442,443","Furniture, home furn, electronics and appliance stores",2009,2,2009-02,14416.0,False
"442,443","Furniture, home furn, electronics and appliance stores",2009,3,2009-03,14184.0,False
"442,443","Furniture, home furn, electronics and appliance stores",2009,4,2009-04,13231.0,False
"442,443","Furniture, home furn, electronics and appliance stores",2009,5,2009-05,13970.0,False
"442,443","Furniture, home furn, electronics and appliance stores",2009,6,2009-06,14164.0,False
"442,443","Furniture, home furn, electronics and appliance stores",2009,7,2009-07,14395.0,False
"442,443","Furniture, home furn, electronics and appliance stores",2009,8,2009-08,14650.0,False
"442,443","Furniture, home furn, electronics and appliance stores",2009,9,2009-09,13886.0,False
"442,443","Furniture, home furn, electronics and appliance stores",2009,10,2009-10,13598.0,False
"442,443","Furniture, home furn, electronics and appliance stores",2009,11,2009-11,16437.0,False
"442,443","Furniture, home furn, electronics and appliance stores",2009,12,2009-12,20784.0,False
"442,443","Furniture, home furn, electronics and appliance stores",2010,1,2010-01,13660.0,False
"442,443","Furniture, home furn, electronics and appliance stores",2010,2,2010-02,14014.0,False
"442,443","Furniture, home furn, electronics and appliance stores",2010,3,2010-03,14708.0,False
"442,443","Furniture, home furn, electronics and appliance stores",2010,4,2010-04,13576.0,False
"442,443","Furniture, home furn, electronics and appliance stores",2010,5,2010-05,14223.0,False
"442,443","Furniture, home furn, electronics and appliance stores",2010,6,2010-06,14544.0,False
"442,443","Furniture, home furn, electronics and appliance stores",2010,7,2010-07,14864.0,False
"442,443","Furniture, home furn, electronics and appliance stores",2010,8,2010-08,15129.0,False
"442,443","Furniture, home furn, electronics and appliance stores",2010,9,2010-09,14427.0,False
"442,443","Furniture, home furn, electronics and appliance stores",2010,10,2010-10,13802.0,False
"442,443","Furniture, home furn, electronics and appliance stores",2010,11,2010-11,16747.0,False
"442,443","Furniture, home furn, electronics and appliance stores",2010,12,2010-12,21062.0,False
"442,443","Furniture, home furn, electronics and appliance stores",2011,1,2011-01,13532.0,False
"442,443","Furniture, home furn, electronics and appliance stores",2011,2,2011-02,13969.0,False
"442,443","Furniture, home furn, electronics and appliance stores",2011,3,2011-03,15377.0,False
"442,443","Furniture, home furn, electronics and appliance stores",2011,4,2011-04,13915.0,False
"442,443","Furniture, home furn, electronics and appliance stores",2011,5,2011-05,14381.0,False
"442,443","Furniture, home furn, electronics and appliance stores",2011,6,2011-06,14581.0,False
"442,443","Furniture, home furn, electronics and appliance stores",2011,7,2011-07,14947.0,False
"442,443","Furniture, home furn, electronics and appliance stores",2011,8,2011-08,15795.0,False
"442,443","Furniture, home furn, electronics and appliance stores",2011,9,2011-09,14890.0,False
"442,443","Furniture, home furn, electronics and appliance stores",2011,10,2011-10,14551.0,False
"442,443","Furniture, home furn, electronics and appliance stores",2011,11,2011-11,17761.0,False
"442,443","Furniture, home furn, electronics and appliance stores",2011,12,2011-12,21824.0,False
"442,443","Furniture, home furn, electronics and appliance stores",2012,1,2012-01,14413.0,False
"442,443","Furniture, home furn, electronics and appliance stores",2012,2,2012-02,15134.0,False
"442,443","Furniture, home furn, electronics and appliance stores",2012,3,2012-03,15976.0,False
"442,443","Furniture, home furn, electronics and appliance stores",2012,4,2012-04,13838.0,False
"442,443","Furniture, home furn, electronics and appliance stores",2012,5,2012-05,15333.0,False
"442,443","Furniture, home furn, electronics and appliance stores",2012,6,2012-06,15093.0,False
"442,443","Furniture, home furn, electronics and appliance stores",2012,7,2012-07,15436.0,False
"442,443","Furniture, home furn, electronics and appliance stores",2012,8,2012-08,16213.0,False
"442,443","Furniture, home furn, electronics and appliance stores",2012,9,2012-09,14967.0,False
"442,443","Furniture, home furn, electronics and appliance stores",2012,10,2012-10,14620.0,False
"442,443","Furniture, home furn, electronics and appliance stores",2012,11,2012-11,18303.0,False
"442,443","Furniture, home furn, electronics and appliance stores",2012,12,2012-12,22329.0,False
"442,443","Furniture, home furn, electronics and appliance stores",2013,1,2013-01,15175.0,False
"442,443","Furniture, home furn, electronics and appliance stores",2013,2,2013-02,15072.0,False
"442,443","Furniture, home furn, electronics and appliance stores",2013,3,2013-03,15874.0,False
"442,443","Furniture, home furn, electronics and appliance stores",2013,4,2013-04,14410.0,False
"442,443","Furniture, home furn, electronics and appliance stores",2013,5,2013-05,15450.0,False
"442,443","Furniture, home furn, electronics and appliance stores",2013,6,2013-06,15160.0,False
"442,443","Furniture, home furn, electronics and appliance stores",2013,7,2013-07,15768.0,False
"442,443","Furniture, home furn, electronics and appliance stores",2013,8,2013-08,16582.0,False
"442,443","Furniture, home furn, electronics and appliance stores",2013,9,2013-09,15441.0,False
"442,443","Furniture, home furn, electronics and appliance stores",2013,10,2013-10,15827.0,False
"442,443","Furniture, home furn, electronics and appliance stores",2013,11,2013-11,18888.0,False
"442,443","Furniture, home furn, electronics and appliance stores",2013,12,2013-12,21850.0,False
"442,443","Furniture, home furn, electronics and appliance stores",2014,1,2014-01,14847.0,False
"442,443","Furniture, home furn, electronics and appliance stores",2014,2,2014-02,14857.0,False
"442,443","Furniture, home furn, electronics and appliance stores",2014,3,2014-03,16023.0,False
"442,443","Furniture, home furn, electronics and appliance stores",2014,4,2014-04,14762.0,False
"442,443","Furniture, home furn, electronics and appliance stores",2014,5,2014-05,15810.0,False
"442,443","Furniture, home furn, electronics and appliance stores",2014,6,2014-06,15238.0,False
"442,443","Furniture, home furn, electronics and appliance stores",2014,7,2014-07,16039.0,False
"442,443","Furniture, home furn, electronics and appliance stores",2014,8,2014-08,16656.0,False
"442,443","Furniture, home furn, electronics and appliance stores",2014,9,2014-09,16302.0,False
"442,443","Furniture, home furn, electronics and appliance stores",2014,10,2014-10,16252.0,False
"442,443","Furniture, home furn, electronics and appliance stores",2014,11,2014-11,19334.0,False
"442,443","Furniture, home furn, electronics and appliance stores",2014,12,2014-12,23377.0,False
"442,443","Furniture, home furn, electronics and appliance stores",2015,1,2015-01,15716.0,False
"442,443","Furniture, home furn, electronics and appliance stores",2015,2,2015-02,15004.0,False
"442,443","Furniture, home furn, electronics and appliance stores",2015,3,2015-03,16260.0,False
"442,443","Furniture, home furn, electronics and appliance stores",2015,4,2015-04,15154.0,False
"442,443","Furniture, home furn, electronics and appliance stores",2015,5,2015-05,16296.0,False
"442,443","Furniture, home furn, electronics and appliance stores",2015,6,2015-06,16285.0,False
"442,443","Furniture, home furn, electronics and appliance stores",2015,7,2015-07,16774.0,False
"442,443","Furniture, home furn, electronics and appliance stores",2015,8,2015-08,17001.0,False
"442,443","Furniture, home furn, electronics and appliance stores",2015,9,2015-09,16745.0,False
"442,443","Furniture, home furn, electronics and appliance stores",2015,10,2015-10,16707.0,False
"442,443","Furniture, home furn, electronics and appliance stores",2015,11,2015-11,19185.0,False
"442,443","Furniture, home furn, electronics and appliance stores",2015,12,2015-12,23013.0,False
"442,443","Furniture, home furn, electronics and appliance stores",2016,1,2016-01,15267.0,False
"442,443","Furniture, home furn, electronics and appliance stores",2016,2,2016-02,15691.0,False
"442,443","Furniture, home furn, electronics and appliance stores",2016,3,2016-03,16651.0,False
"442,443","Furniture, home furn, electronics and appliance stores",2016,4,2016-04,15175.0,False
"442,443","Furniture, home furn, electronics and appliance stores",2016,5,2016-05,16039.0,False
"442,443","Furniture, home furn, electronics and appliance stores",2016,6,2016-06,16313.0,False
"442,443","Furniture, home furn, electronics and appliance stores",2016,7,2016-07,16418.0,False
"442,443","Furniture, home furn, electronics and appliance stores",2016,8,2016-08,17243.0,False
"442,443","Furniture, home furn, electronics and appliance stores",2016,9,2016-09,16769.0,False
"442,443","Furniture, home furn, electronics and appliance stores",2016,10,2016-10,15933.0,False
"442,443","Furniture, home furn, electronics and appliance stores",2016,11,2016-11,18937.0,False
"442,443","Furniture, home furn, electronics and appliance stores",2016,12,2016-12,22026.0,False
"442,443","Furniture, home furn, electronics and appliance stores",2017,1,2017-01,15170.0,False
"442,443","Furniture, home furn, electronics and appliance stores",2017,2,2017-02,14827.0,False
"442,443","Furniture, home furn, electronics and appliance stores",2017,3,2017-03,16998.0,False
"442,443","Furniture, home furn, electronics and appliance stores",2017,4,2017-04,15123.0,False
"442,443","Furniture, home furn, electronics and appliance stores",2017,5,2017-05,16427.0,False
"442,443","Furniture, home furn, electronics and appliance stores",2017,6,2017-06,16445.0,False
"442,443","Furniture, home furn, electronics and appliance stores",2017,7,2017-07,16168.0,False
"442,443","Furniture, home furn, electronics and appliance stores",2017,8,2017-08,17177.0,False
"442,443","Furniture, home furn, electronics and appliance stores",2017,9,2017-09,16656.0,False
"442,443","Furniture, home furn, electronics and appliance stores",2017,10,2017-10,16497.0,False
"442,443","Furniture, home furn, electronics and appliance stores",2017,11,2017-11,20024.0,False
"442,443","Furniture, home furn, electronics and appliance stores",2017,12,2017-12,22416.0,False
"442,443","Furniture, home furn, electronics and appliance stores",2018,1,2018-01,15840.0,False
"442,443","Furniture, home furn, electronics and appliance stores",2018,2,2018-02,15356.0,False
"442,443","Furniture, home furn, electronics and appliance stores",2018,3,2018-03,17420.0,False
"442,443","Furniture, home furn, electronics and appliance stores",2018,4,2018-04,15866.0,False
"442,443","Furniture, home furn, electronics and appliance stores",2018,5,2018-05,17152.0,False
"442,443","Furniture, home furn, electronics and appliance stores",2018,6,2018-06,17066.0,False
"442,443","Furniture, home furn, electronics and appliance stores",2018,7,2018-07,16960.0,False
"442,443","Furniture, home furn, electronics and appliance stores",2018,8,2018-08,17906.0,False
"442,443","Furniture, home furn, electronics and appliance stores",2018,9,2018-09,16735.0,False
"442,443","Furniture, home furn, electronics and appliance stores",2018,10,2018-10,16977.0,False
"442,443","Furniture, home furn, electronics and appliance stores",2018,11,2018-11,20025.0,False
"442,443","Furniture, home furn, electronics and appliance stores",2018,12,2018-12,21804.0,False
"442,443","Furniture, home furn, electronics and appliance stores",2019,1,2019-01,15751.0,False
"442,443","Furniture, home furn, electronics and appliance stores",2019,2,2019-02,14981.0,False
"442,443","Furniture, home furn, electronics and appliance stores",2019,3,2019-03,16965.0,False
"442,443","Furniture, home furn, electronics and appliance stores",2019,4,2019-04,15828.0,False
"442,443","Furniture, home furn, electronics and appliance stores",2019,5,2019-05,17163.0,False
"442,443","Furniture, home furn, electronics and appliance stores",2019,6,2019-06,16489.0,False
"442,443","Furniture, home furn, electronics and appliance stores",2019,7,2019-07,17091.0,False
"442,443","Furniture, home furn, electronics and appliance stores",2019,8,2019-08,17835.0,False
"442,443","Furniture, home furn, electronics and appliance stores",2019,9,2019-09,16944.0,False
"442,443","Furniture, home furn, electronics and appliance stores",2019,10,2019-10,17012.0,False
"442,443","Furniture, home furn, electronics and appliance stores",2019,11,2019-11,19886.0,False
"442,443","Furniture, home furn, electronics and appliance stores",2019,12,2019-12,21605.0,False
"442,443","Furniture, home furn, electronics and appliance stores",2020,1,2020-01,16103.0,False
"442,443","Furniture, home furn, electronics and appliance stores",2020,2,2020-02,15665.0,False
"442,443","Furniture, home furn, electronics and appliance stores",2020,3,2020-03,13493.0,False
"442,443","Furniture, home furn, electronics and appliance stores",2020,4,2020-04,6675.0,False
"442,443","Furniture, home furn, electronics and appliance stores",2020,5,2020-05,10844.0,False
"442,443","Furniture, home furn, electronics and appliance stores",2020,6,2020-06,14968.0,False
"442,443","Furniture, home furn, electronics and appliance stores",2020,7,2020-07,16420.0,False
"442,443","Furniture, home furn, electronics and appliance stores",2020,8,2020-08,17216.0,False
"442,443","Furniture, home furn, electronics and appliance stores",2020,9,2020-09,16832.0,False
"442,443","Furniture, home furn, electronics and appliance stores",2020,10,2020-10,17192.0,False
"442,443","Furniture, home furn, electronics and appliance stores",2020,11,2020-11,18615.0,False
"442,443","Furniture, home furn, electronics and appliance stores",2020,12,2020-12,20548.0,False
"442,443","Furniture, home furn, electronics and appliance stores",2021,1,2021-01,16887.0,False
"442,443","Furniture, home furn, electronics and appliance stores",2021,2,2021-02,15666.0,False
"442,443","Furniture, home furn, electronics and appliance stores",2021,3,2021-03,19829.0,False
"442,443","Furniture, home furn, electronics and appliance stores",2021,4,2021-04,18777.0,False
"442,443","Furniture, home furn, electronics and appliance stores",2021,5,2021-05,18940.0,False
"442,443","Furniture, home furn, electronics and appliance stores",2021,6,2021-06,19099.0,False
"442,443","Furniture, home furn, electronics and appliance stores",2021,7,2021-07,19443.0,False
"442,443","Furniture, home furn, electronics and appliance stores",2021,8,2021-08,19448.0,False
"442,443","Furniture, home furn, electronics and appliance stores",2021,9,2021-09,19040.0,False
"442,443","Furniture, home furn, electronics and appliance stores",2021,10,2021-10,19448.0,False
"442,443","Furniture, home furn, electronics and appliance stores",2021,11,2021-11,21229.0,False
"442,443","Furniture, home furn, electronics and appliance stores",2021,12,2021-12,22608.0,False
"442,443","Furniture, home furn, electronics and appliance stores",2022,1,2022-01,16919.0,False
"442,443","Furniture, home furn, electronics and appliance stores",2022,2,2022-02,16978.0,False
"442,443","Furniture, home furn, electronics and appliance stores",2022,3,2022-03,20148.0,False
"442,443","Furniture, home furn, electronics and appliance stores",2022,4,2022-04,19327.0,False
"442,443","Furniture, home furn, electronics and appliance stores",2022,5,2022-05,19346.0,False
"442,443","Furniture, home furn, electronics and appliance stores",2022,6,2022-06,18925.0,False
"442,443","Furniture, home furn, electronics and appliance stores",2022,7,2022-07,18916.0,False
"442,443","Furniture, home furn, electronics and appliance stores",2022,8,2022-08,20019.0,False
"442,443","Furniture, home furn, electronics and appliance stores",2022,9,2022-09,19350.0,False
"442,443","Furniture, home furn, electronics and appliance stores",2022,10,2022-10,19012.0,False
"442,443","Furniture, home furn, electronics and appliance stores",2022,11,2022-11,20694.0,False
"442,443","Furniture, home furn, electronics and appliance stores",2022,12,2022-12,21921.0,False
"442,443","Furniture, home furn, electronics and appliance stores",2023,1,2023-01,18517.0,False
"442,443","Furniture, home furn, electronics and appliance stores",2023,2,2023-02,17410.0,False
"442,443","Furniture, home furn, electronics and appliance stores",2023,3,2023-03,19466.0,False
"442,443","Furniture, home furn, electronics and appliance stores",2023,4,2023-04,17437.0,False
"442,443","Furniture, home furn, electronics and appliance stores",2023,5,2023-05,18686.0,False
"442,443","Furniture, home furn, electronics and appliance stores",2023,6,2023-06,18560.0,False
"442,443","Furniture, home furn, electronics and appliance stores",2023,7,2023-07,18042.0,False
"442,443","Furniture, home furn, electronics and appliance stores",2023,8,2023-08,19267.0,False
"442,443","Furniture, home furn, electronics and appliance stores",2023,9,2023-09,18485.0,False
"442,443","Furniture, home furn, electronics and appliance stores",2023,10,2023-10,18008.0,False
"442,443","Furniture, home furn, electronics and appliance stores",2023,11,2023-11,20583.0,False
"442,443","Furniture, home furn, electronics and appliance stores",2023,12,2023-12,21316.0,False
"442,443","Furniture, home furn, electronics and appliance stores",2024,1,2024-01,17012.0,False
"442,443","Furniture, home furn, electronics and appliance stores",2024,2,2024-02,17272.0,False
"442,443","Furniture, home furn, electronics and appliance stores",2024,3,2024-03,17876.0,False
"442,443","Furniture, home furn, electronics and appliance stores",2024,4,2024-04,17235.0,False
"442,443","Furniture, home furn, electronics and appliance stores",2024,5,2024-05,18690.0,False
"442,443","Furniture, home furn, electronics and appliance stores",2024,6,2024-06,17744.0,False
"442,443","Furniture, home furn, electronics and appliance stores",2024,7,2024-07,18635.0,False
"442,443","Furniture, home furn, electronics and appliance stores",2024,8,2024-08,19191.0,False
"442,443","Furniture, home furn, electronics and appliance stores",2024,9,2024-09,17921.0,False
"442,443","Furniture, home furn, electronics and appliance stores",2024,10,2024-10,18418.0,False
"442,443","Furniture, home furn, electronics and appliance stores",2024,11,2024-11,21117.0,False
"442,443","Furniture, home furn, electronics and appliance stores",2024,12,2024-12,22785.0,False
"442,443","Furniture, home furn, electronics and appliance stores",2025,1,2025-01,17464.0,False
"442,443","Furniture, home furn, electronics and appliance stores",2025,2,2025-02,17074.0,False
"442,443","Furniture, home furn, electronics and appliance stores",2025,3,2025-03,18748.0,False
"442,443","Furniture, home furn, electronics and appliance stores",2025,4,2025-04,18039.0,False
"442,443","Furniture, home furn, electronics and appliance stores",2025,5,2025-05,19203.0,False
"442,443","Furniture, home furn, electronics and appliance stores",2025,6,2025-06,18200.0,False
"442,443","Furniture, home furn, electronics and appliance stores",2025,7,2025-07,19455.0,False
"442,443","Furniture, home furn, electronics and appliance stores",2025,8,2025-08,19211.0,False
"442,443","Furniture, home furn, electronics and appliance stores",2025,9,2025-09,18301.0,False
"442,443","Furniture, home furn, electronics and appliance stores",2025,10,2025-10,18723.0,False
"442,443","Furniture, home furn, electronics and appliance stores",2025,11,2025-11,20749.0,False
"442,443","Furniture, home furn, electronics and appliance stores",2025,12,2025-12,22453.0,False
"442,443","Furniture, home furn, electronics and appliance stores",2026,1,2026-01,17369.0,False
"442,443","Furniture, home furn, electronics and appliance stores",2026,2,2026-02,16951.0,False
"442,443","Furniture, home furn, electronics and appliance stores",2026,3,2026-03,19168.0,False
"442,443","Furniture, home furn, electronics and appliance stores",2026,4,2026-04,18269.0,False
"442,443","Furniture, home furn, electronics and appliance stores",2026,5,2026-05,19404.0,False
"442,443","Furniture, home furn, electronics and appliance stores",2026,6,2026-06,19039.0,False
"442,443","Furniture, home furn, electronics and appliance stores",1992,1,1992-01,7830.0,True
"442,443","Furniture, home furn, electronics and appliance stores",1992,2,1992-02,7959.0,True
"442,443","Furniture, home furn, electronics and appliance stores",1992,3,1992-03,7945.0,True
"442,443","Furniture, home furn, electronics and appliance stores",1992,4,1992-04,8017.0,True
"442,443","Furniture, home furn, electronics and appliance stores",1992,5,1992-05,8009.0,True
"442,443","Furniture, home furn, electronics and appliance stores",1992,6,1992-06,8082.0,True
"442,443","Furniture, home furn, electronics and appliance stores",1992,7,1992-07,8188.0,True
"442,443","Furniture, home furn, electronics and appliance stores",1992,8,1992-08,8124.0,True
"442,443","Furniture, home furn, electronics and appliance stores",1992,9,1992-09,8134.0,True
"442,443","Furniture, home furn, electronics and appliance stores",1992,10,1992-10,8161.0,True
"442,443","Furniture, home furn, electronics and appliance stores",1992,11,1992-11,8209.0,True
"442,443","Furniture, home furn, electronics and appliance stores",1992,12,1992-12,8372.0,True
"442,443","Furniture, home furn, electronics and appliance stores",1993,1,1993-01,8749.0,True
"442,443","Furniture, home furn, electronics and appliance stores",1993,2,1993-02,8547.0,True
"442,443","Furniture, home furn, electronics and appliance stores",1993,3,1993-03,8569.0,True
"442,443","Furniture, home furn, electronics and appliance stores",1993,4,1993-04,8714.0,True
"442,443","Furniture, home furn, electronics and appliance stores",1993,5,1993-05,8832.0,True
"442,443","Furniture, home furn, electronics and appliance stores",1993,6,1993-06,8887.0,True
"442,443","Furniture, home furn, electronics and appliance stores",1993,7,1993-07,8963.0,True
"442,443","Furniture, home furn, electronics and appliance stores",1993,8,1993-08,8968.0,True
"442,443","Furniture, home furn, electronics and appliance stores",1993,9,1993-09,9047.0,True
"442,443","Furniture, home furn, electronics and appliance stores",1993,10,1993-10,9045.0,True
"442,443","Furniture, home furn, electronics and appliance stores",1993,11,1993-11,9126.0,True
"442,443","Furniture, home furn, electronics and appliance stores",1993,12,1993-12,9161.0,True
"442,443","Furniture, home furn, electronics and appliance stores",1994,1,1994-01,9133.0,True
"442,443","Furniture, home furn, electronics and appliance stores",1994,2,1994-02,9411.0,True
"442,443","Furniture, home furn, electronics and appliance stores",1994,3,1994-03,9635.0,True
"442,443","Furniture, home furn, electronics and appliance stores",1994,4,1994-04,9723.0,True
"442,443","Furniture, home furn, electronics and appliance stores",1994,5,1994-05,9824.0,True
"442,443","Furniture, home furn, electronics and appliance stores",1994,6,1994-06,9979.0,True
"442,443","Furniture, home furn, electronics and appliance stores",1994,7,1994-07,10083.0,True
"442,443","Furniture, home furn, electronics and appliance stores",1994,8,1994-08,10262.0,True
"442,443","Furniture, home furn, electronics and appliance stores",1994,9,1994-09,10345.0,True
"442,443","Furniture, home furn, electronics and appliance stores",1994,10,1994-10,10587.0,True
"442,443","Furniture, home furn, electronics and appliance stores",1994,11,1994-11,10621.0,True
"442,443","Furniture, home furn, electronics and appliance stores",1994,12,1994-12,10773.0,True
"442,443","Furniture, home furn, electronics and appliance stores",1995,1,1995-01,10817.0,True
"442,443","Furniture, home furn, electronics and appliance stores",1995,2,1995-02,10599.0,True
"442,443","Furniture, home furn, electronics and appliance stores",1995,3,1995-03,10636.0,True
"442,443","Furniture, home furn, electronics and appliance stores",1995,4,1995-04,10679.0,True
"442,443","Furniture, home furn, electronics and appliance stores",1995,5,1995-05,10857.0,True
"442,443","Furniture, home furn, electronics and appliance stores",1995,6,1995-06,10879.0,True
"442,443","Furniture, home furn, electronics and appliance stores",1995,7,1995-07,10973.0,True
"442,443","Furniture, home furn, electronics and appliance stores",1995,8,1995-08,11138.0,True
"442,443","Furniture, home furn, electronics and appliance stores",1995,9,1995-09,11260.0,True
"442,443","Furniture, home furn, electronics and appliance stores",1995,10,1995-10,11332.0,True
"442,443","Furniture, home furn, electronics and appliance stores",1995,11,1995-11,11458.0,True
"442,443","Furniture, home furn, electronics and appliance stores",1995,12,1995-12,11435.0,True
"442,443","Furniture, home furn, electronics and appliance stores",1996,1,1996-01,11207.0,True
"442,443","Furniture, home furn, electronics and appliance stores",1996,2,1996-02,11291.0,True
"442,443","Furniture, home furn, electronics and appliance stores",1996,3,1996-03,11634.0,True
"442,443","Furniture, home furn, electronics and appliance stores",1996,4,1996-04,11667.0,True
"442,443","Furniture, home furn, electronics and appliance stores",1996,5,1996-05,11688.0,True
"442,443","Furniture, home furn, electronics and appliance stores",1996,6,1996-06,11724.0,True
"442,443","Furniture, home furn, electronics and appliance stores",1996,7,1996-07,11627.0,True
"442,443","Furniture, home furn, electronics and appliance stores",1996,8,1996-08,11650.0,True
"442,443","Furniture, home furn, electronics and appliance stores",1996,9,1996-09,11855.0,True
"442,443","Furniture, home furn, electronics and appliance stores",1996,10,1996-10,11848.0,True
"442,443","Furniture, home furn, electronics and appliance stores",1996,11,1996-11,11773.0,True
"442,443","Furniture, home furn, electronics and appliance stores",1996,12,1996-12,11709.0,True
"442,443","Furniture, home furn, electronics and appliance stores",1997,1,1997-01,11613.0,True
"442,443","Furniture, home furn, electronics and appliance stores",1997,2,1997-02,11895.0,True
"442,443","Furniture, home furn, electronics and appliance stores",1997,3,1997-03,11965.0,True
"442,443","Furniture, home furn, electronics and appliance stores",1997,4,1997-04,12136.0,True
"442,443","Furniture, home furn, electronics and appliance stores",1997,5,1997-05,12081.0,True
"442,443","Furniture, home furn, electronics and appliance stores",1997,6,1997-06,12146.0,True
"442,443","Furniture, home furn, electronics and appliance stores",1997,7,1997-07,12237.0,True
"442,443","Furniture, home furn, electronics and appliance stores",1997,8,1997-08,12365.0,True
"442,443","Furniture, home furn, electronics and appliance stores",1997,9,1997-09,12367.0,True
"442,443","Furniture, home furn, electronics and appliance stores",1997,10,1997-10,12392.0,True
"442,443","Furniture, home furn, electronics and appliance stores",1997,11,1997-11,12547.0,True
"442,443","Furniture, home furn, electronics and appliance stores",1997,12,1997-12,12624.0,True
"442,443","Furniture, home furn, electronics and appliance stores",1998,1,1998-01,12808.0,True
"442,443","Furniture, home furn, electronics and appliance stores",1998,2,1998-02,12803.0,True
"442,443","Furniture, home furn, electronics and appliance stores",1998,3,1998-03,12774.0,True
"442,443","Furniture, home furn, electronics and appliance stores",1998,4,1998-04,12816.0,True
"442,443","Furniture, home furn, electronics and appliance stores",1998,5,1998-05,12849.0,True
"442,443","Furniture, home furn, electronics and appliance stores",1998,6,1998-06,12979.0,True
"442,443","Furniture, home furn, electronics and appliance stores",1998,7,1998-07,13066.0,True
"442,443","Furniture, home furn, electronics and appliance stores",1998,8,1998-08,13167.0,True
"442,443","Furniture, home furn, electronics and appliance stores",1998,9,1998-09,13033.0,True
"442,443","Furniture, home furn, electronics and appliance stores",1998,10,1998-10,13112.0,True
"442,443","Furniture, home furn, electronics and appliance stores",1998,11,1998-11,13256.0,True
"442,443","Furniture, home furn, electronics and appliance stores",1998,12,1998-12,13313.0,True
"442,443","Furniture, home furn, electronics and appliance stores",1999,1,1999-01,13295.0,True
"442,443","Furniture, home furn, electronics and appliance stores",1999,2,1999-02,13441.0,True
"442,443","Furniture, home furn, electronics and appliance stores",1999,3,1999-03,13606.0,True
"442,443","Furniture, home furn, electronics and appliance stores",1999,4,1999-04,13611.0,True
"442,443","Furniture, home furn, electronics and appliance stores",1999,5,1999-05,13795.0,True
"442,443","Furniture, home furn, electronics and appliance stores",1999,6,1999-06,13910.0,True
"442,443","Furniture, home furn, electronics and appliance stores",1999,7,1999-07,14002.0,True
"442,443","Furniture, home furn, electronics and appliance stores",1999,8,1999-08,14086.0,True
"442,443","Furniture, home furn, electronics and appliance stores",1999,9,1999-09,14322.0,True
"442,443","Furniture, home furn, electronics and appliance stores",1999,10,1999-10,14427.0,True
"442,443","Furniture, home furn, electronics and appliance stores",1999,11,1999-11,14176.0,True
"442,443","Furniture, home furn, electronics and appliance stores",1999,12,1999-12,14426.0,True
"442,443","Furniture, home furn, electronics and appliance stores",2000,1,2000-01,14754.0,True
"442,443","Furniture, home furn, electronics and appliance stores",2000,2,2000-02,14847.0,True
"442,443","Furniture, home furn, electronics and appliance stores",2000,3,2000-03,14877.0,True
"442,443","Furniture, home furn, electronics and appliance stores",2000,4,2000-04,15235.0,True
"442,443","Furniture, home furn, electronics and appliance stores",2000,5,2000-05,14937.0,True
"442,443","Furniture, home furn, electronics and appliance stores",2000,6,2000-06,14602.0,True
"442,443","Furniture, home furn, electronics and appliance stores",2000,7,2000-07,14850.0,True
"442,443","Furniture, home furn, electronics and appliance stores",2000,8,2000-08,14808.0,True
"442,443","Furniture, home furn, electronics and appliance stores",2000,9,2000-09,14887.0,True
"442,443","Furniture, home furn, electronics and appliance stores",2000,10,2000-10,14863.0,True
"442,443","Furniture, home furn, electronics and appliance stores",2000,11,2000-11,14542.0,True
"442,443","Furniture, home furn, electronics and appliance stores",2000,12,2000-12,14228.0,True
"442,443","Furniture, home furn, electronics and appliance stores",2001,1,2001-01,14792.0,True
"442,443","Furniture, home furn, electronics and appliance stores",2001,2,2001-02,14576.0,True
"442,443","Furniture, home furn, electronics and appliance stores",2001,3,2001-03,14444.0,True
"442,443","Furniture, home furn, electronics and appliance stores",2001,4,2001-04,14424.0,True
"442,443","Furniture, home furn, electronics and appliance stores",2001,5,2001-05,14346.0,True
"442,443","Furniture, home furn, electronics and appliance stores",2001,6,2001-06,14492.0,True
"442,443","Furniture, home furn, electronics and appliance stores",2001,7,2001-07,14640.0,True
"442,443","Furniture, home furn, electronics and appliance stores",2001,8,2001-08,14596.0,True
"442,443","Furniture, home furn, electronics and appliance stores",2001,9,2001-09,14234.0,True
"442,443","Furniture, home furn, electronics and appliance stores",2001,10,2001-10,14545.0,True
"442,443","Furniture, home furn, electronics and appliance stores",2001,11,2001-11,14883.0,True
"442,443","Furniture, home furn, electronics and appliance stores",2001,12,2001-12,15372.0,True
"442,443","Furniture, home furn, electronics and appliance stores",2002,1,2002-01,15064.0,True
"442,443","Furniture, home furn, electronics and appliance stores",2002,2,2002-02,15193.0,True
"442,443","Furniture, home furn, electronics and appliance stores",2002,3,2002-03,15257.0,True
"442,443","Furniture, home furn, electronics and appliance stores",2002,4,2002-04,15145.0,True
"442,443","Furniture, home furn, electronics and appliance stores",2002,5,2002-05,15267.0,True
"442,443","Furniture, home furn, electronics and appliance stores",2002,6,2002-06,15152.0,True
"442,443","Furniture, home furn, electronics and appliance stores",2002,7,2002-07,14977.0,True
"442,443","Furniture, home furn, electronics and appliance stores",2002,8,2002-08,15033.0,True
"442,443","Furniture, home furn, electronics and appliance stores",2002,9,2002-09,14963.0,True
"442,443","Furniture, home furn, electronics and appliance stores",2002,10,2002-10,15016.0,True
"442,443","Furniture, home furn, electronics and appliance stores",2002,11,2002-11,15101.0,True
"442,443","Furniture, home furn, electronics and appliance stores",2002,12,2002-12,15158.0,True
"442,443","Furniture, home furn, electronics and appliance stores",2003,1,2003-01,14877.0,True
"442,443","Furniture, home furn, electronics and appliance stores",2003,2,2003-02,14492.0,True
"442,443","Furniture, home furn, electronics and appliance stores",2003,3,2003-03,14872.0,True
"442,443","Furniture, home furn, electronics and appliance stores",2003,4,2003-04,14984.0,True
"442,443","Furniture, home furn, electronics and appliance stores",2003,5,2003-05,15251.0,True
"442,443","Furniture, home furn, electronics and appliance stores",2003,6,2003-06,15355.0,True
"442,443","Furniture, home furn, electronics and appliance stores",2003,7,2003-07,15459.0,True
"442,443","Furniture, home furn, electronics and appliance stores",2003,8,2003-08,15732.0,True
"442,443","Furniture, home furn, electronics and appliance stores",2003,9,2003-09,15720.0,True
"442,443","Furniture, home furn, electronics and appliance stores",2003,10,2003-10,15858.0,True
"442,443","Furniture, home furn, electronics and appliance stores",2003,11,2003-11,16012.0,True
"442,443","Furniture, home furn, electronics and appliance stores",2003,12,2003-12,16044.0,True
"442,443","Furniture, home furn, electronics and appliance stores",2004,1,2004-01,15995.0,True
"442,443","Furniture, home furn, electronics and appliance stores",2004,2,2004-02,16064.0,True
"442,443","Furniture, home furn, electronics and appliance stores",2004,3,2004-03,16313.0,True
"442,443","Furniture, home furn, electronics and appliance stores",2004,4,2004-04,16313.0,True
"442,443","Furniture, home furn, electronics and appliance stores",2004,5,2004-05,16288.0,True
"442,443","Furniture, home furn, electronics and appliance stores",2004,6,2004-06,16512.0,True
"442,443","Furniture, home furn, electronics and appliance stores",2004,7,2004-07,16814.0,True
"442,443","Furniture, home furn, electronics and appliance stores",2004,8,2004-08,16643.0,True
"442,443","Furniture, home furn, electronics and appliance stores",2004,9,2004-09,16656.0,True
"442,443","Furniture, home furn, electronics and appliance stores",2004,10,2004-10,16901.0,True
"442,443","Furniture, home furn, electronics and appliance stores",2004,11,2004-11,16801.0,True
"442,443","Furniture, home furn, electronics and appliance stores",2004,12,2004-12,16986.0,True
"442,443","Furniture, home furn, electronics and appliance stores",2005,1,2005-01,17019.0,True
"442,443","Furniture, home furn, electronics and appliance stores",2005,2,2005-02,17279.0,True
"442,443","Furniture, home furn, electronics and appliance stores",2005,3,2005-03,17252.0,True
"442,443","Furniture, home furn, electronics and appliance stores",2005,4,2005-04,17414.0,True
"442,443","Furniture, home furn, electronics and appliance stores",2005,5,2005-05,17313.0,True
"442,443","Furniture, home furn, electronics and appliance stores",2005,6,2005-06,17536.0,True
"442,443","Furniture, home furn, electronics and appliance stores",2005,7,2005-07,17571.0,True
"442,443","Furniture, home furn, electronics and appliance stores",2005,8,2005-08,17654.0,True
"442,443","Furniture, home furn, electronics and appliance stores",2005,9,2005-09,17784.0,True
"442,443","Furniture, home furn, electronics and appliance stores",2005,10,2005-10,17983.0,True
"442,443","Furniture, home furn, electronics and appliance stores",2005,11,2005-11,17883.0,True
"442,443","Furniture, home furn, electronics and appliance stores",2005,12,2005-12,17816.0,True
"442,443","Furniture, home furn, electronics and appliance stores",2006,1,2006-01,18566.0,True
"442,443","Furniture, home furn, electronics and appliance stores",2006,2,2006-02,18158.0,True
"442,443","Furniture, home furn, electronics and appliance stores",2006,3,2006-03,18227.0,True
"442,443","Furniture, home furn, electronics and appliance stores",2006,4,2006-04,18211.0,True
"442,443","Furniture, home furn, electronics and appliance stores",2006,5,2006-05,18086.0,True
"442,443","Furniture, home furn, electronics and appliance stores",2006,6,2006-06,18235.0,True
"442,443","Furniture, home furn, electronics and appliance stores",2006,7,2006-07,18193.0,True
"442,443","Furniture, home furn, electronics and appliance stores",2006,8,2006-08,18188.0,True
"442,443","Furniture, home furn, electronics and appliance stores",2006,9,2006-09,18308.0,True
"442,443","Furniture, home furn, electronics and appliance stores",2006,10,2006-10,17973.0,True
"442,443","Furniture, home furn, electronics and appliance stores",2006,11,2006-11,18081.0,True
"442,443","Furniture, home furn, electronics and appliance stores",2006,12,2006-12,18466.0,True
"442,443","Furniture, home furn, electronics and appliance stores",2007,1,2007-01,18423.0,True
"442,443","Furniture, home furn, electronics and appliance stores",2007,2,2007-02,18136.0,True
"442,443","Furniture, home furn, electronics and appliance stores",2007,3,2007-03,18057.0,True
"442,443","Furniture, home furn, electronics and appliance stores",2007,4,2007-04,18036.0,True
"442,443","Furniture, home furn, electronics and appliance stores",2007,5,2007-05,18027.0,True
"442,443","Furniture, home furn, electronics and appliance stores",2007,6,2007-06,17907.0,True
"442,443","Furniture, home furn, electronics and appliance stores",2007,7,2007-07,18021.0,True
"442,443","Furniture, home furn, electronics and appliance stores",2007,8,2007-08,18156.0,True
"442,443","Furniture, home furn, electronics and appliance stores",2007,9,2007-09,17942.0,True
"442,443","Furniture, home furn, electronics and appliance stores",2007,10,2007-10,18017.0,True
"442,443","Furniture, home furn, electronics and appliance stores",2007,11,2007-11,18182.0,True
"442,443","Furniture, home furn, electronics and appliance stores",2007,12,2007-12,17974.0,True
"442,443","Furniture, home furn, electronics and appliance stores",2008,1,2008-01,17666.0,True
"442,443","Furniture, home furn, electronics and appliance stores",2008,2,2008-02,17411.0,True
"442,443","Furniture, home furn, electronics and appliance stores",2008,3,2008-03,17447.0,True
"442,443","Furniture, home furn, electronics and appliance stores",2008,4,2008-04,17533.0,True
"442,443","Furniture, home furn, electronics and appliance stores",2008,5,2008-05,17731.0,True
"442,443","Furniture, home furn, electronics and appliance stores",2008,6,2008-06,17428.0,True
"442,443","Furniture, home furn, electronics and appliance stores",2008,7,2008-07,17364.0,True
"442,443","Furniture, home furn, electronics and appliance stores",2008,8,2008-08,17009.0,True
"442,443","Furniture, home furn, electronics and appliance stores",2008,9,2008-09,16176.0,True
"442,443","Furniture, home furn, electronics and appliance stores",2008,10,2008-10,16099.0,True
"442,443","Furniture, home furn, electronics and appliance stores",2008,11,2008-11,16024.0,True
"442,443","Furniture, home furn, electronics and appliance stores",2008,12,2008-12,15463.0,True
"442,443","Furniture, home furn, electronics and appliance stores",2009,1,2009-01,15906.0,True
"442,443","Furniture, home furn, electronics and appliance stores",2009,2,2009-02,15821.0,True
"442,443","Furniture, home furn, electronics and appliance stores",2009,3,2009-03,14832.0,True
"442,443","Furniture, home furn, electronics and appliance stores",2009,4,2009-04,14795.0,True
"442,443","Furniture, home furn, electronics and appliance stores",2009,5,2009-05,14764.0,True
"442,443","Furniture, home furn, electronics and appliance stores",2009,6,2009-06,14787.0,True
"442,443","Furniture, home furn, electronics and appliance stores",2009,7,2009-07,14666.0,True
"442,443","Furniture, home furn, electronics and appliance stores",2009,8,2009-08,14656.0,True
"442,443","Furniture, home furn, electronics and appliance stores",2009,9,2009-09,14613.0,True
"442,443","Furniture, home furn, electronics and appliance stores",2009,10,2009-10,14471.0,True
"442,443","Furniture, home furn, electronics and appliance stores",2009,11,2009-11,14813.0,True
"442,443","Furniture, home furn, electronics and appliance stores",2009,12,2009-12,14772.0,True
"442,443","Furniture, home furn, electronics and appliance stores",2010,1,2010-01,14911.0,True
"442,443","Furniture, home furn, electronics and appliance stores",2010,2,2010-02,15294.0,True
"442,443","Furniture, home furn, electronics and appliance stores",2010,3,2010-03,15026.0,True
"442,443","Furniture, home furn, electronics and appliance stores",2010,4,2010-04,15070.0,True
"442,443","Furniture, home furn, electronics and appliance stores",2010,5,2010-05,15147.0,True
"442,443","Furniture, home furn, electronics and appliance stores",2010,6,2010-06,15234.0,True
"442,443","Furniture, home furn, electronics and appliance stores",2010,7,2010-07,15121.0,True
"442,443","Furniture, home furn, electronics and appliance stores",2010,8,2010-08,15125.0,True
"442,443","Furniture, home furn, electronics and appliance stores",2010,9,2010-09,15172.0,True
"442,443","Furniture, home furn, electronics and appliance stores",2010,10,2010-10,14947.0,True
"442,443","Furniture, home furn, electronics and appliance stores",2010,11,2010-11,14826.0,True
"442,443","Furniture, home furn, electronics and appliance stores",2010,12,2010-12,15003.0,True
"442,443","Furniture, home furn, electronics and appliance stores",2011,1,2011-01,14893.0,True
"442,443","Furniture, home furn, electronics and appliance stores",2011,2,2011-02,15176.0,True
"442,443","Furniture, home furn, electronics and appliance stores",2011,3,2011-03,15537.0,True
"442,443","Furniture, home furn, electronics and appliance stores",2011,4,2011-04,15509.0,True
"442,443","Furniture, home furn, electronics and appliance stores",2011,5,2011-05,15305.0,True
"442,443","Furniture, home furn, electronics and appliance stores",2011,6,2011-06,15320.0,True
"442,443","Furniture, home furn, electronics and appliance stores",2011,7,2011-07,15497.0,True
"442,443","Furniture, home furn, electronics and appliance stores",2011,8,2011-08,15599.0,True
"442,443","Furniture, home furn, electronics and appliance stores",2011,9,2011-09,15525.0,True
"442,443","Furniture, home furn, electronics and appliance stores",2011,10,2011-10,15754.0,True
"442,443","Furniture, home furn, electronics and appliance stores",2011,11,2011-11,15682.0,True
"442,443","Furniture, home furn, electronics and appliance stores",2011,12,2011-12,15664.0,True
"442,443","Furniture, home furn, electronics and appliance stores",2012,1,2012-01,15836.0,True
"442,443","Furniture, home furn, electronics and appliance stores",2012,2,2012-02,15858.0,True
"442,443","Furniture, home furn, electronics and appliance stores",2012,3,2012-03,15989.0,True
"442,443","Furniture, home furn, electronics and appliance stores",2012,4,2012-04,15773.0,True
"442,443","Furniture, home furn, electronics and appliance stores",2012,5,2012-05,16052.0,True
"442,443","Furniture, home furn, electronics and appliance stores",2012,6,2012-06,15893.0,True
"442,443","Furniture, home furn, electronics and appliance stores",2012,7,2012-07,16087.0,True
"442,443","Furniture, home furn, electronics and appliance stores",2012,8,2012-08,15924.0,True
"442,443","Furniture, home furn, electronics and appliance stores",2012,9,2012-09,15948.0,True
"442,443","Furniture, home furn, electronics and appliance stores",2012,10,2012-10,15421.0,True
"442,443","Furniture, home furn, electronics and appliance stores",2012,11,2012-11,15976.0,True
"442,443","Furniture, home furn, electronics and appliance stores",2012,12,2012-12,16433.0,True
"442,443","Furniture, home furn, electronics and appliance stores",2013,1,2013-01,16402.0,True
"442,443","Furniture, home furn, electronics and appliance stores",2013,2,2013-02,16410.0,True
"442,443","Furniture, home furn, electronics and appliance stores",2013,3,2013-03,16191.0,True
"442,443","Furniture, home furn, electronics and appliance stores",2013,4,2013-04,16171.0,True
"442,443","Furniture, home furn, electronics and appliance stores",2013,5,2013-05,16111.0,True
"442,443","Furniture, home furn, electronics and appliance stores",2013,6,2013-06,16336.0,True
"442,443","Furniture, home furn, electronics and appliance stores",2013,7,2013-07,16238.0,True
"442,443","Furniture, home furn, electronics and appliance stores",2013,8,2013-08,16298.0,True
"442,443","Furniture, home furn, electronics and appliance stores",2013,9,2013-09,16296.0,True
"442,443","Furniture, home furn, electronics and appliance stores",2013,10,2013-10,16486.0,True
"442,443","Furniture, home furn, electronics and appliance stores",2013,11,2013-11,16494.0,True
"442,443","Furniture, home furn, electronics and appliance stores",2013,12,2013-12,16113.0,True
"442,443","Furniture, home furn, electronics and appliance stores",2014,1,2014-01,16008.0,True
"442,443","Furniture, home furn, electronics and appliance stores",2014,2,2014-02,16319.0,True
"442,443","Furniture, home furn, electronics and appliance stores",2014,3,2014-03,16484.0,True
"442,443","Furniture, home furn, electronics and appliance stores",2014,4,2014-04,16582.0,True
"442,443","Furniture, home furn, electronics and appliance stores",2014,5,2014-05,16434.0,True
"442,443","Furniture, home furn, electronics and appliance stores",2014,6,2014-06,16360.0,True
"442,443","Furniture, home furn, electronics and appliance stores",2014,7,2014-07,16463.0,True
"442,443","Furniture, home furn, electronics and appliance stores",2014,8,2014-08,16675.0,True
"442,443","Furniture, home furn, electronics and appliance stores",2014,9,2014-09,16752.0,True
"442,443","Furniture, home furn, electronics and appliance stores",2014,10,2014-10,16753.0,True
"442,443","Furniture, home furn, electronics and appliance stores",2014,11,2014-11,17182.0,True
"442,443","Furniture, home furn, electronics and appliance stores",2014,12,2014-12,17153.0,True
"442,443","Furniture, home furn, electronics and appliance stores",2015,1,2015-01,16990.0,True
"442,443","Furniture, home furn, electronics and appliance stores",2015,2,2015-02,16680.0,True
"442,443","Furniture, home furn, electronics and appliance stores",2015,3,2015-03,16703.0,True
"442,443","Furniture, home furn, electronics and appliance stores",2015,4,2015-04,16950.0,True
"442,443","Furniture, home furn, electronics and appliance stores",2015,5,2015-05,17183.0,True
"442,443","Furniture, home furn, electronics and appliance stores",2015,6,2015-06,17082.0,True
"442,443","Furniture, home furn, electronics and appliance stores",2015,7,2015-07,17093.0,True
"442,443","Furniture, home furn, electronics and appliance stores",2015,8,2015-08,17103.0,True
"442,443","Furniture, home furn, electronics and appliance stores",2015,9,2015-09,17123.0,True
"442,443","Furniture, home furn, electronics and appliance stores",2015,10,2015-10,17117.0,True
"442,443","Furniture, home furn, electronics and appliance stores",2015,11,2015-11,17052.0,True
"442,443","Furniture, home furn, electronics and appliance stores",2015,12,2015-12,17168.0,True
"442,443","Furniture, home furn, electronics and appliance stores",2016,1,2016-01,16888.0,True
"442,443","Furniture, home furn, electronics and appliance stores",2016,2,2016-02,16997.0,True
"442,443","Furniture, home furn, electronics and appliance stores",2016,3,2016-03,16790.0,True
"442,443","Furniture, home furn, electronics and appliance stores",2016,4,2016-04,16787.0,True
"442,443","Furniture, home furn, electronics and appliance stores",2016,5,2016-05,16859.0,True
"442,443","Furniture, home furn, electronics and appliance stores",2016,6,2016-06,16983.0,True
"442,443","Furniture, home furn, electronics and appliance stores",2016,7,2016-07,16971.0,True
"442,443","Furniture, home furn, electronics and appliance stores",2016,8,2016-08,17010.0,True
"442,443","Furniture, home furn, electronics and appliance stores",2016,9,2016-09,16945.0,True
"442,443","Furniture, home furn, electronics and appliance stores",2016,10,2016-10,16690.0,True
"442,443","Furniture, home furn, electronics and appliance stores",2016,11,2016-11,16584.0,True
"442,443","Furniture, home furn, electronics and appliance stores",2016,12,2016-12,16626.0,True
"442,443","Furniture, home furn, electronics and appliance stores",2017,1,2017-01,16874.0,True
"442,443","Furniture, home furn, electronics and appliance stores",2017,2,2017-02,16792.0,True
"442,443","Furniture, home furn, electronics and appliance stores",2017,3,2017-03,17037.0,True
"442,443","Furniture, home furn, electronics and appliance stores",2017,4,2017-04,16975.0,True
"442,443","Furniture, home furn, electronics and appliance stores",2017,5,2017-05,16907.0,True
"442,443","Furniture, home furn, electronics and appliance stores",2017,6,2017-06,16916.0,True
"442,443","Furniture, home furn, electronics and appliance stores",2017,7,2017-07,16790.0,True
"442,443","Furniture, home furn, electronics and appliance stores",2017,8,2017-08,16859.0,True
"442,443","Furniture, home furn, electronics and appliance stores",2017,9,2017-09,16882.0,True
"442,443","Furniture, home furn, electronics and appliance stores",2017,10,2017-10,17201.0,True
"442,443","Furniture, home furn, electronics and appliance stores",2017,11,2017-11,17493.0,True
"442,443","Furniture, home furn, electronics and appliance stores",2017,12,2017-12,17519.0,True
"442,443","Furniture, home furn, electronics and appliance stores",2018,1,2018-01,17358.0,True
"442,443","Furniture, home furn, electronics and appliance stores",2018,2,2018-02,17483.0,True
"442,443","Furniture, home furn, electronics and appliance stores",2018,3,2018-03,17425.0,True
"442,443","Furniture, home furn, electronics and appliance stores",2018,4,2018-04,17624.0,True
"442,443","Furniture, home furn, electronics and appliance stores",2018,5,2018-05,17509.0,True
"442,443","Furniture, home furn, electronics and appliance stores",2018,6,2018-06,17588.0,True
"442,443","Furniture, home furn, electronics and appliance stores",2018,7,2018-07,17548.0,True
"442,443","Furniture, home furn, electronics and appliance stores",2018,8,2018-08,17468.0,True
"442,443","Furniture, home furn, electronics and appliance stores",2018,9,2018-09,17325.0,True
"442,443","Furniture, home furn, electronics and appliance stores",2018,10,2018-10,17391.0,True
"442,443","Furniture, home furn, electronics and appliance stores",2018,11,2018-11,17376.0,True
"442,443","Furniture, home furn, electronics and appliance stores",2018,12,2018-12,17387.0,True
"442,443","Furniture, home furn, electronics and appliance stores",2019,1,2019-01,17184.0,True
"442,443","Furniture, home furn, electronics and appliance stores",2019,2,2019-02,17104.0,True
"442,443","Furniture, home furn, electronics and appliance stores",2019,3,2019-03,17256.0,True
"442,443","Furniture, home furn, electronics and appliance stores",2019,4,2019-04,17118.0,True
"442,443","Furniture, home furn, electronics and appliance stores",2019,5,2019-05,17356.0,True
"442,443","Furniture, home furn, electronics and appliance stores",2019,6,2019-06,17368.0,True
"442,443","Furniture, home furn, electronics and appliance stores",2019,7,2019-07,17404.0,True
"442,443","Furniture, home furn, electronics and appliance stores",2019,8,2019-08,17352.0,True
"442,443","Furniture, home furn, electronics and appliance stores",2019,9,2019-09,17500.0,True
"442,443","Furniture, home furn, electronics and appliance stores",2019,10,2019-10,17310.0,True
"442,443","Furniture, home furn, electronics and appliance stores",2019,11,2019-11,17401.0,True
"442,443","Furniture, home furn, electronics and appliance stores",2019,12,2019-12,17420.0,True
"442,443","Furniture, home furn, electronics and appliance stores",2020,1,2020-01,17502.0,True
"442,443","Furniture, home furn, electronics and appliance stores",2020,2,2020-02,17240.0,True
"442,443","Furniture, home furn, electronics and appliance stores",2020,3,2020-03,13734.0,True
"442,443","Furniture, home furn, electronics and appliance stores",2020,4,2020-04,7182.0,True
"442,443","Furniture, home furn, electronics and appliance stores",2020,5,2020-05,11088.0,True
"442,443","Furniture, home furn, electronics and appliance stores",2020,6,2020-06,15448.0,True
"442,443","Furniture, home furn, electronics and appliance stores",2020,7,2020-07,16541.0,True
"442,443","Furniture, home furn, electronics and appliance stores",2020,8,2020-08,17137.0,True
"442,443","Furniture, home furn, electronics and appliance stores",2020,9,2020-09,17027.0,True
"442,443","Furniture, home furn, electronics and appliance stores",2020,10,2020-10,17327.0,True
"442,443","Furniture, home furn, electronics and appliance stores",2020,11,2020-11,16786.0,True
"442,443","Furniture, home furn, electronics and appliance stores",2020,12,2020-12,16688.0,True
"442,443","Furniture, home furn, electronics and appliance stores",2021,1,2021-01,18698.0,True
"442,443","Furniture, home furn, electronics and appliance stores",2021,2,2021-02,17769.0,True
"442,443","Furniture, home furn, electronics and appliance stores",2021,3,2021-03,19793.0,True
"442,443","Furniture, home furn, electronics and appliance stores",2021,4,2021-04,19871.0,True
"442,443","Furniture, home furn, electronics and appliance stores",2021,5,2021-05,19520.0,True
"442,443","Furniture, home furn, electronics and appliance stores",2021,6,2021-06,19776.0,True
"442,443","Furniture, home furn, electronics and appliance stores",2021,7,2021-07,19609.0,True
"442,443","Furniture, home furn, electronics and appliance stores",2021,8,2021-08,19286.0,True
"442,443","Furniture, home furn, electronics and appliance stores",2021,9,2021-09,19226.0,True
"442,443","Furniture, home furn, electronics and appliance stores",2021,10,2021-10,19958.0,True
"442,443","Furniture, home furn, electronics and appliance stores",2021,11,2021-11,18916.0,True
"442,443","Furniture, home furn, electronics and appliance stores",2021,12,2021-12,18403.0,True
"442,443","Furniture, home furn, electronics and appliance stores",2022,1,2022-01,18831.0,True
"442,443","Furniture, home furn, electronics and appliance stores",2022,2,2022-02,19112.0,True
"442,443","Furniture, home furn, electronics and appliance stores",2022,3,2022-03,20006.0,True
"442,443","Furniture, home furn, electronics and appliance stores",2022,4,2022-04,20515.0,True
"442,443","Furniture, home furn, electronics and appliance stores",2022,5,2022-05,19834.0,True
"442,443","Furniture, home furn, electronics and appliance stores",2022,6,2022-06,19532.0,True
"442,443","Furniture, home furn, electronics and appliance stores",2022,7,2022-07,19434.0,True
"442,443","Furniture, home furn, electronics and appliance stores",2022,8,2022-08,19540.0,True
"442,443","Furniture, home furn, electronics and appliance stores",2022,9,2022-09,19387.0,True
"442,443","Furniture, home furn, electronics and appliance stores",2022,10,2022-10,19600.0,True
"442,443","Furniture, home furn, electronics and appliance stores",2022,11,2022-11,18517.0,True
"442,443","Furniture, home furn, electronics and appliance stores",2022,12,2022-12,18005.0,True
"442,443","Furniture, home furn, electronics and appliance stores",2023,1,2023-01,20528.0,True
"442,443","Furniture, home furn, electronics and appliance stores",2023,2,2023-02,19505.0,True
"442,443","Furniture, home furn, electronics and appliance stores",2023,3,2023-03,19239.0,True
"442,443","Furniture, home furn, electronics and appliance stores",2023,4,2023-04,18949.0,True
"442,443","Furniture, home furn, electronics and appliance stores",2023,5,2023-05,18814.0,True
"442,443","Furniture, home furn, electronics and appliance stores",2023,6,2023-06,18971.0,True
"442,443","Furniture, home furn, electronics and appliance stores",2023,7,2023-07,18630.0,True
"442,443","Furniture, home furn, electronics and appliance stores",2023,8,2023-08,18749.0,True
"442,443","Furniture, home furn, electronics and appliance stores",2023,9,2023-09,18632.0,True
"442,443","Furniture, home furn, electronics and appliance stores",2023,10,2023-10,18510.0,True
"442,443","Furniture, home furn, electronics and appliance stores",2023,11,2023-11,18417.0,True
"442,443","Furniture, home furn, electronics and appliance stores",2023,12,2023-12,17795.0,True
"442,443","Furniture, home furn, electronics and appliance stores",2024,1,2024-01,18578.0,True
"442,443","Furniture, home furn, electronics and appliance stores",2024,2,2024-02,18556.0,True
"442,443","Furniture, home furn, electronics and appliance stores",2024,3,2024-03,18065.0,True
"442,443","Furniture, home furn, electronics and appliance stores",2024,4,2024-04,18410.0,True
"442,443","Furniture, home furn, electronics and appliance stores",2024,5,2024-05,18612.0,True
"442,443","Furniture, home furn, electronics and appliance stores",2024,6,2024-06,18629.0,True
"442,443","Furniture, home furn, electronics and appliance stores",2024,7,2024-07,18745.0,True
"442,443","Furniture, home furn, electronics and appliance stores",2024,8,2024-08,18648.0,True
"442,443","Furniture, home furn, electronics and appliance stores",2024,9,2024-09,18609.0,True
"442,443","Furniture, home furn, electronics and appliance stores",2024,10,2024-10,18649.0,True
"442,443","Furniture, home furn, electronics and appliance stores",2024,11,2024-11,18844.0,True
"442,443","Furniture, home furn, electronics and appliance stores",2024,12,2024-12,19380.0,True
"442,443","Furniture, home furn, electronics and appliance stores",2025,1,2025-01,18941.0,True
"442,443","Furniture, home furn, electronics and appliance stores",2025,2,2025-02,19092.0,True
"442,443","Furniture, home furn, electronics and appliance stores",2025,3,2025-03,19022.0,True
"442,443","Furniture, home furn, electronics and appliance stores",2025,4,2025-04,19104.0,True
"442,443","Furniture, home furn, electronics and appliance stores",2025,5,2025-05,18963.0,True
"442,443","Furniture, home furn, electronics and appliance stores",2025,6,2025-06,18955.0,True
"442,443","Furniture, home furn, electronics and appliance stores",2025,7,2025-07,19234.0,True
"442,443","Furniture, home furn, electronics and appliance stores",2025,8,2025-08,19033.0,True
"442,443","Furniture, home furn, electronics and appliance stores",2025,9,2025-09,18718.0,True
"442,443","Furniture, home furn, electronics and appliance stores",2025,10,2025-10,18891.0,True
"442,443","Furniture, home furn, electronics and appliance stores",2025,11,2025-11,18890.0,True
"442,443","Furniture, home furn, electronics and appliance stores",2025,12,2025-12,18721.0,True
"442,443","Furniture, home furn, electronics and appliance stores",2026,1,2026-01,18927.0,True
"442,443","Furniture, home furn, electronics and appliance stores",2026,2,2026-02,18976.0,True
"442,443","Furniture, home furn, electronics and appliance stores",2026,3,2026-03,19352.0,True
"442,443","Furniture, home furn, electronics and appliance stores",2026,4,2026-04,19352.0,True
"442,443","Furniture, home furn, electronics and appliance stores",2026,5,2026-05,19476.0,True
"442,443","Furniture, home furn, electronics and appliance stores",2026,6,2026-06,19467.0,True
4421,Furniture stores,1992,1,1992-01,2335.0,False
4421,Furniture stores,1992,2,1992-02,2401.0,False
4421,Furniture stores,1992,3,1992-03,2546.0,False
4421,Furniture stores,1992,4,1992-04,2466.0,False
4421,Furniture stores,1992,5,1992-05,2543.0,False
4421,Furniture stores,1992,6,1992-06,2542.0,False
4421,Furniture stores,1992,7,1992-07,2566.0,False
4421,Furniture stores,1992,8,1992-08,2577.0,False
4421,Furniture stores,1992,9,1992-09,2550.0,False
4421,Furniture stores,1992,10,1992-10,2603.0,False
4421,Furniture stores,1992,11,1992-11,2704.0,False
4421,Furniture stores,1992,12,1992-12,2977.0,False
4421,Furniture stores,1993,1,1993-01,2494.0,False
4421,Furniture stores,1993,2,1993-02,2391.0,False
4421,Furniture stores,1993,3,1993-03,2650.0,False
4421,Furniture stores,1993,4,1993-04,2585.0,False
4421,Furniture stores,1993,5,1993-05,2703.0,False
4421,Furniture stores,1993,6,1993-06,2681.0,False
4421,Furniture stores,1993,7,1993-07,2743.0,False
4421,Furniture stores,1993,8,1993-08,2712.0,False
4421,Furniture stores,1993,9,1993-09,2688.0,False
4421,Furniture stores,1993,10,1993-10,2757.0,False
4421,Furniture stores,1993,11,1993-11,2959.0,False
4421,Furniture stores,1993,12,1993-12,3174.0,False
4421,Furniture stores,1994,1,1994-01,2478.0,False
4421,Furniture stores,1994,2,1994-02,2500.0,False
4421,Furniture stores,1994,3,1994-03,2850.0,False
4421,Furniture stores,1994,4,1994-04,2760.0,False
4421,Furniture stores,1994,5,1994-05,2796.0,False
4421,Furniture stores,1994,6,1994-06,2826.0,False
4421,Furniture stores,1994,7,1994-07,2860.0,False
4421,Furniture stores,1994,8,1994-08,3009.0,False
4421,Furniture stores,1994,9,1994-09,2997.0,False
4421,Furniture stores,1994,10,1994-10,2972.0,False
4421,Furniture stores,1994,11,1994-11,3201.0,False
4421,Furniture stores,1994,12,1994-12,3468.0,False
4421,Furniture stores,1995,1,1995-01,2796.0,False
4421,Furniture stores,1995,2,1995-02,2608.0,False
4421,Furniture stores,1995,3,1995-03,2989.0,False
4421,Furniture stores,1995,4,1995-04,2755.0,False
4421,Furniture stores,1995,5,1995-05,2963.0,False
4421,Furniture stores,1995,6,1995-06,2984.0,False
4421,Furniture stores,1995,7,1995-07,2960.0,False
4421,Furniture stores,1995,8,1995-08,3113.0,False
4421,Furniture stores,1995,9,1995-09,3126.0,False
4421,Furniture stores,1995,10,1995-10,3110.0,False
4421,Furniture stores,1995,11,1995-11,3346.0,False
4421,Furniture stores,1995,12,1995-12,3469.0,False
4421,Furniture stores,1996,1,1996-01,2825.0,False
4421,Furniture stores,1996,2,1996-02,2898.0,False
4421,Furniture stores,1996,3,1996-03,3201.0,False
4421,Furniture stores,1996,4,1996-04,3060.0,False
4421,Furniture stores,1996,5,1996-05,3208.0,False
4421,Furniture stores,1996,6,1996-06,3137.0,False
4421,Furniture stores,1996,7,1996-07,3173.0,False
4421,Furniture stores,1996,8,1996-08,3285.0,False
4421,Furniture stores,1996,9,1996-09,3162.0,False
4421,Furniture stores,1996,10,1996-10,3271.0,False
4421,Furniture stores,1996,11,1996-11,3541.0,False
4421,Furniture stores,1996,12,1996-12,3571.0,False
4421,Furniture stores,1997,1,1997-01,3163.0,False
4421,Furniture stores,1997,2,1997-02,3047.0,False
4421,Furniture stores,1997,3,1997-03,3294.0,False
4421,Furniture stores,1997,4,1997-04,3179.0,False
4421,Furniture stores,1997,5,1997-05,3443.0,False
4421,Furniture stores,1997,6,1997-06,3270.0,False
4421,Furniture stores,1997,7,1997-07,3323.0,False
4421,Furniture stores,1997,8,1997-08,3542.0,False
4421,Furniture stores,1997,9,1997-09,3405.0,False
4421,Furniture stores,1997,10,1997-10,3527.0,False
4421,Furniture stores,1997,11,1997-11,3778.0,False
4421,Furniture stores,1997,12,1997-12,3997.0,False
4421,Furniture stores,1998,1,1998-01,3491.0,False
4421,Furniture stores,1998,2,1998-02,3301.0,False
4421,Furniture stores,1998,3,1998-03,3577.0,False
4421,Furniture stores,1998,4,1998-04,3392.0,False
4421,Furniture stores,1998,5,1998-05,3544.0,False
4421,Furniture stores,1998,6,1998-06,3528.0,False
4421,Furniture stores,1998,7,1998-07,3581.0,False
4421,Furniture stores,1998,8,1998-08,3594.0,False
4421,Furniture stores,1998,9,1998-09,3526.0,False
4421,Furniture stores,1998,10,1998-10,3654.0,False
4421,Furniture stores,1998,11,1998-11,3890.0,False
4421,Furniture stores,1998,12,1998-12,4079.0,False
4421,Furniture stores,1999,1,1999-01,3514.0,False
4421,Furniture stores,1999,2,1999-02,3478.0,False
4421,Furniture stores,1999,3,1999-03,3859.0,False
4421,Furniture stores,1999,4,1999-04,3532.0,False
4421,Furniture stores,1999,5,1999-05,3718.0,False
4421,Furniture stores,1999,6,1999-06,3740.0,False
4421,Furniture stores,1999,7,1999-07,3814.0,False
4421,Furniture stores,1999,8,1999-08,3883.0,False
4421,Furniture stores,1999,9,1999-09,3896.0,False
4421,Furniture stores,1999,10,1999-10,3956.0,False
4421,Furniture stores,1999,11,1999-11,4218.0,False
4421,Furniture stores,1999,12,1999-12,4460.0,False
4421,Furniture stores,2000,1,2000-01,3821.0,False
4421,Furniture stores,2000,2,2000-02,3994.0,False
4421,Furniture stores,2000,3,2000-03,4280.0,False
4421,Furniture stores,2000,4,2000-04,3955.0,False
4421,Furniture stores,2000,5,2000-05,4175.0,False
4421,Furniture stores,2000,6,2000-06,4096.0,False
4421,Furniture stores,2000,7,2000-07,4126.0,False
4421,Furniture stores,2000,8,2000-08,4258.0,False
4421,Furniture stores,2000,9,2000-09,4122.0,False
4421,Furniture stores,2000,10,2000-10,4078.0,False
4421,Furniture stores,2000,11,2000-11,4400.0,False
4421,Furniture stores,2000,12,2000-12,4350.0,False
4421,Furniture stores,2001,1,2001-01,3974.0,False
4421,Furniture stores,2001,2,2001-02,3854.0,False
4421,Furniture stores,2001,3,2001-03,4266.0,False
4421,Furniture stores,2001,4,2001-04,3811.0,False
4421,Furniture stores,2001,5,2001-05,4068.0,False
4421,Furniture stores,2001,6,2001-06,4141.0,False
4421,Furniture stores,2001,7,2001-07,4065.0,False
4421,Furniture stores,2001,8,2001-08,4247.0,False
4421,Furniture stores,2001,9,2001-09,3873.0,False
4421,Furniture stores,2001,10,2001-10,4050.0,False
4421,Furniture stores,2001,11,2001-11,4543.0,False
4421,Furniture stores,2001,12,2001-12,4700.0,False
4421,Furniture stores,2002,1,2002-01,4016.0,False
4421,Furniture stores,2002,2,2002-02,4031.0,False
4421,Furniture stores,2002,3,2002-03,4359.0,False
4421,Furniture stores,2002,4,2002-04,4028.0,False
4421,Furniture stores,2002,5,2002-05,4314.0,False
4421,Furniture stores,2002,6,2002-06,4066.0,False
4421,Furniture stores,2002,7,2002-07,4066.0,False
4421,Furniture stores,2002,8,2002-08,4281.0,False
4421,Furniture stores,2002,9,2002-09,3964.0,False
4421,Furniture stores,2002,10,2002-10,4096.0,False
4421,Furniture stores,2002,11,2002-11,4578.0,False
4421,Furniture stores,2002,12,2002-12,4423.0,False
4421,Furniture stores,2003,1,2003-01,3950.0,False
4421,Furniture stores,2003,2,2003-02,3742.0,False
4421,Furniture stores,2003,3,2003-03,4191.0,False
4421,Furniture stores,2003,4,2003-04,3903.0,False
4421,Furniture stores,2003,5,2003-05,4281.0,False
4421,Furniture stores,2003,6,2003-06,4049.0,False
4421,Furniture stores,2003,7,2003-07,4192.0,False
4421,Furniture stores,2003,8,2003-08,4433.0,False
4421,Furniture stores,2003,9,2003-09,4167.0,False
4421,Furniture stores,2003,10,2003-10,4316.0,False
4421,Furniture stores,2003,11,2003-11,4591.0,False
4421,Furniture stores,2003,12,2003-12,4799.0,False
4421,Furniture stores,2004,1,2004-01,4274.0,False
4421,Furniture stores,2004,2,2004-02,4245.0,False
4421,Furniture stores,2004,3,2004-03,4543.0,False
4421,Furniture stores,2004,4,2004-04,4220.0,False
4421,Furniture stores,2004,5,2004-05,4369.0,False
4421,Furniture stores,2004,6,2004-06,4482.0,False
4421,Furniture stores,2004,7,2004-07,4749.0,False
4421,Furniture stores,2004,8,2004-08,4691.0,False
4421,Furniture stores,2004,9,2004-09,4437.0,False
4421,Furniture stores,2004,10,2004-10,4591.0,False
4421,Furniture stores,2004,11,2004-11,4914.0,False
4421,Furniture stores,2004,12,2004-12,5217.0,False
4421,Furniture stores,2005,1,2005-01,4357.0,False
4421,Furniture stores,2005,2,2005-02,4481.0,False
4421,Furniture stores,2005,3,2005-03,4756.0,False
4421,Furniture stores,2005,4,2005-04,4520.0,False
4421,Furniture stores,2005,5,2005-05,4557.0,False
4421,Furniture stores,2005,6,2005-06,4722.0,False
4421,Furniture stores,2005,7,2005-07,4780.0,False
4421,Furniture stores,2005,8,2005-08,5080.0,False
4421,Furniture stores,2005,9,2005-09,4947.0,False
4421,Furniture stores,2005,10,2005-10,4827.0,False
4421,Furniture stores,2005,11,2005-11,5211.0,False
4421,Furniture stores,2005,12,2005-12,5371.0,False
4421,Furniture stores,2006,1,2006-01,4706.0,False
4421,Furniture stores,2006,2,2006-02,4716.0,False
4421,Furniture stores,2006,3,2006-03,5061.0,False
4421,Furniture stores,2006,4,2006-04,4565.0,False
4421,Furniture stores,2006,5,2006-05,4795.0,False
4421,Furniture stores,2006,6,2006-06,4917.0,False
4421,Furniture stores,2006,7,2006-07,4899.0,False
4421,Furniture stores,2006,8,2006-08,5265.0,False
4421,Furniture stores,2006,9,2006-09,5038.0,False
4421,Furniture stores,2006,10,2006-10,4769.0,False
4421,Furniture stores,2006,11,2006-11,5149.0,False
4421,Furniture stores,2006,12,2006-12,5177.0,False
4421,Furniture stores,2007,1,2007-01,4766.0,False
4421,Furniture stores,2007,2,2007-02,4816.0,False
4421,Furniture stores,2007,3,2007-03,5102.0,False
4421,Furniture stores,2007,4,2007-04,4602.0,False
4421,Furniture stores,2007,5,2007-05,4927.0,False
4421,Furniture stores,2007,6,2007-06,4802.0,False
4421,Furniture stores,2007,7,2007-07,4783.0,False
4421,Furniture stores,2007,8,2007-08,5107.0,False
4421,Furniture stores,2007,9,2007-09,4778.0,False
4421,Furniture stores,2007,10,2007-10,4646.0,False
4421,Furniture stores,2007,11,2007-11,4961.0,False
4421,Furniture stores,2007,12,2007-12,4883.0,False
4421,Furniture stores,2008,1,2008-01,4505.0,False
4421,Furniture stores,2008,2,2008-02,4566.0,False
4421,Furniture stores,2008,3,2008-03,4610.0,False
4421,Furniture stores,2008,4,2008-04,4321.0,False
4421,Furniture stores,2008,5,2008-05,4626.0,False
4421,Furniture stores,2008,6,2008-06,4181.0,False
4421,Furniture stores,2008,7,2008-07,4341.0,False
4421,Furniture stores,2008,8,2008-08,4543.0,False
4421,Furniture stores,2008,9,2008-09,4023.0,False
4421,Furniture stores,2008,10,2008-10,3906.0,False
4421,Furniture stores,2008,11,2008-11,4018.0,False
4421,Furniture stores,2008,12,2008-12,4058.0,False
4421,Furniture stores,2009,1,2009-01,3767.0,False
4421,Furniture stores,2009,2,2009-02,3838.0,False
4421,Furniture stores,2009,3,2009-03,3774.0,False
4421,Furniture stores,2009,4,2009-04,3503.0,False
4421,Furniture stores,2009,5,2009-05,3766.0,False
4421,Furniture stores,2009,6,2009-06,3628.0,False
4421,Furniture stores,2009,7,2009-07,3726.0,False
4421,Furniture stores,2009,8,2009-08,3860.0,False
4421,Furniture stores,2009,9,2009-09,3749.0,False
4421,Furniture stores,2009,10,2009-10,3647.0,False
4421,Furniture stores,2009,11,2009-11,3769.0,False
4421,Furniture stores,2009,12,2009-12,3861.0,False
4421,Furniture stores,2010,1,2010-01,3608.0,False
4421,Furniture stores,2010,2,2010-02,3756.0,False
4421,Furniture stores,2010,3,2010-03,4009.0,False
4421,Furniture stores,2010,4,2010-04,3602.0,False
4421,Furniture stores,2010,5,2010-05,3887.0,False
4421,Furniture stores,2010,6,2010-06,3674.0,False
4421,Furniture stores,2010,7,2010-07,3886.0,False
4421,Furniture stores,2010,8,2010-08,3919.0,False
4421,Furniture stores,2010,9,2010-09,3855.0,False
4421,Furniture stores,2010,10,2010-10,3642.0,False
4421,Furniture stores,2010,11,2010-11,3931.0,False
4421,Furniture stores,2010,12,2010-12,3972.0,False
4421,Furniture stores,2011,1,2011-01,3508.0,False
4421,Furniture stores,2011,2,2011-02,3796.0,False
4421,Furniture stores,2011,3,2011-03,4221.0,False
4421,Furniture stores,2011,4,2011-04,3826.0,False
4421,Furniture stores,2011,5,2011-05,3787.0,False
4421,Furniture stores,2011,6,2011-06,3718.0,False
4421,Furniture stores,2011,7,2011-07,3925.0,False
4421,Furniture stores,2011,8,2011-08,4052.0,False
4421,Furniture stores,2011,9,2011-09,3973.0,False
4421,Furniture stores,2011,10,2011-10,3667.0,False
4421,Furniture stores,2011,11,2011-11,4045.0,False
4421,Furniture stores,2011,12,2011-12,4214.0,False
4421,Furniture stores,2012,1,2012-01,3818.0,False
4421,Furniture stores,2012,2,2012-02,4237.0,False
4421,Furniture stores,2012,3,2012-03,4349.0,False
4421,Furniture stores,2012,4,2012-04,3722.0,False
4421,Furniture stores,2012,5,2012-05,4108.0,False
4421,Furniture stores,2012,6,2012-06,3994.0,False
4421,Furniture stores,2012,7,2012-07,4063.0,False
4421,Furniture stores,2012,8,2012-08,4285.0,False
4421,Furniture stores,2012,9,2012-09,4049.0,False
4421,Furniture stores,2012,10,2012-10,3722.0,False
4421,Furniture stores,2012,11,2012-11,4160.0,False
4421,Furniture stores,2012,12,2012-12,4277.0,False
4421,Furniture stores,2013,1,2013-01,3904.0,False
4421,Furniture stores,2013,2,2013-02,3926.0,False
4421,Furniture stores,2013,3,2013-03,4412.0,False
4421,Furniture stores,2013,4,2013-04,3922.0,False
4421,Furniture stores,2013,5,2013-05,4160.0,False
4421,Furniture stores,2013,6,2013-06,4035.0,False
4421,Furniture stores,2013,7,2013-07,4185.0,False
4421,Furniture stores,2013,8,2013-08,4518.0,False
4421,Furniture stores,2013,9,2013-09,4221.0,False
4421,Furniture stores,2013,10,2013-10,4230.0,False
4421,Furniture stores,2013,11,2013-11,4542.0,False
4421,Furniture stores,2013,12,2013-12,4193.0,False
4421,Furniture stores,2014,1,2014-01,3873.0,False
4421,Furniture stores,2014,2,2014-02,4037.0,False
4421,Furniture stores,2014,3,2014-03,4554.0,False
4421,Furniture stores,2014,4,2014-04,4126.0,False
4421,Furniture stores,2014,5,2014-05,4573.0,False
4421,Furniture stores,2014,6,2014-06,4156.0,False
4421,Furniture stores,2014,7,2014-07,4407.0,False
4421,Furniture stores,2014,8,2014-08,4672.0,False
4421,Furniture stores,2014,9,2014-09,4563.0,False
4421,Furniture stores,2014,10,2014-10,4458.0,False
4421,Furniture stores,2014,11,2014-11,4714.0,False
4421,Furniture stores,2014,12,2014-12,4807.0,False
4421,Furniture stores,2015,1,2015-01,4416.0,False
4421,Furniture stores,2015,2,2015-02,4255.0,False
4421,Furniture stores,2015,3,2015-03,4763.0,False
4421,Furniture stores,2015,4,2015-04,4382.0,False
4421,Furniture stores,2015,5,2015-05,4892.0,False
4421,Furniture stores,2015,6,2015-06,4661.0,False
4421,Furniture stores,2015,7,2015-07,4841.0,False
4421,Furniture stores,2015,8,2015-08,4986.0,False
4421,Furniture stores,2015,9,2015-09,5053.0,False
4421,Furniture stores,2015,10,2015-10,4914.0,False
4421,Furniture stores,2015,11,2015-11,4969.0,False
4421,Furniture stores,2015,12,2015-12,5192.0,False
4421,Furniture stores,2016,1,2016-01,4524.0,False
4421,Furniture stores,2016,2,2016-02,4740.0,False
4421,Furniture stores,2016,3,2016-03,5113.0,False
4421,Furniture stores,2016,4,2016-04,4641.0,False
4421,Furniture stores,2016,5,2016-05,4917.0,False
4421,Furniture stores,2016,6,2016-06,4949.0,False
4421,Furniture stores,2016,7,2016-07,4948.0,False
4421,Furniture stores,2016,8,2016-08,5054.0,False
4421,Furniture stores,2016,9,2016-09,5207.0,False
4421,Furniture stores,2016,10,2016-10,4825.0,False
4421,Furniture stores,2016,11,2016-11,5197.0,False
4421,Furniture stores,2016,12,2016-12,5215.0,False
4421,Furniture stores,2017,1,2017-01,4573.0,False
4421,Furniture stores,2017,2,2017-02,4683.0,False
4421,Furniture stores,2017,3,2017-03,5389.0,False
4421,Furniture stores,2017,4,2017-04,4675.0,False
4421,Furniture stores,2017,5,2017-05,5060.0,False
4421,Furniture stores,2017,6,2017-06,5005.0,False
4421,Furniture stores,2017,7,2017-07,5024.0,False
4421,Furniture stores,2017,8,2017-08,5146.0,False
4421,Furniture stores,2017,9,2017-09,5108.0,False
4421,Furniture stores,2017,10,2017-10,4971.0,False
4421,Furniture stores,2017,11,2017-11,5377.0,False
4421,Furniture stores,2017,12,2017-12,5314.0,False
4421,Furniture stores,2018,1,2018-01,4643.0,False
4421,Furniture stores,2018,2,2018-02,4722.0,False
4421,Furniture stores,2018,3,2018-03,5584.0,False
4421,Furniture stores,2018,4,2018-04,4934.0,False
4421,Furniture stores,2018,5,2018-05,5289.0,False
4421,Furniture stores,2018,6,2018-06,5317.0,False
4421,Furniture stores,2018,7,2018-07,5205.0,False
4421,Furniture stores,2018,8,2018-08,5446.0,False
4421,Furniture stores,2018,9,2018-09,5312.0,False
4421,Furniture stores,2018,10,2018-10,5097.0,False
4421,Furniture stores,2018,11,2018-11,5426.0,False
4421,Furniture stores,2018,12,2018-12,5352.0,False
4421,Furniture stores,2019,1,2019-01,4569.0,False
4421,Furniture stores,2019,2,2019-02,4560.0,False
4421,Furniture stores,2019,3,2019-03,5438.0,False
4421,Furniture stores,2019,4,2019-04,5005.0,False
4421,Furniture stores,2019,5,2019-05,5507.0,False
4421,Furniture stores,2019,6,2019-06,5271.0,False
4421,Furniture stores,2019,7,2019-07,5427.0,False
4421,Furniture stores,2019,8,2019-08,5629.0,False
4421,Furniture stores,2019,9,2019-09,5560.0,False
4421,Furniture stores,2019,10,2019-10,5334.0,False
4421,Furniture stores,2019,11,2019-11,5699.0,False
4421,Furniture stores,2019,12,2019-12,5329.0,False
4421,Furniture stores,2020,1,2020-01,5025.0,False
4421,Furniture stores,2020,2,2020-02,5174.0,False
4421,Furniture stores,2020,3,2020-03,4393.0,False
4421,Furniture stores,2020,4,2020-04,1931.0,False
4421,Furniture stores,2020,5,2020-05,4173.0,False
4421,Furniture stores,2020,6,2020-06,5560.0,False
4421,Furniture stores,2020,7,2020-07,5780.0,False
4421,Furniture stores,2020,8,2020-08,5831.0,False
4421,Furniture stores,2020,9,2020-09,6039.0,False
4421,Furniture stores,2020,10,2020-10,5934.0,False
4421,Furniture stores,2020,11,2020-11,5794.0,False
4421,Furniture stores,2020,12,2020-12,6011.0,False
4421,Furniture stores,2021,1,2021-01,6013.0,False
4421,Furniture stores,2021,2,2021-02,5673.0,False
4421,Furniture stores,2021,3,2021-03,7127.0,False
4421,Furniture stores,2021,4,2021-04,6744.0,False
4421,Furniture stores,2021,5,2021-05,6734.0,False
4421,Furniture stores,2021,6,2021-06,6382.0,False
4421,Furniture stores,2021,7,2021-07,6585.0,False
4421,Furniture stores,2021,8,2021-08,6556.0,False
4421,Furniture stores,2021,9,2021-09,6608.0,False
4421,Furniture stores,2021,10,2021-10,6634.0,False
4421,Furniture stores,2021,11,2021-11,6679.0,False
4421,Furniture stores,2021,12,2021-12,6474.0,False
4421,Furniture stores,2022,1,2022-01,5558.0,False
4421,Furniture stores,2022,2,2022-02,6000.0,False
4421,Furniture stores,2022,3,2022-03,6992.0,False
4421,Furniture stores,2022,4,2022-04,6710.0,False
4421,Furniture stores,2022,5,2022-05,6736.0,False
4421,Furniture stores,2022,6,2022-06,6654.0,False
4421,Furniture stores,2022,7,2022-07,6629.0,False
4421,Furniture stores,2022,8,2022-08,6737.0,False
4421,Furniture stores,2022,9,2022-09,6687.0,False
4421,Furniture stores,2022,10,2022-10,6588.0,False
4421,Furniture stores,2022,11,2022-11,6777.0,False
4421,Furniture stores,2022,12,2022-12,6572.0,False
4421,Furniture stores,2023,1,2023-01,6074.0,False
4421,Furniture stores,2023,2,2023-02,5895.0,False
4421,Furniture stores,2023,3,2023-03,6675.0,False
4421,Furniture stores,2023,4,2023-04,5797.0,False
4421,Furniture stores,2023,5,2023-05,6106.0,False
4421,Furniture stores,2023,6,2023-06,6352.0,False
4421,Furniture stores,2023,7,2023-07,6189.0,False
4421,Furniture stores,2023,8,2023-08,6432.0,False
4421,Furniture stores,2023,9,2023-09,6378.0,False
4421,Furniture stores,2023,10,2023-10,5667.0,False
4421,Furniture stores,2023,11,2023-11,6448.0,False
4421,Furniture stores,2023,12,2023-12,6146.0,False
4421,Furniture stores,2024,1,2024-01,5507.0,False
4421,Furniture stores,2024,2,2024-02,5620.0,False
4421,Furniture stores,2024,3,2024-03,5906.0,False
4421,Furniture stores,2024,4,2024-04,5480.0,False
4421,Furniture stores,2024,5,2024-05,5918.0,False
4421,Furniture stores,2024,6,2024-06,5797.0,False
4421,Furniture stores,2024,7,2024-07,6065.0,False
4421,Furniture stores,2024,8,2024-08,6239.0,False
4421,Furniture stores,2024,9,2024-09,6006.0,False
4421,Furniture stores,2024,10,2024-10,5942.0,False
4421,Furniture stores,2024,11,2024-11,6628.0,False
4421,Furniture stores,2024,12,2024-12,6674.0,False
4421,Furniture stores,2025,1,2025-01,5664.0,False
4421,Furniture stores,2025,2,2025-02,5802.0,False
4421,Furniture stores,2025,3,2025-03,6352.0,False
4421,Furniture stores,2025,4,2025-04,6076.0,False
4421,Furniture stores,2025,5,2025-05,6362.0,False
4421,Furniture stores,2025,6,2025-06,5903.0,False
4421,Furniture stores,2025,7,2025-07,6363.0,False
4421,Furniture stores,2025,8,2025-08,6207.0,False
4421,Furniture stores,2025,9,2025-09,5731.0,False
4421,Furniture stores,2025,10,2025-10,5780.0,False
4421,Furniture stores,2025,11,2025-11,6119.0,False
4421,Furniture stores,2025,12,2025-12,5842.0,False
4421,Furniture stores,2026,1,2026-01,5387.0,False
4421,Furniture stores,2026,2,2026-02,5556.0,False
4421,Furniture stores,2026,3,2026-03,6281.0,False
4421,Furniture stores,2026,4,2026-04,5678.0,False
4421,Furniture stores,2026,5,2026-05,6240.0,False
4421,Furniture stores,2026,6,2026-06,5943.0,False
