ISO-10303-21;
HEADER;
FILE_DESCRIPTION(('Open CASCADE Model'),'2;1');
FILE_NAME('Open CASCADE Shape Model','2026-09-07T18:11:55',('Author'),(
    'Open CASCADE'),'Open CASCADE STEP processor 7.9','Open CASCADE 7.9'
  ,'Unknown');
FILE_SCHEMA(('AUTOMOTIVE_DESIGN { 1 0 10303 214 1 1 1 1 }'));
ENDSEC;
DATA;
#1 = APPLICATION_PROTOCOL_DEFINITION('international standard',
  'automotive_design',2000,#2);
#2 = APPLICATION_CONTEXT(
  'core data for automotive mechanical design processes');
#3 = SHAPE_DEFINITION_REPRESENTATION(#4,#10);
#4 = PRODUCT_DEFINITION_SHAPE('','',#5);
#5 = PRODUCT_DEFINITION('design','',#6,#9);
#6 = PRODUCT_DEFINITION_FORMATION('','',#7);
#7 = PRODUCT('flow_chamber','flow_chamber','',(#8));
#8 = PRODUCT_CONTEXT('',#2,'mechanical');
#9 = PRODUCT_DEFINITION_CONTEXT('part definition',#2,'design');
#10 = ADVANCED_BREP_SHAPE_REPRESENTATION('',(#11,#15),#2350);
#11 = AXIS2_PLACEMENT_3D('',#12,#13,#14);
#12 = CARTESIAN_POINT('',(0.,0.,0.));
#13 = DIRECTION('',(0.,0.,1.));
#14 = DIRECTION('',(1.,0.,-0.));
#15 = MANIFOLD_SOLID_BREP('',#16);
#16 = CLOSED_SHELL('',(#17,#168,#523,#573,#627,#887,#942,#969,#996,#1023
    ,#1050,#1092,#1119,#1174,#1201,#1228,#1255,#1310,#1345,#1400,#1435,
    #1470,#1701,#1736,#1791,#1846,#2138,#2166,#2201,#2236,#2266,#2296,
    #2323));
#17 = ADVANCED_FACE('',(#18,#137),#32,.F.);
#18 = FACE_BOUND('',#19,.F.);
#19 = EDGE_LOOP('',(#20,#55,#83,#111));
#20 = ORIENTED_EDGE('',*,*,#21,.F.);
#21 = EDGE_CURVE('',#22,#24,#26,.T.);
#22 = VERTEX_POINT('',#23);
#23 = CARTESIAN_POINT('',(-45.,-42.,14.5));
#24 = VERTEX_POINT('',#25);
#25 = CARTESIAN_POINT('',(-45.,42.,14.5));
#26 = SURFACE_CURVE('',#27,(#31,#43),.PCURVE_S1.);
#27 = LINE('',#28,#29);
#28 = CARTESIAN_POINT('',(-45.,-45.,14.5));
#29 = VECTOR('',#30,1.);
#30 = DIRECTION('',(-0.,1.,0.));
#31 = PCURVE('',#32,#37);
#32 = PLANE('',#33);
#33 = AXIS2_PLACEMENT_3D('',#34,#35,#36);
#34 = CARTESIAN_POINT('',(-45.,-45.,0.));
#35 = DIRECTION('',(1.,0.,-0.));
#36 = DIRECTION('',(0.,0.,1.));
#37 = DEFINITIONAL_REPRESENTATION('',(#38),#42);
#38 = LINE('',#39,#40);
#39 = CARTESIAN_POINT('',(14.5,0.));
#40 = VECTOR('',#41,1.);
#41 = DIRECTION('',(0.,-1.));
#42 = ( GEOMETRIC_REPRESENTATION_CONTEXT(2) 
PARAMETRIC_REPRESENTATION_CONTEXT() REPRESENTATION_CONTEXT('2D SPACE',''
  ) );
#43 = PCURVE('',#44,#49);
#44 = PLANE('',#45);
#45 = AXIS2_PLACEMENT_3D('',#46,#47,#48);
#46 = CARTESIAN_POINT('',(-45.,-45.,14.5));
#47 = DIRECTION('',(0.,0.,1.));
#48 = DIRECTION('',(1.,0.,-0.));
#49 = DEFINITIONAL_REPRESENTATION('',(#50),#54);
#50 = LINE('',#51,#52);
#51 = CARTESIAN_POINT('',(0.,0.));
#52 = VECTOR('',#53,1.);
#53 = DIRECTION('',(0.,1.));
#54 = ( GEOMETRIC_REPRESENTATION_CONTEXT(2) 
PARAMETRIC_REPRESENTATION_CONTEXT() REPRESENTATION_CONTEXT('2D SPACE',''
  ) );
#55 = ORIENTED_EDGE('',*,*,#56,.F.);
#56 = EDGE_CURVE('',#57,#22,#59,.T.);
#57 = VERTEX_POINT('',#58);
#58 = CARTESIAN_POINT('',(-45.,-42.,0.));
#59 = SURFACE_CURVE('',#60,(#64,#71),.PCURVE_S1.);
#60 = LINE('',#61,#62);
#61 = CARTESIAN_POINT('',(-45.,-42.,0.));
#62 = VECTOR('',#63,1.);
#63 = DIRECTION('',(0.,0.,1.));
#64 = PCURVE('',#32,#65);
#65 = DEFINITIONAL_REPRESENTATION('',(#66),#70);
#66 = LINE('',#67,#68);
#67 = CARTESIAN_POINT('',(0.,-3.));
#68 = VECTOR('',#69,1.);
#69 = DIRECTION('',(1.,0.));
#70 = ( GEOMETRIC_REPRESENTATION_CONTEXT(2) 
PARAMETRIC_REPRESENTATION_CONTEXT() REPRESENTATION_CONTEXT('2D SPACE',''
  ) );
#71 = PCURVE('',#72,#77);
#72 = CYLINDRICAL_SURFACE('',#73,3.);
#73 = AXIS2_PLACEMENT_3D('',#74,#75,#76);
#74 = CARTESIAN_POINT('',(-42.,-42.,0.));
#75 = DIRECTION('',(0.,0.,1.));
#76 = DIRECTION('',(-1.,-0.,0.));
#77 = DEFINITIONAL_REPRESENTATION('',(#78),#82);
#78 = LINE('',#79,#80);
#79 = CARTESIAN_POINT('',(0.,0.));
#80 = VECTOR('',#81,1.);
#81 = DIRECTION('',(0.,1.));
#82 = ( GEOMETRIC_REPRESENTATION_CONTEXT(2) 
PARAMETRIC_REPRESENTATION_CONTEXT() REPRESENTATION_CONTEXT('2D SPACE',''
  ) );
#83 = ORIENTED_EDGE('',*,*,#84,.T.);
#84 = EDGE_CURVE('',#57,#85,#87,.T.);
#85 = VERTEX_POINT('',#86);
#86 = CARTESIAN_POINT('',(-45.,42.,0.));
#87 = SURFACE_CURVE('',#88,(#92,#99),.PCURVE_S1.);
#88 = LINE('',#89,#90);
#89 = CARTESIAN_POINT('',(-45.,-45.,0.));
#90 = VECTOR('',#91,1.);
#91 = DIRECTION('',(-0.,1.,0.));
#92 = PCURVE('',#32,#93);
#93 = DEFINITIONAL_REPRESENTATION('',(#94),#98);
#94 = LINE('',#95,#96);
#95 = CARTESIAN_POINT('',(0.,0.));
#96 = VECTOR('',#97,1.);
#97 = DIRECTION('',(0.,-1.));
#98 = ( GEOMETRIC_REPRESENTATION_CONTEXT(2) 
PARAMETRIC_REPRESENTATION_CONTEXT() REPRESENTATION_CONTEXT('2D SPACE',''
  ) );
#99 = PCURVE('',#100,#105);
#100 = PLANE('',#101);
#101 = AXIS2_PLACEMENT_3D('',#102,#103,#104);
#102 = CARTESIAN_POINT('',(-45.,-45.,0.));
#103 = DIRECTION('',(0.,0.,1.));
#104 = DIRECTION('',(1.,0.,-0.));
#105 = DEFINITIONAL_REPRESENTATION('',(#106),#110);
#106 = LINE('',#107,#108);
#107 = CARTESIAN_POINT('',(0.,0.));
#108 = VECTOR('',#109,1.);
#109 = DIRECTION('',(0.,1.));
#110 = ( GEOMETRIC_REPRESENTATION_CONTEXT(2) 
PARAMETRIC_REPRESENTATION_CONTEXT() REPRESENTATION_CONTEXT('2D SPACE',''
  ) );
#111 = ORIENTED_EDGE('',*,*,#112,.T.);
#112 = EDGE_CURVE('',#85,#24,#113,.T.);
#113 = SURFACE_CURVE('',#114,(#118,#125),.PCURVE_S1.);
#114 = LINE('',#115,#116);
#115 = CARTESIAN_POINT('',(-45.,42.,0.));
#116 = VECTOR('',#117,1.);
#117 = DIRECTION('',(0.,0.,1.));
#118 = PCURVE('',#32,#119);
#119 = DEFINITIONAL_REPRESENTATION('',(#120),#124);
#120 = LINE('',#121,#122);
#121 = CARTESIAN_POINT('',(0.,-87.));
#122 = VECTOR('',#123,1.);
#123 = DIRECTION('',(1.,0.));
#124 = ( GEOMETRIC_REPRESENTATION_CONTEXT(2) 
PARAMETRIC_REPRESENTATION_CONTEXT() REPRESENTATION_CONTEXT('2D SPACE',''
  ) );
#125 = PCURVE('',#126,#131);
#126 = CYLINDRICAL_SURFACE('',#127,3.);
#127 = AXIS2_PLACEMENT_3D('',#128,#129,#130);
#128 = CARTESIAN_POINT('',(-42.,42.,0.));
#129 = DIRECTION('',(0.,0.,1.));
#130 = DIRECTION('',(-1.,-0.,0.));
#131 = DEFINITIONAL_REPRESENTATION('',(#132),#136);
#132 = LINE('',#133,#134);
#133 = CARTESIAN_POINT('',(-0.,0.));
#134 = VECTOR('',#135,1.);
#135 = DIRECTION('',(-0.,1.));
#136 = ( GEOMETRIC_REPRESENTATION_CONTEXT(2) 
PARAMETRIC_REPRESENTATION_CONTEXT() REPRESENTATION_CONTEXT('2D SPACE',''
  ) );
#137 = FACE_BOUND('',#138,.F.);
#138 = EDGE_LOOP('',(#139));
#139 = ORIENTED_EDGE('',*,*,#140,.F.);
#140 = EDGE_CURVE('',#141,#141,#143,.T.);
#141 = VERTEX_POINT('',#142);
#142 = CARTESIAN_POINT('',(-45.,-7.837739514543E-16,2.5));
#143 = SURFACE_CURVE('',#144,(#149,#156),.PCURVE_S1.);
#144 = CIRCLE('',#145,3.2);
#145 = AXIS2_PLACEMENT_3D('',#146,#147,#148);
#146 = CARTESIAN_POINT('',(-45.,0.,5.7));
#147 = DIRECTION('',(1.,0.,2.22044604925E-16));
#148 = DIRECTION('',(2.22044604925E-16,0.,-1.));
#149 = PCURVE('',#32,#150);
#150 = DEFINITIONAL_REPRESENTATION('',(#151),#155);
#151 = CIRCLE('',#152,3.2);
#152 = AXIS2_PLACEMENT_2D('',#153,#154);
#153 = CARTESIAN_POINT('',(5.7,-45.));
#154 = DIRECTION('',(-1.,0.));
#155 = ( GEOMETRIC_REPRESENTATION_CONTEXT(2) 
PARAMETRIC_REPRESENTATION_CONTEXT() REPRESENTATION_CONTEXT('2D SPACE',''
  ) );
#156 = PCURVE('',#157,#162);
#157 = CYLINDRICAL_SURFACE('',#158,3.2);
#158 = AXIS2_PLACEMENT_3D('',#159,#160,#161);
#159 = CARTESIAN_POINT('',(-46.,0.,5.7));
#160 = DIRECTION('',(1.,0.,2.22044604925E-16));
#161 = DIRECTION('',(2.22044604925E-16,0.,-1.));
#162 = DEFINITIONAL_REPRESENTATION('',(#163),#167);
#163 = LINE('',#164,#165);
#164 = CARTESIAN_POINT('',(0.,1.));
#165 = VECTOR('',#166,1.);
#166 = DIRECTION('',(1.,0.));
#167 = ( GEOMETRIC_REPRESENTATION_CONTEXT(2) 
PARAMETRIC_REPRESENTATION_CONTEXT() REPRESENTATION_CONTEXT('2D SPACE',''
  ) );
#168 = ADVANCED_FACE('',(#169,#368,#399,#430,#461,#492),#44,.T.);
#169 = FACE_BOUND('',#170,.T.);
#170 = EDGE_LOOP('',(#171,#172,#196,#224,#253,#281,#314,#342));
#171 = ORIENTED_EDGE('',*,*,#21,.F.);
#172 = ORIENTED_EDGE('',*,*,#173,.T.);
#173 = EDGE_CURVE('',#22,#174,#176,.T.);
#174 = VERTEX_POINT('',#175);
#175 = CARTESIAN_POINT('',(-42.,-45.,14.5));
#176 = SURFACE_CURVE('',#177,(#182,#189),.PCURVE_S1.);
#177 = CIRCLE('',#178,3.);
#178 = AXIS2_PLACEMENT_3D('',#179,#180,#181);
#179 = CARTESIAN_POINT('',(-42.,-42.,14.5));
#180 = DIRECTION('',(0.,0.,1.));
#181 = DIRECTION('',(0.,-1.,0.));
#182 = PCURVE('',#44,#183);
#183 = DEFINITIONAL_REPRESENTATION('',(#184),#188);
#184 = CIRCLE('',#185,3.);
#185 = AXIS2_PLACEMENT_2D('',#186,#187);
#186 = CARTESIAN_POINT('',(3.,3.));
#187 = DIRECTION('',(0.,-1.));
#188 = ( GEOMETRIC_REPRESENTATION_CONTEXT(2) 
PARAMETRIC_REPRESENTATION_CONTEXT() REPRESENTATION_CONTEXT('2D SPACE',''
  ) );
#189 = PCURVE('',#72,#190);
#190 = DEFINITIONAL_REPRESENTATION('',(#191),#195);
#191 = LINE('',#192,#193);
#192 = CARTESIAN_POINT('',(-4.712388980385,14.5));
#193 = VECTOR('',#194,1.);
#194 = DIRECTION('',(1.,0.));
#195 = ( GEOMETRIC_REPRESENTATION_CONTEXT(2) 
PARAMETRIC_REPRESENTATION_CONTEXT() REPRESENTATION_CONTEXT('2D SPACE',''
  ) );
#196 = ORIENTED_EDGE('',*,*,#197,.T.);
#197 = EDGE_CURVE('',#174,#198,#200,.T.);
#198 = VERTEX_POINT('',#199);
#199 = CARTESIAN_POINT('',(42.,-45.,14.5));
#200 = SURFACE_CURVE('',#201,(#205,#212),.PCURVE_S1.);
#201 = LINE('',#202,#203);
#202 = CARTESIAN_POINT('',(-45.,-45.,14.5));
#203 = VECTOR('',#204,1.);
#204 = DIRECTION('',(1.,0.,-0.));
#205 = PCURVE('',#44,#206);
#206 = DEFINITIONAL_REPRESENTATION('',(#207),#211);
#207 = LINE('',#208,#209);
#208 = CARTESIAN_POINT('',(0.,0.));
#209 = VECTOR('',#210,1.);
#210 = DIRECTION('',(1.,0.));
#211 = ( GEOMETRIC_REPRESENTATION_CONTEXT(2) 
PARAMETRIC_REPRESENTATION_CONTEXT() REPRESENTATION_CONTEXT('2D SPACE',''
  ) );
#212 = PCURVE('',#213,#218);
#213 = PLANE('',#214);
#214 = AXIS2_PLACEMENT_3D('',#215,#216,#217);
#215 = CARTESIAN_POINT('',(-45.,-45.,0.));
#216 = DIRECTION('',(-0.,1.,0.));
#217 = DIRECTION('',(0.,0.,1.));
#218 = DEFINITIONAL_REPRESENTATION('',(#219),#223);
#219 = LINE('',#220,#221);
#220 = CARTESIAN_POINT('',(14.5,0.));
#221 = VECTOR('',#222,1.);
#222 = DIRECTION('',(0.,1.));
#223 = ( GEOMETRIC_REPRESENTATION_CONTEXT(2) 
PARAMETRIC_REPRESENTATION_CONTEXT() REPRESENTATION_CONTEXT('2D SPACE',''
  ) );
#224 = ORIENTED_EDGE('',*,*,#225,.T.);
#225 = EDGE_CURVE('',#198,#226,#228,.T.);
#226 = VERTEX_POINT('',#227);
#227 = CARTESIAN_POINT('',(45.,-42.,14.5));
#228 = SURFACE_CURVE('',#229,(#234,#241),.PCURVE_S1.);
#229 = CIRCLE('',#230,3.);
#230 = AXIS2_PLACEMENT_3D('',#231,#232,#233);
#231 = CARTESIAN_POINT('',(42.,-42.,14.5));
#232 = DIRECTION('',(0.,0.,1.));
#233 = DIRECTION('',(0.,-1.,0.));
#234 = PCURVE('',#44,#235);
#235 = DEFINITIONAL_REPRESENTATION('',(#236),#240);
#236 = CIRCLE('',#237,3.);
#237 = AXIS2_PLACEMENT_2D('',#238,#239);
#238 = CARTESIAN_POINT('',(87.,3.));
#239 = DIRECTION('',(0.,-1.));
#240 = ( GEOMETRIC_REPRESENTATION_CONTEXT(2) 
PARAMETRIC_REPRESENTATION_CONTEXT() REPRESENTATION_CONTEXT('2D SPACE',''
  ) );
#241 = PCURVE('',#242,#247);
#242 = CYLINDRICAL_SURFACE('',#243,3.);
#243 = AXIS2_PLACEMENT_3D('',#244,#245,#246);
#244 = CARTESIAN_POINT('',(42.,-42.,0.));
#245 = DIRECTION('',(0.,0.,1.));
#246 = DIRECTION('',(0.,-1.,0.));
#247 = DEFINITIONAL_REPRESENTATION('',(#248),#252);
#248 = LINE('',#249,#250);
#249 = CARTESIAN_POINT('',(0.,14.5));
#250 = VECTOR('',#251,1.);
#251 = DIRECTION('',(1.,0.));
#252 = ( GEOMETRIC_REPRESENTATION_CONTEXT(2) 
PARAMETRIC_REPRESENTATION_CONTEXT() REPRESENTATION_CONTEXT('2D SPACE',''
  ) );
#253 = ORIENTED_EDGE('',*,*,#254,.T.);
#254 = EDGE_CURVE('',#226,#255,#257,.T.);
#255 = VERTEX_POINT('',#256);
#256 = CARTESIAN_POINT('',(45.,42.,14.5));
#257 = SURFACE_CURVE('',#258,(#262,#269),.PCURVE_S1.);
#258 = LINE('',#259,#260);
#259 = CARTESIAN_POINT('',(45.,-45.,14.5));
#260 = VECTOR('',#261,1.);
#261 = DIRECTION('',(-0.,1.,0.));
#262 = PCURVE('',#44,#263);
#263 = DEFINITIONAL_REPRESENTATION('',(#264),#268);
#264 = LINE('',#265,#266);
#265 = CARTESIAN_POINT('',(90.,0.));
#266 = VECTOR('',#267,1.);
#267 = DIRECTION('',(0.,1.));
#268 = ( GEOMETRIC_REPRESENTATION_CONTEXT(2) 
PARAMETRIC_REPRESENTATION_CONTEXT() REPRESENTATION_CONTEXT('2D SPACE',''
  ) );
#269 = PCURVE('',#270,#275);
#270 = PLANE('',#271);
#271 = AXIS2_PLACEMENT_3D('',#272,#273,#274);
#272 = CARTESIAN_POINT('',(45.,-45.,0.));
#273 = DIRECTION('',(1.,0.,-0.));
#274 = DIRECTION('',(0.,0.,1.));
#275 = DEFINITIONAL_REPRESENTATION('',(#276),#280);
#276 = LINE('',#277,#278);
#277 = CARTESIAN_POINT('',(14.5,0.));
#278 = VECTOR('',#279,1.);
#279 = DIRECTION('',(0.,-1.));
#280 = ( GEOMETRIC_REPRESENTATION_CONTEXT(2) 
PARAMETRIC_REPRESENTATION_CONTEXT() REPRESENTATION_CONTEXT('2D SPACE',''
  ) );
#281 = ORIENTED_EDGE('',*,*,#282,.F.);
#282 = EDGE_CURVE('',#283,#255,#285,.T.);
#283 = VERTEX_POINT('',#284);
#284 = CARTESIAN_POINT('',(42.,45.,14.5));
#285 = SURFACE_CURVE('',#286,(#291,#302),.PCURVE_S1.);
#286 = CIRCLE('',#287,3.);
#287 = AXIS2_PLACEMENT_3D('',#288,#289,#290);
#288 = CARTESIAN_POINT('',(42.,42.,14.5));
#289 = DIRECTION('',(-0.,-0.,-1.));
#290 = DIRECTION('',(0.,-1.,0.));
#291 = PCURVE('',#44,#292);
#292 = DEFINITIONAL_REPRESENTATION('',(#293),#301);
#293 = ( BOUNDED_CURVE() B_SPLINE_CURVE(2,(#294,#295,#296,#297,#298,#299
,#300),.UNSPECIFIED.,.T.,.F.) B_SPLINE_CURVE_WITH_KNOTS((1,2,2,2,2,1),(
    -2.094395102393,0.,2.094395102393,4.188790204786,6.28318530718,
8.377580409573),.UNSPECIFIED.) CURVE() GEOMETRIC_REPRESENTATION_ITEM() 
RATIONAL_B_SPLINE_CURVE((1.,0.5,1.,0.5,1.,0.5,1.)) REPRESENTATION_ITEM(
  '') );
#294 = CARTESIAN_POINT('',(87.,84.));
#295 = CARTESIAN_POINT('',(81.803847577293,84.));
#296 = CARTESIAN_POINT('',(84.401923788647,88.5));
#297 = CARTESIAN_POINT('',(87.,93.));
#298 = CARTESIAN_POINT('',(89.598076211353,88.5));
#299 = CARTESIAN_POINT('',(92.196152422707,84.));
#300 = CARTESIAN_POINT('',(87.,84.));
#301 = ( GEOMETRIC_REPRESENTATION_CONTEXT(2) 
PARAMETRIC_REPRESENTATION_CONTEXT() REPRESENTATION_CONTEXT('2D SPACE',''
  ) );
#302 = PCURVE('',#303,#308);
#303 = CYLINDRICAL_SURFACE('',#304,3.);
#304 = AXIS2_PLACEMENT_3D('',#305,#306,#307);
#305 = CARTESIAN_POINT('',(42.,42.,0.));
#306 = DIRECTION('',(0.,0.,1.));
#307 = DIRECTION('',(-0.,1.,0.));
#308 = DEFINITIONAL_REPRESENTATION('',(#309),#313);
#309 = LINE('',#310,#311);
#310 = CARTESIAN_POINT('',(3.14159265359,14.5));
#311 = VECTOR('',#312,1.);
#312 = DIRECTION('',(-1.,0.));
#313 = ( GEOMETRIC_REPRESENTATION_CONTEXT(2) 
PARAMETRIC_REPRESENTATION_CONTEXT() REPRESENTATION_CONTEXT('2D SPACE',''
  ) );
#314 = ORIENTED_EDGE('',*,*,#315,.F.);
#315 = EDGE_CURVE('',#316,#283,#318,.T.);
#316 = VERTEX_POINT('',#317);
#317 = CARTESIAN_POINT('',(-42.,45.,14.5));
#318 = SURFACE_CURVE('',#319,(#323,#330),.PCURVE_S1.);
#319 = LINE('',#320,#321);
#320 = CARTESIAN_POINT('',(-45.,45.,14.5));
#321 = VECTOR('',#322,1.);
#322 = DIRECTION('',(1.,0.,-0.));
#323 = PCURVE('',#44,#324);
#324 = DEFINITIONAL_REPRESENTATION('',(#325),#329);
#325 = LINE('',#326,#327);
#326 = CARTESIAN_POINT('',(0.,90.));
#327 = VECTOR('',#328,1.);
#328 = DIRECTION('',(1.,0.));
#329 = ( GEOMETRIC_REPRESENTATION_CONTEXT(2) 
PARAMETRIC_REPRESENTATION_CONTEXT() REPRESENTATION_CONTEXT('2D SPACE',''
  ) );
#330 = PCURVE('',#331,#336);
#331 = PLANE('',#332);
#332 = AXIS2_PLACEMENT_3D('',#333,#334,#335);
#333 = CARTESIAN_POINT('',(-45.,45.,0.));
#334 = DIRECTION('',(-0.,1.,0.));
#335 = DIRECTION('',(0.,0.,1.));
#336 = DEFINITIONAL_REPRESENTATION('',(#337),#341);
#337 = LINE('',#338,#339);
#338 = CARTESIAN_POINT('',(14.5,0.));
#339 = VECTOR('',#340,1.);
#340 = DIRECTION('',(0.,1.));
#341 = ( GEOMETRIC_REPRESENTATION_CONTEXT(2) 
PARAMETRIC_REPRESENTATION_CONTEXT() REPRESENTATION_CONTEXT('2D SPACE',''
  ) );
#342 = ORIENTED_EDGE('',*,*,#343,.F.);
#343 = EDGE_CURVE('',#24,#316,#344,.T.);
#344 = SURFACE_CURVE('',#345,(#350,#361),.PCURVE_S1.);
#345 = CIRCLE('',#346,3.);
#346 = AXIS2_PLACEMENT_3D('',#347,#348,#349);
#347 = CARTESIAN_POINT('',(-42.,42.,14.5));
#348 = DIRECTION('',(-0.,-0.,-1.));
#349 = DIRECTION('',(0.,-1.,0.));
#350 = PCURVE('',#44,#351);
#351 = DEFINITIONAL_REPRESENTATION('',(#352),#360);
#352 = ( BOUNDED_CURVE() B_SPLINE_CURVE(2,(#353,#354,#355,#356,#357,#358
,#359),.UNSPECIFIED.,.T.,.F.) B_SPLINE_CURVE_WITH_KNOTS((1,2,2,2,2,1),(
    -2.094395102393,0.,2.094395102393,4.188790204786,6.28318530718,
8.377580409573),.UNSPECIFIED.) CURVE() GEOMETRIC_REPRESENTATION_ITEM() 
RATIONAL_B_SPLINE_CURVE((1.,0.5,1.,0.5,1.,0.5,1.)) REPRESENTATION_ITEM(
  '') );
#353 = CARTESIAN_POINT('',(3.,84.));
#354 = CARTESIAN_POINT('',(-2.196152422707,84.));
#355 = CARTESIAN_POINT('',(0.401923788647,88.5));
#356 = CARTESIAN_POINT('',(3.,93.));
#357 = CARTESIAN_POINT('',(5.598076211353,88.5));
#358 = CARTESIAN_POINT('',(8.196152422707,84.));
#359 = CARTESIAN_POINT('',(3.,84.));
#360 = ( GEOMETRIC_REPRESENTATION_CONTEXT(2) 
PARAMETRIC_REPRESENTATION_CONTEXT() REPRESENTATION_CONTEXT('2D SPACE',''
  ) );
#361 = PCURVE('',#126,#362);
#362 = DEFINITIONAL_REPRESENTATION('',(#363),#367);
#363 = LINE('',#364,#365);
#364 = CARTESIAN_POINT('',(1.570796326795,14.5));
#365 = VECTOR('',#366,1.);
#366 = DIRECTION('',(-1.,0.));
#367 = ( GEOMETRIC_REPRESENTATION_CONTEXT(2) 
PARAMETRIC_REPRESENTATION_CONTEXT() REPRESENTATION_CONTEXT('2D SPACE',''
  ) );
#368 = FACE_BOUND('',#369,.T.);
#369 = EDGE_LOOP('',(#370));
#370 = ORIENTED_EDGE('',*,*,#371,.F.);
#371 = EDGE_CURVE('',#372,#372,#374,.T.);
#372 = VERTEX_POINT('',#373);
#373 = CARTESIAN_POINT('',(-30.7,-34.,14.5));
#374 = SURFACE_CURVE('',#375,(#380,#387),.PCURVE_S1.);
#375 = CIRCLE('',#376,3.3);
#376 = AXIS2_PLACEMENT_3D('',#377,#378,#379);
#377 = CARTESIAN_POINT('',(-34.,-34.,14.5));
#378 = DIRECTION('',(0.,0.,1.));
#379 = DIRECTION('',(1.,0.,-0.));
#380 = PCURVE('',#44,#381);
#381 = DEFINITIONAL_REPRESENTATION('',(#382),#386);
#382 = CIRCLE('',#383,3.3);
#383 = AXIS2_PLACEMENT_2D('',#384,#385);
#384 = CARTESIAN_POINT('',(11.,11.));
#385 = DIRECTION('',(1.,0.));
#386 = ( GEOMETRIC_REPRESENTATION_CONTEXT(2) 
PARAMETRIC_REPRESENTATION_CONTEXT() REPRESENTATION_CONTEXT('2D SPACE',''
  ) );
#387 = PCURVE('',#388,#393);
#388 = CYLINDRICAL_SURFACE('',#389,3.3);
#389 = AXIS2_PLACEMENT_3D('',#390,#391,#392);
#390 = CARTESIAN_POINT('',(-34.,-34.,-1.));
#391 = DIRECTION('',(0.,0.,1.));
#392 = DIRECTION('',(1.,0.,-0.));
#393 = DEFINITIONAL_REPRESENTATION('',(#394),#398);
#394 = LINE('',#395,#396);
#395 = CARTESIAN_POINT('',(0.,15.5));
#396 = VECTOR('',#397,1.);
#397 = DIRECTION('',(1.,0.));
#398 = ( GEOMETRIC_REPRESENTATION_CONTEXT(2) 
PARAMETRIC_REPRESENTATION_CONTEXT() REPRESENTATION_CONTEXT('2D SPACE',''
  ) );
#399 = FACE_BOUND('',#400,.T.);
#400 = EDGE_LOOP('',(#401));
#401 = ORIENTED_EDGE('',*,*,#402,.F.);
#402 = EDGE_CURVE('',#403,#403,#405,.T.);
#403 = VERTEX_POINT('',#404);
#404 = CARTESIAN_POINT('',(32.,-7.837739514543E-15,14.5));
#405 = SURFACE_CURVE('',#406,(#411,#418),.PCURVE_S1.);
#406 = CIRCLE('',#407,32.);
#407 = AXIS2_PLACEMENT_3D('',#408,#409,#410);
#408 = CARTESIAN_POINT('',(0.,0.,14.5));
#409 = DIRECTION('',(0.,0.,1.));
#410 = DIRECTION('',(1.,0.,-0.));
#411 = PCURVE('',#44,#412);
#412 = DEFINITIONAL_REPRESENTATION('',(#413),#417);
#413 = CIRCLE('',#414,32.);
#414 = AXIS2_PLACEMENT_2D('',#415,#416);
#415 = CARTESIAN_POINT('',(45.,45.));
#416 = DIRECTION('',(1.,0.));
#417 = ( GEOMETRIC_REPRESENTATION_CONTEXT(2) 
PARAMETRIC_REPRESENTATION_CONTEXT() REPRESENTATION_CONTEXT('2D SPACE',''
  ) );
#418 = PCURVE('',#419,#424);
#419 = CYLINDRICAL_SURFACE('',#420,32.);
#420 = AXIS2_PLACEMENT_3D('',#421,#422,#423);
#421 = CARTESIAN_POINT('',(0.,0.,8.5));
#422 = DIRECTION('',(0.,0.,1.));
#423 = DIRECTION('',(1.,0.,-0.));
#424 = DEFINITIONAL_REPRESENTATION('',(#425),#429);
#425 = LINE('',#426,#427);
#426 = CARTESIAN_POINT('',(0.,6.));
#427 = VECTOR('',#428,1.);
#428 = DIRECTION('',(1.,0.));
#429 = ( GEOMETRIC_REPRESENTATION_CONTEXT(2) 
PARAMETRIC_REPRESENTATION_CONTEXT() REPRESENTATION_CONTEXT('2D SPACE',''
  ) );
#430 = FACE_BOUND('',#431,.T.);
#431 = EDGE_LOOP('',(#432));
#432 = ORIENTED_EDGE('',*,*,#433,.F.);
#433 = EDGE_CURVE('',#434,#434,#436,.T.);
#434 = VERTEX_POINT('',#435);
#435 = CARTESIAN_POINT('',(37.3,-34.,14.5));
#436 = SURFACE_CURVE('',#437,(#442,#449),.PCURVE_S1.);
#437 = CIRCLE('',#438,3.3);
#438 = AXIS2_PLACEMENT_3D('',#439,#440,#441);
#439 = CARTESIAN_POINT('',(34.,-34.,14.5));
#440 = DIRECTION('',(0.,0.,1.));
#441 = DIRECTION('',(1.,0.,-0.));
#442 = PCURVE('',#44,#443);
#443 = DEFINITIONAL_REPRESENTATION('',(#444),#448);
#444 = CIRCLE('',#445,3.3);
#445 = AXIS2_PLACEMENT_2D('',#446,#447);
#446 = CARTESIAN_POINT('',(79.,11.));
#447 = DIRECTION('',(1.,0.));
#448 = ( GEOMETRIC_REPRESENTATION_CONTEXT(2) 
PARAMETRIC_REPRESENTATION_CONTEXT() REPRESENTATION_CONTEXT('2D SPACE',''
  ) );
#449 = PCURVE('',#450,#455);
#450 = CYLINDRICAL_SURFACE('',#451,3.3);
#451 = AXIS2_PLACEMENT_3D('',#452,#453,#454);
#452 = CARTESIAN_POINT('',(34.,-34.,-1.));
#453 = DIRECTION('',(0.,0.,1.));
#454 = DIRECTION('',(1.,0.,-0.));
#455 = DEFINITIONAL_REPRESENTATION('',(#456),#460);
#456 = LINE('',#457,#458);
#457 = CARTESIAN_POINT('',(0.,15.5));
#458 = VECTOR('',#459,1.);
#459 = DIRECTION('',(1.,0.));
#460 = ( GEOMETRIC_REPRESENTATION_CONTEXT(2) 
PARAMETRIC_REPRESENTATION_CONTEXT() REPRESENTATION_CONTEXT('2D SPACE',''
  ) );
#461 = FACE_BOUND('',#462,.T.);
#462 = EDGE_LOOP('',(#463));
#463 = ORIENTED_EDGE('',*,*,#464,.F.);
#464 = EDGE_CURVE('',#465,#465,#467,.T.);
#465 = VERTEX_POINT('',#466);
#466 = CARTESIAN_POINT('',(-30.7,34.,14.5));
#467 = SURFACE_CURVE('',#468,(#473,#480),.PCURVE_S1.);
#468 = CIRCLE('',#469,3.3);
#469 = AXIS2_PLACEMENT_3D('',#470,#471,#472);
#470 = CARTESIAN_POINT('',(-34.,34.,14.5));
#471 = DIRECTION('',(0.,0.,1.));
#472 = DIRECTION('',(1.,0.,-0.));
#473 = PCURVE('',#44,#474);
#474 = DEFINITIONAL_REPRESENTATION('',(#475),#479);
#475 = CIRCLE('',#476,3.3);
#476 = AXIS2_PLACEMENT_2D('',#477,#478);
#477 = CARTESIAN_POINT('',(11.,79.));
#478 = DIRECTION('',(1.,0.));
#479 = ( GEOMETRIC_REPRESENTATION_CONTEXT(2) 
PARAMETRIC_REPRESENTATION_CONTEXT() REPRESENTATION_CONTEXT('2D SPACE',''
  ) );
#480 = PCURVE('',#481,#486);
#481 = CYLINDRICAL_SURFACE('',#482,3.3);
#482 = AXIS2_PLACEMENT_3D('',#483,#484,#485);
#483 = CARTESIAN_POINT('',(-34.,34.,-1.));
#484 = DIRECTION('',(0.,0.,1.));
#485 = DIRECTION('',(1.,0.,-0.));
#486 = DEFINITIONAL_REPRESENTATION('',(#487),#491);
#487 = LINE('',#488,#489);
#488 = CARTESIAN_POINT('',(0.,15.5));
#489 = VECTOR('',#490,1.);
#490 = DIRECTION('',(1.,0.));
#491 = ( GEOMETRIC_REPRESENTATION_CONTEXT(2) 
PARAMETRIC_REPRESENTATION_CONTEXT() REPRESENTATION_CONTEXT('2D SPACE',''
  ) );
#492 = FACE_BOUND('',#493,.T.);
#493 = EDGE_LOOP('',(#494));
#494 = ORIENTED_EDGE('',*,*,#495,.F.);
#495 = EDGE_CURVE('',#496,#496,#498,.T.);
#496 = VERTEX_POINT('',#497);
#497 = CARTESIAN_POINT('',(37.3,34.,14.5));
#498 = SURFACE_CURVE('',#499,(#504,#511),.PCURVE_S1.);
#499 = CIRCLE('',#500,3.3);
#500 = AXIS2_PLACEMENT_3D('',#501,#502,#503);
#501 = CARTESIAN_POINT('',(34.,34.,14.5));
#502 = DIRECTION('',(0.,0.,1.));
#503 = DIRECTION('',(1.,0.,-0.));
#504 = PCURVE('',#44,#505);
#505 = DEFINITIONAL_REPRESENTATION('',(#506),#510);
#506 = CIRCLE('',#507,3.3);
#507 = AXIS2_PLACEMENT_2D('',#508,#509);
#508 = CARTESIAN_POINT('',(79.,79.));
#509 = DIRECTION('',(1.,0.));
#510 = ( GEOMETRIC_REPRESENTATION_CONTEXT(2) 
PARAMETRIC_REPRESENTATION_CONTEXT() REPRESENTATION_CONTEXT('2D SPACE',''
  ) );
#511 = PCURVE('',#512,#517);
#512 = CYLINDRICAL_SURFACE('',#513,3.3);
#513 = AXIS2_PLACEMENT_3D('',#514,#515,#516);
#514 = CARTESIAN_POINT('',(34.,34.,-1.));
#515 = DIRECTION('',(0.,0.,1.));
#516 = DIRECTION('',(1.,0.,-0.));
#517 = DEFINITIONAL_REPRESENTATION('',(#518),#522);
#518 = LINE('',#519,#520);
#519 = CARTESIAN_POINT('',(0.,15.5));
#520 = VECTOR('',#521,1.);
#521 = DIRECTION('',(1.,0.));
#522 = ( GEOMETRIC_REPRESENTATION_CONTEXT(2) 
PARAMETRIC_REPRESENTATION_CONTEXT() REPRESENTATION_CONTEXT('2D SPACE',''
  ) );
#523 = ADVANCED_FACE('',(#524),#72,.T.);
#524 = FACE_BOUND('',#525,.T.);
#525 = EDGE_LOOP('',(#526,#550,#571,#572));
#526 = ORIENTED_EDGE('',*,*,#527,.T.);
#527 = EDGE_CURVE('',#57,#528,#530,.T.);
#528 = VERTEX_POINT('',#529);
#529 = CARTESIAN_POINT('',(-42.,-45.,0.));
#530 = SURFACE_CURVE('',#531,(#536,#543),.PCURVE_S1.);
#531 = CIRCLE('',#532,3.);
#532 = AXIS2_PLACEMENT_3D('',#533,#534,#535);
#533 = CARTESIAN_POINT('',(-42.,-42.,0.));
#534 = DIRECTION('',(0.,0.,1.));
#535 = DIRECTION('',(0.,-1.,0.));
#536 = PCURVE('',#72,#537);
#537 = DEFINITIONAL_REPRESENTATION('',(#538),#542);
#538 = LINE('',#539,#540);
#539 = CARTESIAN_POINT('',(-4.712388980385,0.));
#540 = VECTOR('',#541,1.);
#541 = DIRECTION('',(1.,0.));
#542 = ( GEOMETRIC_REPRESENTATION_CONTEXT(2) 
PARAMETRIC_REPRESENTATION_CONTEXT() REPRESENTATION_CONTEXT('2D SPACE',''
  ) );
#543 = PCURVE('',#100,#544);
#544 = DEFINITIONAL_REPRESENTATION('',(#545),#549);
#545 = CIRCLE('',#546,3.);
#546 = AXIS2_PLACEMENT_2D('',#547,#548);
#547 = CARTESIAN_POINT('',(3.,3.));
#548 = DIRECTION('',(0.,-1.));
#549 = ( GEOMETRIC_REPRESENTATION_CONTEXT(2) 
PARAMETRIC_REPRESENTATION_CONTEXT() REPRESENTATION_CONTEXT('2D SPACE',''
  ) );
#550 = ORIENTED_EDGE('',*,*,#551,.T.);
#551 = EDGE_CURVE('',#528,#174,#552,.T.);
#552 = SURFACE_CURVE('',#553,(#557,#564),.PCURVE_S1.);
#553 = LINE('',#554,#555);
#554 = CARTESIAN_POINT('',(-42.,-45.,0.));
#555 = VECTOR('',#556,1.);
#556 = DIRECTION('',(0.,0.,1.));
#557 = PCURVE('',#72,#558);
#558 = DEFINITIONAL_REPRESENTATION('',(#559),#563);
#559 = LINE('',#560,#561);
#560 = CARTESIAN_POINT('',(1.570796326795,0.));
#561 = VECTOR('',#562,1.);
#562 = DIRECTION('',(0.,1.));
#563 = ( GEOMETRIC_REPRESENTATION_CONTEXT(2) 
PARAMETRIC_REPRESENTATION_CONTEXT() REPRESENTATION_CONTEXT('2D SPACE',''
  ) );
#564 = PCURVE('',#213,#565);
#565 = DEFINITIONAL_REPRESENTATION('',(#566),#570);
#566 = LINE('',#567,#568);
#567 = CARTESIAN_POINT('',(0.,3.));
#568 = VECTOR('',#569,1.);
#569 = DIRECTION('',(1.,0.));
#570 = ( GEOMETRIC_REPRESENTATION_CONTEXT(2) 
PARAMETRIC_REPRESENTATION_CONTEXT() REPRESENTATION_CONTEXT('2D SPACE',''
  ) );
#571 = ORIENTED_EDGE('',*,*,#173,.F.);
#572 = ORIENTED_EDGE('',*,*,#56,.F.);
#573 = ADVANCED_FACE('',(#574),#126,.T.);
#574 = FACE_BOUND('',#575,.F.);
#575 = EDGE_LOOP('',(#576,#604,#625,#626));
#576 = ORIENTED_EDGE('',*,*,#577,.T.);
#577 = EDGE_CURVE('',#85,#578,#580,.T.);
#578 = VERTEX_POINT('',#579);
#579 = CARTESIAN_POINT('',(-42.,45.,0.));
#580 = SURFACE_CURVE('',#581,(#586,#593),.PCURVE_S1.);
#581 = CIRCLE('',#582,3.);
#582 = AXIS2_PLACEMENT_3D('',#583,#584,#585);
#583 = CARTESIAN_POINT('',(-42.,42.,0.));
#584 = DIRECTION('',(-0.,-0.,-1.));
#585 = DIRECTION('',(0.,-1.,0.));
#586 = PCURVE('',#126,#587);
#587 = DEFINITIONAL_REPRESENTATION('',(#588),#592);
#588 = LINE('',#589,#590);
#589 = CARTESIAN_POINT('',(1.570796326795,-0.));
#590 = VECTOR('',#591,1.);
#591 = DIRECTION('',(-1.,0.));
#592 = ( GEOMETRIC_REPRESENTATION_CONTEXT(2) 
PARAMETRIC_REPRESENTATION_CONTEXT() REPRESENTATION_CONTEXT('2D SPACE',''
  ) );
#593 = PCURVE('',#100,#594);
#594 = DEFINITIONAL_REPRESENTATION('',(#595),#603);
#595 = ( BOUNDED_CURVE() B_SPLINE_CURVE(2,(#596,#597,#598,#599,#600,#601
,#602),.UNSPECIFIED.,.T.,.F.) B_SPLINE_CURVE_WITH_KNOTS((1,2,2,2,2,1),(
    -2.094395102393,0.,2.094395102393,4.188790204786,6.28318530718,
8.377580409573),.UNSPECIFIED.) CURVE() GEOMETRIC_REPRESENTATION_ITEM() 
RATIONAL_B_SPLINE_CURVE((1.,0.5,1.,0.5,1.,0.5,1.)) REPRESENTATION_ITEM(
  '') );
#596 = CARTESIAN_POINT('',(3.,84.));
#597 = CARTESIAN_POINT('',(-2.196152422707,84.));
#598 = CARTESIAN_POINT('',(0.401923788647,88.5));
#599 = CARTESIAN_POINT('',(3.,93.));
#600 = CARTESIAN_POINT('',(5.598076211353,88.5));
#601 = CARTESIAN_POINT('',(8.196152422707,84.));
#602 = CARTESIAN_POINT('',(3.,84.));
#603 = ( GEOMETRIC_REPRESENTATION_CONTEXT(2) 
PARAMETRIC_REPRESENTATION_CONTEXT() REPRESENTATION_CONTEXT('2D SPACE',''
  ) );
#604 = ORIENTED_EDGE('',*,*,#605,.T.);
#605 = EDGE_CURVE('',#578,#316,#606,.T.);
#606 = SURFACE_CURVE('',#607,(#611,#618),.PCURVE_S1.);
#607 = LINE('',#608,#609);
#608 = CARTESIAN_POINT('',(-42.,45.,0.));
#609 = VECTOR('',#610,1.);
#610 = DIRECTION('',(0.,0.,1.));
#611 = PCURVE('',#126,#612);
#612 = DEFINITIONAL_REPRESENTATION('',(#613),#617);
#613 = LINE('',#614,#615);
#614 = CARTESIAN_POINT('',(-1.570796326795,0.));
#615 = VECTOR('',#616,1.);
#616 = DIRECTION('',(-0.,1.));
#617 = ( GEOMETRIC_REPRESENTATION_CONTEXT(2) 
PARAMETRIC_REPRESENTATION_CONTEXT() REPRESENTATION_CONTEXT('2D SPACE',''
  ) );
#618 = PCURVE('',#331,#619);
#619 = DEFINITIONAL_REPRESENTATION('',(#620),#624);
#620 = LINE('',#621,#622);
#621 = CARTESIAN_POINT('',(0.,3.));
#622 = VECTOR('',#623,1.);
#623 = DIRECTION('',(1.,0.));
#624 = ( GEOMETRIC_REPRESENTATION_CONTEXT(2) 
PARAMETRIC_REPRESENTATION_CONTEXT() REPRESENTATION_CONTEXT('2D SPACE',''
  ) );
#625 = ORIENTED_EDGE('',*,*,#343,.F.);
#626 = ORIENTED_EDGE('',*,*,#112,.F.);
#627 = ADVANCED_FACE('',(#628,#752,#778,#809,#835,#861),#100,.F.);
#628 = FACE_BOUND('',#629,.F.);
#629 = EDGE_LOOP('',(#630,#631,#632,#655,#679,#702,#730,#751));
#630 = ORIENTED_EDGE('',*,*,#84,.F.);
#631 = ORIENTED_EDGE('',*,*,#527,.T.);
#632 = ORIENTED_EDGE('',*,*,#633,.T.);
#633 = EDGE_CURVE('',#528,#634,#636,.T.);
#634 = VERTEX_POINT('',#635);
#635 = CARTESIAN_POINT('',(42.,-45.,0.));
#636 = SURFACE_CURVE('',#637,(#641,#648),.PCURVE_S1.);
#637 = LINE('',#638,#639);
#638 = CARTESIAN_POINT('',(-45.,-45.,0.));
#639 = VECTOR('',#640,1.);
#640 = DIRECTION('',(1.,0.,-0.));
#641 = PCURVE('',#100,#642);
#642 = DEFINITIONAL_REPRESENTATION('',(#643),#647);
#643 = LINE('',#644,#645);
#644 = CARTESIAN_POINT('',(0.,0.));
#645 = VECTOR('',#646,1.);
#646 = DIRECTION('',(1.,0.));
#647 = ( GEOMETRIC_REPRESENTATION_CONTEXT(2) 
PARAMETRIC_REPRESENTATION_CONTEXT() REPRESENTATION_CONTEXT('2D SPACE',''
  ) );
#648 = PCURVE('',#213,#649);
#649 = DEFINITIONAL_REPRESENTATION('',(#650),#654);
#650 = LINE('',#651,#652);
#651 = CARTESIAN_POINT('',(0.,0.));
#652 = VECTOR('',#653,1.);
#653 = DIRECTION('',(0.,1.));
#654 = ( GEOMETRIC_REPRESENTATION_CONTEXT(2) 
PARAMETRIC_REPRESENTATION_CONTEXT() REPRESENTATION_CONTEXT('2D SPACE',''
  ) );
#655 = ORIENTED_EDGE('',*,*,#656,.T.);
#656 = EDGE_CURVE('',#634,#657,#659,.T.);
#657 = VERTEX_POINT('',#658);
#658 = CARTESIAN_POINT('',(45.,-42.,0.));
#659 = SURFACE_CURVE('',#660,(#665,#672),.PCURVE_S1.);
#660 = CIRCLE('',#661,3.);
#661 = AXIS2_PLACEMENT_3D('',#662,#663,#664);
#662 = CARTESIAN_POINT('',(42.,-42.,0.));
#663 = DIRECTION('',(0.,0.,1.));
#664 = DIRECTION('',(0.,-1.,0.));
#665 = PCURVE('',#100,#666);
#666 = DEFINITIONAL_REPRESENTATION('',(#667),#671);
#667 = CIRCLE('',#668,3.);
#668 = AXIS2_PLACEMENT_2D('',#669,#670);
#669 = CARTESIAN_POINT('',(87.,3.));
#670 = DIRECTION('',(0.,-1.));
#671 = ( GEOMETRIC_REPRESENTATION_CONTEXT(2) 
PARAMETRIC_REPRESENTATION_CONTEXT() REPRESENTATION_CONTEXT('2D SPACE',''
  ) );
#672 = PCURVE('',#242,#673);
#673 = DEFINITIONAL_REPRESENTATION('',(#674),#678);
#674 = LINE('',#675,#676);
#675 = CARTESIAN_POINT('',(0.,0.));
#676 = VECTOR('',#677,1.);
#677 = DIRECTION('',(1.,0.));
#678 = ( GEOMETRIC_REPRESENTATION_CONTEXT(2) 
PARAMETRIC_REPRESENTATION_CONTEXT() REPRESENTATION_CONTEXT('2D SPACE',''
  ) );
#679 = ORIENTED_EDGE('',*,*,#680,.T.);
#680 = EDGE_CURVE('',#657,#681,#683,.T.);
#681 = VERTEX_POINT('',#682);
#682 = CARTESIAN_POINT('',(45.,42.,0.));
#683 = SURFACE_CURVE('',#684,(#688,#695),.PCURVE_S1.);
#684 = LINE('',#685,#686);
#685 = CARTESIAN_POINT('',(45.,-45.,0.));
#686 = VECTOR('',#687,1.);
#687 = DIRECTION('',(-0.,1.,0.));
#688 = PCURVE('',#100,#689);
#689 = DEFINITIONAL_REPRESENTATION('',(#690),#694);
#690 = LINE('',#691,#692);
#691 = CARTESIAN_POINT('',(90.,0.));
#692 = VECTOR('',#693,1.);
#693 = DIRECTION('',(0.,1.));
#694 = ( GEOMETRIC_REPRESENTATION_CONTEXT(2) 
PARAMETRIC_REPRESENTATION_CONTEXT() REPRESENTATION_CONTEXT('2D SPACE',''
  ) );
#695 = PCURVE('',#270,#696);
#696 = DEFINITIONAL_REPRESENTATION('',(#697),#701);
#697 = LINE('',#698,#699);
#698 = CARTESIAN_POINT('',(0.,0.));
#699 = VECTOR('',#700,1.);
#700 = DIRECTION('',(0.,-1.));
#701 = ( GEOMETRIC_REPRESENTATION_CONTEXT(2) 
PARAMETRIC_REPRESENTATION_CONTEXT() REPRESENTATION_CONTEXT('2D SPACE',''
  ) );
#702 = ORIENTED_EDGE('',*,*,#703,.F.);
#703 = EDGE_CURVE('',#704,#681,#706,.T.);
#704 = VERTEX_POINT('',#705);
#705 = CARTESIAN_POINT('',(42.,45.,0.));
#706 = SURFACE_CURVE('',#707,(#712,#723),.PCURVE_S1.);
#707 = CIRCLE('',#708,3.);
#708 = AXIS2_PLACEMENT_3D('',#709,#710,#711);
#709 = CARTESIAN_POINT('',(42.,42.,0.));
#710 = DIRECTION('',(-0.,-0.,-1.));
#711 = DIRECTION('',(0.,-1.,0.));
#712 = PCURVE('',#100,#713);
#713 = DEFINITIONAL_REPRESENTATION('',(#714),#722);
#714 = ( BOUNDED_CURVE() B_SPLINE_CURVE(2,(#715,#716,#717,#718,#719,#720
,#721),.UNSPECIFIED.,.T.,.F.) B_SPLINE_CURVE_WITH_KNOTS((1,2,2,2,2,1),(
    -2.094395102393,0.,2.094395102393,4.188790204786,6.28318530718,
8.377580409573),.UNSPECIFIED.) CURVE() GEOMETRIC_REPRESENTATION_ITEM() 
RATIONAL_B_SPLINE_CURVE((1.,0.5,1.,0.5,1.,0.5,1.)) REPRESENTATION_ITEM(
  '') );
#715 = CARTESIAN_POINT('',(87.,84.));
#716 = CARTESIAN_POINT('',(81.803847577293,84.));
#717 = CARTESIAN_POINT('',(84.401923788647,88.5));
#718 = CARTESIAN_POINT('',(87.,93.));
#719 = CARTESIAN_POINT('',(89.598076211353,88.5));
#720 = CARTESIAN_POINT('',(92.196152422707,84.));
#721 = CARTESIAN_POINT('',(87.,84.));
#722 = ( GEOMETRIC_REPRESENTATION_CONTEXT(2) 
PARAMETRIC_REPRESENTATION_CONTEXT() REPRESENTATION_CONTEXT('2D SPACE',''
  ) );
#723 = PCURVE('',#303,#724);
#724 = DEFINITIONAL_REPRESENTATION('',(#725),#729);
#725 = LINE('',#726,#727);
#726 = CARTESIAN_POINT('',(3.14159265359,-0.));
#727 = VECTOR('',#728,1.);
#728 = DIRECTION('',(-1.,0.));
#729 = ( GEOMETRIC_REPRESENTATION_CONTEXT(2) 
PARAMETRIC_REPRESENTATION_CONTEXT() REPRESENTATION_CONTEXT('2D SPACE',''
  ) );
#730 = ORIENTED_EDGE('',*,*,#731,.F.);
#731 = EDGE_CURVE('',#578,#704,#732,.T.);
#732 = SURFACE_CURVE('',#733,(#737,#744),.PCURVE_S1.);
#733 = LINE('',#734,#735);
#734 = CARTESIAN_POINT('',(-45.,45.,0.));
#735 = VECTOR('',#736,1.);
#736 = DIRECTION('',(1.,0.,-0.));
#737 = PCURVE('',#100,#738);
#738 = DEFINITIONAL_REPRESENTATION('',(#739),#743);
#739 = LINE('',#740,#741);
#740 = CARTESIAN_POINT('',(0.,90.));
#741 = VECTOR('',#742,1.);
#742 = DIRECTION('',(1.,0.));
#743 = ( GEOMETRIC_REPRESENTATION_CONTEXT(2) 
PARAMETRIC_REPRESENTATION_CONTEXT() REPRESENTATION_CONTEXT('2D SPACE',''
  ) );
#744 = PCURVE('',#331,#745);
#745 = DEFINITIONAL_REPRESENTATION('',(#746),#750);
#746 = LINE('',#747,#748);
#747 = CARTESIAN_POINT('',(0.,0.));
#748 = VECTOR('',#749,1.);
#749 = DIRECTION('',(0.,1.));
#750 = ( GEOMETRIC_REPRESENTATION_CONTEXT(2) 
PARAMETRIC_REPRESENTATION_CONTEXT() REPRESENTATION_CONTEXT('2D SPACE',''
  ) );
#751 = ORIENTED_EDGE('',*,*,#577,.F.);
#752 = FACE_BOUND('',#753,.F.);
#753 = EDGE_LOOP('',(#754));
#754 = ORIENTED_EDGE('',*,*,#755,.F.);
#755 = EDGE_CURVE('',#756,#756,#758,.T.);
#756 = VERTEX_POINT('',#757);
#757 = CARTESIAN_POINT('',(-30.7,-34.,0.));
#758 = SURFACE_CURVE('',#759,(#764,#771),.PCURVE_S1.);
#759 = CIRCLE('',#760,3.3);
#760 = AXIS2_PLACEMENT_3D('',#761,#762,#763);
#761 = CARTESIAN_POINT('',(-34.,-34.,0.));
#762 = DIRECTION('',(0.,0.,1.));
#763 = DIRECTION('',(1.,0.,-0.));
#764 = PCURVE('',#100,#765);
#765 = DEFINITIONAL_REPRESENTATION('',(#766),#770);
#766 = CIRCLE('',#767,3.3);
#767 = AXIS2_PLACEMENT_2D('',#768,#769);
#768 = CARTESIAN_POINT('',(11.,11.));
#769 = DIRECTION('',(1.,0.));
#770 = ( GEOMETRIC_REPRESENTATION_CONTEXT(2) 
PARAMETRIC_REPRESENTATION_CONTEXT() REPRESENTATION_CONTEXT('2D SPACE',''
  ) );
#771 = PCURVE('',#388,#772);
#772 = DEFINITIONAL_REPRESENTATION('',(#773),#777);
#773 = LINE('',#774,#775);
#774 = CARTESIAN_POINT('',(0.,1.));
#775 = VECTOR('',#776,1.);
#776 = DIRECTION('',(1.,0.));
#777 = ( GEOMETRIC_REPRESENTATION_CONTEXT(2) 
PARAMETRIC_REPRESENTATION_CONTEXT() REPRESENTATION_CONTEXT('2D SPACE',''
  ) );
#778 = FACE_BOUND('',#779,.F.);
#779 = EDGE_LOOP('',(#780));
#780 = ORIENTED_EDGE('',*,*,#781,.F.);
#781 = EDGE_CURVE('',#782,#782,#784,.T.);
#782 = VERTEX_POINT('',#783);
#783 = CARTESIAN_POINT('',(29.703,-7.275136775015E-15,0.));
#784 = SURFACE_CURVE('',#785,(#790,#797),.PCURVE_S1.);
#785 = CIRCLE('',#786,29.703);
#786 = AXIS2_PLACEMENT_3D('',#787,#788,#789);
#787 = CARTESIAN_POINT('',(0.,0.,0.));
#788 = DIRECTION('',(0.,0.,1.));
#789 = DIRECTION('',(1.,0.,-0.));
#790 = PCURVE('',#100,#791);
#791 = DEFINITIONAL_REPRESENTATION('',(#792),#796);
#792 = CIRCLE('',#793,29.703);
#793 = AXIS2_PLACEMENT_2D('',#794,#795);
#794 = CARTESIAN_POINT('',(45.,45.));
#795 = DIRECTION('',(1.,0.));
#796 = ( GEOMETRIC_REPRESENTATION_CONTEXT(2) 
PARAMETRIC_REPRESENTATION_CONTEXT() REPRESENTATION_CONTEXT('2D SPACE',''
  ) );
#797 = PCURVE('',#798,#803);
#798 = CYLINDRICAL_SURFACE('',#799,29.703);
#799 = AXIS2_PLACEMENT_3D('',#800,#801,#802);
#800 = CARTESIAN_POINT('',(0.,0.,0.));
#801 = DIRECTION('',(0.,0.,1.));
#802 = DIRECTION('',(1.,0.,-0.));
#803 = DEFINITIONAL_REPRESENTATION('',(#804),#808);
#804 = LINE('',#805,#806);
#805 = CARTESIAN_POINT('',(0.,0.));
#806 = VECTOR('',#807,1.);
#807 = DIRECTION('',(1.,0.));
#808 = ( GEOMETRIC_REPRESENTATION_CONTEXT(2) 
PARAMETRIC_REPRESENTATION_CONTEXT() REPRESENTATION_CONTEXT('2D SPACE',''
  ) );
#809 = FACE_BOUND('',#810,.F.);
#810 = EDGE_LOOP('',(#811));
#811 = ORIENTED_EDGE('',*,*,#812,.F.);
#812 = EDGE_CURVE('',#813,#813,#815,.T.);
#813 = VERTEX_POINT('',#814);
#814 = CARTESIAN_POINT('',(37.3,-34.,0.));
#815 = SURFACE_CURVE('',#816,(#821,#828),.PCURVE_S1.);
#816 = CIRCLE('',#817,3.3);
#817 = AXIS2_PLACEMENT_3D('',#818,#819,#820);
#818 = CARTESIAN_POINT('',(34.,-34.,0.));
#819 = DIRECTION('',(0.,0.,1.));
#820 = DIRECTION('',(1.,0.,-0.));
#821 = PCURVE('',#100,#822);
#822 = DEFINITIONAL_REPRESENTATION('',(#823),#827);
#823 = CIRCLE('',#824,3.3);
#824 = AXIS2_PLACEMENT_2D('',#825,#826);
#825 = CARTESIAN_POINT('',(79.,11.));
#826 = DIRECTION('',(1.,0.));
#827 = ( GEOMETRIC_REPRESENTATION_CONTEXT(2) 
PARAMETRIC_REPRESENTATION_CONTEXT() REPRESENTATION_CONTEXT('2D SPACE',''
  ) );
#828 = PCURVE('',#450,#829);
#829 = DEFINITIONAL_REPRESENTATION('',(#830),#834);
#830 = LINE('',#831,#832);
#831 = CARTESIAN_POINT('',(0.,1.));
#832 = VECTOR('',#833,1.);
#833 = DIRECTION('',(1.,0.));
#834 = ( GEOMETRIC_REPRESENTATION_CONTEXT(2) 
PARAMETRIC_REPRESENTATION_CONTEXT() REPRESENTATION_CONTEXT('2D SPACE',''
  ) );
#835 = FACE_BOUND('',#836,.F.);
#836 = EDGE_LOOP('',(#837));
#837 = ORIENTED_EDGE('',*,*,#838,.F.);
#838 = EDGE_CURVE('',#839,#839,#841,.T.);
#839 = VERTEX_POINT('',#840);
#840 = CARTESIAN_POINT('',(-30.7,34.,0.));
#841 = SURFACE_CURVE('',#842,(#847,#854),.PCURVE_S1.);
#842 = CIRCLE('',#843,3.3);
#843 = AXIS2_PLACEMENT_3D('',#844,#845,#846);
#844 = CARTESIAN_POINT('',(-34.,34.,0.));
#845 = DIRECTION('',(0.,0.,1.));
#846 = DIRECTION('',(1.,0.,-0.));
#847 = PCURVE('',#100,#848);
#848 = DEFINITIONAL_REPRESENTATION('',(#849),#853);
#849 = CIRCLE('',#850,3.3);
#850 = AXIS2_PLACEMENT_2D('',#851,#852);
#851 = CARTESIAN_POINT('',(11.,79.));
#852 = DIRECTION('',(1.,0.));
#853 = ( GEOMETRIC_REPRESENTATION_CONTEXT(2) 
PARAMETRIC_REPRESENTATION_CONTEXT() REPRESENTATION_CONTEXT('2D SPACE',''
  ) );
#854 = PCURVE('',#481,#855);
#855 = DEFINITIONAL_REPRESENTATION('',(#856),#860);
#856 = LINE('',#857,#858);
#857 = CARTESIAN_POINT('',(0.,1.));
#858 = VECTOR('',#859,1.);
#859 = DIRECTION('',(1.,0.));
#860 = ( GEOMETRIC_REPRESENTATION_CONTEXT(2) 
PARAMETRIC_REPRESENTATION_CONTEXT() REPRESENTATION_CONTEXT('2D SPACE',''
  ) );
#861 = FACE_BOUND('',#862,.F.);
#862 = EDGE_LOOP('',(#863));
#863 = ORIENTED_EDGE('',*,*,#864,.F.);
#864 = EDGE_CURVE('',#865,#865,#867,.T.);
#865 = VERTEX_POINT('',#866);
#866 = CARTESIAN_POINT('',(37.3,34.,0.));
#867 = SURFACE_CURVE('',#868,(#873,#880),.PCURVE_S1.);
#868 = CIRCLE('',#869,3.3);
#869 = AXIS2_PLACEMENT_3D('',#870,#871,#872);
#870 = CARTESIAN_POINT('',(34.,34.,0.));
#871 = DIRECTION('',(0.,0.,1.));
#872 = DIRECTION('',(1.,0.,-0.));
#873 = PCURVE('',#100,#874);
#874 = DEFINITIONAL_REPRESENTATION('',(#875),#879);
#875 = CIRCLE('',#876,3.3);
#876 = AXIS2_PLACEMENT_2D('',#877,#878);
#877 = CARTESIAN_POINT('',(79.,79.));
#878 = DIRECTION('',(1.,0.));
#879 = ( GEOMETRIC_REPRESENTATION_CONTEXT(2) 
PARAMETRIC_REPRESENTATION_CONTEXT() REPRESENTATION_CONTEXT('2D SPACE',''
  ) );
#880 = PCURVE('',#512,#881);
#881 = DEFINITIONAL_REPRESENTATION('',(#882),#886);
#882 = LINE('',#883,#884);
#883 = CARTESIAN_POINT('',(0.,1.));
#884 = VECTOR('',#885,1.);
#885 = DIRECTION('',(1.,0.));
#886 = ( GEOMETRIC_REPRESENTATION_CONTEXT(2) 
PARAMETRIC_REPRESENTATION_CONTEXT() REPRESENTATION_CONTEXT('2D SPACE',''
  ) );
#887 = ADVANCED_FACE('',(#888),#157,.F.);
#888 = FACE_BOUND('',#889,.F.);
#889 = EDGE_LOOP('',(#890,#913,#940,#941));
#890 = ORIENTED_EDGE('',*,*,#891,.T.);
#891 = EDGE_CURVE('',#141,#892,#894,.T.);
#892 = VERTEX_POINT('',#893);
#893 = CARTESIAN_POINT('',(-40.,-7.837739514543E-16,2.5));
#894 = SEAM_CURVE('',#895,(#899,#906),.PCURVE_S1.);
#895 = LINE('',#896,#897);
#896 = CARTESIAN_POINT('',(-46.,-7.837739514543E-16,2.5));
#897 = VECTOR('',#898,1.);
#898 = DIRECTION('',(1.,0.,2.22044604925E-16));
#899 = PCURVE('',#157,#900);
#900 = DEFINITIONAL_REPRESENTATION('',(#901),#905);
#901 = LINE('',#902,#903);
#902 = CARTESIAN_POINT('',(6.28318530718,-0.));
#903 = VECTOR('',#904,1.);
#904 = DIRECTION('',(0.,1.));
#905 = ( GEOMETRIC_REPRESENTATION_CONTEXT(2) 
PARAMETRIC_REPRESENTATION_CONTEXT() REPRESENTATION_CONTEXT('2D SPACE',''
  ) );
#906 = PCURVE('',#157,#907);
#907 = DEFINITIONAL_REPRESENTATION('',(#908),#912);
#908 = LINE('',#909,#910);
#909 = CARTESIAN_POINT('',(0.,-0.));
#910 = VECTOR('',#911,1.);
#911 = DIRECTION('',(0.,1.));
#912 = ( GEOMETRIC_REPRESENTATION_CONTEXT(2) 
PARAMETRIC_REPRESENTATION_CONTEXT() REPRESENTATION_CONTEXT('2D SPACE',''
  ) );
#913 = ORIENTED_EDGE('',*,*,#914,.F.);
#914 = EDGE_CURVE('',#892,#892,#915,.T.);
#915 = SURFACE_CURVE('',#916,(#921,#928),.PCURVE_S1.);
#916 = CIRCLE('',#917,3.2);
#917 = AXIS2_PLACEMENT_3D('',#918,#919,#920);
#918 = CARTESIAN_POINT('',(-40.,0.,5.7));
#919 = DIRECTION('',(1.,-0.,2.22044604925E-16));
#920 = DIRECTION('',(2.22044604925E-16,0.,-1.));
#921 = PCURVE('',#157,#922);
#922 = DEFINITIONAL_REPRESENTATION('',(#923),#927);
#923 = LINE('',#924,#925);
#924 = CARTESIAN_POINT('',(0.,6.));
#925 = VECTOR('',#926,1.);
#926 = DIRECTION('',(1.,0.));
#927 = ( GEOMETRIC_REPRESENTATION_CONTEXT(2) 
PARAMETRIC_REPRESENTATION_CONTEXT() REPRESENTATION_CONTEXT('2D SPACE',''
  ) );
#928 = PCURVE('',#929,#934);
#929 = PLANE('',#930);
#930 = AXIS2_PLACEMENT_3D('',#931,#932,#933);
#931 = CARTESIAN_POINT('',(-40.,0.,5.7));
#932 = DIRECTION('',(1.,0.,2.22044604925E-16));
#933 = DIRECTION('',(2.22044604925E-16,0.,-1.));
#934 = DEFINITIONAL_REPRESENTATION('',(#935),#939);
#935 = CIRCLE('',#936,3.2);
#936 = AXIS2_PLACEMENT_2D('',#937,#938);
#937 = CARTESIAN_POINT('',(0.,0.));
#938 = DIRECTION('',(1.,0.));
#939 = ( GEOMETRIC_REPRESENTATION_CONTEXT(2) 
PARAMETRIC_REPRESENTATION_CONTEXT() REPRESENTATION_CONTEXT('2D SPACE',''
  ) );
#940 = ORIENTED_EDGE('',*,*,#891,.F.);
#941 = ORIENTED_EDGE('',*,*,#140,.T.);
#942 = ADVANCED_FACE('',(#943),#213,.F.);
#943 = FACE_BOUND('',#944,.F.);
#944 = EDGE_LOOP('',(#945,#946,#947,#948));
#945 = ORIENTED_EDGE('',*,*,#633,.F.);
#946 = ORIENTED_EDGE('',*,*,#551,.T.);
#947 = ORIENTED_EDGE('',*,*,#197,.T.);
#948 = ORIENTED_EDGE('',*,*,#949,.F.);
#949 = EDGE_CURVE('',#634,#198,#950,.T.);
#950 = SURFACE_CURVE('',#951,(#955,#962),.PCURVE_S1.);
#951 = LINE('',#952,#953);
#952 = CARTESIAN_POINT('',(42.,-45.,0.));
#953 = VECTOR('',#954,1.);
#954 = DIRECTION('',(0.,0.,1.));
#955 = PCURVE('',#213,#956);
#956 = DEFINITIONAL_REPRESENTATION('',(#957),#961);
#957 = LINE('',#958,#959);
#958 = CARTESIAN_POINT('',(0.,87.));
#959 = VECTOR('',#960,1.);
#960 = DIRECTION('',(1.,0.));
#961 = ( GEOMETRIC_REPRESENTATION_CONTEXT(2) 
PARAMETRIC_REPRESENTATION_CONTEXT() REPRESENTATION_CONTEXT('2D SPACE',''
  ) );
#962 = PCURVE('',#242,#963);
#963 = DEFINITIONAL_REPRESENTATION('',(#964),#968);
#964 = LINE('',#965,#966);
#965 = CARTESIAN_POINT('',(0.,0.));
#966 = VECTOR('',#967,1.);
#967 = DIRECTION('',(0.,1.));
#968 = ( GEOMETRIC_REPRESENTATION_CONTEXT(2) 
PARAMETRIC_REPRESENTATION_CONTEXT() REPRESENTATION_CONTEXT('2D SPACE',''
  ) );
#969 = ADVANCED_FACE('',(#970),#331,.T.);
#970 = FACE_BOUND('',#971,.T.);
#971 = EDGE_LOOP('',(#972,#973,#974,#975));
#972 = ORIENTED_EDGE('',*,*,#731,.F.);
#973 = ORIENTED_EDGE('',*,*,#605,.T.);
#974 = ORIENTED_EDGE('',*,*,#315,.T.);
#975 = ORIENTED_EDGE('',*,*,#976,.F.);
#976 = EDGE_CURVE('',#704,#283,#977,.T.);
#977 = SURFACE_CURVE('',#978,(#982,#989),.PCURVE_S1.);
#978 = LINE('',#979,#980);
#979 = CARTESIAN_POINT('',(42.,45.,0.));
#980 = VECTOR('',#981,1.);
#981 = DIRECTION('',(0.,0.,1.));
#982 = PCURVE('',#331,#983);
#983 = DEFINITIONAL_REPRESENTATION('',(#984),#988);
#984 = LINE('',#985,#986);
#985 = CARTESIAN_POINT('',(0.,87.));
#986 = VECTOR('',#987,1.);
#987 = DIRECTION('',(1.,0.));
#988 = ( GEOMETRIC_REPRESENTATION_CONTEXT(2) 
PARAMETRIC_REPRESENTATION_CONTEXT() REPRESENTATION_CONTEXT('2D SPACE',''
  ) );
#989 = PCURVE('',#303,#990);
#990 = DEFINITIONAL_REPRESENTATION('',(#991),#995);
#991 = LINE('',#992,#993);
#992 = CARTESIAN_POINT('',(-0.,0.));
#993 = VECTOR('',#994,1.);
#994 = DIRECTION('',(-0.,1.));
#995 = ( GEOMETRIC_REPRESENTATION_CONTEXT(2) 
PARAMETRIC_REPRESENTATION_CONTEXT() REPRESENTATION_CONTEXT('2D SPACE',''
  ) );
#996 = ADVANCED_FACE('',(#997),#242,.T.);
#997 = FACE_BOUND('',#998,.T.);
#998 = EDGE_LOOP('',(#999,#1000,#1021,#1022));
#999 = ORIENTED_EDGE('',*,*,#656,.T.);
#1000 = ORIENTED_EDGE('',*,*,#1001,.T.);
#1001 = EDGE_CURVE('',#657,#226,#1002,.T.);
#1002 = SURFACE_CURVE('',#1003,(#1007,#1014),.PCURVE_S1.);
#1003 = LINE('',#1004,#1005);
#1004 = CARTESIAN_POINT('',(45.,-42.,0.));
#1005 = VECTOR('',#1006,1.);
#1006 = DIRECTION('',(0.,0.,1.));
#1007 = PCURVE('',#242,#1008);
#1008 = DEFINITIONAL_REPRESENTATION('',(#1009),#1013);
#1009 = LINE('',#1010,#1011);
#1010 = CARTESIAN_POINT('',(1.570796326795,0.));
#1011 = VECTOR('',#1012,1.);
#1012 = DIRECTION('',(0.,1.));
#1013 = ( GEOMETRIC_REPRESENTATION_CONTEXT(2) 
PARAMETRIC_REPRESENTATION_CONTEXT() REPRESENTATION_CONTEXT('2D SPACE',''
  ) );
#1014 = PCURVE('',#270,#1015);
#1015 = DEFINITIONAL_REPRESENTATION('',(#1016),#1020);
#1016 = LINE('',#1017,#1018);
#1017 = CARTESIAN_POINT('',(0.,-3.));
#1018 = VECTOR('',#1019,1.);
#1019 = DIRECTION('',(1.,0.));
#1020 = ( GEOMETRIC_REPRESENTATION_CONTEXT(2) 
PARAMETRIC_REPRESENTATION_CONTEXT() REPRESENTATION_CONTEXT('2D SPACE',''
  ) );
#1021 = ORIENTED_EDGE('',*,*,#225,.F.);
#1022 = ORIENTED_EDGE('',*,*,#949,.F.);
#1023 = ADVANCED_FACE('',(#1024),#303,.T.);
#1024 = FACE_BOUND('',#1025,.F.);
#1025 = EDGE_LOOP('',(#1026,#1027,#1048,#1049));
#1026 = ORIENTED_EDGE('',*,*,#703,.T.);
#1027 = ORIENTED_EDGE('',*,*,#1028,.T.);
#1028 = EDGE_CURVE('',#681,#255,#1029,.T.);
#1029 = SURFACE_CURVE('',#1030,(#1034,#1041),.PCURVE_S1.);
#1030 = LINE('',#1031,#1032);
#1031 = CARTESIAN_POINT('',(45.,42.,0.));
#1032 = VECTOR('',#1033,1.);
#1033 = DIRECTION('',(0.,0.,1.));
#1034 = PCURVE('',#303,#1035);
#1035 = DEFINITIONAL_REPRESENTATION('',(#1036),#1040);
#1036 = LINE('',#1037,#1038);
#1037 = CARTESIAN_POINT('',(-1.570796326795,0.));
#1038 = VECTOR('',#1039,1.);
#1039 = DIRECTION('',(-0.,1.));
#1040 = ( GEOMETRIC_REPRESENTATION_CONTEXT(2) 
PARAMETRIC_REPRESENTATION_CONTEXT() REPRESENTATION_CONTEXT('2D SPACE',''
  ) );
#1041 = PCURVE('',#270,#1042);
#1042 = DEFINITIONAL_REPRESENTATION('',(#1043),#1047);
#1043 = LINE('',#1044,#1045);
#1044 = CARTESIAN_POINT('',(0.,-87.));
#1045 = VECTOR('',#1046,1.);
#1046 = DIRECTION('',(1.,0.));
#1047 = ( GEOMETRIC_REPRESENTATION_CONTEXT(2) 
PARAMETRIC_REPRESENTATION_CONTEXT() REPRESENTATION_CONTEXT('2D SPACE',''
  ) );
#1048 = ORIENTED_EDGE('',*,*,#282,.F.);
#1049 = ORIENTED_EDGE('',*,*,#976,.F.);
#1050 = ADVANCED_FACE('',(#1051,#1057),#270,.T.);
#1051 = FACE_BOUND('',#1052,.T.);
#1052 = EDGE_LOOP('',(#1053,#1054,#1055,#1056));
#1053 = ORIENTED_EDGE('',*,*,#254,.F.);
#1054 = ORIENTED_EDGE('',*,*,#1001,.F.);
#1055 = ORIENTED_EDGE('',*,*,#680,.T.);
#1056 = ORIENTED_EDGE('',*,*,#1028,.T.);
#1057 = FACE_BOUND('',#1058,.T.);
#1058 = EDGE_LOOP('',(#1059));
#1059 = ORIENTED_EDGE('',*,*,#1060,.T.);
#1060 = EDGE_CURVE('',#1061,#1061,#1063,.T.);
#1061 = VERTEX_POINT('',#1062);
#1062 = CARTESIAN_POINT('',(45.,-7.837739514543E-16,8.9));
#1063 = SURFACE_CURVE('',#1064,(#1069,#1080),.PCURVE_S1.);
#1064 = CIRCLE('',#1065,3.2);
#1065 = AXIS2_PLACEMENT_3D('',#1066,#1067,#1068);
#1066 = CARTESIAN_POINT('',(45.,0.,5.7));
#1067 = DIRECTION('',(-1.,0.,2.22044604925E-16));
#1068 = DIRECTION('',(2.22044604925E-16,0.,1.));
#1069 = PCURVE('',#270,#1070);
#1070 = DEFINITIONAL_REPRESENTATION('',(#1071),#1079);
#1071 = ( BOUNDED_CURVE() B_SPLINE_CURVE(2,(#1072,#1073,#1074,#1075,
#1076,#1077,#1078),.UNSPECIFIED.,.T.,.F.) B_SPLINE_CURVE_WITH_KNOTS((1,2
    ,2,2,2,1),(-2.094395102393,0.,2.094395102393,4.188790204786,
6.28318530718,8.377580409573),.UNSPECIFIED.) CURVE() 
GEOMETRIC_REPRESENTATION_ITEM() RATIONAL_B_SPLINE_CURVE((1.,0.5,1.,0.5,
1.,0.5,1.)) REPRESENTATION_ITEM('') );
#1072 = CARTESIAN_POINT('',(8.9,-45.));
#1073 = CARTESIAN_POINT('',(8.9,-50.54256258422));
#1074 = CARTESIAN_POINT('',(4.1,-47.77128129211));
#1075 = CARTESIAN_POINT('',(-0.7,-45.));
#1076 = CARTESIAN_POINT('',(4.1,-42.22871870789));
#1077 = CARTESIAN_POINT('',(8.9,-39.45743741578));
#1078 = CARTESIAN_POINT('',(8.9,-45.));
#1079 = ( GEOMETRIC_REPRESENTATION_CONTEXT(2) 
PARAMETRIC_REPRESENTATION_CONTEXT() REPRESENTATION_CONTEXT('2D SPACE',''
  ) );
#1080 = PCURVE('',#1081,#1086);
#1081 = CYLINDRICAL_SURFACE('',#1082,3.2);
#1082 = AXIS2_PLACEMENT_3D('',#1083,#1084,#1085);
#1083 = CARTESIAN_POINT('',(46.,0.,5.7));
#1084 = DIRECTION('',(-1.,0.,2.22044604925E-16));
#1085 = DIRECTION('',(2.22044604925E-16,0.,1.));
#1086 = DEFINITIONAL_REPRESENTATION('',(#1087),#1091);
#1087 = LINE('',#1088,#1089);
#1088 = CARTESIAN_POINT('',(0.,1.));
#1089 = VECTOR('',#1090,1.);
#1090 = DIRECTION('',(1.,0.));
#1091 = ( GEOMETRIC_REPRESENTATION_CONTEXT(2) 
PARAMETRIC_REPRESENTATION_CONTEXT() REPRESENTATION_CONTEXT('2D SPACE',''
  ) );
#1092 = ADVANCED_FACE('',(#1093),#388,.F.);
#1093 = FACE_BOUND('',#1094,.F.);
#1094 = EDGE_LOOP('',(#1095,#1096,#1117,#1118));
#1095 = ORIENTED_EDGE('',*,*,#371,.F.);
#1096 = ORIENTED_EDGE('',*,*,#1097,.F.);
#1097 = EDGE_CURVE('',#756,#372,#1098,.T.);
#1098 = SEAM_CURVE('',#1099,(#1103,#1110),.PCURVE_S1.);
#1099 = LINE('',#1100,#1101);
#1100 = CARTESIAN_POINT('',(-30.7,-34.,-1.));
#1101 = VECTOR('',#1102,1.);
#1102 = DIRECTION('',(0.,0.,1.));
#1103 = PCURVE('',#388,#1104);
#1104 = DEFINITIONAL_REPRESENTATION('',(#1105),#1109);
#1105 = LINE('',#1106,#1107);
#1106 = CARTESIAN_POINT('',(6.28318530718,-0.));
#1107 = VECTOR('',#1108,1.);
#1108 = DIRECTION('',(0.,1.));
#1109 = ( GEOMETRIC_REPRESENTATION_CONTEXT(2) 
PARAMETRIC_REPRESENTATION_CONTEXT() REPRESENTATION_CONTEXT('2D SPACE',''
  ) );
#1110 = PCURVE('',#388,#1111);
#1111 = DEFINITIONAL_REPRESENTATION('',(#1112),#1116);
#1112 = LINE('',#1113,#1114);
#1113 = CARTESIAN_POINT('',(0.,-0.));
#1114 = VECTOR('',#1115,1.);
#1115 = DIRECTION('',(0.,1.));
#1116 = ( GEOMETRIC_REPRESENTATION_CONTEXT(2) 
PARAMETRIC_REPRESENTATION_CONTEXT() REPRESENTATION_CONTEXT('2D SPACE',''
  ) );
#1117 = ORIENTED_EDGE('',*,*,#755,.T.);
#1118 = ORIENTED_EDGE('',*,*,#1097,.T.);
#1119 = ADVANCED_FACE('',(#1120),#419,.F.);
#1120 = FACE_BOUND('',#1121,.F.);
#1121 = EDGE_LOOP('',(#1122,#1123,#1146,#1173));
#1122 = ORIENTED_EDGE('',*,*,#402,.F.);
#1123 = ORIENTED_EDGE('',*,*,#1124,.F.);
#1124 = EDGE_CURVE('',#1125,#403,#1127,.T.);
#1125 = VERTEX_POINT('',#1126);
#1126 = CARTESIAN_POINT('',(32.,-7.837739514543E-15,8.5));
#1127 = SEAM_CURVE('',#1128,(#1132,#1139),.PCURVE_S1.);
#1128 = LINE('',#1129,#1130);
#1129 = CARTESIAN_POINT('',(32.,-7.837739514543E-15,8.5));
#1130 = VECTOR('',#1131,1.);
#1131 = DIRECTION('',(0.,0.,1.));
#1132 = PCURVE('',#419,#1133);
#1133 = DEFINITIONAL_REPRESENTATION('',(#1134),#1138);
#1134 = LINE('',#1135,#1136);
#1135 = CARTESIAN_POINT('',(6.28318530718,-0.));
#1136 = VECTOR('',#1137,1.);
#1137 = DIRECTION('',(0.,1.));
#1138 = ( GEOMETRIC_REPRESENTATION_CONTEXT(2) 
PARAMETRIC_REPRESENTATION_CONTEXT() REPRESENTATION_CONTEXT('2D SPACE',''
  ) );
#1139 = PCURVE('',#419,#1140);
#1140 = DEFINITIONAL_REPRESENTATION('',(#1141),#1145);
#1141 = LINE('',#1142,#1143);
#1142 = CARTESIAN_POINT('',(0.,-0.));
#1143 = VECTOR('',#1144,1.);
#1144 = DIRECTION('',(0.,1.));
#1145 = ( GEOMETRIC_REPRESENTATION_CONTEXT(2) 
PARAMETRIC_REPRESENTATION_CONTEXT() REPRESENTATION_CONTEXT('2D SPACE',''
  ) );
#1146 = ORIENTED_EDGE('',*,*,#1147,.T.);
#1147 = EDGE_CURVE('',#1125,#1125,#1148,.T.);
#1148 = SURFACE_CURVE('',#1149,(#1154,#1161),.PCURVE_S1.);
#1149 = CIRCLE('',#1150,32.);
#1150 = AXIS2_PLACEMENT_3D('',#1151,#1152,#1153);
#1151 = CARTESIAN_POINT('',(0.,0.,8.5));
#1152 = DIRECTION('',(0.,0.,1.));
#1153 = DIRECTION('',(1.,0.,-0.));
#1154 = PCURVE('',#419,#1155);
#1155 = DEFINITIONAL_REPRESENTATION('',(#1156),#1160);
#1156 = LINE('',#1157,#1158);
#1157 = CARTESIAN_POINT('',(0.,0.));
#1158 = VECTOR('',#1159,1.);
#1159 = DIRECTION('',(1.,0.));
#1160 = ( GEOMETRIC_REPRESENTATION_CONTEXT(2) 
PARAMETRIC_REPRESENTATION_CONTEXT() REPRESENTATION_CONTEXT('2D SPACE',''
  ) );
#1161 = PCURVE('',#1162,#1167);
#1162 = PLANE('',#1163);
#1163 = AXIS2_PLACEMENT_3D('',#1164,#1165,#1166);
#1164 = CARTESIAN_POINT('',(0.,0.,8.5));
#1165 = DIRECTION('',(0.,0.,1.));
#1166 = DIRECTION('',(1.,0.,-0.));
#1167 = DEFINITIONAL_REPRESENTATION('',(#1168),#1172);
#1168 = CIRCLE('',#1169,32.);
#1169 = AXIS2_PLACEMENT_2D('',#1170,#1171);
#1170 = CARTESIAN_POINT('',(0.,0.));
#1171 = DIRECTION('',(1.,0.));
#1172 = ( GEOMETRIC_REPRESENTATION_CONTEXT(2) 
PARAMETRIC_REPRESENTATION_CONTEXT() REPRESENTATION_CONTEXT('2D SPACE',''
  ) );
#1173 = ORIENTED_EDGE('',*,*,#1124,.T.);
#1174 = ADVANCED_FACE('',(#1175),#450,.F.);
#1175 = FACE_BOUND('',#1176,.F.);
#1176 = EDGE_LOOP('',(#1177,#1178,#1199,#1200));
#1177 = ORIENTED_EDGE('',*,*,#433,.F.);
#1178 = ORIENTED_EDGE('',*,*,#1179,.F.);
#1179 = EDGE_CURVE('',#813,#434,#1180,.T.);
#1180 = SEAM_CURVE('',#1181,(#1185,#1192),.PCURVE_S1.);
#1181 = LINE('',#1182,#1183);
#1182 = CARTESIAN_POINT('',(37.3,-34.,-1.));
#1183 = VECTOR('',#1184,1.);
#1184 = DIRECTION('',(0.,0.,1.));
#1185 = PCURVE('',#450,#1186);
#1186 = DEFINITIONAL_REPRESENTATION('',(#1187),#1191);
#1187 = LINE('',#1188,#1189);
#1188 = CARTESIAN_POINT('',(6.28318530718,-0.));
#1189 = VECTOR('',#1190,1.);
#1190 = DIRECTION('',(0.,1.));
#1191 = ( GEOMETRIC_REPRESENTATION_CONTEXT(2) 
PARAMETRIC_REPRESENTATION_CONTEXT() REPRESENTATION_CONTEXT('2D SPACE',''
  ) );
#1192 = PCURVE('',#450,#1193);
#1193 = DEFINITIONAL_REPRESENTATION('',(#1194),#1198);
#1194 = LINE('',#1195,#1196);
#1195 = CARTESIAN_POINT('',(0.,-0.));
#1196 = VECTOR('',#1197,1.);
#1197 = DIRECTION('',(0.,1.));
#1198 = ( GEOMETRIC_REPRESENTATION_CONTEXT(2) 
PARAMETRIC_REPRESENTATION_CONTEXT() REPRESENTATION_CONTEXT('2D SPACE',''
  ) );
#1199 = ORIENTED_EDGE('',*,*,#812,.T.);
#1200 = ORIENTED_EDGE('',*,*,#1179,.T.);
#1201 = ADVANCED_FACE('',(#1202),#481,.F.);
#1202 = FACE_BOUND('',#1203,.F.);
#1203 = EDGE_LOOP('',(#1204,#1205,#1226,#1227));
#1204 = ORIENTED_EDGE('',*,*,#464,.F.);
#1205 = ORIENTED_EDGE('',*,*,#1206,.F.);
#1206 = EDGE_CURVE('',#839,#465,#1207,.T.);
#1207 = SEAM_CURVE('',#1208,(#1212,#1219),.PCURVE_S1.);
#1208 = LINE('',#1209,#1210);
#1209 = CARTESIAN_POINT('',(-30.7,34.,-1.));
#1210 = VECTOR('',#1211,1.);
#1211 = DIRECTION('',(0.,0.,1.));
#1212 = PCURVE('',#481,#1213);
#1213 = DEFINITIONAL_REPRESENTATION('',(#1214),#1218);
#1214 = LINE('',#1215,#1216);
#1215 = CARTESIAN_POINT('',(6.28318530718,-0.));
#1216 = VECTOR('',#1217,1.);
#1217 = DIRECTION('',(0.,1.));
#1218 = ( GEOMETRIC_REPRESENTATION_CONTEXT(2) 
PARAMETRIC_REPRESENTATION_CONTEXT() REPRESENTATION_CONTEXT('2D SPACE',''
  ) );
#1219 = PCURVE('',#481,#1220);
#1220 = DEFINITIONAL_REPRESENTATION('',(#1221),#1225);
#1221 = LINE('',#1222,#1223);
#1222 = CARTESIAN_POINT('',(0.,-0.));
#1223 = VECTOR('',#1224,1.);
#1224 = DIRECTION('',(0.,1.));
#1225 = ( GEOMETRIC_REPRESENTATION_CONTEXT(2) 
PARAMETRIC_REPRESENTATION_CONTEXT() REPRESENTATION_CONTEXT('2D SPACE',''
  ) );
#1226 = ORIENTED_EDGE('',*,*,#838,.T.);
#1227 = ORIENTED_EDGE('',*,*,#1206,.T.);
#1228 = ADVANCED_FACE('',(#1229),#512,.F.);
#1229 = FACE_BOUND('',#1230,.F.);
#1230 = EDGE_LOOP('',(#1231,#1232,#1253,#1254));
#1231 = ORIENTED_EDGE('',*,*,#495,.F.);
#1232 = ORIENTED_EDGE('',*,*,#1233,.F.);
#1233 = EDGE_CURVE('',#865,#496,#1234,.T.);
#1234 = SEAM_CURVE('',#1235,(#1239,#1246),.PCURVE_S1.);
#1235 = LINE('',#1236,#1237);
#1236 = CARTESIAN_POINT('',(37.3,34.,-1.));
#1237 = VECTOR('',#1238,1.);
#1238 = DIRECTION('',(0.,0.,1.));
#1239 = PCURVE('',#512,#1240);
#1240 = DEFINITIONAL_REPRESENTATION('',(#1241),#1245);
#1241 = LINE('',#1242,#1243);
#1242 = CARTESIAN_POINT('',(6.28318530718,-0.));
#1243 = VECTOR('',#1244,1.);
#1244 = DIRECTION('',(0.,1.));
#1245 = ( GEOMETRIC_REPRESENTATION_CONTEXT(2) 
PARAMETRIC_REPRESENTATION_CONTEXT() REPRESENTATION_CONTEXT('2D SPACE',''
  ) );
#1246 = PCURVE('',#512,#1247);
#1247 = DEFINITIONAL_REPRESENTATION('',(#1248),#1252);
#1248 = LINE('',#1249,#1250);
#1249 = CARTESIAN_POINT('',(0.,-0.));
#1250 = VECTOR('',#1251,1.);
#1251 = DIRECTION('',(0.,1.));
#1252 = ( GEOMETRIC_REPRESENTATION_CONTEXT(2) 
PARAMETRIC_REPRESENTATION_CONTEXT() REPRESENTATION_CONTEXT('2D SPACE',''
  ) );
#1253 = ORIENTED_EDGE('',*,*,#864,.T.);
#1254 = ORIENTED_EDGE('',*,*,#1233,.T.);
#1255 = ADVANCED_FACE('',(#1256),#798,.F.);
#1256 = FACE_BOUND('',#1257,.F.);
#1257 = EDGE_LOOP('',(#1258,#1287,#1308,#1309));
#1258 = ORIENTED_EDGE('',*,*,#1259,.F.);
#1259 = EDGE_CURVE('',#1260,#1260,#1262,.T.);
#1260 = VERTEX_POINT('',#1261);
#1261 = CARTESIAN_POINT('',(29.703,-7.275136775015E-15,1.965));
#1262 = SURFACE_CURVE('',#1263,(#1268,#1275),.PCURVE_S1.);
#1263 = CIRCLE('',#1264,29.703);
#1264 = AXIS2_PLACEMENT_3D('',#1265,#1266,#1267);
#1265 = CARTESIAN_POINT('',(0.,0.,1.965));
#1266 = DIRECTION('',(0.,0.,1.));
#1267 = DIRECTION('',(1.,0.,-0.));
#1268 = PCURVE('',#798,#1269);
#1269 = DEFINITIONAL_REPRESENTATION('',(#1270),#1274);
#1270 = LINE('',#1271,#1272);
#1271 = CARTESIAN_POINT('',(0.,1.965));
#1272 = VECTOR('',#1273,1.);
#1273 = DIRECTION('',(1.,0.));
#1274 = ( GEOMETRIC_REPRESENTATION_CONTEXT(2) 
PARAMETRIC_REPRESENTATION_CONTEXT() REPRESENTATION_CONTEXT('2D SPACE',''
  ) );
#1275 = PCURVE('',#1276,#1281);
#1276 = PLANE('',#1277);
#1277 = AXIS2_PLACEMENT_3D('',#1278,#1279,#1280);
#1278 = CARTESIAN_POINT('',(0.,0.,1.965));
#1279 = DIRECTION('',(0.,0.,1.));
#1280 = DIRECTION('',(1.,0.,-0.));
#1281 = DEFINITIONAL_REPRESENTATION('',(#1282),#1286);
#1282 = CIRCLE('',#1283,29.703);
#1283 = AXIS2_PLACEMENT_2D('',#1284,#1285);
#1284 = CARTESIAN_POINT('',(0.,0.));
#1285 = DIRECTION('',(1.,0.));
#1286 = ( GEOMETRIC_REPRESENTATION_CONTEXT(2) 
PARAMETRIC_REPRESENTATION_CONTEXT() REPRESENTATION_CONTEXT('2D SPACE',''
  ) );
#1287 = ORIENTED_EDGE('',*,*,#1288,.F.);
#1288 = EDGE_CURVE('',#782,#1260,#1289,.T.);
#1289 = SEAM_CURVE('',#1290,(#1294,#1301),.PCURVE_S1.);
#1290 = LINE('',#1291,#1292);
#1291 = CARTESIAN_POINT('',(29.703,-7.275136775015E-15,0.));
#1292 = VECTOR('',#1293,1.);
#1293 = DIRECTION('',(0.,0.,1.));
#1294 = PCURVE('',#798,#1295);
#1295 = DEFINITIONAL_REPRESENTATION('',(#1296),#1300);
#1296 = LINE('',#1297,#1298);
#1297 = CARTESIAN_POINT('',(6.28318530718,-0.));
#1298 = VECTOR('',#1299,1.);
#1299 = DIRECTION('',(0.,1.));
#1300 = ( GEOMETRIC_REPRESENTATION_CONTEXT(2) 
PARAMETRIC_REPRESENTATION_CONTEXT() REPRESENTATION_CONTEXT('2D SPACE',''
  ) );
#1301 = PCURVE('',#798,#1302);
#1302 = DEFINITIONAL_REPRESENTATION('',(#1303),#1307);
#1303 = LINE('',#1304,#1305);
#1304 = CARTESIAN_POINT('',(0.,-0.));
#1305 = VECTOR('',#1306,1.);
#1306 = DIRECTION('',(0.,1.));
#1307 = ( GEOMETRIC_REPRESENTATION_CONTEXT(2) 
PARAMETRIC_REPRESENTATION_CONTEXT() REPRESENTATION_CONTEXT('2D SPACE',''
  ) );
#1308 = ORIENTED_EDGE('',*,*,#781,.T.);
#1309 = ORIENTED_EDGE('',*,*,#1288,.T.);
#1310 = ADVANCED_FACE('',(#1311,#1314),#929,.F.);
#1311 = FACE_BOUND('',#1312,.F.);
#1312 = EDGE_LOOP('',(#1313));
#1313 = ORIENTED_EDGE('',*,*,#914,.T.);
#1314 = FACE_BOUND('',#1315,.F.);
#1315 = EDGE_LOOP('',(#1316));
#1316 = ORIENTED_EDGE('',*,*,#1317,.F.);
#1317 = EDGE_CURVE('',#1318,#1318,#1320,.T.);
#1318 = VERTEX_POINT('',#1319);
#1319 = CARTESIAN_POINT('',(-40.,-2.449293598295E-16,4.7));
#1320 = SURFACE_CURVE('',#1321,(#1326,#1333),.PCURVE_S1.);
#1321 = CIRCLE('',#1322,1.);
#1322 = AXIS2_PLACEMENT_3D('',#1323,#1324,#1325);
#1323 = CARTESIAN_POINT('',(-40.,0.,5.7));
#1324 = DIRECTION('',(1.,0.,2.22044604925E-16));
#1325 = DIRECTION('',(2.22044604925E-16,0.,-1.));
#1326 = PCURVE('',#929,#1327);
#1327 = DEFINITIONAL_REPRESENTATION('',(#1328),#1332);
#1328 = CIRCLE('',#1329,1.);
#1329 = AXIS2_PLACEMENT_2D('',#1330,#1331);
#1330 = CARTESIAN_POINT('',(0.,0.));
#1331 = DIRECTION('',(1.,0.));
#1332 = ( GEOMETRIC_REPRESENTATION_CONTEXT(2) 
PARAMETRIC_REPRESENTATION_CONTEXT() REPRESENTATION_CONTEXT('2D SPACE',''
  ) );
#1333 = PCURVE('',#1334,#1339);
#1334 = CYLINDRICAL_SURFACE('',#1335,1.);
#1335 = AXIS2_PLACEMENT_3D('',#1336,#1337,#1338);
#1336 = CARTESIAN_POINT('',(-46.,0.,5.7));
#1337 = DIRECTION('',(1.,0.,2.22044604925E-16));
#1338 = DIRECTION('',(2.22044604925E-16,0.,-1.));
#1339 = DEFINITIONAL_REPRESENTATION('',(#1340),#1344);
#1340 = LINE('',#1341,#1342);
#1341 = CARTESIAN_POINT('',(0.,6.));
#1342 = VECTOR('',#1343,1.);
#1343 = DIRECTION('',(1.,0.));
#1344 = ( GEOMETRIC_REPRESENTATION_CONTEXT(2) 
PARAMETRIC_REPRESENTATION_CONTEXT() REPRESENTATION_CONTEXT('2D SPACE',''
  ) );
#1345 = ADVANCED_FACE('',(#1346),#1081,.F.);
#1346 = FACE_BOUND('',#1347,.F.);
#1347 = EDGE_LOOP('',(#1348,#1371,#1398,#1399));
#1348 = ORIENTED_EDGE('',*,*,#1349,.T.);
#1349 = EDGE_CURVE('',#1061,#1350,#1352,.T.);
#1350 = VERTEX_POINT('',#1351);
#1351 = CARTESIAN_POINT('',(40.,-7.837739514543E-16,8.9));
#1352 = SEAM_CURVE('',#1353,(#1357,#1364),.PCURVE_S1.);
#1353 = LINE('',#1354,#1355);
#1354 = CARTESIAN_POINT('',(46.,-7.837739514543E-16,8.9));
#1355 = VECTOR('',#1356,1.);
#1356 = DIRECTION('',(-1.,0.,2.22044604925E-16));
#1357 = PCURVE('',#1081,#1358);
#1358 = DEFINITIONAL_REPRESENTATION('',(#1359),#1363);
#1359 = LINE('',#1360,#1361);
#1360 = CARTESIAN_POINT('',(6.28318530718,-0.));
#1361 = VECTOR('',#1362,1.);
#1362 = DIRECTION('',(0.,1.));
#1363 = ( GEOMETRIC_REPRESENTATION_CONTEXT(2) 
PARAMETRIC_REPRESENTATION_CONTEXT() REPRESENTATION_CONTEXT('2D SPACE',''
  ) );
#1364 = PCURVE('',#1081,#1365);
#1365 = DEFINITIONAL_REPRESENTATION('',(#1366),#1370);
#1366 = LINE('',#1367,#1368);
#1367 = CARTESIAN_POINT('',(0.,-0.));
#1368 = VECTOR('',#1369,1.);
#1369 = DIRECTION('',(0.,1.));
#1370 = ( GEOMETRIC_REPRESENTATION_CONTEXT(2) 
PARAMETRIC_REPRESENTATION_CONTEXT() REPRESENTATION_CONTEXT('2D SPACE',''
  ) );
#1371 = ORIENTED_EDGE('',*,*,#1372,.F.);
#1372 = EDGE_CURVE('',#1350,#1350,#1373,.T.);
#1373 = SURFACE_CURVE('',#1374,(#1379,#1386),.PCURVE_S1.);
#1374 = CIRCLE('',#1375,3.2);
#1375 = AXIS2_PLACEMENT_3D('',#1376,#1377,#1378);
#1376 = CARTESIAN_POINT('',(40.,0.,5.7));
#1377 = DIRECTION('',(-1.,-0.,2.22044604925E-16));
#1378 = DIRECTION('',(2.22044604925E-16,0.,1.));
#1379 = PCURVE('',#1081,#1380);
#1380 = DEFINITIONAL_REPRESENTATION('',(#1381),#1385);
#1381 = LINE('',#1382,#1383);
#1382 = CARTESIAN_POINT('',(0.,6.));
#1383 = VECTOR('',#1384,1.);
#1384 = DIRECTION('',(1.,0.));
#1385 = ( GEOMETRIC_REPRESENTATION_CONTEXT(2) 
PARAMETRIC_REPRESENTATION_CONTEXT() REPRESENTATION_CONTEXT('2D SPACE',''
  ) );
#1386 = PCURVE('',#1387,#1392);
#1387 = PLANE('',#1388);
#1388 = AXIS2_PLACEMENT_3D('',#1389,#1390,#1391);
#1389 = CARTESIAN_POINT('',(40.,0.,5.7));
#1390 = DIRECTION('',(-1.,0.,2.22044604925E-16));
#1391 = DIRECTION('',(2.22044604925E-16,0.,1.));
#1392 = DEFINITIONAL_REPRESENTATION('',(#1393),#1397);
#1393 = CIRCLE('',#1394,3.2);
#1394 = AXIS2_PLACEMENT_2D('',#1395,#1396);
#1395 = CARTESIAN_POINT('',(0.,0.));
#1396 = DIRECTION('',(1.,0.));
#1397 = ( GEOMETRIC_REPRESENTATION_CONTEXT(2) 
PARAMETRIC_REPRESENTATION_CONTEXT() REPRESENTATION_CONTEXT('2D SPACE',''
  ) );
#1398 = ORIENTED_EDGE('',*,*,#1349,.F.);
#1399 = ORIENTED_EDGE('',*,*,#1060,.T.);
#1400 = ADVANCED_FACE('',(#1401,#1404),#1162,.T.);
#1401 = FACE_BOUND('',#1402,.T.);
#1402 = EDGE_LOOP('',(#1403));
#1403 = ORIENTED_EDGE('',*,*,#1147,.T.);
#1404 = FACE_BOUND('',#1405,.T.);
#1405 = EDGE_LOOP('',(#1406));
#1406 = ORIENTED_EDGE('',*,*,#1407,.F.);
#1407 = EDGE_CURVE('',#1408,#1408,#1410,.T.);
#1408 = VERTEX_POINT('',#1409);
#1409 = CARTESIAN_POINT('',(27.157,-6.651546624889E-15,8.5));
#1410 = SURFACE_CURVE('',#1411,(#1416,#1423),.PCURVE_S1.);
#1411 = CIRCLE('',#1412,27.157);
#1412 = AXIS2_PLACEMENT_3D('',#1413,#1414,#1415);
#1413 = CARTESIAN_POINT('',(0.,0.,8.5));
#1414 = DIRECTION('',(0.,0.,1.));
#1415 = DIRECTION('',(1.,0.,-0.));
#1416 = PCURVE('',#1162,#1417);
#1417 = DEFINITIONAL_REPRESENTATION('',(#1418),#1422);
#1418 = CIRCLE('',#1419,27.157);
#1419 = AXIS2_PLACEMENT_2D('',#1420,#1421);
#1420 = CARTESIAN_POINT('',(0.,0.));
#1421 = DIRECTION('',(1.,0.));
#1422 = ( GEOMETRIC_REPRESENTATION_CONTEXT(2) 
PARAMETRIC_REPRESENTATION_CONTEXT() REPRESENTATION_CONTEXT('2D SPACE',''
  ) );
#1423 = PCURVE('',#1424,#1429);
#1424 = CYLINDRICAL_SURFACE('',#1425,27.157);
#1425 = AXIS2_PLACEMENT_3D('',#1426,#1427,#1428);
#1426 = CARTESIAN_POINT('',(0.,0.,7.165));
#1427 = DIRECTION('',(0.,0.,1.));
#1428 = DIRECTION('',(1.,0.,-0.));
#1429 = DEFINITIONAL_REPRESENTATION('',(#1430),#1434);
#1430 = LINE('',#1431,#1432);
#1431 = CARTESIAN_POINT('',(0.,1.335));
#1432 = VECTOR('',#1433,1.);
#1433 = DIRECTION('',(1.,0.));
#1434 = ( GEOMETRIC_REPRESENTATION_CONTEXT(2) 
PARAMETRIC_REPRESENTATION_CONTEXT() REPRESENTATION_CONTEXT('2D SPACE',''
  ) );
#1435 = ADVANCED_FACE('',(#1436,#1439),#1276,.F.);
#1436 = FACE_BOUND('',#1437,.F.);
#1437 = EDGE_LOOP('',(#1438));
#1438 = ORIENTED_EDGE('',*,*,#1259,.T.);
#1439 = FACE_BOUND('',#1440,.F.);
#1440 = EDGE_LOOP('',(#1441));
#1441 = ORIENTED_EDGE('',*,*,#1442,.F.);
#1442 = EDGE_CURVE('',#1443,#1443,#1445,.T.);
#1443 = VERTEX_POINT('',#1444);
#1444 = CARTESIAN_POINT('',(26.297,-6.440907375436E-15,1.965));
#1445 = SURFACE_CURVE('',#1446,(#1451,#1458),.PCURVE_S1.);
#1446 = CIRCLE('',#1447,26.297);
#1447 = AXIS2_PLACEMENT_3D('',#1448,#1449,#1450);
#1448 = CARTESIAN_POINT('',(0.,0.,1.965));
#1449 = DIRECTION('',(0.,0.,1.));
#1450 = DIRECTION('',(1.,0.,-0.));
#1451 = PCURVE('',#1276,#1452);
#1452 = DEFINITIONAL_REPRESENTATION('',(#1453),#1457);
#1453 = CIRCLE('',#1454,26.297);
#1454 = AXIS2_PLACEMENT_2D('',#1455,#1456);
#1455 = CARTESIAN_POINT('',(0.,0.));
#1456 = DIRECTION('',(1.,0.));
#1457 = ( GEOMETRIC_REPRESENTATION_CONTEXT(2) 
PARAMETRIC_REPRESENTATION_CONTEXT() REPRESENTATION_CONTEXT('2D SPACE',''
  ) );
#1458 = PCURVE('',#1459,#1464);
#1459 = CYLINDRICAL_SURFACE('',#1460,26.297);
#1460 = AXIS2_PLACEMENT_3D('',#1461,#1462,#1463);
#1461 = CARTESIAN_POINT('',(0.,0.,0.));
#1462 = DIRECTION('',(0.,0.,1.));
#1463 = DIRECTION('',(1.,0.,-0.));
#1464 = DEFINITIONAL_REPRESENTATION('',(#1465),#1469);
#1465 = LINE('',#1466,#1467);
#1466 = CARTESIAN_POINT('',(0.,1.965));
#1467 = VECTOR('',#1468,1.);
#1468 = DIRECTION('',(1.,0.));
#1469 = ( GEOMETRIC_REPRESENTATION_CONTEXT(2) 
PARAMETRIC_REPRESENTATION_CONTEXT() REPRESENTATION_CONTEXT('2D SPACE',''
  ) );
#1470 = ADVANCED_FACE('',(#1471),#1334,.F.);
#1471 = FACE_BOUND('',#1472,.F.);
#1472 = EDGE_LOOP('',(#1473,#1474,#1497,#1700));
#1473 = ORIENTED_EDGE('',*,*,#1317,.T.);
#1474 = ORIENTED_EDGE('',*,*,#1475,.T.);
#1475 = EDGE_CURVE('',#1318,#1476,#1478,.T.);
#1476 = VERTEX_POINT('',#1477);
#1477 = CARTESIAN_POINT('',(-19.25,-2.449293598295E-16,4.7));
#1478 = SEAM_CURVE('',#1479,(#1483,#1490),.PCURVE_S1.);
#1479 = LINE('',#1480,#1481);
#1480 = CARTESIAN_POINT('',(-46.,-2.449293598295E-16,4.7));
#1481 = VECTOR('',#1482,1.);
#1482 = DIRECTION('',(1.,0.,2.22044604925E-16));
#1483 = PCURVE('',#1334,#1484);
#1484 = DEFINITIONAL_REPRESENTATION('',(#1485),#1489);
#1485 = LINE('',#1486,#1487);
#1486 = CARTESIAN_POINT('',(0.,-0.));
#1487 = VECTOR('',#1488,1.);
#1488 = DIRECTION('',(0.,1.));
#1489 = ( GEOMETRIC_REPRESENTATION_CONTEXT(2) 
PARAMETRIC_REPRESENTATION_CONTEXT() REPRESENTATION_CONTEXT('2D SPACE',''
  ) );
#1490 = PCURVE('',#1334,#1491);
#1491 = DEFINITIONAL_REPRESENTATION('',(#1492),#1496);
#1492 = LINE('',#1493,#1494);
#1493 = CARTESIAN_POINT('',(6.28318530718,-0.));
#1494 = VECTOR('',#1495,1.);
#1495 = DIRECTION('',(0.,1.));
#1496 = ( GEOMETRIC_REPRESENTATION_CONTEXT(2) 
PARAMETRIC_REPRESENTATION_CONTEXT() REPRESENTATION_CONTEXT('2D SPACE',''
  ) );
#1497 = ORIENTED_EDGE('',*,*,#1498,.F.);
#1498 = EDGE_CURVE('',#1476,#1476,#1499,.T.);
#1499 = SURFACE_CURVE('',#1500,(#1563,#1629),.PCURVE_S1.);
#1500 = B_SPLINE_CURVE_WITH_KNOTS('',7,(#1501,#1502,#1503,#1504,#1505,
    #1506,#1507,#1508,#1509,#1510,#1511,#1512,#1513,#1514,#1515,#1516,
    #1517,#1518,#1519,#1520,#1521,#1522,#1523,#1524,#1525,#1526,#1527,
    #1528,#1529,#1530,#1531,#1532,#1533,#1534,#1535,#1536,#1537,#1538,
    #1539,#1540,#1541,#1542,#1543,#1544,#1545,#1546,#1547,#1548,#1549,
    #1550,#1551,#1552,#1553,#1554,#1555,#1556,#1557,#1558,#1559,#1560,
    #1561,#1562),.UNSPECIFIED.,.T.,.F.,(8,6,6,6,6,6,6,6,6,6,8),(0.,
    9.708884628861E-02,0.174092612806,0.2504525454,0.403683376697,
    0.500546900499,0.597423478471,0.674258889296,0.750450975217,
    0.903346199727,1.),.UNSPECIFIED.);
#1501 = CARTESIAN_POINT('',(-19.25,1.110223024625E-15,4.7));
#1502 = CARTESIAN_POINT('',(-19.25,9.765097572969E-02,4.7));
#1503 = CARTESIAN_POINT('',(-19.24942220677,0.194688671753,
    4.711125199042));
#1504 = CARTESIAN_POINT('',(-19.24827899236,0.289320747388,
    4.733122935578));
#1505 = CARTESIAN_POINT('',(-19.24664838817,0.379834958628,
    4.765301516957));
#1506 = CARTESIAN_POINT('',(-19.24466190189,0.464697536912,
    4.806550018331));
#1507 = CARTESIAN_POINT('',(-19.24247785657,0.542664665526,
    4.855359406347));
#1508 = CARTESIAN_POINT('',(-19.23846554731,0.668618174567,
    4.953058962655));
#1509 = CARTESIAN_POINT('',(-19.23664763083,0.719769172382,
    5.000075184491));
#1510 = CARTESIAN_POINT('',(-19.23484558218,0.76625628071,5.050338324632
    ));
#1511 = CARTESIAN_POINT('',(-19.23311172493,0.808017529975,
    5.103337240607));
#1512 = CARTESIAN_POINT('',(-19.23149075976,0.845026731825,5.15860119974
    ));
#1513 = CARTESIAN_POINT('',(-19.23001889792,0.877287463545,
    5.215696102934));
#1514 = CARTESIAN_POINT('',(-19.22743792651,0.932136380941,
    5.332255985581));
#1515 = CARTESIAN_POINT('',(-19.22632513727,0.954821107864,
    5.391735820841));
#1516 = CARTESIAN_POINT('',(-19.22541037828,0.972920196044,5.45232440399
    ));
#1517 = CARTESIAN_POINT('',(-19.22471234102,0.986467638048,
    5.513718874125));
#1518 = CARTESIAN_POINT('',(-19.22424307854,0.995489339103,
    5.575639641701));
#1519 = CARTESIAN_POINT('',(-19.22400842696,1.,5.637820710568));
#1520 = CARTESIAN_POINT('',(-19.22400842696,1.,5.824774654526));
#1521 = CARTESIAN_POINT('',(-19.22495321191,0.981836703076,
    5.949744217506));
#1522 = CARTESIAN_POINT('',(-19.22684844678,0.945406523453,
    6.072729822009));
#1523 = CARTESIAN_POINT('',(-19.2295989651,0.890436669787,6.19137059494)
  );
#1524 = CARTESIAN_POINT('',(-19.23299971654,0.816676145622,
    6.302901317054));
#1525 = CARTESIAN_POINT('',(-19.23670084002,0.724015468398,
    6.403970491553));
#1526 = CARTESIAN_POINT('',(-19.24247765971,0.542670845409,
    6.544635800044));
#1527 = CARTESIAN_POINT('',(-19.24466176146,0.464703511046,
    6.593447413221));
#1528 = CARTESIAN_POINT('',(-19.2466484542,0.379835256818,6.634700075652
    ));
#1529 = CARTESIAN_POINT('',(-19.24827919612,0.289312864774,
    6.666881035409));
#1530 = CARTESIAN_POINT('',(-19.2494223615,0.194674565081,6.688877794344
    ));
#1531 = CARTESIAN_POINT('',(-19.25,9.763781721014E-02,6.7));
#1532 = CARTESIAN_POINT('',(-19.25,-9.765097572973E-02,6.7));
#1533 = CARTESIAN_POINT('',(-19.24942220677,-0.194688671753,
    6.688874800958));
#1534 = CARTESIAN_POINT('',(-19.24827899236,-0.289320747388,
    6.666877064422));
#1535 = CARTESIAN_POINT('',(-19.24664838817,-0.379834958628,
    6.634698483043));
#1536 = CARTESIAN_POINT('',(-19.24466190189,-0.464697536912,
    6.593449981669));
#1537 = CARTESIAN_POINT('',(-19.24247785657,-0.542664665526,
    6.544640593653));
#1538 = CARTESIAN_POINT('',(-19.23846554731,-0.668618174567,
    6.446941037345));
#1539 = CARTESIAN_POINT('',(-19.23664763083,-0.719769172382,
    6.399924815509));
#1540 = CARTESIAN_POINT('',(-19.23484558218,-0.76625628071,
    6.349661675368));
#1541 = CARTESIAN_POINT('',(-19.23311172493,-0.808017529975,
    6.296662759393));
#1542 = CARTESIAN_POINT('',(-19.23149075976,-0.845026731825,
    6.24139880026));
#1543 = CARTESIAN_POINT('',(-19.23001889792,-0.877287463545,
    6.184303897066));
#1544 = CARTESIAN_POINT('',(-19.22743794167,-0.932136058857,
    6.067744698883));
#1545 = CARTESIAN_POINT('',(-19.22632514597,-0.954820924647,
    6.008264830853));
#1546 = CARTESIAN_POINT('',(-19.22541037767,-0.972920211656,
    5.947675827021));
#1547 = CARTESIAN_POINT('',(-19.22471233626,-0.986467741393,
    5.886280864027));
#1548 = CARTESIAN_POINT('',(-19.22424307528,-0.995489409471,
    5.824359796416));
#1549 = CARTESIAN_POINT('',(-19.22400842696,-1.,5.762178797466));
#1550 = CARTESIAN_POINT('',(-19.22400842696,-1.,5.575225345474));
#1551 = CARTESIAN_POINT('',(-19.22495321191,-0.981836703076,
    5.450255782495));
#1552 = CARTESIAN_POINT('',(-19.22684844678,-0.945406523452,
    5.32727017799));
#1553 = CARTESIAN_POINT('',(-19.2295989651,-0.890436669788,
    5.208629405061));
#1554 = CARTESIAN_POINT('',(-19.23299971654,-0.816676145621,
    5.097098682945));
#1555 = CARTESIAN_POINT('',(-19.23670084002,-0.724015468398,
    4.996029508447));
#1556 = CARTESIAN_POINT('',(-19.2424777159,-0.542669081461,
    4.855362831697));
#1557 = CARTESIAN_POINT('',(-19.24466183718,-0.464700732534,
    4.806551024378));
#1558 = CARTESIAN_POINT('',(-19.246648483,-0.379833090318,4.765299400168
    ));
#1559 = CARTESIAN_POINT('',(-19.24827916338,-0.289312994213,
    4.733119635572));
#1560 = CARTESIAN_POINT('',(-19.24942231593,-0.194677500055,
    4.711123091278));
#1561 = CARTESIAN_POINT('',(-19.25,-9.764171402525E-02,4.7));
#1562 = CARTESIAN_POINT('',(-19.25,1.110223024625E-15,4.7));
#1563 = PCURVE('',#1334,#1564);
#1564 = DEFINITIONAL_REPRESENTATION('',(#1565),#1628);
#1565 = B_SPLINE_CURVE_WITH_KNOTS('',7,(#1566,#1567,#1568,#1569,#1570,
    #1571,#1572,#1573,#1574,#1575,#1576,#1577,#1578,#1579,#1580,#1581,
    #1582,#1583,#1584,#1585,#1586,#1587,#1588,#1589,#1590,#1591,#1592,
    #1593,#1594,#1595,#1596,#1597,#1598,#1599,#1600,#1601,#1602,#1603,
    #1604,#1605,#1606,#1607,#1608,#1609,#1610,#1611,#1612,#1613,#1614,
    #1615,#1616,#1617,#1618,#1619,#1620,#1621,#1622,#1623,#1624,#1625,
    #1626,#1627),.UNSPECIFIED.,.F.,.F.,(8,6,6,6,6,6,6,6,6,6,8),(0.,
    9.708884628861E-02,0.174092612806,0.2504525454,0.403683376697,
    0.500546900499,0.597423478471,0.674258889296,0.750450975217,
    0.903346199727,1.),.UNSPECIFIED.);
#1566 = CARTESIAN_POINT('',(0.,26.75));
#1567 = CARTESIAN_POINT('',(9.765097572969E-02,26.75));
#1568 = CARTESIAN_POINT('',(0.194688354076,26.750577793227));
#1569 = CARTESIAN_POINT('',(0.290842552733,26.751721007633));
#1570 = CARTESIAN_POINT('',(0.385831449411,26.753351611829));
#1571 = CARTESIAN_POINT('',(0.479316091796,26.755338098109));
#1572 = CARTESIAN_POINT('',(0.570837485106,26.757522143426));
#1573 = CARTESIAN_POINT('',(0.730241028802,26.761534452685));
#1574 = CARTESIAN_POINT('',(0.799475361483,26.763352369161));
#1575 = CARTESIAN_POINT('',(0.867585337347,26.765154417814));
#1576 = CARTESIAN_POINT('',(0.934691603051,26.766888275068));
#1577 = CARTESIAN_POINT('',(1.000896487978,26.768509240235));
#1578 = CARTESIAN_POINT('',(1.066292922339,26.769981102073));
#1579 = CARTESIAN_POINT('',(1.195112990583,26.772562073481));
#1580 = CARTESIAN_POINT('',(1.258590831967,26.773674862726));
#1581 = CARTESIAN_POINT('',(1.321549809678,26.774589621713));
#1582 = CARTESIAN_POINT('',(1.384122509467,26.775287658974));
#1583 = CARTESIAN_POINT('',(1.446436062852,26.775756921456));
#1584 = CARTESIAN_POINT('',(1.508617037363,26.775991573036));
#1585 = CARTESIAN_POINT('',(1.695570981321,26.775991573036));
#1586 = CARTESIAN_POINT('',(1.820540150133,26.775046788081));
#1587 = CARTESIAN_POINT('',(1.946700448376,26.773151553218));
#1588 = CARTESIAN_POINT('',(2.074900955529,26.770401034891));
#1589 = CARTESIAN_POINT('',(2.20607944513,26.767000283458));
#1590 = CARTESIAN_POINT('',(2.341242224781,26.763299159971));
#1591 = CARTESIAN_POINT('',(2.57074734738,26.757522340289));
#1592 = CARTESIAN_POINT('',(2.662270259287,26.755338238535));
#1593 = CARTESIAN_POINT('',(2.755761651399,26.753351545792));
#1594 = CARTESIAN_POINT('',(2.850758595236,26.751720803878));
#1595 = CARTESIAN_POINT('',(2.946918402147,26.7505776385));
#1596 = CARTESIAN_POINT('',(3.04395483638,26.75));
#1597 = CARTESIAN_POINT('',(3.23924362932,26.75));
#1598 = CARTESIAN_POINT('',(3.336281007666,26.750577793227));
#1599 = CARTESIAN_POINT('',(3.432435206323,26.751721007633));
#1600 = CARTESIAN_POINT('',(3.527424103001,26.753351611829));
#1601 = CARTESIAN_POINT('',(3.620908745386,26.755338098109));
#1602 = CARTESIAN_POINT('',(3.712430138696,26.757522143426));
#1603 = CARTESIAN_POINT('',(3.871833682392,26.761534452685));
#1604 = CARTESIAN_POINT('',(3.941068015073,26.763352369161));
#1605 = CARTESIAN_POINT('',(4.009177990936,26.765154417814));
#1606 = CARTESIAN_POINT('',(4.076284256641,26.766888275068));
#1607 = CARTESIAN_POINT('',(4.142489141568,26.768509240235));
#1608 = CARTESIAN_POINT('',(4.207885575929,26.769981102073));
#1609 = CARTESIAN_POINT('',(4.336704887714,26.772562058325));
#1610 = CARTESIAN_POINT('',(4.400182807168,26.773674854023));
#1611 = CARTESIAN_POINT('',(4.463142245927,26.774589622321));
#1612 = CARTESIAN_POINT('',(4.525715442701,26.775287663731));
#1613 = CARTESIAN_POINT('',(4.588029282503,26.775756924719));
#1614 = CARTESIAN_POINT('',(4.650210182918,26.775991573036));
#1615 = CARTESIAN_POINT('',(4.837163634911,26.775991573036));
#1616 = CARTESIAN_POINT('',(4.962132803722,26.775046788081));
#1617 = CARTESIAN_POINT('',(5.088293101966,26.773151553218));
#1618 = CARTESIAN_POINT('',(5.216493609118,26.770401034891));
#1619 = CARTESIAN_POINT('',(5.34767209872,26.767000283458));
#1620 = CARTESIAN_POINT('',(5.48283487837,26.763299159971));
#1621 = CARTESIAN_POINT('',(5.712342233378,26.757522284097));
#1622 = CARTESIAN_POINT('',(5.803866071431,26.755338162816));
#1623 = CARTESIAN_POINT('',(5.897356418929,26.753351516993));
#1624 = CARTESIAN_POINT('',(5.992350935796,26.751720836612));
#1625 = CARTESIAN_POINT('',(6.088508126265,26.750577684066));
#1626 = CARTESIAN_POINT('',(6.185543593154,26.75));
#1627 = CARTESIAN_POINT('',(6.28318530718,26.75));
#1628 = ( GEOMETRIC_REPRESENTATION_CONTEXT(2) 
PARAMETRIC_REPRESENTATION_CONTEXT() REPRESENTATION_CONTEXT('2D SPACE',''
  ) );
#1629 = PCURVE('',#1630,#1635);
#1630 = CYLINDRICAL_SURFACE('',#1631,19.25);
#1631 = AXIS2_PLACEMENT_3D('',#1632,#1633,#1634);
#1632 = CARTESIAN_POINT('',(0.,0.,3.5));
#1633 = DIRECTION('',(0.,0.,1.));
#1634 = DIRECTION('',(1.,0.,-0.));
#1635 = DEFINITIONAL_REPRESENTATION('',(#1636),#1699);
#1636 = B_SPLINE_CURVE_WITH_KNOTS('',7,(#1637,#1638,#1639,#1640,#1641,
    #1642,#1643,#1644,#1645,#1646,#1647,#1648,#1649,#1650,#1651,#1652,
    #1653,#1654,#1655,#1656,#1657,#1658,#1659,#1660,#1661,#1662,#1663,
    #1664,#1665,#1666,#1667,#1668,#1669,#1670,#1671,#1672,#1673,#1674,
    #1675,#1676,#1677,#1678,#1679,#1680,#1681,#1682,#1683,#1684,#1685,
    #1686,#1687,#1688,#1689,#1690,#1691,#1692,#1693,#1694,#1695,#1696,
    #1697,#1698),.UNSPECIFIED.,.T.,.F.,(8,6,6,6,6,6,6,6,6,6,8),(0.,
    9.708884628861E-02,0.174092612806,0.2504525454,0.403683376697,
    0.500546900499,0.597423478471,0.674258889296,0.750450975217,
    0.903346199727,1.),.UNSPECIFIED.);
#1637 = CARTESIAN_POINT('',(3.14159265359,1.2));
#1638 = CARTESIAN_POINT('',(3.13651987563,1.2));
#1639 = CARTESIAN_POINT('',(3.131478956036,1.211125199042));
#1640 = CARTESIAN_POINT('',(3.126562792199,1.233122935578));
#1641 = CARTESIAN_POINT('',(3.121860124824,1.265301516957));
#1642 = CARTESIAN_POINT('',(3.117450550061,1.306550018331));
#1643 = CARTESIAN_POINT('',(3.113398750376,1.355359406347));
#1644 = CARTESIAN_POINT('',(3.106852391942,1.453058962655));
#1645 = CARTESIAN_POINT('',(3.104193537505,1.500075184491));
#1646 = CARTESIAN_POINT('',(3.101776827102,1.550338324632));
#1647 = CARTESIAN_POINT('',(3.099605554051,1.603337240607));
#1648 = CARTESIAN_POINT('',(3.097681160038,1.65860119974));
#1649 = CARTESIAN_POINT('',(3.096003536396,1.715696102934));
#1650 = CARTESIAN_POINT('',(3.093151089179,1.832255985581));
#1651 = CARTESIAN_POINT('',(3.091971246899,1.891735820841));
#1652 = CARTESIAN_POINT('',(3.091029835885,1.95232440399));
#1653 = CARTESIAN_POINT('',(3.090325139173,2.013718874125));
#1654 = CARTESIAN_POINT('',(3.0898558454,2.075639641701));
#1655 = CARTESIAN_POINT('',(3.08962120872,2.137820710568));
#1656 = CARTESIAN_POINT('',(3.08962120872,2.324774654526));
#1657 = CARTESIAN_POINT('',(3.090566032472,2.449744217506));
#1658 = CARTESIAN_POINT('',(3.0924610673,2.572729822009));
#1659 = CARTESIAN_POINT('',(3.095320214167,2.69137059494));
#1660 = CARTESIAN_POINT('',(3.099155928133,2.802901317054));
#1661 = CARTESIAN_POINT('',(3.10397315067,2.903970491553));
#1662 = CARTESIAN_POINT('',(3.11339842918,3.044635800044));
#1663 = CARTESIAN_POINT('',(3.11745023965,3.093447413221));
#1664 = CARTESIAN_POINT('',(3.121860109417,3.134700075652));
#1665 = CARTESIAN_POINT('',(3.126563201777,3.166881035409));
#1666 = CARTESIAN_POINT('',(3.131479688853,3.188877794344));
#1667 = CARTESIAN_POINT('',(3.136520559189,3.2));
#1668 = CARTESIAN_POINT('',(3.14666543155,3.2));
#1669 = CARTESIAN_POINT('',(3.151706351143,3.188874800958));
#1670 = CARTESIAN_POINT('',(3.156622514981,3.166877064422));
#1671 = CARTESIAN_POINT('',(3.161325182355,3.134698483043));
#1672 = CARTESIAN_POINT('',(3.165734757119,3.093449981669));
#1673 = CARTESIAN_POINT('',(3.169786556803,3.044640593653));
#1674 = CARTESIAN_POINT('',(3.176332915237,2.946941037345));
#1675 = CARTESIAN_POINT('',(3.178991769674,2.899924815509));
#1676 = CARTESIAN_POINT('',(3.181408480077,2.849661675368));
#1677 = CARTESIAN_POINT('',(3.183579753128,2.796662759393));
#1678 = CARTESIAN_POINT('',(3.185504147141,2.74139880026));
#1679 = CARTESIAN_POINT('',(3.187181770784,2.684303897066));
#1680 = CARTESIAN_POINT('',(3.190034201251,2.567744698883));
#1681 = CARTESIAN_POINT('',(3.191214050742,2.508264830853));
#1682 = CARTESIAN_POINT('',(3.1921554721,2.447675827021));
#1683 = CARTESIAN_POINT('',(3.192860173388,2.386280864027));
#1684 = CARTESIAN_POINT('',(3.193329465451,2.324359796416));
#1685 = CARTESIAN_POINT('',(3.19356409846,2.262178797466));
#1686 = CARTESIAN_POINT('',(3.19356409846,2.075225345474));
#1687 = CARTESIAN_POINT('',(3.192619274708,1.950255782495));
#1688 = CARTESIAN_POINT('',(3.190724239879,1.82727017799));
#1689 = CARTESIAN_POINT('',(3.187865093013,1.708629405061));
#1690 = CARTESIAN_POINT('',(3.184029379047,1.597098682945));
#1691 = CARTESIAN_POINT('',(3.17921215651,1.496029508447));
#1692 = CARTESIAN_POINT('',(3.169786786319,1.355362831697));
#1693 = CARTESIAN_POINT('',(3.165734923145,1.306551024378));
#1694 = CARTESIAN_POINT('',(3.161325085215,1.265299400168));
#1695 = CARTESIAN_POINT('',(3.156622112148,1.233119635572));
#1696 = CARTESIAN_POINT('',(3.151705770801,1.211123091278));
#1697 = CARTESIAN_POINT('',(3.146664950422,1.2));
#1698 = CARTESIAN_POINT('',(3.14159265359,1.2));
#1699 = ( GEOMETRIC_REPRESENTATION_CONTEXT(2) 
PARAMETRIC_REPRESENTATION_CONTEXT() REPRESENTATION_CONTEXT('2D SPACE',''
  ) );
#1700 = ORIENTED_EDGE('',*,*,#1475,.F.);
#1701 = ADVANCED_FACE('',(#1702,#1705),#1387,.F.);
#1702 = FACE_BOUND('',#1703,.F.);
#1703 = EDGE_LOOP('',(#1704));
#1704 = ORIENTED_EDGE('',*,*,#1372,.T.);
#1705 = FACE_BOUND('',#1706,.F.);
#1706 = EDGE_LOOP('',(#1707));
#1707 = ORIENTED_EDGE('',*,*,#1708,.F.);
#1708 = EDGE_CURVE('',#1709,#1709,#1711,.T.);
#1709 = VERTEX_POINT('',#1710);
#1710 = CARTESIAN_POINT('',(40.,-2.449293598295E-16,6.7));
#1711 = SURFACE_CURVE('',#1712,(#1717,#1724),.PCURVE_S1.);
#1712 = CIRCLE('',#1713,1.);
#1713 = AXIS2_PLACEMENT_3D('',#1714,#1715,#1716);
#1714 = CARTESIAN_POINT('',(40.,0.,5.7));
#1715 = DIRECTION('',(-1.,0.,2.22044604925E-16));
#1716 = DIRECTION('',(2.22044604925E-16,0.,1.));
#1717 = PCURVE('',#1387,#1718);
#1718 = DEFINITIONAL_REPRESENTATION('',(#1719),#1723);
#1719 = CIRCLE('',#1720,1.);
#1720 = AXIS2_PLACEMENT_2D('',#1721,#1722);
#1721 = CARTESIAN_POINT('',(0.,0.));
#1722 = DIRECTION('',(1.,0.));
#1723 = ( GEOMETRIC_REPRESENTATION_CONTEXT(2) 
PARAMETRIC_REPRESENTATION_CONTEXT() REPRESENTATION_CONTEXT('2D SPACE',''
  ) );
#1724 = PCURVE('',#1725,#1730);
#1725 = CYLINDRICAL_SURFACE('',#1726,1.);
#1726 = AXIS2_PLACEMENT_3D('',#1727,#1728,#1729);
#1727 = CARTESIAN_POINT('',(46.,0.,5.7));
#1728 = DIRECTION('',(-1.,0.,2.22044604925E-16));
#1729 = DIRECTION('',(2.22044604925E-16,0.,1.));
#1730 = DEFINITIONAL_REPRESENTATION('',(#1731),#1735);
#1731 = LINE('',#1732,#1733);
#1732 = CARTESIAN_POINT('',(0.,6.));
#1733 = VECTOR('',#1734,1.);
#1734 = DIRECTION('',(1.,0.));
#1735 = ( GEOMETRIC_REPRESENTATION_CONTEXT(2) 
PARAMETRIC_REPRESENTATION_CONTEXT() REPRESENTATION_CONTEXT('2D SPACE',''
  ) );
#1736 = ADVANCED_FACE('',(#1737),#1424,.F.);
#1737 = FACE_BOUND('',#1738,.F.);
#1738 = EDGE_LOOP('',(#1739,#1740,#1763,#1790));
#1739 = ORIENTED_EDGE('',*,*,#1407,.F.);
#1740 = ORIENTED_EDGE('',*,*,#1741,.F.);
#1741 = EDGE_CURVE('',#1742,#1408,#1744,.T.);
#1742 = VERTEX_POINT('',#1743);
#1743 = CARTESIAN_POINT('',(27.157,-6.651546624889E-15,7.165));
#1744 = SEAM_CURVE('',#1745,(#1749,#1756),.PCURVE_S1.);
#1745 = LINE('',#1746,#1747);
#1746 = CARTESIAN_POINT('',(27.157,-6.651546624889E-15,7.165));
#1747 = VECTOR('',#1748,1.);
#1748 = DIRECTION('',(0.,0.,1.));
#1749 = PCURVE('',#1424,#1750);
#1750 = DEFINITIONAL_REPRESENTATION('',(#1751),#1755);
#1751 = LINE('',#1752,#1753);
#1752 = CARTESIAN_POINT('',(6.28318530718,-0.));
#1753 = VECTOR('',#1754,1.);
#1754 = DIRECTION('',(0.,1.));
#1755 = ( GEOMETRIC_REPRESENTATION_CONTEXT(2) 
PARAMETRIC_REPRESENTATION_CONTEXT() REPRESENTATION_CONTEXT('2D SPACE',''
  ) );
#1756 = PCURVE('',#1424,#1757);
#1757 = DEFINITIONAL_REPRESENTATION('',(#1758),#1762);
#1758 = LINE('',#1759,#1760);
#1759 = CARTESIAN_POINT('',(0.,-0.));
#1760 = VECTOR('',#1761,1.);
#1761 = DIRECTION('',(0.,1.));
#1762 = ( GEOMETRIC_REPRESENTATION_CONTEXT(2) 
PARAMETRIC_REPRESENTATION_CONTEXT() REPRESENTATION_CONTEXT('2D SPACE',''
  ) );
#1763 = ORIENTED_EDGE('',*,*,#1764,.T.);
#1764 = EDGE_CURVE('',#1742,#1742,#1765,.T.);
#1765 = SURFACE_CURVE('',#1766,(#1771,#1778),.PCURVE_S1.);
#1766 = CIRCLE('',#1767,27.157);
#1767 = AXIS2_PLACEMENT_3D('',#1768,#1769,#1770);
#1768 = CARTESIAN_POINT('',(0.,0.,7.165));
#1769 = DIRECTION('',(0.,0.,1.));
#1770 = DIRECTION('',(1.,0.,-0.));
#1771 = PCURVE('',#1424,#1772);
#1772 = DEFINITIONAL_REPRESENTATION('',(#1773),#1777);
#1773 = LINE('',#1774,#1775);
#1774 = CARTESIAN_POINT('',(0.,0.));
#1775 = VECTOR('',#1776,1.);
#1776 = DIRECTION('',(1.,0.));
#1777 = ( GEOMETRIC_REPRESENTATION_CONTEXT(2) 
PARAMETRIC_REPRESENTATION_CONTEXT() REPRESENTATION_CONTEXT('2D SPACE',''
  ) );
#1778 = PCURVE('',#1779,#1784);
#1779 = PLANE('',#1780);
#1780 = AXIS2_PLACEMENT_3D('',#1781,#1782,#1783);
#1781 = CARTESIAN_POINT('',(0.,0.,7.165));
#1782 = DIRECTION('',(0.,0.,1.));
#1783 = DIRECTION('',(1.,0.,-0.));
#1784 = DEFINITIONAL_REPRESENTATION('',(#1785),#1789);
#1785 = CIRCLE('',#1786,27.157);
#1786 = AXIS2_PLACEMENT_2D('',#1787,#1788);
#1787 = CARTESIAN_POINT('',(0.,0.));
#1788 = DIRECTION('',(1.,0.));
#1789 = ( GEOMETRIC_REPRESENTATION_CONTEXT(2) 
PARAMETRIC_REPRESENTATION_CONTEXT() REPRESENTATION_CONTEXT('2D SPACE',''
  ) );
#1790 = ORIENTED_EDGE('',*,*,#1741,.T.);
#1791 = ADVANCED_FACE('',(#1792),#1459,.T.);
#1792 = FACE_BOUND('',#1793,.T.);
#1793 = EDGE_LOOP('',(#1794,#1795,#1818,#1845));
#1794 = ORIENTED_EDGE('',*,*,#1442,.F.);
#1795 = ORIENTED_EDGE('',*,*,#1796,.F.);
#1796 = EDGE_CURVE('',#1797,#1443,#1799,.T.);
#1797 = VERTEX_POINT('',#1798);
#1798 = CARTESIAN_POINT('',(26.297,-6.440907375436E-15,0.));
#1799 = SEAM_CURVE('',#1800,(#1804,#1811),.PCURVE_S1.);
#1800 = LINE('',#1801,#1802);
#1801 = CARTESIAN_POINT('',(26.297,-6.440907375436E-15,0.));
#1802 = VECTOR('',#1803,1.);
#1803 = DIRECTION('',(0.,0.,1.));
#1804 = PCURVE('',#1459,#1805);
#1805 = DEFINITIONAL_REPRESENTATION('',(#1806),#1810);
#1806 = LINE('',#1807,#1808);
#1807 = CARTESIAN_POINT('',(6.28318530718,-0.));
#1808 = VECTOR('',#1809,1.);
#1809 = DIRECTION('',(0.,1.));
#1810 = ( GEOMETRIC_REPRESENTATION_CONTEXT(2) 
PARAMETRIC_REPRESENTATION_CONTEXT() REPRESENTATION_CONTEXT('2D SPACE',''
  ) );
#1811 = PCURVE('',#1459,#1812);
#1812 = DEFINITIONAL_REPRESENTATION('',(#1813),#1817);
#1813 = LINE('',#1814,#1815);
#1814 = CARTESIAN_POINT('',(0.,-0.));
#1815 = VECTOR('',#1816,1.);
#1816 = DIRECTION('',(0.,1.));
#1817 = ( GEOMETRIC_REPRESENTATION_CONTEXT(2) 
PARAMETRIC_REPRESENTATION_CONTEXT() REPRESENTATION_CONTEXT('2D SPACE',''
  ) );
#1818 = ORIENTED_EDGE('',*,*,#1819,.T.);
#1819 = EDGE_CURVE('',#1797,#1797,#1820,.T.);
#1820 = SURFACE_CURVE('',#1821,(#1826,#1833),.PCURVE_S1.);
#1821 = CIRCLE('',#1822,26.297);
#1822 = AXIS2_PLACEMENT_3D('',#1823,#1824,#1825);
#1823 = CARTESIAN_POINT('',(0.,0.,0.));
#1824 = DIRECTION('',(0.,0.,1.));
#1825 = DIRECTION('',(1.,0.,-0.));
#1826 = PCURVE('',#1459,#1827);
#1827 = DEFINITIONAL_REPRESENTATION('',(#1828),#1832);
#1828 = LINE('',#1829,#1830);
#1829 = CARTESIAN_POINT('',(0.,0.));
#1830 = VECTOR('',#1831,1.);
#1831 = DIRECTION('',(1.,0.));
#1832 = ( GEOMETRIC_REPRESENTATION_CONTEXT(2) 
PARAMETRIC_REPRESENTATION_CONTEXT() REPRESENTATION_CONTEXT('2D SPACE',''
  ) );
#1833 = PCURVE('',#1834,#1839);
#1834 = PLANE('',#1835);
#1835 = AXIS2_PLACEMENT_3D('',#1836,#1837,#1838);
#1836 = CARTESIAN_POINT('',(-45.,-45.,0.));
#1837 = DIRECTION('',(0.,0.,1.));
#1838 = DIRECTION('',(1.,0.,-0.));
#1839 = DEFINITIONAL_REPRESENTATION('',(#1840),#1844);
#1840 = CIRCLE('',#1841,26.297);
#1841 = AXIS2_PLACEMENT_2D('',#1842,#1843);
#1842 = CARTESIAN_POINT('',(45.,45.));
#1843 = DIRECTION('',(1.,0.));
#1844 = ( GEOMETRIC_REPRESENTATION_CONTEXT(2) 
PARAMETRIC_REPRESENTATION_CONTEXT() REPRESENTATION_CONTEXT('2D SPACE',''
  ) );
#1845 = ORIENTED_EDGE('',*,*,#1796,.T.);
#1846 = ADVANCED_FACE('',(#1847,#2135),#1630,.F.);
#1847 = FACE_BOUND('',#1848,.F.);
#1848 = EDGE_LOOP('',(#1849,#1943,#1966,#1993,#1994,#2084,#2107,#2134));
#1849 = ORIENTED_EDGE('',*,*,#1850,.T.);
#1850 = EDGE_CURVE('',#1851,#1853,#1855,.T.);
#1851 = VERTEX_POINT('',#1852);
#1852 = CARTESIAN_POINT('',(19.25,-4.714890176717E-15,4.7));
#1853 = VERTEX_POINT('',#1854);
#1854 = CARTESIAN_POINT('',(19.25,-2.479909768273E-15,6.7));
#1855 = SURFACE_CURVE('',#1856,(#1883,#1913),.PCURVE_S1.);
#1856 = B_SPLINE_CURVE_WITH_KNOTS('',7,(#1857,#1858,#1859,#1860,#1861,
    #1862,#1863,#1864,#1865,#1866,#1867,#1868,#1869,#1870,#1871,#1872,
    #1873,#1874,#1875,#1876,#1877,#1878,#1879,#1880,#1881,#1882),
  .UNSPECIFIED.,.F.,.F.,(8,6,6,6,8),(0.,0.193670554108,0.500014403647,
    0.806348640266,1.),.UNSPECIFIED.);
#1857 = CARTESIAN_POINT('',(19.25,-1.33226762955E-15,4.7));
#1858 = CARTESIAN_POINT('',(19.25,-9.765097572971E-02,4.7));
#1859 = CARTESIAN_POINT('',(19.249422206773,-0.194688671753,
    4.711125199042));
#1860 = CARTESIAN_POINT('',(19.248278992367,-0.289320747388,
    4.733122935578));
#1861 = CARTESIAN_POINT('',(19.246648388171,-0.379834958628,
    4.765301516957));
#1862 = CARTESIAN_POINT('',(19.244661901891,-0.464697536912,
    4.806550018331));
#1863 = CARTESIAN_POINT('',(19.242477856574,-0.542664665526,
    4.855359406347));
#1864 = CARTESIAN_POINT('',(19.236700857246,-0.724014927944,
    4.996029089228));
#1865 = CARTESIAN_POINT('',(19.232999682077,-0.81667743295,
    5.097099399708));
#1866 = CARTESIAN_POINT('',(19.229598897233,-0.890437698772,
    5.208631458925));
#1867 = CARTESIAN_POINT('',(19.226848469668,-0.945406071646,
    5.327271032729));
#1868 = CARTESIAN_POINT('',(19.22495327197,-0.981835559201,
    5.450253618054));
#1869 = CARTESIAN_POINT('',(19.224008426964,-1.,5.575221429984));
#1870 = CARTESIAN_POINT('',(19.224008426964,-1.,5.824774654526));
#1871 = CARTESIAN_POINT('',(19.224953211919,-0.981836703076,
    5.949744217506));
#1872 = CARTESIAN_POINT('',(19.226848446782,-0.945406523453,
    6.072729822009));
#1873 = CARTESIAN_POINT('',(19.229598965109,-0.890436669787,
    6.191370594941));
#1874 = CARTESIAN_POINT('',(19.232999716542,-0.816676145622,
    6.302901317054));
#1875 = CARTESIAN_POINT('',(19.236700840029,-0.724015468397,
    6.403970491553));
#1876 = CARTESIAN_POINT('',(19.242477715903,-0.542669081461,
    6.544637168303));
#1877 = CARTESIAN_POINT('',(19.244661837184,-0.464700732534,
    6.593448975622));
#1878 = CARTESIAN_POINT('',(19.246648483007,-0.379833090318,
    6.634700599832));
#1879 = CARTESIAN_POINT('',(19.248279163388,-0.289312994213,
    6.666880364428));
#1880 = CARTESIAN_POINT('',(19.249422315934,-0.194677500055,
    6.688876908722));
#1881 = CARTESIAN_POINT('',(19.25,-9.764171402531E-02,6.7));
#1882 = CARTESIAN_POINT('',(19.25,-2.442490654175E-15,6.7));
#1883 = PCURVE('',#1630,#1884);
#1884 = DEFINITIONAL_REPRESENTATION('',(#1885),#1912);
#1885 = B_SPLINE_CURVE_WITH_KNOTS('',7,(#1886,#1887,#1888,#1889,#1890,
    #1891,#1892,#1893,#1894,#1895,#1896,#1897,#1898,#1899,#1900,#1901,
    #1902,#1903,#1904,#1905,#1906,#1907,#1908,#1909,#1910,#1911),
  .UNSPECIFIED.,.F.,.F.,(8,6,6,6,8),(0.,0.193670554108,0.500014403647,
    0.806348640266,1.),.UNSPECIFIED.);
#1886 = CARTESIAN_POINT('',(6.28318530718,1.2));
#1887 = CARTESIAN_POINT('',(6.27811252922,1.2));
#1888 = CARTESIAN_POINT('',(6.273071609626,1.211125199042));
#1889 = CARTESIAN_POINT('',(6.268155445788,1.233122935578));
#1890 = CARTESIAN_POINT('',(6.263452778414,1.265301516957));
#1891 = CARTESIAN_POINT('',(6.259043203651,1.306550018331));
#1892 = CARTESIAN_POINT('',(6.254991403966,1.355359406347));
#1893 = CARTESIAN_POINT('',(6.245565832349,1.496029089228));
#1894 = CARTESIAN_POINT('',(6.240748514831,1.597099399708));
#1895 = CARTESIAN_POINT('',(6.2369128142,1.708631458925));
#1896 = CARTESIAN_POINT('',(6.234053744392,1.827271032729));
#1897 = CARTESIAN_POINT('',(6.232158745563,1.950253618054));
#1898 = CARTESIAN_POINT('',(6.23121386231,2.075221429984));
#1899 = CARTESIAN_POINT('',(6.23121386231,2.324774654526));
#1900 = CARTESIAN_POINT('',(6.232158686062,2.449744217506));
#1901 = CARTESIAN_POINT('',(6.23405372089,2.572729822009));
#1902 = CARTESIAN_POINT('',(6.236912867757,2.691370594941));
#1903 = CARTESIAN_POINT('',(6.240748581723,2.802901317054));
#1904 = CARTESIAN_POINT('',(6.245565804259,2.903970491553));
#1905 = CARTESIAN_POINT('',(6.25499117445,3.044637168303));
#1906 = CARTESIAN_POINT('',(6.259043037625,3.093448975622));
#1907 = CARTESIAN_POINT('',(6.263452875555,3.134700599832));
#1908 = CARTESIAN_POINT('',(6.268155848622,3.166880364428));
#1909 = CARTESIAN_POINT('',(6.273072189969,3.188876908722));
#1910 = CARTESIAN_POINT('',(6.278113010347,3.2));
#1911 = CARTESIAN_POINT('',(6.28318530718,3.2));
#1912 = ( GEOMETRIC_REPRESENTATION_CONTEXT(2) 
PARAMETRIC_REPRESENTATION_CONTEXT() REPRESENTATION_CONTEXT('2D SPACE',''
  ) );
#1913 = PCURVE('',#1725,#1914);
#1914 = DEFINITIONAL_REPRESENTATION('',(#1915),#1942);
#1915 = B_SPLINE_CURVE_WITH_KNOTS('',7,(#1916,#1917,#1918,#1919,#1920,
    #1921,#1922,#1923,#1924,#1925,#1926,#1927,#1928,#1929,#1930,#1931,
    #1932,#1933,#1934,#1935,#1936,#1937,#1938,#1939,#1940,#1941),
  .UNSPECIFIED.,.F.,.F.,(8,6,6,6,8),(0.,0.193670554108,0.500014403647,
    0.806348640266,1.),.UNSPECIFIED.);
#1916 = CARTESIAN_POINT('',(3.14159265359,26.75));
#1917 = CARTESIAN_POINT('',(3.239243629319,26.75));
#1918 = CARTESIAN_POINT('',(3.336281007666,26.750577793227));
#1919 = CARTESIAN_POINT('',(3.432435206323,26.751721007633));
#1920 = CARTESIAN_POINT('',(3.527424103001,26.753351611829));
#1921 = CARTESIAN_POINT('',(3.620908745386,26.755338098109));
#1922 = CARTESIAN_POINT('',(3.712430138696,26.757522143426));
#1923 = CARTESIAN_POINT('',(3.941942398415,26.763299142754));
#1924 = CARTESIAN_POINT('',(4.077107311218,26.767000317923));
#1925 = CARTESIAN_POINT('',(4.208286396071,26.770401102767));
#1926 = CARTESIAN_POINT('',(4.336485471149,26.773151530332));
#1927 = CARTESIAN_POINT('',(4.462642974978,26.77504672803));
#1928 = CARTESIAN_POINT('',(4.587610410368,26.775991573036));
#1929 = CARTESIAN_POINT('',(4.83716363491,26.775991573036));
#1930 = CARTESIAN_POINT('',(4.962132803723,26.775046788081));
#1931 = CARTESIAN_POINT('',(5.088293101964,26.773151553218));
#1932 = CARTESIAN_POINT('',(5.216493609119,26.770401034891));
#1933 = CARTESIAN_POINT('',(5.347672098719,26.767000283458));
#1934 = CARTESIAN_POINT('',(5.48283487837,26.763299159971));
#1935 = CARTESIAN_POINT('',(5.712342233378,26.757522284097));
#1936 = CARTESIAN_POINT('',(5.803866071431,26.755338162816));
#1937 = CARTESIAN_POINT('',(5.897356418929,26.753351516993));
#1938 = CARTESIAN_POINT('',(5.992350935796,26.751720836612));
#1939 = CARTESIAN_POINT('',(6.088508126265,26.750577684066));
#1940 = CARTESIAN_POINT('',(6.185543593154,26.75));
#1941 = CARTESIAN_POINT('',(6.28318530718,26.75));
#1942 = ( GEOMETRIC_REPRESENTATION_CONTEXT(2) 
PARAMETRIC_REPRESENTATION_CONTEXT() REPRESENTATION_CONTEXT('2D SPACE',''
  ) );
#1943 = ORIENTED_EDGE('',*,*,#1944,.T.);
#1944 = EDGE_CURVE('',#1853,#1945,#1947,.T.);
#1945 = VERTEX_POINT('',#1946);
#1946 = CARTESIAN_POINT('',(19.25,-4.714890176717E-15,8.5));
#1947 = SEAM_CURVE('',#1948,(#1952,#1959),.PCURVE_S1.);
#1948 = LINE('',#1949,#1950);
#1949 = CARTESIAN_POINT('',(19.25,-4.714890176717E-15,3.5));
#1950 = VECTOR('',#1951,1.);
#1951 = DIRECTION('',(0.,0.,1.));
#1952 = PCURVE('',#1630,#1953);
#1953 = DEFINITIONAL_REPRESENTATION('',(#1954),#1958);
#1954 = LINE('',#1955,#1956);
#1955 = CARTESIAN_POINT('',(0.,-0.));
#1956 = VECTOR('',#1957,1.);
#1957 = DIRECTION('',(0.,1.));
#1958 = ( GEOMETRIC_REPRESENTATION_CONTEXT(2) 
PARAMETRIC_REPRESENTATION_CONTEXT() REPRESENTATION_CONTEXT('2D SPACE',''
  ) );
#1959 = PCURVE('',#1630,#1960);
#1960 = DEFINITIONAL_REPRESENTATION('',(#1961),#1965);
#1961 = LINE('',#1962,#1963);
#1962 = CARTESIAN_POINT('',(6.28318530718,-0.));
#1963 = VECTOR('',#1964,1.);
#1964 = DIRECTION('',(0.,1.));
#1965 = ( GEOMETRIC_REPRESENTATION_CONTEXT(2) 
PARAMETRIC_REPRESENTATION_CONTEXT() REPRESENTATION_CONTEXT('2D SPACE',''
  ) );
#1966 = ORIENTED_EDGE('',*,*,#1967,.F.);
#1967 = EDGE_CURVE('',#1945,#1945,#1968,.T.);
#1968 = SURFACE_CURVE('',#1969,(#1974,#1981),.PCURVE_S1.);
#1969 = CIRCLE('',#1970,19.25);
#1970 = AXIS2_PLACEMENT_3D('',#1971,#1972,#1973);
#1971 = CARTESIAN_POINT('',(0.,0.,8.5));
#1972 = DIRECTION('',(0.,0.,1.));
#1973 = DIRECTION('',(1.,0.,-0.));
#1974 = PCURVE('',#1630,#1975);
#1975 = DEFINITIONAL_REPRESENTATION('',(#1976),#1980);
#1976 = LINE('',#1977,#1978);
#1977 = CARTESIAN_POINT('',(0.,5.));
#1978 = VECTOR('',#1979,1.);
#1979 = DIRECTION('',(1.,0.));
#1980 = ( GEOMETRIC_REPRESENTATION_CONTEXT(2) 
PARAMETRIC_REPRESENTATION_CONTEXT() REPRESENTATION_CONTEXT('2D SPACE',''
  ) );
#1981 = PCURVE('',#1982,#1987);
#1982 = PLANE('',#1983);
#1983 = AXIS2_PLACEMENT_3D('',#1984,#1985,#1986);
#1984 = CARTESIAN_POINT('',(0.,0.,8.5));
#1985 = DIRECTION('',(0.,0.,1.));
#1986 = DIRECTION('',(1.,0.,-0.));
#1987 = DEFINITIONAL_REPRESENTATION('',(#1988),#1992);
#1988 = CIRCLE('',#1989,19.25);
#1989 = AXIS2_PLACEMENT_2D('',#1990,#1991);
#1990 = CARTESIAN_POINT('',(0.,0.));
#1991 = DIRECTION('',(1.,0.));
#1992 = ( GEOMETRIC_REPRESENTATION_CONTEXT(2) 
PARAMETRIC_REPRESENTATION_CONTEXT() REPRESENTATION_CONTEXT('2D SPACE',''
  ) );
#1993 = ORIENTED_EDGE('',*,*,#1944,.F.);
#1994 = ORIENTED_EDGE('',*,*,#1995,.T.);
#1995 = EDGE_CURVE('',#1853,#1851,#1996,.T.);
#1996 = SURFACE_CURVE('',#1997,(#2024,#2054),.PCURVE_S1.);
#1997 = B_SPLINE_CURVE_WITH_KNOTS('',7,(#1998,#1999,#2000,#2001,#2002,
    #2003,#2004,#2005,#2006,#2007,#2008,#2009,#2010,#2011,#2012,#2013,
    #2014,#2015,#2016,#2017,#2018,#2019,#2020,#2021,#2022,#2023),
  .UNSPECIFIED.,.F.,.F.,(8,6,6,6,8),(0.,0.193674058331,0.500048199668,
    0.806364709462,1.),.UNSPECIFIED.);
#1998 = CARTESIAN_POINT('',(19.25,-1.224646799147E-16,6.7));
#1999 = CARTESIAN_POINT('',(19.25,9.765097572971E-02,6.7));
#2000 = CARTESIAN_POINT('',(19.249422206773,0.194688671753,
    6.688874800958));
#2001 = CARTESIAN_POINT('',(19.248278992367,0.289320747388,
    6.666877064422));
#2002 = CARTESIAN_POINT('',(19.246648388171,0.379834958628,
    6.634698483043));
#2003 = CARTESIAN_POINT('',(19.244661901891,0.464697536912,
    6.593449981669));
#2004 = CARTESIAN_POINT('',(19.242477856574,0.542664665526,
    6.544640593653));
#2005 = CARTESIAN_POINT('',(19.23670057131,0.72402390396,6.40396394826)
  );
#2006 = CARTESIAN_POINT('',(19.232999422647,0.816681753398,
    6.302892567944));
#2007 = CARTESIAN_POINT('',(19.229598987767,0.890434993096,
    6.191367419865));
#2008 = CARTESIAN_POINT('',(19.226848823064,0.945399040023,
    6.072739003161));
#2009 = CARTESIAN_POINT('',(19.224953573932,0.981829852179,
    5.949766281082));
#2010 = CARTESIAN_POINT('',(19.224008426964,1.,5.8247981301));
#2011 = CARTESIAN_POINT('',(19.224008426964,1.,5.575225345474));
#2012 = CARTESIAN_POINT('',(19.224953211919,0.981836703076,
    5.450255782494));
#2013 = CARTESIAN_POINT('',(19.226848446782,0.945406523452,5.32727017799
    ));
#2014 = CARTESIAN_POINT('',(19.229598965109,0.890436669788,5.20862940506
    ));
#2015 = CARTESIAN_POINT('',(19.232999716542,0.816676145622,
    5.097098682946));
#2016 = CARTESIAN_POINT('',(19.236700840029,0.724015468398,
    4.996029508447));
#2017 = CARTESIAN_POINT('',(19.242477659711,0.542670845409,
    4.855364199956));
#2018 = CARTESIAN_POINT('',(19.244661761465,0.464703511046,
    4.806552586779));
#2019 = CARTESIAN_POINT('',(19.246648454208,0.379835256818,
    4.765299924348));
#2020 = CARTESIAN_POINT('',(19.248279196122,0.289312864774,
    4.733118964591));
#2021 = CARTESIAN_POINT('',(19.2494223615,0.194674565081,4.711122205656)
  );
#2022 = CARTESIAN_POINT('',(19.25,9.763781721018E-02,4.7));
#2023 = CARTESIAN_POINT('',(19.25,1.071875439572E-15,4.7));
#2024 = PCURVE('',#1630,#2025);
#2025 = DEFINITIONAL_REPRESENTATION('',(#2026),#2053);
#2026 = B_SPLINE_CURVE_WITH_KNOTS('',7,(#2027,#2028,#2029,#2030,#2031,
    #2032,#2033,#2034,#2035,#2036,#2037,#2038,#2039,#2040,#2041,#2042,
    #2043,#2044,#2045,#2046,#2047,#2048,#2049,#2050,#2051,#2052),
  .UNSPECIFIED.,.F.,.F.,(8,6,6,6,8),(0.,0.193674058331,0.500048199668,
    0.806364709462,1.),.UNSPECIFIED.);
#2027 = CARTESIAN_POINT('',(0.,3.2));
#2028 = CARTESIAN_POINT('',(5.072777959985E-03,3.2));
#2029 = CARTESIAN_POINT('',(1.011369755342E-02,3.188874800958));
#2030 = CARTESIAN_POINT('',(1.50298613912E-02,3.166877064422));
#2031 = CARTESIAN_POINT('',(1.973252876568E-02,3.134698483043));
#2032 = CARTESIAN_POINT('',(2.414210352877E-02,3.093449981669));
#2033 = CARTESIAN_POINT('',(2.819390321356E-02,3.044640593653));
#2034 = CARTESIAN_POINT('',(3.76199413535E-02,2.90396394826));
#2035 = CARTESIAN_POINT('',(4.243701709437E-02,2.802892567944));
#2036 = CARTESIAN_POINT('',(4.627235244419E-02,2.691367419865));
#2037 = CARTESIAN_POINT('',(4.913119698254E-02,2.572739003161));
#2038 = CARTESIAN_POINT('',(5.102626476453E-02,2.449766281082));
#2039 = CARTESIAN_POINT('',(5.197144486991E-02,2.3247981301));
#2040 = CARTESIAN_POINT('',(5.197144486991E-02,2.075225345474));
#2041 = CARTESIAN_POINT('',(5.102662111798E-02,1.950255782494));
#2042 = CARTESIAN_POINT('',(4.91315862893E-02,1.82727017799));
#2043 = CARTESIAN_POINT('',(4.627243942293E-02,1.70862940506));
#2044 = CARTESIAN_POINT('',(4.243672545673E-02,1.597098682946));
#2045 = CARTESIAN_POINT('',(3.761950292018E-02,1.496029508447));
#2046 = CARTESIAN_POINT('',(2.819422440932E-02,1.355364199956));
#2047 = CARTESIAN_POINT('',(2.414241393946E-02,1.306552586779));
#2048 = CARTESIAN_POINT('',(1.973254417237E-02,1.265299924348));
#2049 = CARTESIAN_POINT('',(1.502945181276E-02,1.233118964591));
#2050 = CARTESIAN_POINT('',(1.011296473714E-02,1.211122205656));
#2051 = CARTESIAN_POINT('',(5.072094400529E-03,1.2));
#2052 = CARTESIAN_POINT('',(0.,1.2));
#2053 = ( GEOMETRIC_REPRESENTATION_CONTEXT(2) 
PARAMETRIC_REPRESENTATION_CONTEXT() REPRESENTATION_CONTEXT('2D SPACE',''
  ) );
#2054 = PCURVE('',#1725,#2055);
#2055 = DEFINITIONAL_REPRESENTATION('',(#2056),#2083);
#2056 = B_SPLINE_CURVE_WITH_KNOTS('',7,(#2057,#2058,#2059,#2060,#2061,
    #2062,#2063,#2064,#2065,#2066,#2067,#2068,#2069,#2070,#2071,#2072,
    #2073,#2074,#2075,#2076,#2077,#2078,#2079,#2080,#2081,#2082),
  .UNSPECIFIED.,.F.,.F.,(8,6,6,6,8),(0.,0.193674058331,0.500048199668,
    0.806364709462,1.),.UNSPECIFIED.);
#2057 = CARTESIAN_POINT('',(0.,26.75));
#2058 = CARTESIAN_POINT('',(9.765097572971E-02,26.75));
#2059 = CARTESIAN_POINT('',(0.194688354076,26.750577793227));
#2060 = CARTESIAN_POINT('',(0.290842552733,26.751721007633));
#2061 = CARTESIAN_POINT('',(0.385831449411,26.753351611829));
#2062 = CARTESIAN_POINT('',(0.479316091796,26.755338098109));
#2063 = CARTESIAN_POINT('',(0.570837485106,26.757522143426));
#2064 = CARTESIAN_POINT('',(0.800361104641,26.76329942869));
#2065 = CARTESIAN_POINT('',(0.935523017959,26.767000577353));
#2066 = CARTESIAN_POINT('',(1.066693294304,26.770401012233));
#2067 = CARTESIAN_POINT('',(1.194881332681,26.773151176936));
#2068 = CARTESIAN_POINT('',(1.321030384394,26.775046426068));
#2069 = CARTESIAN_POINT('',(1.445998196695,26.775991573036));
#2070 = CARTESIAN_POINT('',(1.695570981321,26.775991573036));
#2071 = CARTESIAN_POINT('',(1.820540150133,26.775046788081));
#2072 = CARTESIAN_POINT('',(1.946700448376,26.773151553218));
#2073 = CARTESIAN_POINT('',(2.074900955529,26.770401034891));
#2074 = CARTESIAN_POINT('',(2.20607944513,26.767000283458));
#2075 = CARTESIAN_POINT('',(2.341242224781,26.763299159971));
#2076 = CARTESIAN_POINT('',(2.57074734738,26.757522340289));
#2077 = CARTESIAN_POINT('',(2.662270259287,26.755338238535));
#2078 = CARTESIAN_POINT('',(2.755761651399,26.753351545792));
#2079 = CARTESIAN_POINT('',(2.850758595236,26.751720803878));
#2080 = CARTESIAN_POINT('',(2.946918402147,26.7505776385));
#2081 = CARTESIAN_POINT('',(3.04395483638,26.75));
#2082 = CARTESIAN_POINT('',(3.14159265359,26.75));
#2083 = ( GEOMETRIC_REPRESENTATION_CONTEXT(2) 
PARAMETRIC_REPRESENTATION_CONTEXT() REPRESENTATION_CONTEXT('2D SPACE',''
  ) );
#2084 = ORIENTED_EDGE('',*,*,#2085,.F.);
#2085 = EDGE_CURVE('',#2086,#1851,#2088,.T.);
#2086 = VERTEX_POINT('',#2087);
#2087 = CARTESIAN_POINT('',(19.25,-4.714890176717E-15,3.5));
#2088 = SEAM_CURVE('',#2089,(#2093,#2100),.PCURVE_S1.);
#2089 = LINE('',#2090,#2091);
#2090 = CARTESIAN_POINT('',(19.25,-4.714890176717E-15,3.5));
#2091 = VECTOR('',#2092,1.);
#2092 = DIRECTION('',(0.,0.,1.));
#2093 = PCURVE('',#1630,#2094);
#2094 = DEFINITIONAL_REPRESENTATION('',(#2095),#2099);
#2095 = LINE('',#2096,#2097);
#2096 = CARTESIAN_POINT('',(6.28318530718,-0.));
#2097 = VECTOR('',#2098,1.);
#2098 = DIRECTION('',(0.,1.));
#2099 = ( GEOMETRIC_REPRESENTATION_CONTEXT(2) 
PARAMETRIC_REPRESENTATION_CONTEXT() REPRESENTATION_CONTEXT('2D SPACE',''
  ) );
#2100 = PCURVE('',#1630,#2101);
#2101 = DEFINITIONAL_REPRESENTATION('',(#2102),#2106);
#2102 = LINE('',#2103,#2104);
#2103 = CARTESIAN_POINT('',(0.,-0.));
#2104 = VECTOR('',#2105,1.);
#2105 = DIRECTION('',(0.,1.));
#2106 = ( GEOMETRIC_REPRESENTATION_CONTEXT(2) 
PARAMETRIC_REPRESENTATION_CONTEXT() REPRESENTATION_CONTEXT('2D SPACE',''
  ) );
#2107 = ORIENTED_EDGE('',*,*,#2108,.T.);
#2108 = EDGE_CURVE('',#2086,#2086,#2109,.T.);
#2109 = SURFACE_CURVE('',#2110,(#2115,#2122),.PCURVE_S1.);
#2110 = CIRCLE('',#2111,19.25);
#2111 = AXIS2_PLACEMENT_3D('',#2112,#2113,#2114);
#2112 = CARTESIAN_POINT('',(0.,0.,3.5));
#2113 = DIRECTION('',(0.,0.,1.));
#2114 = DIRECTION('',(1.,0.,-0.));
#2115 = PCURVE('',#1630,#2116);
#2116 = DEFINITIONAL_REPRESENTATION('',(#2117),#2121);
#2117 = LINE('',#2118,#2119);
#2118 = CARTESIAN_POINT('',(0.,0.));
#2119 = VECTOR('',#2120,1.);
#2120 = DIRECTION('',(1.,0.));
#2121 = ( GEOMETRIC_REPRESENTATION_CONTEXT(2) 
PARAMETRIC_REPRESENTATION_CONTEXT() REPRESENTATION_CONTEXT('2D SPACE',''
  ) );
#2122 = PCURVE('',#2123,#2128);
#2123 = PLANE('',#2124);
#2124 = AXIS2_PLACEMENT_3D('',#2125,#2126,#2127);
#2125 = CARTESIAN_POINT('',(0.,0.,3.5));
#2126 = DIRECTION('',(0.,0.,1.));
#2127 = DIRECTION('',(1.,0.,-0.));
#2128 = DEFINITIONAL_REPRESENTATION('',(#2129),#2133);
#2129 = CIRCLE('',#2130,19.25);
#2130 = AXIS2_PLACEMENT_2D('',#2131,#2132);
#2131 = CARTESIAN_POINT('',(0.,0.));
#2132 = DIRECTION('',(1.,0.));
#2133 = ( GEOMETRIC_REPRESENTATION_CONTEXT(2) 
PARAMETRIC_REPRESENTATION_CONTEXT() REPRESENTATION_CONTEXT('2D SPACE',''
  ) );
#2134 = ORIENTED_EDGE('',*,*,#2085,.T.);
#2135 = FACE_BOUND('',#2136,.F.);
#2136 = EDGE_LOOP('',(#2137));
#2137 = ORIENTED_EDGE('',*,*,#1498,.T.);
#2138 = ADVANCED_FACE('',(#2139),#1725,.F.);
#2139 = FACE_BOUND('',#2140,.F.);
#2140 = EDGE_LOOP('',(#2141,#2142,#2163,#2164,#2165));
#2141 = ORIENTED_EDGE('',*,*,#1708,.T.);
#2142 = ORIENTED_EDGE('',*,*,#2143,.T.);
#2143 = EDGE_CURVE('',#1709,#1853,#2144,.T.);
#2144 = SEAM_CURVE('',#2145,(#2149,#2156),.PCURVE_S1.);
#2145 = LINE('',#2146,#2147);
#2146 = CARTESIAN_POINT('',(46.,-2.449293598295E-16,6.7));
#2147 = VECTOR('',#2148,1.);
#2148 = DIRECTION('',(-1.,0.,2.22044604925E-16));
#2149 = PCURVE('',#1725,#2150);
#2150 = DEFINITIONAL_REPRESENTATION('',(#2151),#2155);
#2151 = LINE('',#2152,#2153);
#2152 = CARTESIAN_POINT('',(0.,-0.));
#2153 = VECTOR('',#2154,1.);
#2154 = DIRECTION('',(0.,1.));
#2155 = ( GEOMETRIC_REPRESENTATION_CONTEXT(2) 
PARAMETRIC_REPRESENTATION_CONTEXT() REPRESENTATION_CONTEXT('2D SPACE',''
  ) );
#2156 = PCURVE('',#1725,#2157);
#2157 = DEFINITIONAL_REPRESENTATION('',(#2158),#2162);
#2158 = LINE('',#2159,#2160);
#2159 = CARTESIAN_POINT('',(6.28318530718,-0.));
#2160 = VECTOR('',#2161,1.);
#2161 = DIRECTION('',(0.,1.));
#2162 = ( GEOMETRIC_REPRESENTATION_CONTEXT(2) 
PARAMETRIC_REPRESENTATION_CONTEXT() REPRESENTATION_CONTEXT('2D SPACE',''
  ) );
#2163 = ORIENTED_EDGE('',*,*,#1850,.F.);
#2164 = ORIENTED_EDGE('',*,*,#1995,.F.);
#2165 = ORIENTED_EDGE('',*,*,#2143,.F.);
#2166 = ADVANCED_FACE('',(#2167,#2170),#1779,.T.);
#2167 = FACE_BOUND('',#2168,.T.);
#2168 = EDGE_LOOP('',(#2169));
#2169 = ORIENTED_EDGE('',*,*,#1764,.T.);
#2170 = FACE_BOUND('',#2171,.T.);
#2171 = EDGE_LOOP('',(#2172));
#2172 = ORIENTED_EDGE('',*,*,#2173,.F.);
#2173 = EDGE_CURVE('',#2174,#2174,#2176,.T.);
#2174 = VERTEX_POINT('',#2175);
#2175 = CARTESIAN_POINT('',(24.843,-6.084780086244E-15,7.165));
#2176 = SURFACE_CURVE('',#2177,(#2182,#2189),.PCURVE_S1.);
#2177 = CIRCLE('',#2178,24.843);
#2178 = AXIS2_PLACEMENT_3D('',#2179,#2180,#2181);
#2179 = CARTESIAN_POINT('',(0.,0.,7.165));
#2180 = DIRECTION('',(0.,0.,1.));
#2181 = DIRECTION('',(1.,0.,-0.));
#2182 = PCURVE('',#1779,#2183);
#2183 = DEFINITIONAL_REPRESENTATION('',(#2184),#2188);
#2184 = CIRCLE('',#2185,24.843);
#2185 = AXIS2_PLACEMENT_2D('',#2186,#2187);
#2186 = CARTESIAN_POINT('',(0.,0.));
#2187 = DIRECTION('',(1.,0.));
#2188 = ( GEOMETRIC_REPRESENTATION_CONTEXT(2) 
PARAMETRIC_REPRESENTATION_CONTEXT() REPRESENTATION_CONTEXT('2D SPACE',''
  ) );
#2189 = PCURVE('',#2190,#2195);
#2190 = CYLINDRICAL_SURFACE('',#2191,24.843);
#2191 = AXIS2_PLACEMENT_3D('',#2192,#2193,#2194);
#2192 = CARTESIAN_POINT('',(0.,0.,7.165));
#2193 = DIRECTION('',(0.,0.,1.));
#2194 = DIRECTION('',(1.,0.,-0.));
#2195 = DEFINITIONAL_REPRESENTATION('',(#2196),#2200);
#2196 = LINE('',#2197,#2198);
#2197 = CARTESIAN_POINT('',(0.,0.));
#2198 = VECTOR('',#2199,1.);
#2199 = DIRECTION('',(1.,0.));
#2200 = ( GEOMETRIC_REPRESENTATION_CONTEXT(2) 
PARAMETRIC_REPRESENTATION_CONTEXT() REPRESENTATION_CONTEXT('2D SPACE',''
  ) );
#2201 = ADVANCED_FACE('',(#2202,#2205),#1834,.F.);
#2202 = FACE_BOUND('',#2203,.F.);
#2203 = EDGE_LOOP('',(#2204));
#2204 = ORIENTED_EDGE('',*,*,#1819,.T.);
#2205 = FACE_BOUND('',#2206,.F.);
#2206 = EDGE_LOOP('',(#2207));
#2207 = ORIENTED_EDGE('',*,*,#2208,.F.);
#2208 = EDGE_CURVE('',#2209,#2209,#2211,.T.);
#2209 = VERTEX_POINT('',#2210);
#2210 = CARTESIAN_POINT('',(23.75,-5.81707229595E-15,0.));
#2211 = SURFACE_CURVE('',#2212,(#2217,#2224),.PCURVE_S1.);
#2212 = CIRCLE('',#2213,23.75);
#2213 = AXIS2_PLACEMENT_3D('',#2214,#2215,#2216);
#2214 = CARTESIAN_POINT('',(0.,0.,0.));
#2215 = DIRECTION('',(0.,0.,1.));
#2216 = DIRECTION('',(1.,0.,-0.));
#2217 = PCURVE('',#1834,#2218);
#2218 = DEFINITIONAL_REPRESENTATION('',(#2219),#2223);
#2219 = CIRCLE('',#2220,23.75);
#2220 = AXIS2_PLACEMENT_2D('',#2221,#2222);
#2221 = CARTESIAN_POINT('',(45.,45.));
#2222 = DIRECTION('',(1.,0.));
#2223 = ( GEOMETRIC_REPRESENTATION_CONTEXT(2) 
PARAMETRIC_REPRESENTATION_CONTEXT() REPRESENTATION_CONTEXT('2D SPACE',''
  ) );
#2224 = PCURVE('',#2225,#2230);
#2225 = CYLINDRICAL_SURFACE('',#2226,23.75);
#2226 = AXIS2_PLACEMENT_3D('',#2227,#2228,#2229);
#2227 = CARTESIAN_POINT('',(0.,0.,0.));
#2228 = DIRECTION('',(0.,0.,1.));
#2229 = DIRECTION('',(1.,0.,-0.));
#2230 = DEFINITIONAL_REPRESENTATION('',(#2231),#2235);
#2231 = LINE('',#2232,#2233);
#2232 = CARTESIAN_POINT('',(0.,0.));
#2233 = VECTOR('',#2234,1.);
#2234 = DIRECTION('',(1.,0.));
#2235 = ( GEOMETRIC_REPRESENTATION_CONTEXT(2) 
PARAMETRIC_REPRESENTATION_CONTEXT() REPRESENTATION_CONTEXT('2D SPACE',''
  ) );
#2236 = ADVANCED_FACE('',(#2237,#2263),#2123,.F.);
#2237 = FACE_BOUND('',#2238,.F.);
#2238 = EDGE_LOOP('',(#2239));
#2239 = ORIENTED_EDGE('',*,*,#2240,.T.);
#2240 = EDGE_CURVE('',#2241,#2241,#2243,.T.);
#2241 = VERTEX_POINT('',#2242);
#2242 = CARTESIAN_POINT('',(23.75,-5.81707229595E-15,3.5));
#2243 = SURFACE_CURVE('',#2244,(#2249,#2256),.PCURVE_S1.);
#2244 = CIRCLE('',#2245,23.75);
#2245 = AXIS2_PLACEMENT_3D('',#2246,#2247,#2248);
#2246 = CARTESIAN_POINT('',(0.,0.,3.5));
#2247 = DIRECTION('',(0.,0.,1.));
#2248 = DIRECTION('',(1.,0.,-0.));
#2249 = PCURVE('',#2123,#2250);
#2250 = DEFINITIONAL_REPRESENTATION('',(#2251),#2255);
#2251 = CIRCLE('',#2252,23.75);
#2252 = AXIS2_PLACEMENT_2D('',#2253,#2254);
#2253 = CARTESIAN_POINT('',(0.,0.));
#2254 = DIRECTION('',(1.,0.));
#2255 = ( GEOMETRIC_REPRESENTATION_CONTEXT(2) 
PARAMETRIC_REPRESENTATION_CONTEXT() REPRESENTATION_CONTEXT('2D SPACE',''
  ) );
#2256 = PCURVE('',#2225,#2257);
#2257 = DEFINITIONAL_REPRESENTATION('',(#2258),#2262);
#2258 = LINE('',#2259,#2260);
#2259 = CARTESIAN_POINT('',(0.,3.5));
#2260 = VECTOR('',#2261,1.);
#2261 = DIRECTION('',(1.,0.));
#2262 = ( GEOMETRIC_REPRESENTATION_CONTEXT(2) 
PARAMETRIC_REPRESENTATION_CONTEXT() REPRESENTATION_CONTEXT('2D SPACE',''
  ) );
#2263 = FACE_BOUND('',#2264,.F.);
#2264 = EDGE_LOOP('',(#2265));
#2265 = ORIENTED_EDGE('',*,*,#2108,.F.);
#2266 = ADVANCED_FACE('',(#2267,#2293),#1982,.T.);
#2267 = FACE_BOUND('',#2268,.T.);
#2268 = EDGE_LOOP('',(#2269));
#2269 = ORIENTED_EDGE('',*,*,#2270,.T.);
#2270 = EDGE_CURVE('',#2271,#2271,#2273,.T.);
#2271 = VERTEX_POINT('',#2272);
#2272 = CARTESIAN_POINT('',(24.843,-6.084780086244E-15,8.5));
#2273 = SURFACE_CURVE('',#2274,(#2279,#2286),.PCURVE_S1.);
#2274 = CIRCLE('',#2275,24.843);
#2275 = AXIS2_PLACEMENT_3D('',#2276,#2277,#2278);
#2276 = CARTESIAN_POINT('',(0.,0.,8.5));
#2277 = DIRECTION('',(0.,0.,1.));
#2278 = DIRECTION('',(1.,0.,-0.));
#2279 = PCURVE('',#1982,#2280);
#2280 = DEFINITIONAL_REPRESENTATION('',(#2281),#2285);
#2281 = CIRCLE('',#2282,24.843);
#2282 = AXIS2_PLACEMENT_2D('',#2283,#2284);
#2283 = CARTESIAN_POINT('',(0.,0.));
#2284 = DIRECTION('',(1.,0.));
#2285 = ( GEOMETRIC_REPRESENTATION_CONTEXT(2) 
PARAMETRIC_REPRESENTATION_CONTEXT() REPRESENTATION_CONTEXT('2D SPACE',''
  ) );
#2286 = PCURVE('',#2190,#2287);
#2287 = DEFINITIONAL_REPRESENTATION('',(#2288),#2292);
#2288 = LINE('',#2289,#2290);
#2289 = CARTESIAN_POINT('',(0.,1.335));
#2290 = VECTOR('',#2291,1.);
#2291 = DIRECTION('',(1.,0.));
#2292 = ( GEOMETRIC_REPRESENTATION_CONTEXT(2) 
PARAMETRIC_REPRESENTATION_CONTEXT() REPRESENTATION_CONTEXT('2D SPACE',''
  ) );
#2293 = FACE_BOUND('',#2294,.T.);
#2294 = EDGE_LOOP('',(#2295));
#2295 = ORIENTED_EDGE('',*,*,#1967,.F.);
#2296 = ADVANCED_FACE('',(#2297),#2190,.T.);
#2297 = FACE_BOUND('',#2298,.T.);
#2298 = EDGE_LOOP('',(#2299,#2300,#2321,#2322));
#2299 = ORIENTED_EDGE('',*,*,#2270,.F.);
#2300 = ORIENTED_EDGE('',*,*,#2301,.F.);
#2301 = EDGE_CURVE('',#2174,#2271,#2302,.T.);
#2302 = SEAM_CURVE('',#2303,(#2307,#2314),.PCURVE_S1.);
#2303 = LINE('',#2304,#2305);
#2304 = CARTESIAN_POINT('',(24.843,-6.084780086244E-15,7.165));
#2305 = VECTOR('',#2306,1.);
#2306 = DIRECTION('',(0.,0.,1.));
#2307 = PCURVE('',#2190,#2308);
#2308 = DEFINITIONAL_REPRESENTATION('',(#2309),#2313);
#2309 = LINE('',#2310,#2311);
#2310 = CARTESIAN_POINT('',(6.28318530718,-0.));
#2311 = VECTOR('',#2312,1.);
#2312 = DIRECTION('',(0.,1.));
#2313 = ( GEOMETRIC_REPRESENTATION_CONTEXT(2) 
PARAMETRIC_REPRESENTATION_CONTEXT() REPRESENTATION_CONTEXT('2D SPACE',''
  ) );
#2314 = PCURVE('',#2190,#2315);
#2315 = DEFINITIONAL_REPRESENTATION('',(#2316),#2320);
#2316 = LINE('',#2317,#2318);
#2317 = CARTESIAN_POINT('',(0.,-0.));
#2318 = VECTOR('',#2319,1.);
#2319 = DIRECTION('',(0.,1.));
#2320 = ( GEOMETRIC_REPRESENTATION_CONTEXT(2) 
PARAMETRIC_REPRESENTATION_CONTEXT() REPRESENTATION_CONTEXT('2D SPACE',''
  ) );
#2321 = ORIENTED_EDGE('',*,*,#2173,.T.);
#2322 = ORIENTED_EDGE('',*,*,#2301,.T.);
#2323 = ADVANCED_FACE('',(#2324),#2225,.F.);
#2324 = FACE_BOUND('',#2325,.F.);
#2325 = EDGE_LOOP('',(#2326,#2327,#2348,#2349));
#2326 = ORIENTED_EDGE('',*,*,#2240,.F.);
#2327 = ORIENTED_EDGE('',*,*,#2328,.F.);
#2328 = EDGE_CURVE('',#2209,#2241,#2329,.T.);
#2329 = SEAM_CURVE('',#2330,(#2334,#2341),.PCURVE_S1.);
#2330 = LINE('',#2331,#2332);
#2331 = CARTESIAN_POINT('',(23.75,-5.81707229595E-15,0.));
#2332 = VECTOR('',#2333,1.);
#2333 = DIRECTION('',(0.,0.,1.));
#2334 = PCURVE('',#2225,#2335);
#2335 = DEFINITIONAL_REPRESENTATION('',(#2336),#2340);
#2336 = LINE('',#2337,#2338);
#2337 = CARTESIAN_POINT('',(6.28318530718,-0.));
#2338 = VECTOR('',#2339,1.);
#2339 = DIRECTION('',(0.,1.));
#2340 = ( GEOMETRIC_REPRESENTATION_CONTEXT(2) 
PARAMETRIC_REPRESENTATION_CONTEXT() REPRESENTATION_CONTEXT('2D SPACE',''
  ) );
#2341 = PCURVE('',#2225,#2342);
#2342 = DEFINITIONAL_REPRESENTATION('',(#2343),#2347);
#2343 = LINE('',#2344,#2345);
#2344 = CARTESIAN_POINT('',(0.,-0.));
#2345 = VECTOR('',#2346,1.);
#2346 = DIRECTION('',(0.,1.));
#2347 = ( GEOMETRIC_REPRESENTATION_CONTEXT(2) 
PARAMETRIC_REPRESENTATION_CONTEXT() REPRESENTATION_CONTEXT('2D SPACE',''
  ) );
#2348 = ORIENTED_EDGE('',*,*,#2208,.T.);
#2349 = ORIENTED_EDGE('',*,*,#2328,.T.);
#2350 = ( GEOMETRIC_REPRESENTATION_CONTEXT(3) 
GLOBAL_UNCERTAINTY_ASSIGNED_CONTEXT((#2354)) 
GLOBAL_UNIT_ASSIGNED_CONTEXT((#2351,#2352,#2353)) REPRESENTATION_CONTEXT
('Context #1','3D Context with UNIT and UNCERTAINTY') );
#2351 = ( LENGTH_UNIT() NAMED_UNIT(*) SI_UNIT(.MILLI.,.METRE.) );
#2352 = ( NAMED_UNIT(*) PLANE_ANGLE_UNIT() SI_UNIT($,.RADIAN.) );
#2353 = ( NAMED_UNIT(*) SI_UNIT($,.STERADIAN.) SOLID_ANGLE_UNIT() );
#2354 = UNCERTAINTY_MEASURE_WITH_UNIT(LENGTH_MEASURE(1.E-07),#2351,
  'distance_accuracy_value','confusion accuracy');
#2355 = PRODUCT_RELATED_PRODUCT_CATEGORY('part',$,(#7));

#2356=DESCRIPTIVE_REPRESENTATION_ITEM('cadgen:generator','cadgen');
#2357=REPRESENTATION('cadgen:generator',(#2356),#2350);
#2358=PROPERTY_DEFINITION('cadgen metadata','cadgen:generator',#5);
#2359=PROPERTY_DEFINITION_REPRESENTATION(#2358,#2357);
#2360=DESCRIPTIVE_REPRESENTATION_ITEM('cadgen:entryKind','part');
#2361=REPRESENTATION('cadgen:entryKind',(#2360),#2350);
#2362=PROPERTY_DEFINITION('cadgen metadata','cadgen:entryKind',#5);
#2363=PROPERTY_DEFINITION_REPRESENTATION(#2362,#2361);
#2364=DESCRIPTIVE_REPRESENTATION_ITEM('cadgen:sourcePath','flow_chamber.step.py');
#2365=REPRESENTATION('cadgen:sourcePath',(#2364),#2350);
#2366=PROPERTY_DEFINITION('cadgen metadata','cadgen:sourcePath',#5);
#2367=PROPERTY_DEFINITION_REPRESENTATION(#2366,#2365);
#2368=DESCRIPTIVE_REPRESENTATION_ITEM('cadgen:sourceHash','d026ed7a1b48f49be41bc327092c035616f51a31c39949eda605b0d9136cf4fb');
#2369=REPRESENTATION('cadgen:sourceHash',(#2368),#2350);
#2370=PROPERTY_DEFINITION('cadgen metadata','cadgen:sourceHash',#5);
#2371=PROPERTY_DEFINITION_REPRESENTATION(#2370,#2369);
ENDSEC;
END-ISO-10303-21;
