hs_code,hs_label,year,partner_code,partner,value_usd,net_weight_kg,is_aggregate
940330,Wooden furniture — office,2019,0,World,959462185.0,263831871.094,True
940330,Wooden furniture — office,2019,400,Jordan,5400.0,1484.886,False
940330,Wooden furniture — office,2019,504,Morocco,17025.0,4681.516,False
940330,Wooden furniture — office,2019,360,Indonesia,2661818.0,731943.827,False
940330,Wooden furniture — office,2019,372,Ireland,43124.0,11858.191,False
940330,Wooden furniture — office,2019,104,Myanmar,21190.0,5826.803,False
940330,Wooden furniture — office,2019,116,Cambodia,328087.0,90217.007,False
940330,Wooden furniture — office,2019,40,Austria,430933.0,118497.489,False
940330,Wooden furniture — office,2019,84,Belize,9893.0,2720.366,False
940330,Wooden furniture — office,2019,784,United Arab Emirates,2286.0,628.602,False
940330,Wooden furniture — office,2019,642,Romania,35953.0,9886.317,False
940330,Wooden furniture — office,2019,804,Ukraine,92647.0,25475.972,False
940330,Wooden furniture — office,2019,70,Bosnia Herzegovina,1944.0,534.559,False
940330,Wooden furniture — office,2019,724,Spain,1649526.0,453584.871,False
940330,Wooden furniture — office,2019,276,Germany,29618655.0,8144505.63,False
940330,Wooden furniture — office,2019,300,Greece,25095.0,6900.596,False
940330,Wooden furniture — office,2019,579,Norway,26131.0,7185.474,False
940330,Wooden furniture — office,2019,470,Malta,1258.0,345.923,False
940330,Wooden furniture — office,2019,788,Tunisia,1051.0,289.003,False
940330,Wooden furniture — office,2019,643,Russian Federation,28561.0,7853.673,False
940330,Wooden furniture — office,2019,32,Argentina,1423.0,391.295,False
940330,Wooden furniture — office,2019,56,Belgium,698420.0,192050.774,False
940330,Wooden furniture — office,2019,702,Singapore,27458.0,7550.371,False
940330,Wooden furniture — office,2019,196,Cyprus,8437.0,2319.997,False
940330,Wooden furniture — office,2019,558,Nicaragua,39651.0,10903.189,False
940330,Wooden furniture — office,2019,428,Latvia,227047.0,62433.138,False
940330,Wooden furniture — office,2019,388,Jamaica,3250.0,893.681,False
940330,Wooden furniture — office,2019,203,Czechia,878053.0,241446.062,False
940330,Wooden furniture — office,2019,8,Albania,19882.0,5467.131,False
940330,Wooden furniture — office,2019,586,Pakistan,2326.0,639.601,False
940330,Wooden furniture — office,2019,246,Finland,30429794.0,8367551.753,False
940330,Wooden furniture — office,2019,818,Egypt,12764.0,3509.831,False
940330,Wooden furniture — office,2019,376,Israel,339449.0,93341.318,False
940330,Wooden furniture — office,2019,214,Dominican Rep.,11191.0,3077.289,False
940330,Wooden furniture — office,2019,218,Ecuador,31017.0,8529.021,False
940330,Wooden furniture — office,2019,703,Slovakia,3248476.0,893262.408,False
940330,Wooden furniture — office,2019,124,Canada,409378981.0,112570588.224,False
940330,Wooden furniture — office,2019,608,Philippines,275113.0,75650.274,False
940330,Wooden furniture — office,2019,528,Netherlands,1012437.0,278398.828,False
940330,Wooden furniture — office,2019,380,Italy,18279475.0,5026470.211,False
940330,Wooden furniture — office,2019,512,Oman,4673.0,1284.976,False
940330,Wooden furniture — office,2019,752,Sweden,3740370.0,1028522.886,False
940330,Wooden furniture — office,2019,757,Switzerland,1152663.0,316958.022,False
940330,Wooden furniture — office,2019,348,Hungary,80227.0,22060.733,False
940330,Wooden furniture — office,2019,112,Belarus,797.0,219.158,False
940330,Wooden furniture — office,2019,251,France,2692073.0,740263.314,False
940330,Wooden furniture — office,2019,422,Lebanon,28434.0,7818.75,False
940330,Wooden furniture — office,2019,826,United Kingdom,8924011.0,2453914.867,False
940330,Wooden furniture — office,2019,60,Bermuda,1812.0,498.262,False
940330,Wooden furniture — office,2019,524,Nepal,4875.0,1340.522,False
940330,Wooden furniture — office,2019,862,Venezuela,12693.0,3490.307,False
940330,Wooden furniture — office,2019,344,"China, Hong Kong SAR",470367.0,129341.008,False
940330,Wooden furniture — office,2019,410,Rep. of Korea,2414082.0,663821.65,False
940330,Wooden furniture — office,2019,704,Viet Nam,43485032.0,11957466.94,False
940330,Wooden furniture — office,2019,440,Lithuania,25799121.0,7094214.313,False
940330,Wooden furniture — office,2019,458,Malaysia,39139208.0,10762456.969,False
940330,Wooden furniture — office,2019,320,Guatemala,8606.0,2366.469,False
940330,Wooden furniture — office,2019,764,Thailand,5635569.0,1549662.652,False
940330,Wooden furniture — office,2019,266,Gabon,188483.0,51828.851,False
940330,Wooden furniture — office,2019,188,Costa Rica,68184.0,18749.162,False
940330,Wooden furniture — office,2019,792,Türkiye,1014702.0,279021.656,False
940330,Wooden furniture — office,2019,710,South Africa,8069.0,2218.805,False
940330,Wooden furniture — office,2019,170,Colombia,1751400.0,481598.073,False
940330,Wooden furniture — office,2019,76,Brazil,1831915.0,503738.0,False
940330,Wooden furniture — office,2019,156,China,226393560.0,62253455.605,False
940330,Wooden furniture — office,2019,36,Australia,514872.0,141578.944,False
940330,Wooden furniture — office,2019,484,Mexico,39296467.0,10805699.879,False
940330,Wooden furniture — office,2019,208,Denmark,4253113.0,1169516.4,False
940330,Wooden furniture — office,2019,616,Poland,14898137.0,4096673.555,False
940330,Wooden furniture — office,2019,233,Estonia,848924.0,233436.201,False
940330,Wooden furniture — office,2019,620,Portugal,16698121.0,4591631.203,False
940330,Wooden furniture — office,2019,688,Serbia,7316.0,2011.746,False
940330,Wooden furniture — office,2019,699,India,2325863.0,639563.285,False
940330,Wooden furniture — office,2019,100,Bulgaria,139845.0,38454.426,False
940330,Wooden furniture — office,2019,392,Japan,74719.0,20546.15,False
940330,Wooden furniture — office,2019,705,Slovenia,97262.0,26744.999,False
940330,Wooden furniture — office,2019,490,"Other Asia, nes",15531399.0,4270807.253,False
940330,Wooden furniture — office,2020,620,Portugal,13075837.0,3582526.685,False
940330,Wooden furniture — office,2020,484,Mexico,34515008.0,9456445.289,False
940330,Wooden furniture — office,2020,218,Ecuador,11027.0,3021.185,False
940330,Wooden furniture — office,2020,705,Slovenia,22001.0,6027.849,False
940330,Wooden furniture — office,2020,70,Bosnia Herzegovina,1488.0,407.683,False
940330,Wooden furniture — office,2020,360,Indonesia,3888699.0,1065428.388,False
940330,Wooden furniture — office,2020,36,Australia,291188.0,79779.886,False
940330,Wooden furniture — office,2020,4,Afghanistan,1528.0,418.642,False
940330,Wooden furniture — office,2020,616,Poland,13503179.0,3699610.136,False
940330,Wooden furniture — office,2020,490,"Other Asia, nes",22184711.0,6078182.158,False
940330,Wooden furniture — office,2020,724,Spain,1142804.0,313106.215,False
940330,Wooden furniture — office,2020,100,Bulgaria,86081.0,23584.531,False
940330,Wooden furniture — office,2020,504,Morocco,6740.0,1846.63,False
940330,Wooden furniture — office,2020,191,Croatia,5960.0,1632.925,False
940330,Wooden furniture — office,2020,40,Austria,91081.0,24954.434,False
940330,Wooden furniture — office,2020,604,Peru,800.0,219.185,False
940330,Wooden furniture — office,2020,699,India,2155787.0,590643.984,False
940330,Wooden furniture — office,2020,392,Japan,106171.0,29088.803,False
940330,Wooden furniture — office,2020,643,Russian Federation,1573.0,430.972,False
940330,Wooden furniture — office,2020,76,Brazil,2285298.0,626127.495,False
940330,Wooden furniture — office,2020,458,Malaysia,34184606.0,9365921.525,False
940330,Wooden furniture — office,2020,233,Estonia,475959.0,130403.569,False
940330,Wooden furniture — office,2020,170,Colombia,3480336.0,953544.816,False
940330,Wooden furniture — office,2020,554,New Zealand,5936.0,1626.349,False
940330,Wooden furniture — office,2020,0,World,882964899.0,241915321.564,True
940330,Wooden furniture — office,2020,376,Israel,617096.0,169072.38,False
940330,Wooden furniture — office,2020,380,Italy,16837204.0,4613068.565,False
940330,Wooden furniture — office,2020,124,Canada,332381528.0,91066116.353,False
940330,Wooden furniture — office,2020,422,Lebanon,112160.0,30729.673,False
940330,Wooden furniture — office,2020,410,Rep. of Korea,3187032.0,873185.188,False
940330,Wooden furniture — office,2020,344,"China, Hong Kong SAR",361502.0,99044.563,False
940330,Wooden furniture — office,2020,757,Switzerland,513600.0,140716.476,False
940330,Wooden furniture — office,2020,748,Eswatini,67055.0,18371.774,False
940330,Wooden furniture — office,2020,84,Belize,10067.0,2758.163,False
940330,Wooden furniture — office,2020,300,Greece,2954.0,809.339,False
940330,Wooden furniture — office,2020,608,Philippines,175782.0,48160.872,False
940330,Wooden furniture — office,2020,320,Guatemala,6565.0,1798.683,False
940330,Wooden furniture — office,2020,214,Dominican Rep.,8576.0,2349.658,False
940330,Wooden furniture — office,2020,792,Türkiye,1345958.0,368766.485,False
940330,Wooden furniture — office,2020,642,Romania,5383.0,1474.838,False
940330,Wooden furniture — office,2020,764,Thailand,6751676.0,1849828.767,False
940330,Wooden furniture — office,2020,688,Serbia,11410.0,3126.12,False
940330,Wooden furniture — office,2020,428,Latvia,220470.0,60404.52,False
940330,Wooden furniture — office,2020,591,Panama,7727.0,2117.049,False
940330,Wooden furniture — office,2020,818,Egypt,21700.0,5945.381,False
940330,Wooden furniture — office,2020,203,Czechia,670555.0,183719.113,False
940330,Wooden furniture — office,2020,340,Honduras,8286.0,2270.204,False
940330,Wooden furniture — office,2020,752,Sweden,1188372.0,325590.966,False
940330,Wooden furniture — office,2020,440,Lithuania,25342075.0,6943238.887,False
940330,Wooden furniture — office,2020,156,China,221910449.0,60799175.244,False
940330,Wooden furniture — office,2020,348,Hungary,59280.0,16241.575,False
940330,Wooden furniture — office,2020,760,Syria,1363.0,373.436,False
940330,Wooden furniture — office,2020,104,Myanmar,8811.0,2414.044,False
940330,Wooden furniture — office,2020,188,Costa Rica,1093.0,299.461,False
940330,Wooden furniture — office,2020,703,Slovakia,2274741.0,623235.081,False
940330,Wooden furniture — office,2020,528,Netherlands,411856.0,112840.586,False
940330,Wooden furniture — office,2020,56,Belgium,214187.0,58683.099,False
940330,Wooden furniture — office,2020,710,South Africa,143246.0,39246.636,False
940330,Wooden furniture — office,2020,251,France,1337694.0,366502.309,False
940330,Wooden furniture — office,2020,784,United Arab Emirates,48820.0,13375.737,False
940330,Wooden furniture — office,2020,704,Viet Nam,78894692.0,21615621.195,False
940330,Wooden furniture — office,2020,112,Belarus,11830.0,3241.191,False
940330,Wooden furniture — office,2020,32,Argentina,24101.0,6603.208,False
940330,Wooden furniture — office,2020,208,Denmark,6314688.0,1730102.499,False
940330,Wooden furniture — office,2020,68,Bolivia (Plurinational State of),6000.0,1643.884,False
940330,Wooden furniture — office,2020,276,Germany,21175463.0,5801667.707,False
940330,Wooden furniture — office,2020,400,Jordan,6440.0,1764.436,False
940330,Wooden furniture — office,2020,579,Norway,16787.0,4599.314,False
940330,Wooden furniture — office,2020,804,Ukraine,33268.0,9114.789,False
940330,Wooden furniture — office,2020,558,Nicaragua,518.0,141.922,False
940330,Wooden furniture — office,2020,586,Pakistan,610.0,167.128,False
940330,Wooden furniture — office,2020,826,United Kingdom,7148668.0,1958596.905,False
940330,Wooden furniture — office,2020,116,Cambodia,456967.0,125200.128,False
940330,Wooden furniture — office,2020,246,Finland,21084796.0,5776826.701,False
940330,Wooden furniture — office,2021,0,World,954488456.0,251326091.814,True
940330,Wooden furniture — office,2021,410,Rep. of Korea,2489660.0,655551.687,False
940330,Wooden furniture — office,2021,36,Australia,182394.0,48026.114,False
940330,Wooden furniture — office,2021,682,Saudi Arabia,4248.0,1118.54,False
940330,Wooden furniture — office,2021,591,Panama,356.0,93.738,False
940330,Wooden furniture — office,2021,32,Argentina,29961.0,7889.023,False
940330,Wooden furniture — office,2021,246,Finland,12949825.0,3409814.845,False
940330,Wooden furniture — office,2021,40,Austria,130861.0,34456.974,False
940330,Wooden furniture — office,2021,70,Bosnia Herzegovina,143231.0,37714.115,False
940330,Wooden furniture — office,2021,440,Lithuania,39900269.0,10506128.814,False
940330,Wooden furniture — office,2021,826,United Kingdom,10856548.0,2858634.656,False
940330,Wooden furniture — office,2021,757,Switzerland,1263573.0,332711.058,False
940330,Wooden furniture — office,2021,170,Colombia,3335563.0,878286.173,False
940330,Wooden furniture — office,2021,214,Dominican Rep.,1349.0,355.205,False
940330,Wooden furniture — office,2021,710,South Africa,643633.0,169474.828,False
940330,Wooden furniture — office,2021,251,France,1695440.0,446425.838,False
940330,Wooden furniture — office,2021,156,China,248473747.0,65425553.719,False
940330,Wooden furniture — office,2021,504,Morocco,24084.0,6341.551,False
940330,Wooden furniture — office,2021,604,Peru,1919.0,505.291,False
940330,Wooden furniture — office,2021,558,Nicaragua,96967.0,25532.354,False
940330,Wooden furniture — office,2021,51,Armenia,1219.0,320.975,False
940330,Wooden furniture — office,2021,208,Denmark,4798462.0,1263481.704,False
940330,Wooden furniture — office,2021,100,Bulgaria,138503.0,36469.187,False
940330,Wooden furniture — office,2021,266,Gabon,2338.0,615.618,False
940330,Wooden furniture — office,2021,380,Italy,15259620.0,4018006.329,False
940330,Wooden furniture — office,2021,76,Brazil,3040080.0,800482.625,False
940330,Wooden furniture — office,2021,528,Netherlands,725233.0,190960.901,False
940330,Wooden furniture — office,2021,372,Ireland,608219.0,160149.977,False
940330,Wooden furniture — office,2021,422,Lebanon,58997.0,15534.484,False
940330,Wooden furniture — office,2021,56,Belgium,220624.0,58092.445,False
940330,Wooden furniture — office,2021,442,Luxembourg,1515.0,398.914,False
940330,Wooden furniture — office,2021,699,India,4624347.0,1217635.532,False
940330,Wooden furniture — office,2021,579,Norway,1190.0,313.339,False
940330,Wooden furniture — office,2021,858,Uruguay,12215.0,3216.328,False
940330,Wooden furniture — office,2021,276,Germany,20865898.0,5494193.841,False
940330,Wooden furniture — office,2021,348,Hungary,148901.0,39207.081,False
940330,Wooden furniture — office,2021,818,Egypt,53998.0,14218.198,False
940330,Wooden furniture — office,2021,404,Kenya,547.0,144.03,False
940330,Wooden furniture — office,2021,218,Ecuador,149555.0,39379.286,False
940330,Wooden furniture — office,2021,608,Philippines,386638.0,101805.545,False
940330,Wooden furniture — office,2021,8,Albania,2813.0,740.69,False
940330,Wooden furniture — office,2021,490,"Other Asia, nes",21891050.0,5764126.331,False
940330,Wooden furniture — office,2021,804,Ukraine,70591.0,18587.297,False
940330,Wooden furniture — office,2021,84,Belize,11156.0,2937.483,False
940330,Wooden furniture — office,2021,792,Türkiye,1630766.0,429396.545,False
940330,Wooden furniture — office,2021,116,Cambodia,2699706.0,710858.841,False
940330,Wooden furniture — office,2021,688,Serbia,29291.0,7712.605,False
940330,Wooden furniture — office,2021,484,Mexico,47250805.0,12441596.419,False
940330,Wooden furniture — office,2021,376,Israel,195796.0,51554.991,False
940330,Wooden furniture — office,2021,320,Guatemala,5306.0,1397.121,False
940330,Wooden furniture — office,2021,784,United Arab Emirates,6760.0,1779.974,False
940330,Wooden furniture — office,2021,752,Sweden,1475986.0,388641.466,False
940330,Wooden furniture — office,2021,458,Malaysia,29657565.0,7809125.252,False
940330,Wooden furniture — office,2021,724,Spain,1604345.0,422439.639,False
940330,Wooden furniture — office,2021,392,Japan,152879.0,40254.527,False
940330,Wooden furniture — office,2021,620,Portugal,880104.0,231739.941,False
940330,Wooden furniture — office,2021,428,Latvia,187773.0,49442.457,False
940330,Wooden furniture — office,2021,642,Romania,4189.0,1103.004,False
940330,Wooden furniture — office,2021,586,Pakistan,18120.0,4771.172,False
940330,Wooden furniture — office,2021,616,Poland,5089498.0,1340114.313,False
940330,Wooden furniture — office,2021,233,Estonia,478520.0,125998.969,False
940330,Wooden furniture — office,2021,360,Indonesia,1776361.0,467733.124,False
940330,Wooden furniture — office,2021,703,Slovakia,2316816.0,610040.181,False
940330,Wooden furniture — office,2021,554,New Zealand,854.0,224.867,False
940330,Wooden furniture — office,2021,124,Canada,351439376.0,92537405.062,False
940330,Wooden furniture — office,2021,702,Singapore,29092.0,7660.206,False
940330,Wooden furniture — office,2021,203,Czechia,25660.0,6756.528,False
940330,Wooden furniture — office,2021,344,"China, Hong Kong SAR",155624.0,40977.312,False
940330,Wooden furniture — office,2021,300,Greece,25277.0,6655.68,False
940330,Wooden furniture — office,2021,764,Thailand,8608699.0,2266754.157,False
940330,Wooden furniture — office,2021,705,Slovenia,73361.0,19316.665,False
940330,Wooden furniture — office,2021,704,Viet Nam,103256241.0,27188372.309,False
940330,Wooden furniture — office,2021,112,Belarus,116085.0,30566.309,False
940330,Wooden furniture — office,2021,332,Haiti,264.0,69.514,False
940330,Wooden furniture — office,2022,392,Japan,87369.0,19974.254,False
940330,Wooden furniture — office,2022,116,Cambodia,434998.0,99449.011,False
940330,Wooden furniture — office,2022,251,France,2581550.0,590192.584,False
940330,Wooden furniture — office,2022,724,Spain,1336188.0,305478.588,False
940330,Wooden furniture — office,2022,76,Brazil,2390084.0,546419.729,False
940330,Wooden furniture — office,2022,558,Nicaragua,12504.0,2858.658,False
940330,Wooden furniture — office,2022,276,Germany,11284105.0,2579766.065,False
940330,Wooden furniture — office,2022,470,Malta,2096.0,479.186,False
940330,Wooden furniture — office,2022,688,Serbia,667393.0,152579.032,False
940330,Wooden furniture — office,2022,422,Lebanon,83386.0,19063.663,False
940330,Wooden furniture — office,2022,710,South Africa,253543.0,57964.865,False
940330,Wooden furniture — office,2022,100,Bulgaria,408822.0,93464.668,False
940330,Wooden furniture — office,2022,32,Argentina,89337.0,20424.177,False
940330,Wooden furniture — office,2022,56,Belgium,471594.0,107815.569,False
940330,Wooden furniture — office,2022,372,Ireland,25374.0,5800.99,False
940330,Wooden furniture — office,2022,579,Norway,25702.0,5875.978,False
940330,Wooden furniture — office,2022,704,Viet Nam,80232663.0,18342748.611,False
940330,Wooden furniture — office,2022,208,Denmark,2185801.0,499716.658,False
940330,Wooden furniture — office,2022,548,Vanuatu,886.0,202.557,False
940330,Wooden furniture — office,2022,784,United Arab Emirates,93984.0,21486.572,False
940330,Wooden furniture — office,2022,524,Nepal,464.0,106.079,False
940330,Wooden furniture — office,2022,818,Egypt,79319.0,18133.867,False
940330,Wooden furniture — office,2022,804,Ukraine,34207.0,7820.386,False
940330,Wooden furniture — office,2022,528,Netherlands,903941.0,206658.509,False
940330,Wooden furniture — office,2022,124,Canada,378778996.0,86596251.988,False
940330,Wooden furniture — office,2022,144,Sri Lanka,975.0,222.904,False
940330,Wooden furniture — office,2022,699,India,4616876.0,1055507.728,False
940330,Wooden furniture — office,2022,376,Israel,78455.0,17936.34,False
940330,Wooden furniture — office,2022,214,Dominican Rep.,4368.0,998.61,False
940330,Wooden furniture — office,2022,480,Mauritius,562.0,128.484,False
940330,Wooden furniture — office,2022,440,Lithuania,15951482.0,3646819.305,False
940330,Wooden furniture — office,2022,288,Ghana,881.0,201.414,False
940330,Wooden furniture — office,2022,246,Finland,23409535.0,5351875.403,False
940330,Wooden furniture — office,2022,752,Sweden,1481373.0,338670.705,False
940330,Wooden furniture — office,2022,344,"China, Hong Kong SAR",164864.0,37691.12,False
940330,Wooden furniture — office,2022,196,Cyprus,2131.0,487.188,False
940330,Wooden furniture — office,2022,586,Pakistan,40801.0,9327.903,False
940330,Wooden furniture — office,2022,792,Türkiye,2285937.0,522609.697,False
940330,Wooden furniture — office,2022,410,Rep. of Korea,5530479.0,1264375.158,False
940330,Wooden furniture — office,2022,826,United Kingdom,14780232.0,3379048.755,False
940330,Wooden furniture — office,2022,31,Azerbaijan,2491.0,569.491,False
940330,Wooden furniture — office,2022,320,Guatemala,2339.0,534.741,False
940330,Wooden furniture — office,2022,554,New Zealand,7372.0,1685.383,False
940330,Wooden furniture — office,2022,484,Mexico,55560674.0,12702251.648,False
940330,Wooden furniture — office,2022,70,Bosnia Herzegovina,8379.0,1915.603,False
940330,Wooden furniture — office,2022,616,Poland,4044110.0,924562.271,False
940330,Wooden furniture — office,2022,348,Hungary,103490.0,23659.829,False
940330,Wooden furniture — office,2022,620,Portugal,960137.0,219506.009,False
940330,Wooden furniture — office,2022,40,Austria,118880.0,27178.282,False
940330,Wooden furniture — office,2022,360,Indonesia,1858188.0,424817.949,False
940330,Wooden furniture — office,2022,764,Thailand,7921642.0,1811041.568,False
940330,Wooden furniture — office,2022,490,"Other Asia, nes",10969721.0,2507891.763,False
940330,Wooden furniture — office,2022,380,Italy,21230068.0,4853606.82,False
940330,Wooden furniture — office,2022,860,Uzbekistan,12905.0,2950.334,False
940330,Wooden furniture — office,2022,112,Belarus,7739.0,1769.286,False
940330,Wooden furniture — office,2022,218,Ecuador,95788.0,21899.001,False
940330,Wooden furniture — office,2022,458,Malaysia,54527803.0,12466117.231,False
940330,Wooden furniture — office,2022,203,Czechia,294387.0,67302.599,False
940330,Wooden furniture — office,2022,84,Belize,9279.0,2121.36,False
940330,Wooden furniture — office,2022,170,Colombia,2981134.0,681545.265,False
940330,Wooden furniture — office,2022,233,Estonia,1297800.0,296702.344,False
940330,Wooden furniture — office,2022,156,China,221767790.0,50700433.837,False
940330,Wooden furniture — office,2022,702,Singapore,288.0,65.842,False
940330,Wooden furniture — office,2022,757,Switzerland,1481577.0,338717.343,False
940330,Wooden furniture — office,2022,642,Romania,24731.0,5653.988,False
940330,Wooden furniture — office,2022,504,Morocco,6740.0,1540.895,False
940330,Wooden furniture — office,2022,36,Australia,860385.0,196700.76,False
940330,Wooden furniture — office,2022,0,World,941158193.0,215167083.977,True
940330,Wooden furniture — office,2022,703,Slovakia,3079225.0,703970.777,False
940330,Wooden furniture — office,2022,882,Samoa,80119.0,18316.763,False
940330,Wooden furniture — office,2022,705,Slovenia,173746.0,39721.718,False
940330,Wooden furniture — office,2022,51,Armenia,1859.0,425.004,False
940330,Wooden furniture — office,2022,604,Peru,7619.0,1741.852,False
940330,Wooden furniture — office,2022,608,Philippines,312051.0,71340.933,False
940330,Wooden furniture — office,2022,428,Latvia,460877.0,105365.454,False
940330,Wooden furniture — office,2022,400,Jordan,10352.0,2366.669,False
940330,Wooden furniture — office,2022,191,Croatia,14084.0,3219.877,False
940330,Wooden furniture — office,2022,686,Senegal,297.0,67.9,False
940330,Wooden furniture — office,2022,8,Albania,2628.0,600.812,False
940330,Wooden furniture — office,2022,300,Greece,46242.0,10571.821,False
940330,Wooden furniture — office,2023,0,World,838246904.0,169314298.151,True
940330,Wooden furniture — office,2023,710,South Africa,255297.0,51566.468,False
940330,Wooden furniture — office,2023,642,Romania,45928.0,9276.822,False
940330,Wooden furniture — office,2023,703,Slovakia,1483920.0,299731.347,False
940330,Wooden furniture — office,2023,705,Slovenia,93243.0,18833.798,False
940330,Wooden furniture — office,2023,100,Bulgaria,277617.0,56074.8,False
940330,Wooden furniture — office,2023,233,Estonia,3186155.0,643559.308,False
940330,Wooden furniture — office,2023,48,Bahrain,303829.0,61369.262,False
940330,Wooden furniture — office,2023,558,Nicaragua,249238.0,50342.634,False
940330,Wooden furniture — office,2023,300,Greece,33960.0,6859.451,False
940330,Wooden furniture — office,2023,320,Guatemala,39546.0,7987.746,False
940330,Wooden furniture — office,2023,340,Honduras,2854.0,576.469,False
940330,Wooden furniture — office,2023,116,Cambodia,991428.0,200254.764,False
940330,Wooden furniture — office,2023,132,Cabo Verde,14284.0,2885.171,False
940330,Wooden furniture — office,2023,170,Colombia,1668946.0,337104.043,False
940330,Wooden furniture — office,2023,188,Costa Rica,27747.0,5604.511,False
940330,Wooden furniture — office,2023,218,Ecuador,148990.0,30093.922,False
940330,Wooden furniture — office,2023,32,Argentina,114739.0,23175.693,False
940330,Wooden furniture — office,2023,70,Bosnia Herzegovina,63328.0,12791.381,False
940330,Wooden furniture — office,2023,422,Lebanon,59261.0,11969.904,False
940330,Wooden furniture — office,2023,428,Latvia,348966.0,70486.313,False
940330,Wooden furniture — office,2023,440,Lithuania,11387735.0,2300165.202,False
940330,Wooden furniture — office,2023,804,Ukraine,114305.0,23088.031,False
940330,Wooden furniture — office,2023,818,Egypt,21071.0,4256.051,False
940330,Wooden furniture — office,2023,882,Samoa,43178.0,8721.36,False
940330,Wooden furniture — office,2023,688,Serbia,34800.0,7029.119,False
940330,Wooden furniture — office,2023,690,Seychelles,430.0,86.854,False
940330,Wooden furniture — office,2023,504,Morocco,21640.0,4370.981,False
940330,Wooden furniture — office,2023,516,Namibia,7611.0,1537.317,False
940330,Wooden furniture — office,2023,524,Nepal,10959.0,2213.567,False
940330,Wooden furniture — office,2023,586,Pakistan,10313.0,2083.084,False
940330,Wooden furniture — office,2023,604,Peru,54875.0,11083.992,False
940330,Wooden furniture — office,2023,608,Philippines,301015.0,60800.873,False
940330,Wooden furniture — office,2023,620,Portugal,1155936.0,233483.108,False
940330,Wooden furniture — office,2023,372,Ireland,68803.0,13897.256,False
940330,Wooden furniture — office,2023,348,Hungary,426735.0,86194.577,False
940330,Wooden furniture — office,2023,344,"China, Hong Kong SAR",638001.0,128867.391,False
940330,Wooden furniture — office,2023,360,Indonesia,2733921.0,552214.286,False
940330,Wooden furniture — office,2023,702,Singapore,14291.0,2886.585,False
940330,Wooden furniture — office,2023,246,Finland,16416156.0,3315836.8,False
940330,Wooden furniture — office,2023,56,Belgium,1281822.0,258910.342,False
940330,Wooden furniture — office,2023,36,Australia,478212.0,96592.22,False
940330,Wooden furniture — office,2023,208,Denmark,3030439.0,612106.827,False
940330,Wooden furniture — office,2023,458,Malaysia,40474234.0,8175236.306,False
940330,Wooden furniture — office,2023,203,Czechia,377605.0,76270.995,False
940330,Wooden furniture — office,2023,76,Brazil,2354702.0,475617.285,False
940330,Wooden furniture — office,2023,752,Sweden,1900400.0,383854.555,False
940330,Wooden furniture — office,2023,792,Türkiye,2414696.0,487735.244,False
940330,Wooden furniture — office,2023,764,Thailand,8401762.0,1697039.893,False
940330,Wooden furniture — office,2023,616,Poland,2743892.0,554228.29,False
940330,Wooden furniture — office,2023,757,Switzerland,3668754.0,741037.641,False
940330,Wooden furniture — office,2023,704,Viet Nam,58247146.0,11765119.08,False
940330,Wooden furniture — office,2023,40,Austria,373094.0,75359.835,False
940330,Wooden furniture — office,2023,724,Spain,1343588.0,271386.221,False
940330,Wooden furniture — office,2023,699,India,3687369.0,744797.614,False
940330,Wooden furniture — office,2023,528,Netherlands,941229.0,190115.259,False
940330,Wooden furniture — office,2023,410,Rep. of Korea,2281265.0,460784.025,False
940330,Wooden furniture — office,2023,490,"Other Asia, nes",4598342.0,928801.579,False
940330,Wooden furniture — office,2023,251,France,2380280.0,480783.688,False
940330,Wooden furniture — office,2023,484,Mexico,53968952.0,10900982.976,False
940330,Wooden furniture — office,2023,392,Japan,399025.0,80597.539,False
940330,Wooden furniture — office,2023,826,United Kingdom,9301478.0,1878770.1,False
940330,Wooden furniture — office,2023,380,Italy,17306430.0,3495659.853,False
940330,Wooden furniture — office,2023,124,Canada,393429294.0,79467284.004,False
940330,Wooden furniture — office,2023,276,Germany,11614543.0,2345977.285,False
940330,Wooden furniture — office,2023,156,China,168344477.0,34003259.463,False
940330,Wooden furniture — office,2023,214,Dominican Rep.,3098.0,625.753,False
940330,Wooden furniture — office,2023,144,Sri Lanka,2002.0,404.376,False
940330,Wooden furniture — office,2023,44,Bahamas,5201.0,1050.53,False
940330,Wooden furniture — office,2023,191,Croatia,2060.0,416.092,False
940330,Wooden furniture — office,2023,694,Sierra Leone,524.0,105.841,False
940330,Wooden furniture — office,2023,470,Malta,1377.0,278.135,False
940330,Wooden furniture — office,2023,784,United Arab Emirates,4730.0,955.395,False
940330,Wooden furniture — office,2023,120,Cameroon,329.0,66.453,False
940330,Wooden furniture — office,2023,162,Christmas Isds,2900.0,585.76,False
940330,Wooden furniture — office,2023,178,Congo,1836.0,370.847,False
940330,Wooden furniture — office,2023,8,Albania,2627.0,530.618,False
940330,Wooden furniture — office,2023,442,Luxembourg,751.0,151.692,False
940330,Wooden furniture — office,2023,512,Oman,3164.0,639.084,False
940330,Wooden furniture — office,2023,579,Norway,2224.0,449.217,False
940330,Wooden furniture — office,2024,0,World,871840868.0,184508471.28,True
940330,Wooden furniture — office,2024,372,Ireland,51899.0,10983.432,False
940330,Wooden furniture — office,2024,170,Colombia,1696001.0,358926.225,False
940330,Wooden furniture — office,2024,32,Argentina,129541.0,27414.879,False
940330,Wooden furniture — office,2024,8,Albania,26718.0,5654.355,False
940330,Wooden furniture — office,2024,70,Bosnia Herzegovina,62997.0,13332.112,False
940330,Wooden furniture — office,2024,100,Bulgaria,77758.0,16455.996,False
940330,Wooden furniture — office,2024,116,Cambodia,1150550.0,243491.937,False
940330,Wooden furniture — office,2024,132,Cabo Verde,20786.0,4398.96,False
940330,Wooden furniture — office,2024,188,Costa Rica,135035.0,28577.579,False
940330,Wooden furniture — office,2024,218,Ecuador,175320.0,37103.13,False
940330,Wooden furniture — office,2024,233,Estonia,666704.0,141095.17,False
940330,Wooden furniture — office,2024,328,Guyana,47076.0,9962.736,False
940330,Wooden furniture — office,2024,214,Dominican Rep.,5814.0,1230.422,False
940330,Wooden furniture — office,2024,682,Saudi Arabia,10850.0,2296.195,False
940330,Wooden furniture — office,2024,674,San Marino,2695.0,570.345,False
940330,Wooden furniture — office,2024,688,Serbia,272770.0,57726.562,False
940330,Wooden furniture — office,2024,784,United Arab Emirates,619364.0,131076.563,False
940330,Wooden furniture — office,2024,788,Tunisia,602.0,127.402,False
940330,Wooden furniture — office,2024,804,Ukraine,140220.0,29674.885,False
940330,Wooden furniture — office,2024,818,Egypt,29683.0,6281.84,False
940330,Wooden furniture — office,2024,558,Nicaragua,243915.0,51619.952,False
940330,Wooden furniture — office,2024,300,Greece,135042.0,28579.061,False
940330,Wooden furniture — office,2024,320,Guatemala,19265.0,4077.069,False
940330,Wooden furniture — office,2024,400,Jordan,117396.0,24844.622,False
940330,Wooden furniture — office,2024,417,Kyrgyzstan,14333.0,3033.306,False
940330,Wooden furniture — office,2024,422,Lebanon,6543.0,1384.701,False
940330,Wooden furniture — office,2024,428,Latvia,208166.0,44054.359,False
940330,Wooden furniture — office,2024,440,Lithuania,12687285.0,2685021.597,False
940330,Wooden furniture — office,2024,586,Pakistan,48380.0,10238.703,False
940330,Wooden furniture — office,2024,604,Peru,28617.0,6056.242,False
940330,Wooden furniture — office,2024,710,South Africa,584360.0,123668.635,False
940330,Wooden furniture — office,2024,705,Slovenia,160309.0,33926.339,False
940330,Wooden furniture — office,2024,703,Slovakia,1334771.0,282478.794,False
940330,Wooden furniture — office,2024,554,New Zealand,2410.0,510.03,False
940330,Wooden furniture — office,2024,620,Portugal,1750954.0,370555.978,False
940330,Wooden furniture — office,2024,348,Hungary,382992.0,81052.943,False
940330,Wooden furniture — office,2024,642,Romania,10308.0,2181.491,False
940330,Wooden furniture — office,2024,608,Philippines,370821.0,78477.184,False
940330,Wooden furniture — office,2024,344,"China, Hong Kong SAR",283580.0,60014.292,False
940330,Wooden furniture — office,2024,360,Indonesia,3291008.0,696478.999,False
940330,Wooden furniture — office,2024,702,Singapore,5500.0,1163.97,False
940330,Wooden furniture — office,2024,246,Finland,6225733.0,1317557.505,False
940330,Wooden furniture — office,2024,376,Israel,11602.0,2455.342,False
940330,Wooden furniture — office,2024,56,Belgium,1611070.0,340952.201,False
940330,Wooden furniture — office,2024,36,Australia,2036802.0,431050.249,False
940330,Wooden furniture — office,2024,208,Denmark,1738103.0,367836.31,False
940330,Wooden furniture — office,2024,203,Czechia,277898.0,58811.805,False
940330,Wooden furniture — office,2024,76,Brazil,1998693.0,422985.207,False
940330,Wooden furniture — office,2024,458,Malaysia,54631564.0,11561727.291,False
940330,Wooden furniture — office,2024,40,Austria,102053.0,21597.569,False
940330,Wooden furniture — office,2024,757,Switzerland,6600984.0,1396972.213,False
940330,Wooden furniture — office,2024,792,Türkiye,3386589.0,716706.892,False
940330,Wooden furniture — office,2024,752,Sweden,1390269.0,294223.886,False
940330,Wooden furniture — office,2024,616,Poland,2344645.0,496199.342,False
940330,Wooden furniture — office,2024,764,Thailand,5214200.0,1103485.861,False
940330,Wooden furniture — office,2024,704,Viet Nam,75018133.0,15876155.324,False
940330,Wooden furniture — office,2024,251,France,4218157.0,892692.38,False
940330,Wooden furniture — office,2024,410,Rep. of Korea,2996337.0,634117.509,False
940330,Wooden furniture — office,2024,699,India,3418150.0,723386.175,False
940330,Wooden furniture — office,2024,724,Spain,1203447.0,254686.577,False
940330,Wooden furniture — office,2024,528,Netherlands,1244178.0,263306.515,False
940330,Wooden furniture — office,2024,392,Japan,49306.0,10434.673,False
940330,Wooden furniture — office,2024,490,"Other Asia, nes",4441567.0,939972.841,False
940330,Wooden furniture — office,2024,484,Mexico,55079043.0,11656427.677,False
940330,Wooden furniture — office,2024,380,Italy,21188360.0,4484111.787,False
940330,Wooden furniture — office,2024,124,Canada,368590380.0,78005115.427,False
940330,Wooden furniture — office,2024,276,Germany,9621139.0,2036130.347,False
940330,Wooden furniture — office,2024,156,China,194549158.0,41172614.234,False
940330,Wooden furniture — office,2024,826,United Kingdom,15603204.0,3302120.172,False
940330,Wooden furniture — office,2024,646,Rwanda,1281.0,271.099,False
940330,Wooden furniture — office,2024,579,Norway,7093.0,1501.098,False
940330,Wooden furniture — office,2024,144,Sri Lanka,1000.0,211.631,False
940330,Wooden furniture — office,2024,776,Tonga,324.0,68.568,False
940330,Wooden furniture — office,2024,524,Nepal,2265.0,479.344,False
940330,Wooden furniture — office,2024,566,Nigeria,9646.0,2041.392,False
940330,Wooden furniture — office,2024,152,Chile,1230.0,260.306,False
940330,Wooden furniture — office,2024,191,Croatia,9571.0,2025.519,False
940330,Wooden furniture — office,2024,533,Aruba,2175.0,460.297,False
940330,Wooden furniture — office,2024,504,Morocco,6473.0,1369.887,False
940330,Wooden furniture — office,2024,760,Syria,708.0,149.835,False
940330,Wooden furniture — office,2025,0,World,940294997.0,212092907.588,True
940330,Wooden furniture — office,2025,710,South Africa,351111.0,79196.585,False
940330,Wooden furniture — office,2025,784,United Arab Emirates,452599.0,102088.215,False
940330,Wooden furniture — office,2025,170,Colombia,1443769.0,325656.487,False
940330,Wooden furniture — office,2025,804,Ukraine,497199.0,112148.19,False
940330,Wooden furniture — office,2025,586,Pakistan,30487.0,6876.647,False
940330,Wooden furniture — office,2025,191,Croatia,65227.0,14712.6,False
940330,Wooden furniture — office,2025,188,Costa Rica,23533.0,5308.103,False
940330,Wooden furniture — office,2025,300,Greece,189396.0,42720.155,False
940330,Wooden furniture — office,2025,222,El Salvador,54616.0,12319.183,False
940330,Wooden furniture — office,2025,70,Bosnia Herzegovina,106297.0,23976.348,False
940330,Wooden furniture — office,2025,218,Ecuador,102263.0,23066.439,False
940330,Wooden furniture — office,2025,340,Honduras,87900.0,19826.721,False
940330,Wooden furniture — office,2025,233,Estonia,854146.0,192661.143,False
940330,Wooden furniture — office,2025,214,Dominican Rep.,53631.0,12097.007,False
940330,Wooden furniture — office,2025,428,Latvia,309698.0,69855.47,False
940330,Wooden furniture — office,2025,422,Lebanon,8008.0,1806.284,False
940330,Wooden furniture — office,2025,116,Cambodia,700999.0,158117.311,False
940330,Wooden furniture — office,2025,352,Iceland,4212.0,950.059,False
940330,Wooden furniture — office,2025,818,Egypt,104844.0,23648.609,False
940330,Wooden furniture — office,2025,440,Lithuania,12329666.0,2781079.044,False
940330,Wooden furniture — office,2025,524,Nepal,12720.0,2869.123,False
940330,Wooden furniture — office,2025,8,Albania,3501.0,789.685,False
940330,Wooden furniture — office,2025,100,Bulgaria,240440.0,54233.638,False
940330,Wooden furniture — office,2025,604,Peru,107628.0,24276.568,False
940330,Wooden furniture — office,2025,466,Mali,4214.0,950.51,False
940330,Wooden furniture — office,2025,512,Oman,10995.0,2480.032,False
940330,Wooden furniture — office,2025,688,Serbia,31282.0,7055.967,False
940330,Wooden furniture — office,2025,400,Jordan,7332.0,1653.806,False
940330,Wooden furniture — office,2025,682,Saudi Arabia,18546.0,4183.235,False
940330,Wooden furniture — office,2025,558,Nicaragua,438723.0,98958.345,False
940330,Wooden furniture — office,2025,642,Romania,90570.0,20428.966,False
940330,Wooden furniture — office,2025,703,Slovakia,1026814.0,231608.131,False
940330,Wooden furniture — office,2025,705,Slovenia,126612.0,28558.598,False
940330,Wooden furniture — office,2025,554,New Zealand,35616.0,8033.544,False
940330,Wooden furniture — office,2025,620,Portugal,2446361.0,551801.104,False
940330,Wooden furniture — office,2025,344,"China, Hong Kong SAR",159533.0,35984.258,False
940330,Wooden furniture — office,2025,348,Hungary,491397.0,110839.491,False
940330,Wooden furniture — office,2025,608,Philippines,345561.0,77944.727,False
940330,Wooden furniture — office,2025,36,Australia,576828.0,130109.304,False
940330,Wooden furniture — office,2025,360,Indonesia,3119114.0,703547.248,False
940330,Wooden furniture — office,2025,702,Singapore,78510.0,17708.713,False
940330,Wooden furniture — office,2025,246,Finland,1299709.0,293162.318,False
940330,Wooden furniture — office,2025,56,Belgium,1534594.0,346142.971,False
940330,Wooden furniture — office,2025,208,Denmark,3070668.0,692619.77,False
940330,Wooden furniture — office,2025,40,Austria,54425.0,12276.101,False
940330,Wooden furniture — office,2025,76,Brazil,723816.0,163263.912,False
940330,Wooden furniture — office,2025,458,Malaysia,69283512.0,15627586.614,False
940330,Wooden furniture — office,2025,792,Türkiye,3743594.0,844404.935,False
940330,Wooden furniture — office,2025,203,Czechia,33716.0,7604.98,False
940330,Wooden furniture — office,2025,752,Sweden,2530627.0,570808.14,False
940330,Wooden furniture — office,2025,757,Switzerland,2169653.0,489386.857,False
940330,Wooden furniture — office,2025,616,Poland,2617052.0,590302.16,False
940330,Wooden furniture — office,2025,251,France,1019216.0,229894.326,False
940330,Wooden furniture — office,2025,764,Thailand,4250217.0,958678.802,False
940330,Wooden furniture — office,2025,704,Viet Nam,82709527.0,18655958.101,False
940330,Wooden furniture — office,2025,528,Netherlands,1374578.0,310049.767,False
940330,Wooden furniture — office,2025,724,Spain,5174339.0,1167123.729,False
940330,Wooden furniture — office,2025,699,India,6252428.0,1410297.447,False
940330,Wooden furniture — office,2025,484,Mexico,65699398.0,14819153.981,False
940330,Wooden furniture — office,2025,490,"Other Asia, nes",1601537.0,361242.631,False
940330,Wooden furniture — office,2025,410,Rep. of Korea,3472902.0,783347.657,False
940330,Wooden furniture — office,2025,392,Japan,116163.0,26201.722,False
940330,Wooden furniture — office,2025,826,United Kingdom,12700066.0,2864626.456,False
940330,Wooden furniture — office,2025,380,Italy,34651388.0,7815965.9,False
940330,Wooden furniture — office,2025,276,Germany,12065526.0,2721499.635,False
940330,Wooden furniture — office,2025,124,Canada,410605624.0,92616190.604,False
940330,Wooden furniture — office,2025,156,China,184322717.0,41575825.786,False
940330,Wooden furniture — office,2025,372,Ireland,16728.0,3773.167,False
940330,Wooden furniture — office,2025,320,Guatemala,7180.0,1619.521,False
940330,Wooden furniture — office,2025,51,Armenia,9380.0,2115.752,False
940330,Wooden furniture — office,2025,834,United Rep. of Tanzania,7392.0,1667.339,False
940330,Wooden furniture — office,2025,694,Sierra Leone,2053.0,463.075,False
940330,Wooden furniture — office,2025,152,Chile,1380.0,311.273,False
940330,Wooden furniture — office,2025,4,Afghanistan,787.0,177.516,False
940330,Wooden furniture — office,2025,504,Morocco,9544.0,2152.744,False
940330,Wooden furniture — office,2025,72,Botswana,8604.0,1940.718,False
940330,Wooden furniture — office,2025,376,Israel,2870.0,647.357,False
940330,Wooden furniture — office,2025,120,Cameroon,4672.0,1053.816,False
940330,Wooden furniture — office,2025,28,Antigua and Barbuda,4098.0,924.345,False
940330,Wooden furniture — office,2025,32,Argentina,950.0,214.282,False
940330,Wooden furniture — office,2025,788,Tunisia,469.0,105.788,False
940340,Wooden furniture — kitchen,2019,642,Romania,7299816.0,1934164.314,False
940340,Wooden furniture — kitchen,2019,203,Czechia,1040943.0,275808.98,False
940340,Wooden furniture — kitchen,2019,688,Serbia,219552.0,58172.65,False
940340,Wooden furniture — kitchen,2019,458,Malaysia,68449792.0,18136504.397,False
940340,Wooden furniture — kitchen,2019,392,Japan,136778.0,36240.794,False
940340,Wooden furniture — kitchen,2019,124,Canada,342836162.0,90838107.433,False
940340,Wooden furniture — kitchen,2019,757,Switzerland,1036387.0,274601.819,False
940340,Wooden furniture — kitchen,2019,699,India,4541363.0,1203282.692,False
940340,Wooden furniture — kitchen,2019,608,Philippines,4799703.0,1271732.638,False
940340,Wooden furniture — kitchen,2019,554,New Zealand,27254.0,7221.239,False
940340,Wooden furniture — kitchen,2019,484,Mexico,45556233.0,12070611.114,False
940340,Wooden furniture — kitchen,2019,616,Poland,7483957.0,1982954.441,False
940340,Wooden furniture — kitchen,2019,490,"Other Asia, nes",13764534.0,3647060.482,False
940340,Wooden furniture — kitchen,2019,214,Dominican Rep.,291060.0,77119.46,False
940340,Wooden furniture — kitchen,2019,156,China,922252888.0,244360765.304,False
940340,Wooden furniture — kitchen,2019,826,United Kingdom,15564930.0,4124094.656,False
940340,Wooden furniture — kitchen,2019,116,Cambodia,2488287.0,659298.251,False
940340,Wooden furniture — kitchen,2019,558,Nicaragua,3766.0,997.842,False
940340,Wooden furniture — kitchen,2019,440,Lithuania,2492825.0,660500.642,False
940340,Wooden furniture — kitchen,2019,344,"China, Hong Kong SAR",498617.0,132113.906,False
940340,Wooden furniture — kitchen,2019,710,South Africa,18114.0,4799.498,False
940340,Wooden furniture — kitchen,2019,84,Belize,57747.0,15300.685,False
940340,Wooden furniture — kitchen,2019,360,Indonesia,17837252.0,4726170.67,False
940340,Wooden furniture — kitchen,2019,604,Peru,96625.0,25601.827,False
940340,Wooden furniture — kitchen,2019,528,Netherlands,444791.0,117852.132,False
940340,Wooden furniture — kitchen,2019,276,Germany,47674960.0,12631990.491,False
940340,Wooden furniture — kitchen,2019,620,Portugal,1239302.0,328366.318,False
940340,Wooden furniture — kitchen,2019,380,Italy,146753737.0,38883972.011,False
940340,Wooden furniture — kitchen,2019,792,Türkiye,6183829.0,1638471.624,False
940340,Wooden furniture — kitchen,2019,410,Rep. of Korea,1291174.0,342110.359,False
940340,Wooden furniture — kitchen,2019,818,Egypt,77503.0,20535.249,False
940340,Wooden furniture — kitchen,2019,170,Colombia,818280.0,216812.037,False
940340,Wooden furniture — kitchen,2019,724,Spain,11129687.0,2948929.592,False
940340,Wooden furniture — kitchen,2019,705,Slovenia,108393.0,28719.885,False
940340,Wooden furniture — kitchen,2019,752,Sweden,162311.0,43006.035,False
940340,Wooden furniture — kitchen,2019,100,Bulgaria,195324.0,51753.183,False
940340,Wooden furniture — kitchen,2019,208,Denmark,863416.0,228771.303,False
940340,Wooden furniture — kitchen,2019,40,Austria,583806.0,154685.643,False
940340,Wooden furniture — kitchen,2019,36,Australia,567213.0,150289.15,False
940340,Wooden furniture — kitchen,2019,246,Finland,392990.0,104126.903,False
940340,Wooden furniture — kitchen,2019,218,Ecuador,660450.0,174993.29,False
940340,Wooden furniture — kitchen,2019,804,Ukraine,960057.0,254377.369,False
940340,Wooden furniture — kitchen,2019,32,Argentina,694405.0,183990.031,False
940340,Wooden furniture — kitchen,2019,586,Pakistan,19983.0,5294.71,False
940340,Wooden furniture — kitchen,2019,56,Belgium,835669.0,221419.438,False
940340,Wooden furniture — kitchen,2019,512,Oman,15424.0,4086.754,False
940340,Wooden furniture — kitchen,2019,400,Jordan,4596.0,1217.759,False
940340,Wooden furniture — kitchen,2019,300,Greece,278658.0,73833.417,False
940340,Wooden furniture — kitchen,2019,251,France,2349374.0,622491.766,False
940340,Wooden furniture — kitchen,2019,188,Costa Rica,164186.0,43502.837,False
940340,Wooden furniture — kitchen,2019,498,Rep. of Moldova,20414.0,5408.908,False
940340,Wooden furniture — kitchen,2019,704,Viet Nam,103516987.0,27427932.723,False
940340,Wooden furniture — kitchen,2019,348,Hungary,65128.0,17256.36,False
940340,Wooden furniture — kitchen,2019,76,Brazil,4438635.0,1176063.81,False
940340,Wooden furniture — kitchen,2019,191,Croatia,227017.0,60150.582,False
940340,Wooden furniture — kitchen,2019,428,Latvia,42653.0,11301.368,False
940340,Wooden furniture — kitchen,2019,504,Morocco,91648.0,24283.118,False
940340,Wooden furniture — kitchen,2019,764,Thailand,13266945.0,3515218.955,False
940340,Wooden furniture — kitchen,2019,152,Chile,6734.0,1784.245,False
940340,Wooden furniture — kitchen,2019,682,Saudi Arabia,924.0,244.824,False
940340,Wooden furniture — kitchen,2019,340,Honduras,584.0,154.737,False
940340,Wooden furniture — kitchen,2019,887,Yemen,1576.0,417.578,False
940340,Wooden furniture — kitchen,2019,120,Cameroon,631.0,167.19,False
940340,Wooden furniture — kitchen,2019,579,Norway,5893.0,1561.413,False
940340,Wooden furniture — kitchen,2019,60,Bermuda,9241.0,2448.502,False
940340,Wooden furniture — kitchen,2019,0,World,1807617596.0,478947612.832,True
940340,Wooden furniture — kitchen,2019,231,Ethiopia,7562.0,2003.633,False
940340,Wooden furniture — kitchen,2019,703,Slovakia,681031.0,180446.446,False
940340,Wooden furniture — kitchen,2019,516,Namibia,1283.0,339.945,False
940340,Wooden furniture — kitchen,2019,112,Belarus,231710.0,61394.042,False
940340,Wooden furniture — kitchen,2019,784,United Arab Emirates,59315.0,15716.144,False
940340,Wooden furniture — kitchen,2019,104,Myanmar,3015.0,798.856,False
940340,Wooden furniture — kitchen,2019,524,Nepal,7177.0,1901.623,False
940340,Wooden furniture — kitchen,2019,422,Lebanon,52223.0,13837.042,False
940340,Wooden furniture — kitchen,2019,702,Singapore,65907.0,17462.764,False
940340,Wooden furniture — kitchen,2019,144,Sri Lanka,1502.0,397.971,False
940340,Wooden furniture — kitchen,2019,480,Mauritius,54169.0,14352.656,False
940340,Wooden furniture — kitchen,2019,233,Estonia,5571.0,1476.096,False
940340,Wooden furniture — kitchen,2019,68,Bolivia (Plurinational State of),269000.0,71274.427,False
940340,Wooden furniture — kitchen,2019,858,Uruguay,4790.0,1269.162,False
940340,Wooden furniture — kitchen,2019,643,Russian Federation,1426.0,377.834,False
940340,Wooden furniture — kitchen,2019,8,Albania,64201.0,17010.742,False
940340,Wooden furniture — kitchen,2019,320,Guatemala,14848.0,3934.136,False
940340,Wooden furniture — kitchen,2019,499,Montenegro,16424.0,4351.714,False
940340,Wooden furniture — kitchen,2019,86,Br. Indian Ocean Terr.,8468.0,2243.687,False
940340,Wooden furniture — kitchen,2019,372,Ireland,718381.0,190342.728,False
940340,Wooden furniture — kitchen,2019,70,Bosnia Herzegovina,265365.0,70311.295,False
940340,Wooden furniture — kitchen,2019,376,Israel,100857.0,26723.141,False
940340,Wooden furniture — kitchen,2019,788,Tunisia,2499.0,662.137,False
940340,Wooden furniture — kitchen,2019,807,North Macedonia,21759.0,5765.28,False
940340,Wooden furniture — kitchen,2020,124,Canada,301388579.0,81102809.108,False
940340,Wooden furniture — kitchen,2020,84,Belize,28177.0,7582.351,False
940340,Wooden furniture — kitchen,2020,710,South Africa,22724.0,6114.964,False
940340,Wooden furniture — kitchen,2020,203,Czechia,847639.0,228097.243,False
940340,Wooden furniture — kitchen,2020,764,Thailand,44496686.0,11973931.602,False
940340,Wooden furniture — kitchen,2020,76,Brazil,8279586.0,2228013.036,False
940340,Wooden furniture — kitchen,2020,170,Colombia,6896551.0,1855842.252,False
940340,Wooden furniture — kitchen,2020,442,Luxembourg,16863.0,4537.785,False
940340,Wooden furniture — kitchen,2020,348,Hungary,31333.0,8431.621,False
940340,Wooden furniture — kitchen,2020,428,Latvia,75927.0,20431.74,False
940340,Wooden furniture — kitchen,2020,400,Jordan,4410.0,1186.718,False
940340,Wooden furniture — kitchen,2020,499,Montenegro,82617.0,22232.0,False
940340,Wooden furniture — kitchen,2020,68,Bolivia (Plurinational State of),494283.0,133010.149,False
940340,Wooden furniture — kitchen,2020,376,Israel,148065.0,39843.87,False
940340,Wooden furniture — kitchen,2020,579,Norway,15437.0,4154.053,False
940340,Wooden furniture — kitchen,2020,699,India,12944655.0,3483369.831,False
940340,Wooden furniture — kitchen,2020,56,Belgium,307682.0,82796.351,False
940340,Wooden furniture — kitchen,2020,566,Nigeria,971.0,261.293,False
940340,Wooden furniture — kitchen,2020,404,Kenya,8198.0,2206.058,False
940340,Wooden furniture — kitchen,2020,36,Australia,718657.0,193388.554,False
940340,Wooden furniture — kitchen,2020,104,Myanmar,141316.0,38027.734,False
940340,Wooden furniture — kitchen,2020,586,Pakistan,24506.0,6594.495,False
940340,Wooden furniture — kitchen,2020,360,Indonesia,103292241.0,27795648.169,False
940340,Wooden furniture — kitchen,2020,340,Honduras,8500.0,2287.326,False
940340,Wooden furniture — kitchen,2020,792,Türkiye,5991058.0,1612176.662,False
940340,Wooden furniture — kitchen,2020,380,Italy,126589458.0,34064862.98,False
940340,Wooden furniture — kitchen,2020,674,San Marino,117676.0,31666.277,False
940340,Wooden furniture — kitchen,2020,352,Iceland,225184.0,60596.374,False
940340,Wooden furniture — kitchen,2020,558,Nicaragua,10284.0,2767.395,False
940340,Wooden furniture — kitchen,2020,144,Sri Lanka,721316.0,194104.083,False
940340,Wooden furniture — kitchen,2020,446,"China, Macao SAR",3388.0,911.701,False
940340,Wooden furniture — kitchen,2020,620,Portugal,1085664.0,292149.094,False
940340,Wooden furniture — kitchen,2020,591,Panama,15494.0,4169.391,False
940340,Wooden furniture — kitchen,2020,752,Sweden,105789.0,28467.519,False
940340,Wooden furniture — kitchen,2020,807,North Macedonia,901.0,242.457,False
940340,Wooden furniture — kitchen,2020,704,Viet Nam,487040417.0,131061190.504,False
940340,Wooden furniture — kitchen,2020,32,Argentina,1714188.0,461283.114,False
940340,Wooden furniture — kitchen,2020,440,Lithuania,2256050.0,607096.636,False
940340,Wooden furniture — kitchen,2020,288,Ghana,1695.0,456.12,False
940340,Wooden furniture — kitchen,2020,208,Denmark,509979.0,137233.898,False
940340,Wooden furniture — kitchen,2020,8,Albania,64078.0,17243.207,False
940340,Wooden furniture — kitchen,2020,320,Guatemala,5982.0,1609.739,False
940340,Wooden furniture — kitchen,2020,528,Netherlands,275941.0,74254.938,False
940340,Wooden furniture — kitchen,2020,231,Ethiopia,669.0,180.026,False
940340,Wooden furniture — kitchen,2020,156,China,131919390.0,35499132.516,False
940340,Wooden furniture — kitchen,2020,705,Slovenia,262095.0,70529.019,False
940340,Wooden furniture — kitchen,2020,688,Serbia,188283.0,50666.42,False
940340,Wooden furniture — kitchen,2020,392,Japan,62133.0,16719.814,False
940340,Wooden furniture — kitchen,2020,818,Egypt,94124.0,25328.501,False
940340,Wooden furniture — kitchen,2020,214,Dominican Rep.,35859.0,9649.555,False
940340,Wooden furniture — kitchen,2020,112,Belarus,487070.0,131069.151,False
940340,Wooden furniture — kitchen,2020,703,Slovakia,437413.0,117706.594,False
940340,Wooden furniture — kitchen,2020,826,United Kingdom,10337172.0,2781703.574,False
940340,Wooden furniture — kitchen,2020,246,Finland,215189.0,57906.748,False
940340,Wooden furniture — kitchen,2020,642,Romania,6469112.0,1740819.634,False
940340,Wooden furniture — kitchen,2020,40,Austria,941858.0,253451.308,False
940340,Wooden furniture — kitchen,2020,858,Uruguay,36412.0,9798.366,False
940340,Wooden furniture — kitchen,2020,860,Uzbekistan,3304.0,889.097,False
940340,Wooden furniture — kitchen,2020,757,Switzerland,203502.0,54761.809,False
940340,Wooden furniture — kitchen,2020,608,Philippines,17502672.0,4709919.237,False
940340,Wooden furniture — kitchen,2020,233,Estonia,19535.0,5256.813,False
940340,Wooden furniture — kitchen,2020,616,Poland,12241101.0,3294045.451,False
940340,Wooden furniture — kitchen,2020,784,United Arab Emirates,126483.0,34036.215,False
940340,Wooden furniture — kitchen,2020,788,Tunisia,1904.0,512.361,False
940340,Wooden furniture — kitchen,2020,51,Armenia,8171.0,2198.793,False
940340,Wooden furniture — kitchen,2020,422,Lebanon,225269.0,60619.247,False
940340,Wooden furniture — kitchen,2020,762,Tajikistan,78663.0,21167.989,False
940340,Wooden furniture — kitchen,2020,300,Greece,1438750.0,387163.532,False
940340,Wooden furniture — kitchen,2020,724,Spain,9309562.0,2505176.647,False
940340,Wooden furniture — kitchen,2020,804,Ukraine,1361803.0,366457.313,False
940340,Wooden furniture — kitchen,2020,116,Cambodia,22722977.0,6114688.46,False
940340,Wooden furniture — kitchen,2020,372,Ireland,302364.0,81365.292,False
940340,Wooden furniture — kitchen,2020,690,Seychelles,130089.0,35006.58,False
940340,Wooden furniture — kitchen,2020,0,World,1932298987.0,519976159.69,True
940340,Wooden furniture — kitchen,2020,70,Bosnia Herzegovina,283556.0,76304.113,False
940340,Wooden furniture — kitchen,2020,484,Mexico,99911620.0,26885932.677,False
940340,Wooden furniture — kitchen,2020,504,Morocco,20261.0,5452.177,False
940340,Wooden furniture — kitchen,2020,251,France,1322699.0,355934.538,False
940340,Wooden furniture — kitchen,2020,458,Malaysia,414702158.0,111595170.821,False
940340,Wooden furniture — kitchen,2020,702,Singapore,4934540.0,1327870.674,False
940340,Wooden furniture — kitchen,2020,604,Peru,55344.0,14892.913,False
940340,Wooden furniture — kitchen,2020,490,"Other Asia, nes",39432807.0,10611256.171,False
940340,Wooden furniture — kitchen,2020,498,Rep. of Moldova,24207.0,6514.035,False
940340,Wooden furniture — kitchen,2020,191,Croatia,8686.0,2337.378,False
940340,Wooden furniture — kitchen,2020,780,Trinidad and Tobago,16033.0,4314.435,False
940340,Wooden furniture — kitchen,2020,524,Nepal,8082.0,2174.843,False
940340,Wooden furniture — kitchen,2020,188,Costa Rica,2720395.0,732050.555,False
940340,Wooden furniture — kitchen,2020,344,"China, Hong Kong SAR",265974.0,71572.847,False
940340,Wooden furniture — kitchen,2020,643,Russian Federation,1819784.0,489698.697,False
940340,Wooden furniture — kitchen,2020,410,Rep. of Korea,2405359.0,647275.263,False
940340,Wooden furniture — kitchen,2020,276,Germany,39565996.0,10647096.952,False
940340,Wooden furniture — kitchen,2020,100,Bulgaria,126363.0,34003.924,False
940340,Wooden furniture — kitchen,2020,218,Ecuador,499019.0,134284.593,False
940340,Wooden furniture — kitchen,2020,31,Azerbaijan,3031.0,815.633,False
940340,Wooden furniture — kitchen,2021,0,World,2455067257.0,658709979.048,True
940340,Wooden furniture — kitchen,2021,558,Nicaragua,14241.0,3820.95,False
940340,Wooden furniture — kitchen,2021,218,Ecuador,715013.0,191842.483,False
940340,Wooden furniture — kitchen,2021,554,New Zealand,37382.0,10029.826,False
940340,Wooden furniture — kitchen,2021,56,Belgium,1161132.0,311539.015,False
940340,Wooden furniture — kitchen,2021,508,Mozambique,738.0,198.01,False
940340,Wooden furniture — kitchen,2021,203,Czechia,1381063.0,370547.885,False
940340,Wooden furniture — kitchen,2021,360,Indonesia,128656074.0,34519233.462,False
940340,Wooden furniture — kitchen,2021,704,Viet Nam,670466538.0,179890387.092,False
940340,Wooden furniture — kitchen,2021,818,Egypt,122155.0,32774.954,False
940340,Wooden furniture — kitchen,2021,51,Armenia,14011.0,3759.239,False
940340,Wooden furniture — kitchen,2021,586,Pakistan,209686.0,56260.072,False
940340,Wooden furniture — kitchen,2021,757,Switzerland,106940.0,28692.674,False
940340,Wooden furniture — kitchen,2021,100,Bulgaria,200961.0,53919.1,False
940340,Wooden furniture — kitchen,2021,76,Brazil,12374277.0,3320096.311,False
940340,Wooden furniture — kitchen,2021,887,Yemen,877.0,235.305,False
940340,Wooden furniture — kitchen,2021,231,Ethiopia,12321.0,3305.802,False
940340,Wooden furniture — kitchen,2021,344,"China, Hong Kong SAR",244270.0,65539.177,False
940340,Wooden furniture — kitchen,2021,84,Belize,17467.0,4686.506,False
940340,Wooden furniture — kitchen,2021,716,Zimbabwe,4717.0,1265.601,False
940340,Wooden furniture — kitchen,2021,48,Bahrain,924.0,247.915,False
940340,Wooden furniture — kitchen,2021,276,Germany,46037132.0,12352051.932,False
940340,Wooden furniture — kitchen,2021,36,Australia,699133.0,187581.779,False
940340,Wooden furniture — kitchen,2021,428,Latvia,131661.0,35325.474,False
940340,Wooden furniture — kitchen,2021,458,Malaysia,419945274.0,112673957.037,False
940340,Wooden furniture — kitchen,2021,524,Nepal,1648.0,442.169,False
940340,Wooden furniture — kitchen,2021,380,Italy,131295966.0,35227533.081,False
940340,Wooden furniture — kitchen,2021,703,Slovakia,455063.0,122096.264,False
940340,Wooden furniture — kitchen,2021,348,Hungary,93872.0,25186.448,False
940340,Wooden furniture — kitchen,2021,792,Türkiye,10219428.0,2741936.778,False
940340,Wooden furniture — kitchen,2021,191,Croatia,8285.0,2222.918,False
940340,Wooden furniture — kitchen,2021,826,United Kingdom,9859306.0,2645313.781,False
940340,Wooden furniture — kitchen,2021,499,Montenegro,24733.0,6636.019,False
940340,Wooden furniture — kitchen,2021,152,Chile,15394.0,4130.307,False
940340,Wooden furniture — kitchen,2021,196,Cyprus,2106.0,565.053,False
940340,Wooden furniture — kitchen,2021,807,North Macedonia,6800.0,1824.483,False
940340,Wooden furniture — kitchen,2021,144,Sri Lanka,101907.0,27342.289,False
940340,Wooden furniture — kitchen,2021,124,Canada,341247572.0,91558868.85,False
940340,Wooden furniture — kitchen,2021,332,Haiti,4550.0,1220.794,False
940340,Wooden furniture — kitchen,2021,68,Bolivia (Plurinational State of),932170.0,250107.071,False
940340,Wooden furniture — kitchen,2021,116,Cambodia,21122432.0,5667281.294,False
940340,Wooden furniture — kitchen,2021,764,Thailand,125397972.0,33645064.213,False
940340,Wooden furniture — kitchen,2021,246,Finland,351371.0,94275.048,False
940340,Wooden furniture — kitchen,2021,70,Bosnia Herzegovina,1135347.0,304620.738,False
940340,Wooden furniture — kitchen,2021,705,Slovenia,359974.0,96583.287,False
940340,Wooden furniture — kitchen,2021,616,Poland,15969131.0,4284618.239,False
940340,Wooden furniture — kitchen,2021,300,Greece,1389834.0,372901.2,False
940340,Wooden furniture — kitchen,2021,579,Norway,4955.0,1329.458,False
940340,Wooden furniture — kitchen,2021,752,Sweden,166155.0,44580.431,False
940340,Wooden furniture — kitchen,2021,858,Uruguay,31051.0,8331.179,False
940340,Wooden furniture — kitchen,2021,440,Lithuania,3529505.0,946988.38,False
940340,Wooden furniture — kitchen,2021,40,Austria,1655881.0,444283.282,False
940340,Wooden furniture — kitchen,2021,804,Ukraine,1501518.0,402866.719,False
940340,Wooden furniture — kitchen,2021,410,Rep. of Korea,1707942.0,458251.576,False
940340,Wooden furniture — kitchen,2021,490,"Other Asia, nes",48558164.0,13028460.666,False
940340,Wooden furniture — kitchen,2021,591,Panama,2382.0,639.106,False
940340,Wooden furniture — kitchen,2021,528,Netherlands,715232.0,191901.242,False
940340,Wooden furniture — kitchen,2021,422,Lebanon,166731.0,44734.975,False
940340,Wooden furniture — kitchen,2021,268,Georgia,58200.0,15615.426,False
940340,Wooden furniture — kitchen,2021,470,Malta,130628.0,35048.314,False
940340,Wooden furniture — kitchen,2021,340,Honduras,13878.0,3723.555,False
940340,Wooden furniture — kitchen,2021,480,Mauritius,58131.0,15596.913,False
940340,Wooden furniture — kitchen,2021,112,Belarus,1249005.0,335115.893,False
940340,Wooden furniture — kitchen,2021,188,Costa Rica,6631065.0,1779156.426,False
940340,Wooden furniture — kitchen,2021,642,Romania,11502983.0,3086322.653,False
940340,Wooden furniture — kitchen,2021,724,Spain,12531210.0,3362202.422,False
940340,Wooden furniture — kitchen,2021,400,Jordan,84394.0,22643.441,False
940340,Wooden furniture — kitchen,2021,784,United Arab Emirates,3138.0,841.945,False
940340,Wooden furniture — kitchen,2021,699,India,29168972.0,7826218.561,False
940340,Wooden furniture — kitchen,2021,233,Estonia,32434.0,8702.246,False
940340,Wooden furniture — kitchen,2021,320,Guatemala,30264.0,8120.021,False
940340,Wooden furniture — kitchen,2021,214,Dominican Rep.,96584.0,25914.094,False
940340,Wooden furniture — kitchen,2021,710,South Africa,215774.0,57893.521,False
940340,Wooden furniture — kitchen,2021,643,Russian Federation,2974518.0,798081.879,False
940340,Wooden furniture — kitchen,2021,484,Mexico,216366161.0,58052401.201,False
940340,Wooden furniture — kitchen,2021,702,Singapore,2794588.0,749805.529,False
940340,Wooden furniture — kitchen,2021,498,Rep. of Moldova,9689.0,2599.62,False
940340,Wooden furniture — kitchen,2021,688,Serbia,446386.0,119768.17,False
940340,Wooden furniture — kitchen,2021,372,Ireland,917113.0,246067.183,False
940340,Wooden furniture — kitchen,2021,170,Colombia,9654515.0,2590367.068,False
940340,Wooden furniture — kitchen,2021,504,Morocco,5679.0,1523.711,False
940340,Wooden furniture — kitchen,2021,392,Japan,59680.0,16012.519,False
940340,Wooden furniture — kitchen,2021,156,China,134321698.0,36039355.998,False
940340,Wooden furniture — kitchen,2021,604,Peru,2819.0,756.355,False
940340,Wooden furniture — kitchen,2021,32,Argentina,982622.0,263643.66,False
940340,Wooden furniture — kitchen,2021,748,Eswatini,6383.0,1712.599,False
940340,Wooden furniture — kitchen,2021,376,Israel,248496.0,66673.039,False
940340,Wooden furniture — kitchen,2021,288,Ghana,5733.0,1538.2,False
940340,Wooden furniture — kitchen,2021,608,Philippines,17420811.0,4674113.109,False
940340,Wooden furniture — kitchen,2021,208,Denmark,1300912.0,349042.868,False
940340,Wooden furniture — kitchen,2021,251,France,1468249.0,393940.437,False
940340,Wooden furniture — kitchen,2021,566,Nigeria,600.0,160.984,False
940340,Wooden furniture — kitchen,2021,620,Portugal,3685581.0,988864.552,False
940340,Wooden furniture — kitchen,2022,76,Brazil,11330888.0,2624453.953,False
940340,Wooden furniture — kitchen,2022,372,Ireland,113497.0,26288.112,False
940340,Wooden furniture — kitchen,2022,233,Estonia,11710.0,2712.264,False
940340,Wooden furniture — kitchen,2022,203,Czechia,2594932.0,601036.701,False
940340,Wooden furniture — kitchen,2022,116,Cambodia,57025572.0,13208231.151,False
940340,Wooden furniture — kitchen,2022,218,Ecuador,812871.0,188276.727,False
940340,Wooden furniture — kitchen,2022,608,Philippines,12434042.0,2879965.866,False
940340,Wooden furniture — kitchen,2022,300,Greece,1311069.0,303669.07,False
940340,Wooden furniture — kitchen,2022,458,Malaysia,465826317.0,107894431.484,False
940340,Wooden furniture — kitchen,2022,344,"China, Hong Kong SAR",124502.0,28837.084,False
940340,Wooden furniture — kitchen,2022,499,Montenegro,10824.0,2507.049,False
940340,Wooden furniture — kitchen,2022,156,China,125316170.0,29025661.335,False
940340,Wooden furniture — kitchen,2022,616,Poland,17085396.0,3957309.883,False
940340,Wooden furniture — kitchen,2022,674,San Marino,121013.0,28028.964,False
940340,Wooden furniture — kitchen,2022,579,Norway,288.0,66.706,False
940340,Wooden furniture — kitchen,2022,124,Canada,428501061.0,99249176.527,False
940340,Wooden furniture — kitchen,2022,48,Bahrain,36011.0,8340.848,False
940340,Wooden furniture — kitchen,2022,504,Morocco,193109.0,44727.799,False
940340,Wooden furniture — kitchen,2022,166,Cocos Isds,152340.0,35284.906,False
940340,Wooden furniture — kitchen,2022,56,Belgium,727621.0,168531.17,False
940340,Wooden furniture — kitchen,2022,524,Nepal,9700.0,2246.709,False
940340,Wooden furniture — kitchen,2022,804,Ukraine,1029230.0,238389.678,False
940340,Wooden furniture — kitchen,2022,704,Viet Nam,1111786989.0,257511481.709,False
940340,Wooden furniture — kitchen,2022,144,Sri Lanka,3571103.0,827136.883,False
940340,Wooden furniture — kitchen,2022,642,Romania,15389043.0,3564401.548,False
940340,Wooden furniture — kitchen,2022,50,Bangladesh,151881.0,35178.592,False
940340,Wooden furniture — kitchen,2022,454,Malawi,2342.0,542.453,False
940340,Wooden furniture — kitchen,2022,792,Türkiye,14440186.0,3344627.82,False
940340,Wooden furniture — kitchen,2022,490,"Other Asia, nes",71129094.0,16474881.043,False
940340,Wooden furniture — kitchen,2022,92,Br. Virgin Isds,5040.0,1167.362,False
940340,Wooden furniture — kitchen,2022,360,Indonesia,105583699.0,24455237.418,False
940340,Wooden furniture — kitchen,2022,643,Russian Federation,4799999.0,1111773.089,False
940340,Wooden furniture — kitchen,2022,222,El Salvador,938.0,217.259,False
940340,Wooden furniture — kitchen,2022,84,Belize,20432.0,4732.448,False
940340,Wooden furniture — kitchen,2022,410,Rep. of Korea,3446893.0,798367.432,False
940340,Wooden furniture — kitchen,2022,36,Australia,1467355.0,339867.946,False
940340,Wooden furniture — kitchen,2022,682,Saudi Arabia,32837.0,7605.688,False
940340,Wooden furniture — kitchen,2022,251,France,10197454.0,2361928.602,False
940340,Wooden furniture — kitchen,2022,376,Israel,203373.0,47105.141,False
940340,Wooden furniture — kitchen,2022,860,Uzbekistan,3392.0,785.653,False
940340,Wooden furniture — kitchen,2022,862,Venezuela,698820.0,161860.298,False
940340,Wooden furniture — kitchen,2022,320,Guatemala,183528.0,42508.653,False
940340,Wooden furniture — kitchen,2022,699,India,31266302.0,7241883.414,False
940340,Wooden furniture — kitchen,2022,887,Yemen,4251.0,984.614,False
940340,Wooden furniture — kitchen,2022,398,Kazakhstan,787363.0,182368.578,False
940340,Wooden furniture — kitchen,2022,31,Azerbaijan,45194.0,10467.809,False
940340,Wooden furniture — kitchen,2022,100,Bulgaria,214760.0,49742.591,False
940340,Wooden furniture — kitchen,2022,392,Japan,89888.0,20819.808,False
940340,Wooden furniture — kitchen,2022,336,Holy See (Vatican City State),107283.0,24848.829,False
940340,Wooden furniture — kitchen,2022,191,Croatia,10242.0,2372.246,False
940340,Wooden furniture — kitchen,2022,807,North Macedonia,3686.0,853.749,False
940340,Wooden furniture — kitchen,2022,620,Portugal,3570555.0,827009.956,False
940340,Wooden furniture — kitchen,2022,484,Mexico,317795756.0,73607675.587,False
940340,Wooden furniture — kitchen,2022,512,Oman,24627.0,5704.092,False
940340,Wooden furniture — kitchen,2022,32,Argentina,979407.0,226849.703,False
940340,Wooden furniture — kitchen,2022,604,Peru,85929.0,19902.827,False
940340,Wooden furniture — kitchen,2022,757,Switzerland,205899.0,47690.211,False
940340,Wooden furniture — kitchen,2022,752,Sweden,501284.0,116107.12,False
940340,Wooden furniture — kitchen,2022,170,Colombia,9522218.0,2205530.817,False
940340,Wooden furniture — kitchen,2022,703,Slovakia,280724.0,65021.136,False
940340,Wooden furniture — kitchen,2022,470,Malta,69975.0,16207.57,False
940340,Wooden furniture — kitchen,2022,534,Saint Maarten,2000.0,463.239,False
940340,Wooden furniture — kitchen,2022,558,Nicaragua,17446.0,4040.833,False
940340,Wooden furniture — kitchen,2022,498,Rep. of Moldova,165071.0,38233.653,False
940340,Wooden furniture — kitchen,2022,748,Eswatini,677.0,156.806,False
940340,Wooden furniture — kitchen,2022,818,Egypt,150164.0,34780.902,False
940340,Wooden furniture — kitchen,2022,112,Belarus,729118.0,168877.904,False
940340,Wooden furniture — kitchen,2022,0,World,3316740915.0,768221679.079,True
940340,Wooden furniture — kitchen,2022,583,FS Micronesia,77902.0,18043.618,False
940340,Wooden furniture — kitchen,2022,591,Panama,149509.0,34629.191,False
940340,Wooden furniture — kitchen,2022,688,Serbia,1336031.0,309450.754,False
940340,Wooden furniture — kitchen,2022,276,Germany,55795396.0,12923298.472,False
940340,Wooden furniture — kitchen,2022,705,Slovenia,148176.0,34320.442,False
940340,Wooden furniture — kitchen,2022,854,Burkina Faso,30846.0,7144.533,False
940340,Wooden furniture — kitchen,2022,266,Gabon,48422.0,11215.477,False
940340,Wooden furniture — kitchen,2022,332,Haiti,6582.0,1524.519,False
940340,Wooden furniture — kitchen,2022,440,Lithuania,3437003.0,796076.716,False
940340,Wooden furniture — kitchen,2022,51,Armenia,26752.0,6196.283,False
940340,Wooden furniture — kitchen,2022,414,Kuwait,2397.0,555.192,False
940340,Wooden furniture — kitchen,2022,384,Côte d'Ivoire,1111.0,257.329,False
940340,Wooden furniture — kitchen,2022,702,Singapore,4571349.0,1058813.303,False
940340,Wooden furniture — kitchen,2022,418,Lao People's Dem. Rep.,777353.0,180050.068,False
940340,Wooden furniture — kitchen,2022,188,Costa Rica,15591730.0,3611347.798,False
940340,Wooden furniture — kitchen,2022,152,Chile,515744.0,119456.337,False
940340,Wooden furniture — kitchen,2022,8,Albania,150941.0,34960.87,False
940340,Wooden furniture — kitchen,2022,208,Denmark,2107554.0,488150.481,False
940340,Wooden furniture — kitchen,2022,710,South Africa,11732.0,2717.359,False
940340,Wooden furniture — kitchen,2022,826,United Kingdom,10004163.0,2317158.649,False
940340,Wooden furniture — kitchen,2022,268,Georgia,709032.0,164225.596,False
940340,Wooden furniture — kitchen,2022,70,Bosnia Herzegovina,465898.0,107911.035,False
940340,Wooden furniture — kitchen,2022,348,Hungary,85938.0,19904.912,False
940340,Wooden furniture — kitchen,2022,724,Spain,18735575.0,4339523.422,False
940340,Wooden furniture — kitchen,2022,780,Trinidad and Tobago,18432.0,4269.21,False
940340,Wooden furniture — kitchen,2022,784,United Arab Emirates,178787.0,41410.545,False
940340,Wooden furniture — kitchen,2022,528,Netherlands,596468.0,138153.585,False
940340,Wooden furniture — kitchen,2022,422,Lebanon,630086.0,145940.168,False
940340,Wooden furniture — kitchen,2022,246,Finland,418590.0,96953.582,False
940340,Wooden furniture — kitchen,2022,428,Latvia,179117.0,41486.98,False
940340,Wooden furniture — kitchen,2022,214,Dominican Rep.,108929.0,25230.074,False
940340,Wooden furniture — kitchen,2022,68,Bolivia (Plurinational State of),1055832.0,244551.218,False
940340,Wooden furniture — kitchen,2022,400,Jordan,20613.0,4774.372,False
940340,Wooden furniture — kitchen,2022,586,Pakistan,81572.0,18893.661,False
940340,Wooden furniture — kitchen,2022,40,Austria,658254.0,152464.424,False
940340,Wooden furniture — kitchen,2022,380,Italy,171321580.0,39681408.715,False
940340,Wooden furniture — kitchen,2022,764,Thailand,192173139.0,44511035.17,False
940340,Wooden furniture — kitchen,2023,0,World,2697147451.0,635110726.117,True
940340,Wooden furniture — kitchen,2023,710,South Africa,15512.0,3652.688,False
940340,Wooden furniture — kitchen,2023,642,Romania,11328664.0,2667616.862,False
940340,Wooden furniture — kitchen,2023,703,Slovakia,370521.0,87248.423,False
940340,Wooden furniture — kitchen,2023,705,Slovenia,25585.0,6024.627,False
940340,Wooden furniture — kitchen,2023,579,Norway,64689.0,15232.641,False
940340,Wooden furniture — kitchen,2023,100,Bulgaria,75477.0,17772.945,False
940340,Wooden furniture — kitchen,2023,188,Costa Rica,10361120.0,2439784.463,False
940340,Wooden furniture — kitchen,2023,68,Bolivia (Plurinational State of),1084535.0,255380.851,False
940340,Wooden furniture — kitchen,2023,70,Bosnia Herzegovina,424725.0,100012.108,False
940340,Wooden furniture — kitchen,2023,170,Colombia,5422787.0,1276930.628,False
940340,Wooden furniture — kitchen,2023,804,Ukraine,1225777.0,288639.807,False
940340,Wooden furniture — kitchen,2023,807,North Macedonia,13911.0,3275.692,False
940340,Wooden furniture — kitchen,2023,688,Serbia,3653963.0,860416.843,False
940340,Wooden furniture — kitchen,2023,862,Venezuela,230453.0,54265.914,False
940340,Wooden furniture — kitchen,2023,887,Yemen,10430.0,2456.004,False
940340,Wooden furniture — kitchen,2023,818,Egypt,88539.0,20848.719,False
940340,Wooden furniture — kitchen,2023,784,United Arab Emirates,227607.0,53595.752,False
940340,Wooden furniture — kitchen,2023,586,Pakistan,50580.0,11910.324,False
940340,Wooden furniture — kitchen,2023,674,San Marino,13790.0,3247.2,False
940340,Wooden furniture — kitchen,2023,591,Panama,42439.0,9993.322,False
940340,Wooden furniture — kitchen,2023,422,Lebanon,259021.0,60992.963,False
940340,Wooden furniture — kitchen,2023,428,Latvia,467808.0,110157.077,False
940340,Wooden furniture — kitchen,2023,583,FS Micronesia,63196.0,14881.076,False
940340,Wooden furniture — kitchen,2023,558,Nicaragua,36313.0,8550.803,False
940340,Wooden furniture — kitchen,2023,512,Oman,17164.0,4041.692,False
940340,Wooden furniture — kitchen,2023,499,Montenegro,23893.0,5626.204,False
940340,Wooden furniture — kitchen,2023,504,Morocco,88242.0,20778.783,False
940340,Wooden furniture — kitchen,2023,440,Lithuania,5677761.0,1336970.624,False
940340,Wooden furniture — kitchen,2023,418,Lao People's Dem. Rep.,1894019.0,445994.075,False
940340,Wooden furniture — kitchen,2023,288,Ghana,1099.0,258.787,False
940340,Wooden furniture — kitchen,2023,398,Kazakhstan,1467347.0,345523.497,False
940340,Wooden furniture — kitchen,2023,400,Jordan,88928.0,20940.318,False
940340,Wooden furniture — kitchen,2023,300,Greece,2541574.0,598477.072,False
940340,Wooden furniture — kitchen,2023,320,Guatemala,50206.0,11822.257,False
940340,Wooden furniture — kitchen,2023,268,Georgia,1064686.0,250706.908,False
940340,Wooden furniture — kitchen,2023,214,Dominican Rep.,232603.0,54772.185,False
940340,Wooden furniture — kitchen,2023,218,Ecuador,748095.0,176157.651,False
940340,Wooden furniture — kitchen,2023,152,Chile,575845.0,135597.086,False
940340,Wooden furniture — kitchen,2023,132,Cabo Verde,119738.0,28195.302,False
940340,Wooden furniture — kitchen,2023,144,Sri Lanka,4412932.0,1039135.048,False
940340,Wooden furniture — kitchen,2023,116,Cambodia,84272229.0,19844000.94,False
940340,Wooden furniture — kitchen,2023,50,Bangladesh,23578.0,5552.029,False
940340,Wooden furniture — kitchen,2023,51,Armenia,32024.0,7540.851,False
940340,Wooden furniture — kitchen,2023,32,Argentina,1095195.0,257891.014,False
940340,Wooden furniture — kitchen,2023,8,Albania,71538.0,16845.409,False
940340,Wooden furniture — kitchen,2023,608,Philippines,5355911.0,1261183.004,False
940340,Wooden furniture — kitchen,2023,620,Portugal,3582904.0,843684.227,False
940340,Wooden furniture — kitchen,2023,372,Ireland,97548.0,22970.113,False
940340,Wooden furniture — kitchen,2023,348,Hungary,38535.0,9074.028,False
940340,Wooden furniture — kitchen,2023,344,"China, Hong Kong SAR",5083.0,1196.919,False
940340,Wooden furniture — kitchen,2023,360,Indonesia,67679236.0,15936766.343,False
940340,Wooden furniture — kitchen,2023,702,Singapore,176354.0,41526.954,False
940340,Wooden furniture — kitchen,2023,246,Finland,333081.0,78432.24,False
940340,Wooden furniture — kitchen,2023,376,Israel,379913.0,89460.004,False
940340,Wooden furniture — kitchen,2023,56,Belgium,264885.0,62373.789,False
940340,Wooden furniture — kitchen,2023,36,Australia,240924.0,56731.573,False
940340,Wooden furniture — kitchen,2023,208,Denmark,2087058.0,491449.928,False
940340,Wooden furniture — kitchen,2023,458,Malaysia,247343408.0,58243182.588,False
940340,Wooden furniture — kitchen,2023,203,Czechia,1318428.0,310456.799,False
940340,Wooden furniture — kitchen,2023,76,Brazil,8827156.0,2078574.33,False
940340,Wooden furniture — kitchen,2023,752,Sweden,138403.0,32590.443,False
940340,Wooden furniture — kitchen,2023,792,Türkiye,13082164.0,3080522.229,False
940340,Wooden furniture — kitchen,2023,764,Thailand,162921047.0,38363829.32,False
940340,Wooden furniture — kitchen,2023,616,Poland,21703779.0,5110696.797,False
940340,Wooden furniture — kitchen,2023,757,Switzerland,197630.0,46536.919,False
940340,Wooden furniture — kitchen,2023,704,Viet Nam,939099580.0,221134449.26,False
940340,Wooden furniture — kitchen,2023,40,Austria,1210592.0,285064.12,False
940340,Wooden furniture — kitchen,2023,724,Spain,18076730.0,4256617.528,False
940340,Wooden furniture — kitchen,2023,699,India,23934277.0,5635923.256,False
940340,Wooden furniture — kitchen,2023,528,Netherlands,878136.0,206779.052,False
940340,Wooden furniture — kitchen,2023,410,Rep. of Korea,1929914.0,454446.449,False
940340,Wooden furniture — kitchen,2023,490,"Other Asia, nes",46136750.0,10864050.01,False
940340,Wooden furniture — kitchen,2023,251,France,26771426.0,6304000.843,False
940340,Wooden furniture — kitchen,2023,484,Mexico,213178976.0,50198313.848,False
940340,Wooden furniture — kitchen,2023,392,Japan,305060.0,71833.996,False
940340,Wooden furniture — kitchen,2023,826,United Kingdom,13886072.0,3269822.444,False
940340,Wooden furniture — kitchen,2023,380,Italy,166395540.0,39181985.469,False
940340,Wooden furniture — kitchen,2023,124,Canada,451724411.0,106369793.972,False
940340,Wooden furniture — kitchen,2023,276,Germany,52070060.0,12261196.029,False
940340,Wooden furniture — kitchen,2023,156,China,65664522.0,15462351.616,False
940340,Wooden furniture — kitchen,2023,112,Belarus,4537.0,1068.35,False
940340,Wooden furniture — kitchen,2023,604,Peru,5501.0,1295.348,False
940340,Wooden furniture — kitchen,2023,84,Belize,11277.0,2655.451,False
940340,Wooden furniture — kitchen,2023,498,Rep. of Moldova,4819.0,1134.754,False
940340,Wooden furniture — kitchen,2023,417,Kyrgyzstan,3302.0,777.538,False
940340,Wooden furniture — kitchen,2023,496,Mongolia,5565.0,1310.418,False
940340,Wooden furniture — kitchen,2023,748,Eswatini,2022.0,476.13,False
940340,Wooden furniture — kitchen,2023,470,Malta,4255.0,1001.946,False
940340,Wooden furniture — kitchen,2023,48,Bahrain,4366.0,1028.084,False
940340,Wooden furniture — kitchen,2023,191,Croatia,1301.0,306.353,False
940340,Wooden furniture — kitchen,2023,554,New Zealand,5820.0,1370.464,False
940340,Wooden furniture — kitchen,2023,524,Nepal,1565.0,368.518,False
940340,Wooden furniture — kitchen,2023,12,Algeria,1490.0,350.858,False
940340,Wooden furniture — kitchen,2024,0,World,2839342108.0,631129784.013,True
940340,Wooden furniture — kitchen,2024,428,Latvia,379477.0,84350.257,False
940340,Wooden furniture — kitchen,2024,440,Lithuania,6901183.0,1533996.951,False
940340,Wooden furniture — kitchen,2024,410,Rep. of Korea,1142396.0,253932.113,False
940340,Wooden furniture — kitchen,2024,418,Lao People's Dem. Rep.,1529934.0,340074.171,False
940340,Wooden furniture — kitchen,2024,422,Lebanon,515417.0,114567.04,False
940340,Wooden furniture — kitchen,2024,400,Jordan,153527.0,34126.026,False
940340,Wooden furniture — kitchen,2024,404,Kenya,12143.0,2699.15,False
940340,Wooden furniture — kitchen,2024,398,Kazakhstan,751714.0,167091.205,False
940340,Wooden furniture — kitchen,2024,376,Israel,704635.0,156626.471,False
940340,Wooden furniture — kitchen,2024,372,Ireland,57341.0,12745.774,False
940340,Wooden furniture — kitchen,2024,360,Indonesia,64678680.0,14376795.675,False
940340,Wooden furniture — kitchen,2024,348,Hungary,113463.0,25220.588,False
940340,Wooden furniture — kitchen,2024,352,Iceland,2840.0,631.276,False
940340,Wooden furniture — kitchen,2024,344,"China, Hong Kong SAR",38379.0,8530.895,False
940340,Wooden furniture — kitchen,2024,320,Guatemala,98863.0,21975.296,False
940340,Wooden furniture — kitchen,2024,340,Honduras,33085.0,7354.143,False
940340,Wooden furniture — kitchen,2024,296,Kiribati,19320.0,4294.455,False
940340,Wooden furniture — kitchen,2024,300,Greece,1124559.0,249967.299,False
940340,Wooden furniture — kitchen,2024,288,Ghana,1277.0,283.852,False
940340,Wooden furniture — kitchen,2024,268,Georgia,202390.0,44987.308,False
940340,Wooden furniture — kitchen,2024,246,Finland,185904.0,41322.795,False
940340,Wooden furniture — kitchen,2024,233,Estonia,18324.0,4073.064,False
940340,Wooden furniture — kitchen,2024,222,El Salvador,405.0,90.024,False
940340,Wooden furniture — kitchen,2024,231,Ethiopia,1549.0,344.312,False
940340,Wooden furniture — kitchen,2024,214,Dominican Rep.,45384.0,10087.969,False
940340,Wooden furniture — kitchen,2024,218,Ecuador,1100910.0,244710.593,False
940340,Wooden furniture — kitchen,2024,208,Denmark,835131.0,185633.16,False
940340,Wooden furniture — kitchen,2024,76,Brazil,7913919.0,1759108.202,False
940340,Wooden furniture — kitchen,2024,84,Belize,2126.0,472.568,False
940340,Wooden furniture — kitchen,2024,203,Czechia,464039.0,103146.723,False
940340,Wooden furniture — kitchen,2024,170,Colombia,5625711.0,1250484.666,False
940340,Wooden furniture — kitchen,2024,144,Sri Lanka,5584703.0,1241369.396,False
940340,Wooden furniture — kitchen,2024,152,Chile,568496.0,126365.455,False
940340,Wooden furniture — kitchen,2024,116,Cambodia,114708267.0,25497386.726,False
940340,Wooden furniture — kitchen,2024,100,Bulgaria,62280.0,13843.616,False
940340,Wooden furniture — kitchen,2024,68,Bolivia (Plurinational State of),166932.0,37105.693,False
940340,Wooden furniture — kitchen,2024,70,Bosnia Herzegovina,467083.0,103823.344,False
940340,Wooden furniture — kitchen,2024,56,Belgium,996505.0,221503.419,False
940340,Wooden furniture — kitchen,2024,48,Bahrain,8597.0,1910.944,False
940340,Wooden furniture — kitchen,2024,50,Bangladesh,14686.0,3264.408,False
940340,Wooden furniture — kitchen,2024,51,Armenia,50437.0,11211.151,False
940340,Wooden furniture — kitchen,2024,40,Austria,993781.0,220897.928,False
940340,Wooden furniture — kitchen,2024,36,Australia,214805.0,47746.917,False
940340,Wooden furniture — kitchen,2024,32,Argentina,643282.0,142988.909,False
940340,Wooden furniture — kitchen,2024,8,Albania,144450.0,32108.388,False
940340,Wooden furniture — kitchen,2024,31,Azerbaijan,28907.0,6425.456,False
940340,Wooden furniture — kitchen,2024,251,France,13499921.0,3000766.34,False
940340,Wooden furniture — kitchen,2024,392,Japan,386560.0,85924.668,False
940340,Wooden furniture — kitchen,2024,380,Italy,167395559.0,37208733.213,False
940340,Wooden furniture — kitchen,2024,156,China,53848303.0,11969416.347,False
940340,Wooden furniture — kitchen,2024,276,Germany,50686487.0,11266606.973,False
940340,Wooden furniture — kitchen,2024,124,Canada,435988171.0,96911576.601,False
940340,Wooden furniture — kitchen,2024,188,Costa Rica,7714290.0,1714734.61,False
940340,Wooden furniture — kitchen,2024,191,Croatia,66863.0,14862.327,False
940340,Wooden furniture — kitchen,2024,862,Venezuela,46598.0,10357.817,False
940340,Wooden furniture — kitchen,2024,887,Yemen,6147.0,1366.357,False
940340,Wooden furniture — kitchen,2024,807,North Macedonia,10760.0,2391.736,False
940340,Wooden furniture — kitchen,2024,818,Egypt,181586.0,40362.989,False
940340,Wooden furniture — kitchen,2024,804,Ukraine,1464227.0,325468.801,False
940340,Wooden furniture — kitchen,2024,796,Turks and Caicos Isds,87898.0,19537.993,False
940340,Wooden furniture — kitchen,2024,784,United Arab Emirates,18958.0,4213.99,False
940340,Wooden furniture — kitchen,2024,688,Serbia,3322374.0,738498.253,False
940340,Wooden furniture — kitchen,2024,674,San Marino,117558.0,26130.826,False
940340,Wooden furniture — kitchen,2024,682,Saudi Arabia,77225.0,17165.595,False
940340,Wooden furniture — kitchen,2024,604,Peru,47673.0,10596.768,False
940340,Wooden furniture — kitchen,2024,586,Pakistan,55028.0,12231.64,False
940340,Wooden furniture — kitchen,2024,591,Panama,93638.0,20813.882,False
940340,Wooden furniture — kitchen,2024,583,FS Micronesia,63639.0,14145.695,False
940340,Wooden furniture — kitchen,2024,558,Nicaragua,174442.0,38775.018,False
940340,Wooden furniture — kitchen,2024,566,Nigeria,2191.0,487.016,False
940340,Wooden furniture — kitchen,2024,512,Oman,13289.0,2953.883,False
940340,Wooden furniture — kitchen,2024,504,Morocco,65076.0,14465.112,False
940340,Wooden furniture — kitchen,2024,466,Mali,61794.0,13735.588,False
940340,Wooden furniture — kitchen,2024,710,South Africa,38319.0,8517.558,False
940340,Wooden furniture — kitchen,2024,705,Slovenia,33202.0,7380.15,False
940340,Wooden furniture — kitchen,2024,579,Norway,174687.0,38829.477,False
940340,Wooden furniture — kitchen,2024,703,Slovakia,65790.0,14623.82,False
940340,Wooden furniture — kitchen,2024,620,Portugal,2421418.0,538233.493,False
940340,Wooden furniture — kitchen,2024,642,Romania,7912425.0,1758776.115,False
940340,Wooden furniture — kitchen,2024,608,Philippines,5144484.0,1143517.39,False
940340,Wooden furniture — kitchen,2024,702,Singapore,152844.0,33974.208,False
940340,Wooden furniture — kitchen,2024,458,Malaysia,238857680.0,53093354.113,False
940340,Wooden furniture — kitchen,2024,757,Switzerland,279808.0,62195.803,False
940340,Wooden furniture — kitchen,2024,792,Türkiye,18378104.0,4085090.266,False
940340,Wooden furniture — kitchen,2024,752,Sweden,167199.0,37165.042,False
940340,Wooden furniture — kitchen,2024,616,Poland,7951253.0,1767406.814,False
940340,Wooden furniture — kitchen,2024,764,Thailand,183921172.0,40882051.244,False
940340,Wooden furniture — kitchen,2024,704,Viet Nam,1126375048.0,250370971.064,False
940340,Wooden furniture — kitchen,2024,699,India,19192358.0,4266082.881,False
940340,Wooden furniture — kitchen,2024,724,Spain,22182699.0,4930776.742,False
940340,Wooden furniture — kitchen,2024,528,Netherlands,834098.0,185403.544,False
940340,Wooden furniture — kitchen,2024,490,"Other Asia, nes",23247256.0,5167406.779,False
940340,Wooden furniture — kitchen,2024,484,Mexico,215358889.0,47870036.061,False
940340,Wooden furniture — kitchen,2024,826,United Kingdom,11817224.0,2626735.965,False
940340,Wooden furniture — kitchen,2024,498,Rep. of Moldova,4771.0,1060.499,False
940340,Wooden furniture — kitchen,2024,470,Malta,18583.0,4130.635,False
940340,Wooden furniture — kitchen,2024,760,Syria,4392.0,976.255,False
940340,Wooden furniture — kitchen,2024,662,Saint Lucia,2656.0,590.376,False
940340,Wooden furniture — kitchen,2024,496,Mongolia,1060.0,235.617,False
940340,Wooden furniture — kitchen,2024,894,Zambia,1198.0,266.292,False
940340,Wooden furniture — kitchen,2025,792,Türkiye,11765195.0,2655066.101,False
940340,Wooden furniture — kitchen,2025,788,Tunisia,7001.0,1579.924,False
940340,Wooden furniture — kitchen,2025,688,Serbia,3973029.0,896598.366,False
940340,Wooden furniture — kitchen,2025,604,Peru,122824.0,27717.844,False
940340,Wooden furniture — kitchen,2025,579,Norway,74701.0,16857.867,False
940340,Wooden furniture — kitchen,2025,584,Marshall Isds,26282.0,5931.091,False
940340,Wooden furniture — kitchen,2025,558,Nicaragua,35362.0,7980.186,False
940340,Wooden furniture — kitchen,2025,591,Panama,608.0,137.208,False
940340,Wooden furniture — kitchen,2025,0,World,2738279883.0,617951006.479,True
940340,Wooden furniture — kitchen,2025,372,Ireland,155747.0,35147.618,False
940340,Wooden furniture — kitchen,2025,710,South Africa,114367.0,25809.342,False
940340,Wooden furniture — kitchen,2025,784,United Arab Emirates,600652.0,135549.879,False
940340,Wooden furniture — kitchen,2025,170,Colombia,11487633.0,2592428.341,False
940340,Wooden furniture — kitchen,2025,804,Ukraine,1806574.0,407691.788,False
940340,Wooden furniture — kitchen,2025,498,Rep. of Moldova,24306.0,5485.165,False
940340,Wooden furniture — kitchen,2025,504,Morocco,90904.0,20514.418,False
940340,Wooden furniture — kitchen,2025,516,Namibia,35993.0,8122.585,False
940340,Wooden furniture — kitchen,2025,268,Georgia,47222.0,10656.647,False
940340,Wooden furniture — kitchen,2025,214,Dominican Rep.,66710.0,15054.528,False
940340,Wooden furniture — kitchen,2025,586,Pakistan,45295.0,10221.779,False
940340,Wooden furniture — kitchen,2025,100,Bulgaria,117416.0,26497.414,False
940340,Wooden furniture — kitchen,2025,32,Argentina,1255579.0,283348.065,False
940340,Wooden furniture — kitchen,2025,218,Ecuador,1664315.0,375588.024,False
940340,Wooden furniture — kitchen,2025,222,El Salvador,466.0,105.163,False
940340,Wooden furniture — kitchen,2025,418,Lao People's Dem. Rep.,1150005.0,259523.05,False
940340,Wooden furniture — kitchen,2025,422,Lebanon,153148.0,34561.098,False
940340,Wooden furniture — kitchen,2025,233,Estonia,73016.0,16477.611,False
940340,Wooden furniture — kitchen,2025,428,Latvia,228632.0,51595.666,False
940340,Wooden furniture — kitchen,2025,440,Lithuania,6946052.0,1567524.142,False
940340,Wooden furniture — kitchen,2025,68,Bolivia (Plurinational State of),466008.0,105164.601,False
940340,Wooden furniture — kitchen,2025,70,Bosnia Herzegovina,842617.0,190154.42,False
940340,Wooden furniture — kitchen,2025,51,Armenia,24633.0,5558.96,False
940340,Wooden furniture — kitchen,2025,188,Costa Rica,5434165.0,1226334.734,False
940340,Wooden furniture — kitchen,2025,191,Croatia,225527.0,50894.957,False
940340,Wooden furniture — kitchen,2025,116,Cambodia,139187039.0,31410511.165,False
940340,Wooden furniture — kitchen,2025,818,Egypt,99166.0,22378.914,False
940340,Wooden furniture — kitchen,2025,807,North Macedonia,28860.0,6512.872,False
940340,Wooden furniture — kitchen,2025,674,San Marino,788478.0,177936.805,False
940340,Wooden furniture — kitchen,2025,682,Saudi Arabia,812.0,183.245,False
940340,Wooden furniture — kitchen,2025,524,Nepal,43799.0,9884.174,False
940340,Wooden furniture — kitchen,2025,398,Kazakhstan,180056.0,40633.46,False
940340,Wooden furniture — kitchen,2025,400,Jordan,24903.0,5619.891,False
940340,Wooden furniture — kitchen,2025,384,Côte d'Ivoire,705.0,159.098,False
940340,Wooden furniture — kitchen,2025,320,Guatemala,28321.0,6391.235,False
940340,Wooden furniture — kitchen,2025,300,Greece,968170.0,218488.121,False
940340,Wooden furniture — kitchen,2025,152,Chile,602398.0,135943.901,False
940340,Wooden furniture — kitchen,2025,144,Sri Lanka,3333083.0,752180.961,False
940340,Wooden furniture — kitchen,2025,8,Albania,211941.0,47828.987,False
940340,Wooden furniture — kitchen,2025,642,Romania,8387683.0,1892858.792,False
940340,Wooden furniture — kitchen,2025,703,Slovakia,611663.0,138034.745,False
940340,Wooden furniture — kitchen,2025,705,Slovenia,47508.0,10721.189,False
940340,Wooden furniture — kitchen,2025,620,Portugal,3186835.0,719176.994,False
940340,Wooden furniture — kitchen,2025,344,"China, Hong Kong SAR",22130.0,4994.104,False
940340,Wooden furniture — kitchen,2025,348,Hungary,83273.0,18792.321,False
940340,Wooden furniture — kitchen,2025,608,Philippines,3584282.0,808869.35,False
940340,Wooden furniture — kitchen,2025,36,Australia,141227.0,31870.872,False
940340,Wooden furniture — kitchen,2025,360,Indonesia,48462996.0,10936704.221,False
940340,Wooden furniture — kitchen,2025,702,Singapore,112002.0,25275.63,False
940340,Wooden furniture — kitchen,2025,376,Israel,333528.0,75267.676,False
940340,Wooden furniture — kitchen,2025,246,Finland,135837.0,30654.504,False
940340,Wooden furniture — kitchen,2025,56,Belgium,613715.0,138497.823,False
940340,Wooden furniture — kitchen,2025,208,Denmark,1260071.0,284361.78,False
940340,Wooden furniture — kitchen,2025,40,Austria,229467.0,51784.102,False
940340,Wooden furniture — kitchen,2025,76,Brazil,9493933.0,2142507.597,False
940340,Wooden furniture — kitchen,2025,458,Malaysia,238558139.0,53835710.153,False
940340,Wooden furniture — kitchen,2025,203,Czechia,678458.0,153108.456,False
940340,Wooden furniture — kitchen,2025,752,Sweden,85579.0,19312.719,False
940340,Wooden furniture — kitchen,2025,757,Switzerland,246632.0,55657.748,False
940340,Wooden furniture — kitchen,2025,616,Poland,12832556.0,2895938.777,False
940340,Wooden furniture — kitchen,2025,251,France,2186225.0,493368.099,False
940340,Wooden furniture — kitchen,2025,764,Thailand,185898174.0,41951870.749,False
940340,Wooden furniture — kitchen,2025,704,Viet Nam,1152922368.0,260181416.122,False
940340,Wooden furniture — kitchen,2025,528,Netherlands,659631.0,148859.743,False
940340,Wooden furniture — kitchen,2025,724,Spain,20098691.0,4535696.446,False
940340,Wooden furniture — kitchen,2025,699,India,19589552.0,4420798.418,False
940340,Wooden furniture — kitchen,2025,484,Mexico,187322332.0,42273262.245,False
940340,Wooden furniture — kitchen,2025,490,"Other Asia, nes",10836321.0,2445445.957,False
940340,Wooden furniture — kitchen,2025,410,Rep. of Korea,672475.0,151758.265,False
940340,Wooden furniture — kitchen,2025,392,Japan,157575.0,35560.145,False
940340,Wooden furniture — kitchen,2025,826,United Kingdom,9457433.0,2134270.597,False
940340,Wooden furniture — kitchen,2025,380,Italy,166543144.0,37583997.201,False
940340,Wooden furniture — kitchen,2025,276,Germany,51454301.0,11611755.719,False
940340,Wooden furniture — kitchen,2025,124,Canada,375083566.0,84645572.048,False
940340,Wooden furniture — kitchen,2025,156,China,31708872.0,7155780.345,False
940340,Wooden furniture — kitchen,2025,894,Zambia,400.0,90.268,False
940340,Wooden furniture — kitchen,2025,496,Mongolia,2076.0,468.493,False
940340,Wooden furniture — kitchen,2025,860,Uzbekistan,899.0,202.878,False
940340,Wooden furniture — kitchen,2025,112,Belarus,8477.0,1913.015,False
940340,Wooden furniture — kitchen,2025,760,Syria,5142.0,1160.401,False
940340,Wooden furniture — kitchen,2025,50,Bangladesh,1948.0,439.608,False
940340,Wooden furniture — kitchen,2025,242,Fiji,1037.0,234.021,False
940340,Wooden furniture — kitchen,2025,404,Kenya,301.0,67.927,False
940340,Wooden furniture — kitchen,2025,470,Malta,1714.0,386.8,False
940350,Wooden furniture — bedroom,2019,748,Eswatini,9298.0,3795.18,False
940350,Wooden furniture — bedroom,2019,762,Tajikistan,527.0,215.106,False
940350,Wooden furniture — bedroom,2019,512,Oman,7081.0,2890.263,False
940350,Wooden furniture — bedroom,2019,372,Ireland,16985.0,6932.795,False
940350,Wooden furniture — bedroom,2019,204,Benin,100928.0,41195.947,False
940350,Wooden furniture — bedroom,2019,682,Saudi Arabia,499.0,203.678,False
940350,Wooden furniture — bedroom,2019,8,Albania,2943.0,1201.249,False
940350,Wooden furniture — bedroom,2019,0,World,4127454150.0,1684709711.172,True
940350,Wooden furniture — bedroom,2019,498,Rep. of Moldova,158037.0,64506.221,False
940350,Wooden furniture — bedroom,2019,458,Malaysia,584216197.0,238460480.66,False
940350,Wooden furniture — bedroom,2019,144,Sri Lanka,41357.0,16880.754,False
940350,Wooden furniture — bedroom,2019,348,Hungary,149614.0,61068.191,False
940350,Wooden furniture — bedroom,2019,688,Serbia,57222.0,23356.397,False
940350,Wooden furniture — bedroom,2019,188,Costa Rica,21100.0,8612.422,False
940350,Wooden furniture — bedroom,2019,70,Bosnia Herzegovina,634278.0,258894.289,False
940350,Wooden furniture — bedroom,2019,554,New Zealand,42243.0,17242.394,False
940350,Wooden furniture — bedroom,2019,4,Afghanistan,44497.0,18162.413,False
940350,Wooden furniture — bedroom,2019,212,Dominica,1130.0,461.234,False
940350,Wooden furniture — bedroom,2019,40,Austria,148447.0,60591.855,False
940350,Wooden furniture — bedroom,2019,862,Venezuela,9949.0,4060.9,False
940350,Wooden furniture — bedroom,2019,410,Rep. of Korea,637156.0,260069.007,False
940350,Wooden furniture — bedroom,2019,702,Singapore,924675.0,377426.107,False
940350,Wooden furniture — bedroom,2019,858,Uruguay,36080.0,14726.833,False
940350,Wooden furniture — bedroom,2019,170,Colombia,1138329.0,464633.61,False
940350,Wooden furniture — bedroom,2019,276,Germany,42317996.0,17273005.642,False
940350,Wooden furniture — bedroom,2019,608,Philippines,6267775.0,2558327.973,False
940350,Wooden furniture — bedroom,2019,156,China,272373023.0,111174942.285,False
940350,Wooden furniture — bedroom,2019,705,Slovenia,48902.0,19960.409,False
940350,Wooden furniture — bedroom,2019,288,Ghana,1712.0,698.79,False
940350,Wooden furniture — bedroom,2019,788,Tunisia,11042.0,4507.031,False
940350,Wooden furniture — bedroom,2019,191,Croatia,471961.0,192641.093,False
940350,Wooden furniture — bedroom,2019,579,Norway,57435.0,23443.338,False
940350,Wooden furniture — bedroom,2019,124,Canada,175614290.0,71680771.98,False
940350,Wooden furniture — bedroom,2019,344,"China, Hong Kong SAR",422806.0,172577.417,False
940350,Wooden furniture — bedroom,2019,818,Egypt,748958.0,305703.412,False
940350,Wooden furniture — bedroom,2019,360,Indonesia,201042307.0,82059767.268,False
940350,Wooden furniture — bedroom,2019,764,Thailand,9944480.0,4059054.667,False
940350,Wooden furniture — bedroom,2019,604,Peru,113720.0,46417.278,False
940350,Wooden furniture — bedroom,2019,300,Greece,138806.0,56656.672,False
940350,Wooden furniture — bedroom,2019,32,Argentina,49183.0,20075.106,False
940350,Wooden furniture — bedroom,2019,251,France,3009547.0,1228411.721,False
940350,Wooden furniture — bedroom,2019,620,Portugal,21538546.0,8791423.549,False
940350,Wooden furniture — bedroom,2019,400,Jordan,790.0,322.456,False
940350,Wooden furniture — bedroom,2019,643,Russian Federation,2524087.0,1030260.719,False
940350,Wooden furniture — bedroom,2019,699,India,36142988.0,14752542.527,False
940350,Wooden furniture — bedroom,2019,336,Holy See (Vatican City State),17860.0,7289.945,False
940350,Wooden furniture — bedroom,2019,757,Switzerland,311414.0,127110.362,False
940350,Wooden furniture — bedroom,2019,92,Br. Virgin Isds,56240.0,22955.573,False
940350,Wooden furniture — bedroom,2019,246,Finland,9622.0,3927.427,False
940350,Wooden furniture — bedroom,2019,826,United Kingdom,3041961.0,1241642.197,False
940350,Wooden furniture — bedroom,2019,724,Spain,3388577.0,1383121.016,False
940350,Wooden furniture — bedroom,2019,804,Ukraine,47342.0,19323.662,False
940350,Wooden furniture — bedroom,2019,792,Türkiye,4003467.0,1634101.673,False
940350,Wooden furniture — bedroom,2019,528,Netherlands,972931.0,397122.838,False
940350,Wooden furniture — bedroom,2019,740,Suriname,531.0,216.739,False
940350,Wooden furniture — bedroom,2019,116,Cambodia,2333407.0,952430.552,False
940350,Wooden furniture — bedroom,2019,704,Viet Nam,2118814445.0,864839957.498,False
940350,Wooden furniture — bedroom,2019,392,Japan,99602.0,40654.711,False
940350,Wooden furniture — bedroom,2019,214,Dominican Rep.,13256.0,5410.723,False
940350,Wooden furniture — bedroom,2019,340,Honduras,4167215.0,1700938.962,False
940350,Wooden furniture — bedroom,2019,752,Sweden,4691373.0,1914885.391,False
940350,Wooden furniture — bedroom,2019,266,Gabon,19468.0,7946.285,False
940350,Wooden furniture — bedroom,2019,470,Malta,8924.0,3642.524,False
940350,Wooden furniture — bedroom,2019,352,Iceland,20575.0,8398.131,False
940350,Wooden furniture — bedroom,2019,268,Georgia,3124.0,1275.128,False
940350,Wooden furniture — bedroom,2019,31,Azerbaijan,13948.0,5693.178,False
940350,Wooden furniture — bedroom,2019,428,Latvia,1289922.0,526509.573,False
940350,Wooden furniture — bedroom,2019,440,Lithuania,36235561.0,14790328.199,False
940350,Wooden furniture — bedroom,2019,484,Mexico,99339291.0,40547480.884,False
940350,Wooden furniture — bedroom,2019,616,Poland,130018484.0,53069857.269,False
940350,Wooden furniture — bedroom,2019,422,Lebanon,6446.0,2631.074,False
940350,Wooden furniture — bedroom,2019,584,Marshall Isds,203643.0,83121.296,False
940350,Wooden furniture — bedroom,2019,50,Bangladesh,165057.0,67371.586,False
940350,Wooden furniture — bedroom,2019,36,Australia,10032.0,4094.778,False
940350,Wooden furniture — bedroom,2019,496,Mongolia,267.0,108.982,False
940350,Wooden furniture — bedroom,2019,380,Italy,126155496.0,51493095.139,False
940350,Wooden furniture — bedroom,2019,84,Belize,129536.0,52872.921,False
940350,Wooden furniture — bedroom,2019,642,Romania,10954162.0,4471178.22,False
940350,Wooden furniture — bedroom,2019,499,Montenegro,21105.0,8614.462,False
940350,Wooden furniture — bedroom,2019,132,Cabo Verde,26679.0,10889.611,False
940350,Wooden furniture — bedroom,2019,586,Pakistan,544091.0,222082.513,False
940350,Wooden furniture — bedroom,2019,208,Denmark,15140956.0,6180108.775,False
940350,Wooden furniture — bedroom,2019,703,Slovakia,7599047.0,3101715.443,False
940350,Wooden furniture — bedroom,2019,558,Nicaragua,56581.0,23094.759,False
940350,Wooden furniture — bedroom,2019,710,South Africa,36047.0,14713.363,False
940350,Wooden furniture — bedroom,2019,218,Ecuador,525095.0,214328.885,False
940350,Wooden furniture — bedroom,2019,76,Brazil,143077132.0,58400026.982,False
940350,Wooden furniture — bedroom,2019,784,United Arab Emirates,26466.0,10802.671,False
940350,Wooden furniture — bedroom,2019,504,Morocco,51744.0,21120.433,False
940350,Wooden furniture — bedroom,2019,203,Czechia,12659816.0,5167377.803,False
940350,Wooden furniture — bedroom,2019,490,"Other Asia, nes",38804385.0,15838849.293,False
940350,Wooden furniture — bedroom,2019,320,Guatemala,13260.0,5412.356,False
940350,Wooden furniture — bedroom,2019,233,Estonia,276152.0,112717.414,False
940350,Wooden furniture — bedroom,2019,56,Belgium,327007.0,133474.982,False
940350,Wooden furniture — bedroom,2019,100,Bulgaria,100520.0,41029.413,False
940350,Wooden furniture — bedroom,2019,388,Jamaica,9899.0,4040.491,False
940350,Wooden furniture — bedroom,2019,112,Belarus,337356.0,137699.15,False
940350,Wooden furniture — bedroom,2019,376,Israel,38707.0,15799.099,False
940350,Wooden furniture — bedroom,2020,422,Lebanon,55139.0,22039.73,False
940350,Wooden furniture — bedroom,2020,246,Finland,42505.0,16989.766,False
940350,Wooden furniture — bedroom,2020,300,Greece,127661.0,51027.656,False
940350,Wooden furniture — bedroom,2020,528,Netherlands,2289589.0,915176.598,False
940350,Wooden furniture — bedroom,2020,251,France,1477742.0,590671.468,False
940350,Wooden furniture — bedroom,2020,76,Brazil,158852494.0,63495275.816,False
940350,Wooden furniture — bedroom,2020,710,South Africa,48955.0,19567.91,False
940350,Wooden furniture — bedroom,2020,40,Austria,156324.0,62484.606,False
940350,Wooden furniture — bedroom,2020,31,Azerbaijan,263158.0,105187.456,False
940350,Wooden furniture — bedroom,2020,784,United Arab Emirates,24322.0,9721.8,False
940350,Wooden furniture — bedroom,2020,724,Spain,3420722.0,1367304.229,False
940350,Wooden furniture — bedroom,2020,752,Sweden,6829733.0,2729927.429,False
940350,Wooden furniture — bedroom,2020,757,Switzerland,225355.0,90077.137,False
940350,Wooden furniture — bedroom,2020,188,Costa Rica,31711.0,12675.273,False
940350,Wooden furniture — bedroom,2020,702,Singapore,578473.0,231222.701,False
940350,Wooden furniture — bedroom,2020,104,Myanmar,12180.0,4868.494,False
940350,Wooden furniture — bedroom,2020,586,Pakistan,407808.0,163005.822,False
940350,Wooden furniture — bedroom,2020,0,World,4215996663.0,1685185194.232,True
940350,Wooden furniture — bedroom,2020,496,Mongolia,17243.0,6892.237,False
940350,Wooden furniture — bedroom,2020,276,Germany,45182853.0,18060136.427,False
940350,Wooden furniture — bedroom,2020,428,Latvia,1223311.0,488972.3,False
940350,Wooden furniture — bedroom,2020,191,Croatia,83801.0,33496.28,False
940350,Wooden furniture — bedroom,2020,156,China,287210481.0,114801525.926,False
940350,Wooden furniture — bedroom,2020,268,Georgia,5685.0,2272.364,False
940350,Wooden furniture — bedroom,2020,764,Thailand,5389344.0,2154186.41,False
940350,Wooden furniture — bedroom,2020,214,Dominican Rep.,97384.0,38925.57,False
940350,Wooden furniture — bedroom,2020,352,Iceland,6078.0,2429.451,False
940350,Wooden furniture — bedroom,2020,170,Colombia,1192132.0,476509.674,False
940350,Wooden furniture — bedroom,2020,8,Albania,21357.0,8536.653,False
940350,Wooden furniture — bedroom,2020,792,Türkiye,8160767.0,3261957.924,False
940350,Wooden furniture — bedroom,2020,92,Br. Virgin Isds,24812.0,9917.658,False
940350,Wooden furniture — bedroom,2020,124,Canada,177157454.0,70811991.183,False
940350,Wooden furniture — bedroom,2020,320,Guatemala,3114.0,1244.704,False
940350,Wooden furniture — bedroom,2020,604,Peru,451655.0,180532.002,False
940350,Wooden furniture — bedroom,2020,642,Romania,11114737.0,4442695.696,False
940350,Wooden furniture — bedroom,2020,372,Ireland,79159.0,31640.816,False
940350,Wooden furniture — bedroom,2020,498,Rep. of Moldova,170198.0,68030.213,False
940350,Wooden furniture — bedroom,2020,788,Tunisia,19503.0,7795.587,False
940350,Wooden furniture — bedroom,2020,218,Ecuador,458362.0,183212.872,False
940350,Wooden furniture — bedroom,2020,388,Jamaica,4352.0,1739.547,False
940350,Wooden furniture — bedroom,2020,554,New Zealand,40462.0,16173.154,False
940350,Wooden furniture — bedroom,2020,100,Bulgaria,177207.0,70831.795,False
940350,Wooden furniture — bedroom,2020,608,Philippines,7212307.0,2882846.915,False
940350,Wooden furniture — bedroom,2020,504,Morocco,34960.0,13973.938,False
940350,Wooden furniture — bedroom,2020,32,Argentina,5293.0,2115.677,False
940350,Wooden furniture — bedroom,2020,760,Syria,1859.0,743.065,False
940350,Wooden furniture — bedroom,2020,376,Israel,69783.0,27893.115,False
940350,Wooden furniture — bedroom,2020,204,Benin,13201.0,5276.6,False
940350,Wooden furniture — bedroom,2020,703,Slovakia,5874552.0,2348129.955,False
940350,Wooden furniture — bedroom,2020,212,Dominica,3445.0,1377.008,False
940350,Wooden furniture — bedroom,2020,44,Bahamas,15101.0,6036.054,False
940350,Wooden furniture — bedroom,2020,826,United Kingdom,3226467.0,1289658.141,False
940350,Wooden furniture — bedroom,2020,340,Honduras,2471977.0,988079.302,False
940350,Wooden furniture — bedroom,2020,380,Italy,136703236.0,54641947.735,False
940350,Wooden furniture — bedroom,2020,84,Belize,14104.0,5637.541,False
940350,Wooden furniture — bedroom,2020,203,Czechia,10357197.0,4139897.736,False
940350,Wooden furniture — bedroom,2020,348,Hungary,77712.0,31062.433,False
940350,Wooden furniture — bedroom,2020,440,Lithuania,33055387.0,13212640.62,False
940350,Wooden furniture — bedroom,2020,804,Ukraine,570428.0,228007.016,False
940350,Wooden furniture — bedroom,2020,558,Nicaragua,32215.0,12876.728,False
940350,Wooden furniture — bedroom,2020,484,Mexico,100805767.0,40293292.339,False
940350,Wooden furniture — bedroom,2020,208,Denmark,28362372.0,11336785.389,False
940350,Wooden furniture — bedroom,2020,620,Portugal,18051253.0,7215305.591,False
940350,Wooden furniture — bedroom,2020,112,Belarus,817849.0,326904.202,False
940350,Wooden furniture — bedroom,2020,862,Venezuela,24015.0,9599.088,False
940350,Wooden furniture — bedroom,2020,579,Norway,180214.0,72033.73,False
940350,Wooden furniture — bedroom,2020,392,Japan,15846.0,6333.839,False
940350,Wooden furniture — bedroom,2020,56,Belgium,121386.0,48519.462,False
940350,Wooden furniture — bedroom,2020,51,Armenia,6046.0,2416.66,False
940350,Wooden furniture — bedroom,2020,196,Cyprus,1068.0,426.893,False
940350,Wooden furniture — bedroom,2020,116,Cambodia,1993748.0,796925.349,False
940350,Wooden furniture — bedroom,2020,616,Poland,104881490.0,41922408.442,False
940350,Wooden furniture — bedroom,2020,360,Indonesia,206886330.0,82694984.857,False
940350,Wooden furniture — bedroom,2020,48,Bahrain,981.0,392.118,False
940350,Wooden furniture — bedroom,2020,643,Russian Federation,2023208.0,808700.869,False
940350,Wooden furniture — bedroom,2020,818,Egypt,335156.0,133965.934,False
940350,Wooden furniture — bedroom,2020,70,Bosnia Herzegovina,993223.0,397003.325,False
940350,Wooden furniture — bedroom,2020,699,India,38606459.0,15431471.68,False
940350,Wooden furniture — bedroom,2020,634,Qatar,1001.0,400.112,False
940350,Wooden furniture — bedroom,2020,660,Anguilla,469924.0,187834.344,False
940350,Wooden furniture — bedroom,2020,50,Bangladesh,893.0,356.943,False
940350,Wooden furniture — bedroom,2020,834,United Rep. of Tanzania,1867.0,746.263,False
940350,Wooden furniture — bedroom,2020,490,"Other Asia, nes",45747435.0,18285806.726,False
940350,Wooden furniture — bedroom,2020,705,Slovenia,57678.0,23054.599,False
940350,Wooden furniture — bedroom,2020,704,Viet Nam,2147460804.0,858366227.813,False
940350,Wooden furniture — bedroom,2020,344,"China, Hong Kong SAR",400633.0,160137.888,False
940350,Wooden furniture — bedroom,2020,688,Serbia,262477.0,104915.252,False
940350,Wooden furniture — bedroom,2020,36,Australia,23918.0,9560.316,False
940350,Wooden furniture — bedroom,2020,233,Estonia,596084.0,238262.032,False
940350,Wooden furniture — bedroom,2020,410,Rep. of Korea,426451.0,170457.657,False
940350,Wooden furniture — bedroom,2020,458,Malaysia,603558242.0,241249577.401,False
940350,Wooden furniture — bedroom,2020,674,San Marino,8299.0,3317.211,False
940350,Wooden furniture — bedroom,2021,0,World,4971690522.0,1742879998.049,True
940350,Wooden furniture — bedroom,2021,470,Malta,13693.0,4800.23,False
940350,Wooden furniture — bedroom,2021,276,Germany,65992386.0,23134346.169,False
940350,Wooden furniture — bedroom,2021,348,Hungary,109587.0,38416.911,False
940350,Wooden furniture — bedroom,2021,40,Austria,475492.0,166688.874,False
940350,Wooden furniture — bedroom,2021,752,Sweden,10968315.0,3845061.703,False
940350,Wooden furniture — bedroom,2021,887,Yemen,5136.0,1800.48,False
940350,Wooden furniture — bedroom,2021,826,United Kingdom,3634812.0,1274222.742,False
940350,Wooden furniture — bedroom,2021,458,Malaysia,639545286.0,224199531.705,False
940350,Wooden furniture — bedroom,2021,422,Lebanon,2397.0,840.294,False
940350,Wooden furniture — bedroom,2021,490,"Other Asia, nes",47709603.0,16725118.431,False
940350,Wooden furniture — bedroom,2021,579,Norway,7750.0,2716.846,False
940350,Wooden furniture — bedroom,2021,792,Türkiye,11747996.0,4118387.328,False
940350,Wooden furniture — bedroom,2021,882,Samoa,1919.0,672.726,False
940350,Wooden furniture — bedroom,2021,508,Mozambique,666.0,233.474,False
940350,Wooden furniture — bedroom,2021,620,Portugal,10452987.0,3664407.887,False
940350,Wooden furniture — bedroom,2021,428,Latvia,2470218.0,865961.693,False
940350,Wooden furniture — bedroom,2021,72,Botswana,3880.0,1360.176,False
940350,Wooden furniture — bedroom,2021,876,Wallis and Futuna Isds,34636.0,12142.025,False
940350,Wooden furniture — bedroom,2021,203,Czechia,23308415.0,8171017.506,False
940350,Wooden furniture — bedroom,2021,702,Singapore,507973.0,178075.441,False
940350,Wooden furniture — bedroom,2021,208,Denmark,17662026.0,6191614.644,False
940350,Wooden furniture — bedroom,2021,251,France,2320748.0,813563.365,False
940350,Wooden furniture — bedroom,2021,740,Suriname,309.0,108.323,False
940350,Wooden furniture — bedroom,2021,760,Syria,495.0,173.528,False
940350,Wooden furniture — bedroom,2021,360,Indonesia,272763741.0,95620285.752,False
940350,Wooden furniture — bedroom,2021,36,Australia,14092.0,4940.103,False
940350,Wooden furniture — bedroom,2021,724,Spain,5399272.0,1892773.319,False
940350,Wooden furniture — bedroom,2021,56,Belgium,502075.0,176007.833,False
940350,Wooden furniture — bedroom,2021,196,Cyprus,2156.0,755.809,False
940350,Wooden furniture — bedroom,2021,764,Thailand,8001072.0,2804862.509,False
940350,Wooden furniture — bedroom,2021,410,Rep. of Korea,718312.0,251812.057,False
940350,Wooden furniture — bedroom,2021,32,Argentina,9860.0,3456.53,False
940350,Wooden furniture — bedroom,2021,340,Honduras,6870817.0,2408639.369,False
940350,Wooden furniture — bedroom,2021,484,Mexico,160935179.0,56417571.291,False
940350,Wooden furniture — bedroom,2021,112,Belarus,557281.0,195360.895,False
940350,Wooden furniture — bedroom,2021,716,Zimbabwe,2124.0,744.591,False
940350,Wooden furniture — bedroom,2021,480,Mauritius,117201.0,41086.081,False
940350,Wooden furniture — bedroom,2021,332,Haiti,3456.0,1211.538,False
940350,Wooden furniture — bedroom,2021,376,Israel,29721.0,10419.019,False
940350,Wooden furniture — bedroom,2021,50,Bangladesh,1561.0,547.225,False
940350,Wooden furniture — bedroom,2021,8,Albania,93609.0,32815.65,False
940350,Wooden furniture — bedroom,2021,642,Romania,17559086.0,6155527.911,False
940350,Wooden furniture — bedroom,2021,498,Rep. of Moldova,303995.0,106568.742,False
940350,Wooden furniture — bedroom,2021,352,Iceland,30869.0,10821.463,False
940350,Wooden furniture — bedroom,2021,705,Slovenia,486329.0,170487.902,False
940350,Wooden furniture — bedroom,2021,608,Philippines,9616279.0,3371090.829,False
940350,Wooden furniture — bedroom,2021,804,Ukraine,849980.0,297969.701,False
940350,Wooden furniture — bedroom,2021,528,Netherlands,323119.0,113272.868,False
940350,Wooden furniture — bedroom,2021,170,Colombia,2036916.0,714062.981,False
940350,Wooden furniture — bedroom,2021,604,Peru,118643.0,41591.59,False
940350,Wooden furniture — bedroom,2021,233,Estonia,761979.0,267119.997,False
940350,Wooden furniture — bedroom,2021,100,Bulgaria,1458.0,511.118,False
940350,Wooden furniture — bedroom,2021,818,Egypt,414579.0,145335.162,False
940350,Wooden furniture — bedroom,2021,392,Japan,18149.0,6362.329,False
940350,Wooden furniture — bedroom,2021,246,Finland,14770.0,5177.784,False
940350,Wooden furniture — bedroom,2021,204,Benin,14469.0,5072.265,False
940350,Wooden furniture — bedroom,2021,688,Serbia,268319.0,94062.134,False
940350,Wooden furniture — bedroom,2021,591,Panama,49492.0,17349.957,False
940350,Wooden furniture — bedroom,2021,703,Slovakia,5425351.0,1901915.596,False
940350,Wooden furniture — bedroom,2021,31,Azerbaijan,376238.0,131894.309,False
940350,Wooden furniture — bedroom,2021,616,Poland,151596856.0,53143920.95,False
940350,Wooden furniture — bedroom,2021,704,Viet Nam,2449098433.0,858558000.189,False
940350,Wooden furniture — bedroom,2021,372,Ireland,99828.0,34995.787,False
940350,Wooden furniture — bedroom,2021,496,Mongolia,785.0,275.19,False
940350,Wooden furniture — bedroom,2021,634,Qatar,19503.0,6836.988,False
940350,Wooden furniture — bedroom,2021,191,Croatia,70293.0,24641.973,False
940350,Wooden furniture — bedroom,2021,124,Canada,221038445.0,77487422.615,False
940350,Wooden furniture — bedroom,2021,660,Anguilla,26451.0,9272.685,False
940350,Wooden furniture — bedroom,2021,710,South Africa,10021.0,3512.97,False
940350,Wooden furniture — bedroom,2021,780,Trinidad and Tobago,158551.0,55581.772,False
940350,Wooden furniture — bedroom,2021,344,"China, Hong Kong SAR",166598.0,58402.735,False
940350,Wooden furniture — bedroom,2021,643,Russian Federation,1645101.0,576707.986,False
940350,Wooden furniture — bedroom,2021,84,Belize,469280.0,164511.19,False
940350,Wooden furniture — bedroom,2021,212,Dominica,4352.0,1525.641,False
940350,Wooden furniture — bedroom,2021,504,Morocco,61928.0,21709.532,False
940350,Wooden furniture — bedroom,2021,218,Ecuador,721455.0,252913.87,False
940350,Wooden furniture — bedroom,2021,132,Cabo Verde,5392.0,1890.224,False
940350,Wooden furniture — bedroom,2021,586,Pakistan,329468.0,115498.578,False
940350,Wooden furniture — bedroom,2021,300,Greece,223286.0,78275.327,False
940350,Wooden furniture — bedroom,2021,380,Italy,234000145.0,82031287.035,False
940350,Wooden furniture — bedroom,2021,400,Jordan,6748.0,2365.585,False
940350,Wooden furniture — bedroom,2021,699,India,67520350.0,23669990.51,False
940350,Wooden furniture — bedroom,2021,156,China,214413604.0,75165012.799,False
940350,Wooden furniture — bedroom,2021,440,Lithuania,69266304.0,24282053.609,False
940350,Wooden furniture — bedroom,2021,120,Cameroon,3373.0,1182.442,False
940350,Wooden furniture — bedroom,2021,554,New Zealand,5391.0,1889.873,False
940350,Wooden furniture — bedroom,2021,784,United Arab Emirates,16350.0,5731.67,False
940350,Wooden furniture — bedroom,2021,76,Brazil,225277677.0,78973531.34,False
940350,Wooden furniture — bedroom,2021,214,Dominican Rep.,51254.0,17967.645,False
940350,Wooden furniture — bedroom,2021,70,Bosnia Herzegovina,1085566.0,380556.927,False
940350,Wooden furniture — bedroom,2021,188,Costa Rica,29026.0,10175.379,False
940350,Wooden furniture — bedroom,2021,558,Nicaragua,69517.0,24369.938,False
940350,Wooden furniture — bedroom,2021,862,Venezuela,9502.0,3331.029,False
940350,Wooden furniture — bedroom,2021,757,Switzerland,185322.0,64966.636,False
940350,Wooden furniture — bedroom,2021,116,Cambodia,2336093.0,818942.721,False
940350,Wooden furniture — bedroom,2022,360,Indonesia,341837467.0,111906094.767,False
940350,Wooden furniture — bedroom,2022,328,Guyana,1238.0,405.28,False
940350,Wooden furniture — bedroom,2022,528,Netherlands,1618437.0,529821.865,False
940350,Wooden furniture — bedroom,2022,191,Croatia,292569.0,95777.255,False
940350,Wooden furniture — bedroom,2022,620,Portugal,18621833.0,6096162.093,False
940350,Wooden furniture — bedroom,2022,112,Belarus,204299.0,66880.624,False
940350,Wooden furniture — bedroom,2022,268,Georgia,8069.0,2641.519,False
940350,Wooden furniture — bedroom,2022,804,Ukraine,562825.0,184249.984,False
940350,Wooden furniture — bedroom,2022,498,Rep. of Moldova,174221.0,57034.098,False
940350,Wooden furniture — bedroom,2022,480,Mauritius,16548.0,5417.259,False
940350,Wooden furniture — bedroom,2022,376,Israel,86989.0,28477.274,False
940350,Wooden furniture — bedroom,2022,20,Andorra,4725.0,1546.806,False
940350,Wooden furniture — bedroom,2022,276,Germany,78914379.0,25833914.732,False
940350,Wooden furniture — bedroom,2022,214,Dominican Rep.,1076265.0,352332.979,False
940350,Wooden furniture — bedroom,2022,752,Sweden,8349121.0,2733221.534,False
940350,Wooden furniture — bedroom,2022,512,Oman,135905.0,44490.728,False
940350,Wooden furniture — bedroom,2022,188,Costa Rica,846.0,276.952,False
940350,Wooden furniture — bedroom,2022,204,Benin,46258.0,15143.314,False
940350,Wooden furniture — bedroom,2022,694,Sierra Leone,268.0,87.734,False
940350,Wooden furniture — bedroom,2022,826,United Kingdom,7408961.0,2425444.756,False
940350,Wooden furniture — bedroom,2022,860,Uzbekistan,553.0,181.034,False
940350,Wooden furniture — bedroom,2022,496,Mongolia,1676.0,548.666,False
940350,Wooden furniture — bedroom,2022,484,Mexico,195825067.0,64106543.667,False
940350,Wooden furniture — bedroom,2022,32,Argentina,13441.0,4400.132,False
940350,Wooden furniture — bedroom,2022,586,Pakistan,329889.0,107994.568,False
940350,Wooden furniture — bedroom,2022,499,Montenegro,19242.0,6299.184,False
940350,Wooden furniture — bedroom,2022,76,Brazil,230892141.0,75586324.806,False
940350,Wooden furniture — bedroom,2022,40,Austria,740150.0,242300.228,False
940350,Wooden furniture — bedroom,2022,579,Norway,7997.0,2617.949,False
940350,Wooden furniture — bedroom,2022,616,Poland,185604340.0,60760621.249,False
940350,Wooden furniture — bedroom,2022,233,Estonia,1822003.0,596462.53,False
940350,Wooden furniture — bedroom,2022,8,Albania,125951.0,41232.123,False
940350,Wooden furniture — bedroom,2022,320,Guatemala,4712.0,1542.55,False
940350,Wooden furniture — bedroom,2022,372,Ireland,2520.0,824.963,False
940350,Wooden furniture — bedroom,2022,144,Sri Lanka,14501.0,4747.14,False
940350,Wooden furniture — bedroom,2022,170,Colombia,5747790.0,1881633.216,False
940350,Wooden furniture — bedroom,2022,152,Chile,6242.0,2043.421,False
940350,Wooden furniture — bedroom,2022,643,Russian Federation,329658.0,107918.947,False
940350,Wooden furniture — bedroom,2022,703,Slovakia,14463900.0,4734994.611,False
940350,Wooden furniture — bedroom,2022,380,Italy,276732661.0,90592969.983,False
940350,Wooden furniture — bedroom,2022,887,Yemen,7101.0,2324.629,False
940350,Wooden furniture — bedroom,2022,784,United Arab Emirates,258017.0,84466.092,False
940350,Wooden furniture — bedroom,2022,344,"China, Hong Kong SAR",752775.0,246433.228,False
940350,Wooden furniture — bedroom,2022,788,Tunisia,10415.0,3409.521,False
940350,Wooden furniture — bedroom,2022,710,South Africa,19997.0,6546.346,False
940350,Wooden furniture — bedroom,2022,251,France,2217717.0,726005.99,False
940350,Wooden furniture — bedroom,2022,470,Malta,37867.0,12396.383,False
940350,Wooden furniture — bedroom,2022,705,Slovenia,1302001.0,426231.357,False
940350,Wooden furniture — bedroom,2022,554,New Zealand,1460.0,477.955,False
940350,Wooden furniture — bedroom,2022,70,Bosnia Herzegovina,822714.0,269328.906,False
940350,Wooden furniture — bedroom,2022,858,Uruguay,3750.0,1227.624,False
940350,Wooden furniture — bedroom,2022,0,World,5847571017.0,1914298166.686,True
940350,Wooden furniture — bedroom,2022,340,Honduras,11544941.0,3779425.564,False
940350,Wooden furniture — bedroom,2022,699,India,89992425.0,29460494.57,False
940350,Wooden furniture — bedroom,2022,524,Nepal,11885.0,3890.749,False
940350,Wooden furniture — bedroom,2022,604,Peru,349328.0,114358.243,False
940350,Wooden furniture — bedroom,2022,422,Lebanon,73763.0,24147.526,False
940350,Wooden furniture — bedroom,2022,724,Spain,3887101.0,1272506.19,False
940350,Wooden furniture — bedroom,2022,458,Malaysia,749422757.0,245335816.466,False
940350,Wooden furniture — bedroom,2022,31,Azerbaijan,78286.0,25628.205,False
940350,Wooden furniture — bedroom,2022,414,Kuwait,13504.0,4420.756,False
940350,Wooden furniture — bedroom,2022,760,Syria,4304.0,1408.985,False
940350,Wooden furniture — bedroom,2022,490,"Other Asia, nes",51069125.0,16718314.678,False
940350,Wooden furniture — bedroom,2022,51,Armenia,70629.0,23121.56,False
940350,Wooden furniture — bedroom,2022,757,Switzerland,386036.0,126375.209,False
940350,Wooden furniture — bedroom,2022,212,Dominica,5988.0,1960.27,False
940350,Wooden furniture — bedroom,2022,446,"China, Macao SAR",2674.0,875.378,False
940350,Wooden furniture — bedroom,2022,428,Latvia,2584219.0,845986.424,False
940350,Wooden furniture — bedroom,2022,682,Saudi Arabia,14604.0,4780.859,False
940350,Wooden furniture — bedroom,2022,818,Egypt,820312.0,268542.571,False
940350,Wooden furniture — bedroom,2022,566,Nigeria,19472.0,6374.478,False
940350,Wooden furniture — bedroom,2022,100,Bulgaria,2738.0,896.329,False
940350,Wooden furniture — bedroom,2022,792,Türkiye,16354447.0,5353896.142,False
940350,Wooden furniture — bedroom,2022,392,Japan,141228.0,46233.299,False
940350,Wooden furniture — bedroom,2022,156,China,218342233.0,71477906.831,False
940350,Wooden furniture — bedroom,2022,203,Czechia,28176217.0,9223946.215,False
940350,Wooden furniture — bedroom,2022,558,Nicaragua,154766.0,50665.185,False
940350,Wooden furniture — bedroom,2022,780,Trinidad and Tobago,822.0,269.095,False
940350,Wooden furniture — bedroom,2022,218,Ecuador,937461.0,306893.216,False
940350,Wooden furniture — bedroom,2022,208,Denmark,18982559.0,6214251.659,False
940350,Wooden furniture — bedroom,2022,764,Thailand,11486998.0,3760456.974,False
940350,Wooden furniture — bedroom,2022,50,Bangladesh,23595.0,7724.21,False
940350,Wooden furniture — bedroom,2022,608,Philippines,12453301.0,4076792.091,False
940350,Wooden furniture — bedroom,2022,410,Rep. of Korea,715852.0,234345.879,False
940350,Wooden furniture — bedroom,2022,116,Cambodia,2628247.0,860399.711,False
940350,Wooden furniture — bedroom,2022,702,Singapore,362359.0,118624.155,False
940350,Wooden furniture — bedroom,2022,504,Morocco,136269.0,44609.889,False
940350,Wooden furniture — bedroom,2022,440,Lithuania,113112086.0,37029094.342,False
940350,Wooden furniture — bedroom,2022,384,Côte d'Ivoire,2643.0,865.229,False
940350,Wooden furniture — bedroom,2022,124,Canada,198988159.0,65142033.651,False
940350,Wooden furniture — bedroom,2022,84,Belize,152739.0,50001.614,False
940350,Wooden furniture — bedroom,2022,704,Viet Nam,2919423885.0,955721234.439,False
940350,Wooden furniture — bedroom,2022,246,Finland,35637.0,11666.356,False
940350,Wooden furniture — bedroom,2022,56,Belgium,279253.0,91418.044,False
940350,Wooden furniture — bedroom,2022,642,Romania,15695618.0,5138217.676,False
940350,Wooden furniture — bedroom,2022,348,Hungary,192374.0,62976.78,False
940350,Wooden furniture — bedroom,2022,400,Jordan,7612.0,2491.913,False
940350,Wooden furniture — bedroom,2022,688,Serbia,622030.0,203631.711,False
940350,Wooden furniture — bedroom,2022,591,Panama,2290.0,749.669,False
940350,Wooden furniture — bedroom,2022,442,Luxembourg,1088.0,356.175,False
940350,Wooden furniture — bedroom,2022,336,Holy See (Vatican City State),25230.0,8259.454,False
940350,Wooden furniture — bedroom,2022,404,Kenya,15212.0,4979.897,False
940350,Wooden furniture — bedroom,2022,300,Greece,285245.0,93379.624,False
940350,Wooden furniture — bedroom,2023,0,World,3756989342.0,1203147280.378,True
940350,Wooden furniture — bedroom,2023,710,South Africa,91341.0,29251.261,False
940350,Wooden furniture — bedroom,2023,642,Romania,13929277.0,4460745.085,False
940350,Wooden furniture — bedroom,2023,703,Slovakia,7053879.0,2258951.134,False
940350,Wooden furniture — bedroom,2023,705,Slovenia,558513.0,178859.543,False
940350,Wooden furniture — bedroom,2023,100,Bulgaria,8697.0,2785.148,False
940350,Wooden furniture — bedroom,2023,233,Estonia,664771.0,212887.86,False
940350,Wooden furniture — bedroom,2023,498,Rep. of Moldova,236069.0,75599.303,False
940350,Wooden furniture — bedroom,2023,84,Belize,177734.0,56917.963,False
940350,Wooden furniture — bedroom,2023,694,Sierra Leone,1464.0,468.835,False
940350,Wooden furniture — bedroom,2023,496,Mongolia,10079.0,3227.723,False
940350,Wooden furniture — bedroom,2023,558,Nicaragua,109104.0,34939.727,False
940350,Wooden furniture — bedroom,2023,784,United Arab Emirates,20129.0,6446.159,False
940350,Wooden furniture — bedroom,2023,300,Greece,301027.0,96401.609,False
940350,Wooden furniture — bedroom,2023,320,Guatemala,44877.0,14371.518,False
940350,Wooden furniture — bedroom,2023,340,Honduras,9864820.0,3159133.624,False
940350,Wooden furniture — bedroom,2023,112,Belarus,41078.0,13154.917,False
940350,Wooden furniture — bedroom,2023,116,Cambodia,2145208.0,686986.557,False
940350,Wooden furniture — bedroom,2023,132,Cabo Verde,25897.0,8293.317,False
940350,Wooden furniture — bedroom,2023,170,Colombia,4027515.0,1289781.066,False
940350,Wooden furniture — bedroom,2023,188,Costa Rica,70766.0,22662.274,False
940350,Wooden furniture — bedroom,2023,191,Croatia,627263.0,200876.208,False
940350,Wooden furniture — bedroom,2023,204,Benin,67239.0,21532.779,False
940350,Wooden furniture — bedroom,2023,214,Dominican Rep.,900833.0,288484.921,False
940350,Wooden furniture — bedroom,2023,218,Ecuador,970144.0,310681.242,False
940350,Wooden furniture — bedroom,2023,268,Georgia,12082.0,3869.169,False
940350,Wooden furniture — bedroom,2023,8,Albania,143793.0,46048.615,False
940350,Wooden furniture — bedroom,2023,31,Azerbaijan,639358.0,204749.54,False
940350,Wooden furniture — bedroom,2023,32,Argentina,46916.0,15024.492,False
940350,Wooden furniture — bedroom,2023,50,Bangladesh,126664.0,40563.183,False
940350,Wooden furniture — bedroom,2023,51,Armenia,144119.0,46153.014,False
940350,Wooden furniture — bedroom,2023,64,Bhutan,45301.0,14507.301,False
940350,Wooden furniture — bedroom,2023,70,Bosnia Herzegovina,601614.0,192662.311,False
940350,Wooden furniture — bedroom,2023,384,Côte d'Ivoire,8093.0,2591.722,False
940350,Wooden furniture — bedroom,2023,400,Jordan,43369.0,13888.593,False
940350,Wooden furniture — bedroom,2023,422,Lebanon,63437.0,20315.217,False
940350,Wooden furniture — bedroom,2023,428,Latvia,1417590.0,453972.423,False
940350,Wooden furniture — bedroom,2023,440,Lithuania,87874758.0,28141223.325,False
940350,Wooden furniture — bedroom,2023,804,Ukraine,460600.0,147503.649,False
940350,Wooden furniture — bedroom,2023,807,North Macedonia,148420.0,47530.377,False
940350,Wooden furniture — bedroom,2023,818,Egypt,737713.0,236246.981,False
940350,Wooden furniture — bedroom,2023,862,Venezuela,28177.0,9023.47,False
940350,Wooden furniture — bedroom,2023,674,San Marino,4433.0,1419.635,False
940350,Wooden furniture — bedroom,2023,678,Sao Tome and Principe,32588.0,10436.059,False
940350,Wooden furniture — bedroom,2023,686,Senegal,1316.0,421.439,False
940350,Wooden furniture — bedroom,2023,688,Serbia,418731.0,134095.42,False
940350,Wooden furniture — bedroom,2023,504,Morocco,28465.0,9115.7,False
940350,Wooden furniture — bedroom,2023,524,Nepal,11184.0,3581.591,False
940350,Wooden furniture — bedroom,2023,566,Nigeria,6970.0,2232.09,False
940350,Wooden furniture — bedroom,2023,586,Pakistan,258595.0,82813.083,False
940350,Wooden furniture — bedroom,2023,591,Panama,41148.0,13177.334,False
940350,Wooden furniture — bedroom,2023,604,Peru,102619.0,32862.955,False
940350,Wooden furniture — bedroom,2023,554,New Zealand,31987.0,10243.594,False
940350,Wooden furniture — bedroom,2023,608,Philippines,5319988.0,1703685.72,False
940350,Wooden furniture — bedroom,2023,620,Portugal,15884980.0,5087044.105,False
940350,Wooden furniture — bedroom,2023,372,Ireland,18921.0,6059.306,False
940350,Wooden furniture — bedroom,2023,348,Hungary,144872.0,46394.157,False
940350,Wooden furniture — bedroom,2023,344,"China, Hong Kong SAR",448566.0,143649.852,False
940350,Wooden furniture — bedroom,2023,360,Indonesia,183125105.0,58644422.966,False
940350,Wooden furniture — bedroom,2023,702,Singapore,16026.0,5132.205,False
940350,Wooden furniture — bedroom,2023,246,Finland,17369.0,5562.29,False
940350,Wooden furniture — bedroom,2023,376,Israel,23470.0,7516.089,False
940350,Wooden furniture — bedroom,2023,56,Belgium,319313.0,102257.561,False
940350,Wooden furniture — bedroom,2023,36,Australia,217498.0,69652.081,False
940350,Wooden furniture — bedroom,2023,208,Denmark,15488786.0,4960165.988,False
940350,Wooden furniture — bedroom,2023,458,Malaysia,471225889.0,150906509.224,False
940350,Wooden furniture — bedroom,2023,203,Czechia,10775396.0,3450738.667,False
940350,Wooden furniture — bedroom,2023,76,Brazil,127857694.0,40945454.673,False
940350,Wooden furniture — bedroom,2023,752,Sweden,6459772.0,2068692.883,False
940350,Wooden furniture — bedroom,2023,792,Türkiye,14391567.0,4608789.943,False
940350,Wooden furniture — bedroom,2023,764,Thailand,7950149.0,2545974.789,False
940350,Wooden furniture — bedroom,2023,616,Poland,111969778.0,35857470.336,False
940350,Wooden furniture — bedroom,2023,757,Switzerland,148986.0,47711.634,False
940350,Wooden furniture — bedroom,2023,704,Viet Nam,1882455670.0,602842120.012,False
940350,Wooden furniture — bedroom,2023,40,Austria,259118.0,82980.57,False
940350,Wooden furniture — bedroom,2023,724,Spain,4367697.0,1398721.766,False
940350,Wooden furniture — bedroom,2023,699,India,71263688.0,22821654.416,False
940350,Wooden furniture — bedroom,2023,528,Netherlands,5051885.0,1617827.773,False
940350,Wooden furniture — bedroom,2023,410,Rep. of Korea,417475.0,133693.196,False
940350,Wooden furniture — bedroom,2023,490,"Other Asia, nes",33310540.0,10667447.246,False
940350,Wooden furniture — bedroom,2023,251,France,2486186.0,796182.169,False
940350,Wooden furniture — bedroom,2023,484,Mexico,111939576.0,35847798.376,False
940350,Wooden furniture — bedroom,2023,392,Japan,46556.0,14909.205,False
940350,Wooden furniture — bedroom,2023,826,United Kingdom,8089073.0,2590464.144,False
940350,Wooden furniture — bedroom,2023,380,Italy,205705654.0,65875672.151,False
940350,Wooden furniture — bedroom,2023,124,Canada,130523346.0,41799109.465,False
940350,Wooden furniture — bedroom,2023,276,Germany,40533069.0,12980407.261,False
940350,Wooden furniture — bedroom,2023,156,China,153271650.0,49084080.914,False
940350,Wooden furniture — bedroom,2023,288,Ghana,21099.0,6756.794,False
940350,Wooden furniture — bedroom,2023,798,Tuvalu,2132.0,682.757,False
940350,Wooden furniture — bedroom,2023,120,Cameroon,263.0,84.224,False
940350,Wooden furniture — bedroom,2023,28,Antigua and Barbuda,1724.0,552.098,False
940350,Wooden furniture — bedroom,2023,643,Russian Federation,2077.0,665.143,False
940350,Wooden furniture — bedroom,2023,760,Syria,2759.0,883.549,False
940350,Wooden furniture — bedroom,2023,212,Dominica,1091.0,349.384,False
940350,Wooden furniture — bedroom,2023,68,Bolivia (Plurinational State of),401.0,128.417,False
940350,Wooden furniture — bedroom,2023,512,Oman,710.0,227.372,False
940350,Wooden furniture — bedroom,2023,579,Norway,4014.0,1285.453,False
940350,Wooden furniture — bedroom,2024,0,World,3975342997.0,1339015986.841,True
940350,Wooden furniture — bedroom,2024,372,Ireland,4591.0,1546.388,False
940350,Wooden furniture — bedroom,2024,170,Colombia,4302903.0,1449348.122,False
940350,Wooden furniture — bedroom,2024,32,Argentina,54143.0,18237.003,False
940350,Wooden furniture — bedroom,2024,50,Bangladesh,2040.0,687.134,False
940350,Wooden furniture — bedroom,2024,8,Albania,194627.0,65556.271,False
940350,Wooden furniture — bedroom,2024,70,Bosnia Herzegovina,854831.0,287932.985,False
940350,Wooden furniture — bedroom,2024,84,Belize,43368.0,14607.657,False
940350,Wooden furniture — bedroom,2024,31,Azerbaijan,396493.0,133550.857,False
940350,Wooden furniture — bedroom,2024,100,Bulgaria,104247.0,35113.549,False
940350,Wooden furniture — bedroom,2024,112,Belarus,94066.0,31684.279,False
940350,Wooden furniture — bedroom,2024,116,Cambodia,3052421.0,1028147.891,False
940350,Wooden furniture — bedroom,2024,51,Armenia,61745.0,20797.587,False
940350,Wooden furniture — bedroom,2024,132,Cabo Verde,25761.0,8677.085,False
940350,Wooden furniture — bedroom,2024,188,Costa Rica,20877.0,7032.006,False
940350,Wooden furniture — bedroom,2024,191,Croatia,76839.0,25881.704,False
940350,Wooden furniture — bedroom,2024,218,Ecuador,805617.0,271356.218,False
940350,Wooden furniture — bedroom,2024,233,Estonia,944693.0,318201.23,False
940350,Wooden furniture — bedroom,2024,328,Guyana,687.0,231.402,False
940350,Wooden furniture — bedroom,2024,340,Honduras,9339237.0,3145738.03,False
940350,Wooden furniture — bedroom,2024,266,Gabon,19063.0,6420.996,False
940350,Wooden furniture — bedroom,2024,152,Chile,37938.0,12778.668,False
940350,Wooden furniture — bedroom,2024,214,Dominican Rep.,97665.0,32896.532,False
940350,Wooden furniture — bedroom,2024,660,Anguilla,16340.0,5503.807,False
940350,Wooden furniture — bedroom,2024,670,Saint Vincent and the Grenadines,19224.0,6475.226,False
940350,Wooden furniture — bedroom,2024,694,Sierra Leone,4177.0,1406.94,False
940350,Wooden furniture — bedroom,2024,268,Georgia,7068.0,2380.717,False
940350,Wooden furniture — bedroom,2024,674,San Marino,9019.0,3037.873,False
940350,Wooden furniture — bedroom,2024,688,Serbia,416032.0,140132.185,False
940350,Wooden furniture — bedroom,2024,690,Seychelles,25146.0,8469.935,False
940350,Wooden furniture — bedroom,2024,784,United Arab Emirates,27734.0,9341.652,False
940350,Wooden furniture — bedroom,2024,798,Tuvalu,34009.0,11455.262,False
940350,Wooden furniture — bedroom,2024,804,Ukraine,375744.0,126561.965,False
940350,Wooden furniture — bedroom,2024,807,North Macedonia,35266.0,11878.657,False
940350,Wooden furniture — bedroom,2024,818,Egypt,609876.0,205424.718,False
940350,Wooden furniture — bedroom,2024,512,Oman,18944.0,6380.913,False
940350,Wooden furniture — bedroom,2024,558,Nicaragua,320324.0,107894.83,False
940350,Wooden furniture — bedroom,2024,584,Marshall Isds,18635.0,6276.833,False
940350,Wooden furniture — bedroom,2024,300,Greece,298872.0,100669.146,False
940350,Wooden furniture — bedroom,2024,320,Guatemala,52528.0,17693.022,False
940350,Wooden furniture — bedroom,2024,600,Paraguay,40387.0,13603.565,False
940350,Wooden furniture — bedroom,2024,400,Jordan,8733.0,2941.539,False
940350,Wooden furniture — bedroom,2024,417,Kyrgyzstan,75004.0,25263.62,False
940350,Wooden furniture — bedroom,2024,418,Lao People's Dem. Rep.,2208.0,743.721,False
940350,Wooden furniture — bedroom,2024,422,Lebanon,223272.0,75204.775,False
940350,Wooden furniture — bedroom,2024,428,Latvia,1491726.0,502458.521,False
940350,Wooden furniture — bedroom,2024,440,Lithuania,71164760.0,23970447.685,False
940350,Wooden furniture — bedroom,2024,470,Malta,30580.0,10300.271,False
940350,Wooden furniture — bedroom,2024,498,Rep. of Moldova,72679.0,24480.49,False
940350,Wooden furniture — bedroom,2024,504,Morocco,243641.0,82065.672,False
940350,Wooden furniture — bedroom,2024,520,Nauru,8555.0,2881.583,False
940350,Wooden furniture — bedroom,2024,586,Pakistan,161824.0,54507.227,False
940350,Wooden furniture — bedroom,2024,604,Peru,177515.0,59792.431,False
940350,Wooden furniture — bedroom,2024,710,South Africa,383410.0,129144.107,False
940350,Wooden furniture — bedroom,2024,705,Slovenia,305493.0,102899.3,False
940350,Wooden furniture — bedroom,2024,703,Slovakia,8770870.0,2954294.801,False
940350,Wooden furniture — bedroom,2024,620,Portugal,11967879.0,4031144.312,False
940350,Wooden furniture — bedroom,2024,348,Hungary,83876.0,28251.979,False
940350,Wooden furniture — bedroom,2024,642,Romania,14839415.0,4998364.653,False
940350,Wooden furniture — bedroom,2024,608,Philippines,5797807.0,1952877.089,False
940350,Wooden furniture — bedroom,2024,344,"China, Hong Kong SAR",652043.0,219627.841,False
940350,Wooden furniture — bedroom,2024,360,Indonesia,188967436.0,63649958.755,False
940350,Wooden furniture — bedroom,2024,702,Singapore,308405.0,103880.15,False
940350,Wooden furniture — bedroom,2024,246,Finland,23209.0,7817.495,False
940350,Wooden furniture — bedroom,2024,376,Israel,327222.0,110218.285,False
940350,Wooden furniture — bedroom,2024,56,Belgium,218362.0,73550.939,False
940350,Wooden furniture — bedroom,2024,36,Australia,390918.0,131673.028,False
940350,Wooden furniture — bedroom,2024,208,Denmark,10377024.0,3495296.14,False
940350,Wooden furniture — bedroom,2024,203,Czechia,15332881.0,5164578.956,False
940350,Wooden furniture — bedroom,2024,76,Brazil,102623758.0,34566791.518,False
940350,Wooden furniture — bedroom,2024,458,Malaysia,490990062.0,165380331.432,False
940350,Wooden furniture — bedroom,2024,40,Austria,245911.0,82830.277,False
940350,Wooden furniture — bedroom,2024,757,Switzerland,1839753.0,619684.561,False
940350,Wooden furniture — bedroom,2024,792,Türkiye,11725076.0,3949360.904,False
940350,Wooden furniture — bedroom,2024,752,Sweden,7221308.0,2432355.363,False
940350,Wooden furniture — bedroom,2024,616,Poland,98911206.0,33316291.503,False
940350,Wooden furniture — bedroom,2024,764,Thailand,3638497.0,1225556.048,False
940350,Wooden furniture — bedroom,2024,704,Viet Nam,2202699404.0,741935908.018,False
940350,Wooden furniture — bedroom,2024,251,France,3784865.0,1274857.225,False
940350,Wooden furniture — bedroom,2024,410,Rep. of Korea,726756.0,244793.444,False
940350,Wooden furniture — bedroom,2024,699,India,67147771.0,22617404.062,False
940350,Wooden furniture — bedroom,2024,724,Spain,6925255.0,2332635.741,False
940350,Wooden furniture — bedroom,2024,528,Netherlands,731646.0,246440.544,False
940350,Wooden furniture — bedroom,2024,392,Japan,84582.0,28489.781,False
940350,Wooden furniture — bedroom,2024,490,"Other Asia, nes",38340612.0,12914279.963,False
940350,Wooden furniture — bedroom,2024,484,Mexico,85329897.0,28741695.075,False
940350,Wooden furniture — bedroom,2024,380,Italy,197432571.0,66501272.743,False
940350,Wooden furniture — bedroom,2024,124,Canada,108191420.0,36442148.798,False
940350,Wooden furniture — bedroom,2024,276,Germany,19212413.0,6471322.895,False
940350,Wooden furniture — bedroom,2024,156,China,163372113.0,55028678.35,False
940350,Wooden furniture — bedroom,2024,826,United Kingdom,8861308.0,2984757.06,False
940350,Wooden furniture — bedroom,2024,120,Cameroon,1901.0,640.314,False
940350,Wooden furniture — bedroom,2024,554,New Zealand,6840.0,2303.919,False
940350,Wooden furniture — bedroom,2024,860,Uzbekistan,5501.0,1852.903,False
940350,Wooden furniture — bedroom,2024,591,Panama,2493.0,839.718,False
940350,Wooden furniture — bedroom,2024,48,Bahrain,757.0,254.981,False
940350,Wooden furniture — bedroom,2024,288,Ghana,990.0,333.462,False
940350,Wooden furniture — bedroom,2024,579,Norway,4133.0,1392.12,False
940350,Wooden furniture — bedroom,2024,204,Benin,4936.0,1662.594,False
940350,Wooden furniture — bedroom,2024,760,Syria,3400.0,1145.223,False
940350,Wooden furniture — bedroom,2024,887,Yemen,1756.0,591.474,False
940350,Wooden furniture — bedroom,2024,52,Barbados,1501.0,505.582,False
940350,Wooden furniture — bedroom,2024,404,Kenya,350.0,117.891,False
940350,Wooden furniture — bedroom,2024,242,Fiji,1261.0,424.743,False
940350,Wooden furniture — bedroom,2024,466,Mali,770.0,259.359,False
940350,Wooden furniture — bedroom,2024,800,Uganda,300.0,101.049,False
940350,Wooden furniture — bedroom,2025,0,World,3786073685.0,1256070417.708,True
940350,Wooden furniture — bedroom,2025,76,Brazil,94423741.0,31326085.456,False
940350,Wooden furniture — bedroom,2025,92,Br. Virgin Isds,189628.0,62911.116,False
940350,Wooden furniture — bedroom,2025,112,Belarus,196503.0,65191.971,False
940350,Wooden furniture — bedroom,2025,116,Cambodia,21449069.0,7115957.929,False
940350,Wooden furniture — bedroom,2025,120,Cameroon,1901.0,630.677,False
940350,Wooden furniture — bedroom,2025,100,Bulgaria,177141.0,58768.42,False
940350,Wooden furniture — bedroom,2025,8,Albania,41493.0,13765.746,False
940350,Wooden furniture — bedroom,2025,32,Argentina,241964.0,80274.144,False
940350,Wooden furniture — bedroom,2025,20,Andorra,25479.0,8452.931,False
940350,Wooden furniture — bedroom,2025,31,Azerbaijan,560331.0,185895.799,False
940350,Wooden furniture — bedroom,2025,807,North Macedonia,1121.0,371.904,False
940350,Wooden furniture — bedroom,2025,818,Egypt,624223.0,207092.653,False
940350,Wooden furniture — bedroom,2025,40,Austria,140463.0,46600.102,False
940350,Wooden furniture — bedroom,2025,36,Australia,373713.0,123983.283,False
940350,Wooden furniture — bedroom,2025,710,South Africa,381538.0,126579.31,False
940350,Wooden furniture — bedroom,2025,784,United Arab Emirates,32463.0,10769.947,False
940350,Wooden furniture — bedroom,2025,170,Colombia,3258462.0,1081029.601,False
940350,Wooden furniture — bedroom,2025,804,Ukraine,965449.0,320298.026,False
940350,Wooden furniture — bedroom,2025,340,Honduras,9183608.0,3046760.126,False
940350,Wooden furniture — bedroom,2025,466,Mali,74557.0,24735.082,False
940350,Wooden furniture — bedroom,2025,470,Malta,275677.0,91458.792,False
940350,Wooden furniture — bedroom,2025,300,Greece,160097.0,53113.891,False
940350,Wooden furniture — bedroom,2025,524,Nepal,16840.0,5586.85,False
940350,Wooden furniture — bedroom,2025,50,Bangladesh,2185978.0,725221.569,False
940350,Wooden furniture — bedroom,2025,51,Armenia,140742.0,46692.663,False
940350,Wooden furniture — bedroom,2025,670,Saint Vincent and the Grenadines,21389.0,7096.029,False
940350,Wooden furniture — bedroom,2025,674,San Marino,137153.0,45501.974,False
940350,Wooden furniture — bedroom,2025,498,Rep. of Moldova,113893.0,37785.22,False
940350,Wooden furniture — bedroom,2025,499,Montenegro,16603.0,5508.223,False
940350,Wooden furniture — bedroom,2025,504,Morocco,33104.0,10982.606,False
940350,Wooden furniture — bedroom,2025,512,Oman,11643.0,3862.69,False
940350,Wooden furniture — bedroom,2025,688,Serbia,286785.0,95143.989,False
940350,Wooden furniture — bedroom,2025,690,Seychelles,48284.0,16018.733,False
940350,Wooden furniture — bedroom,2025,686,Senegal,1200.0,398.113,False
940350,Wooden furniture — bedroom,2025,586,Pakistan,179863.0,59671.473,False
940350,Wooden furniture — bedroom,2025,558,Nicaragua,115623.0,38359.166,False
940350,Wooden furniture — bedroom,2025,566,Nigeria,456.0,151.283,False
940350,Wooden furniture — bedroom,2025,191,Croatia,62439.0,20714.806,False
940350,Wooden furniture — bedroom,2025,428,Latvia,1913562.0,634844.649,False
940350,Wooden furniture — bedroom,2025,440,Lithuania,94267099.0,31274117.798,False
940350,Wooden furniture — bedroom,2025,422,Lebanon,124227.0,41213.635,False
940350,Wooden furniture — bedroom,2025,218,Ecuador,1047097.0,347385.623,False
940350,Wooden furniture — bedroom,2025,384,Côte d'Ivoire,785.0,260.432,False
940350,Wooden furniture — bedroom,2025,214,Dominican Rep.,51162.0,16973.54,False
940350,Wooden furniture — bedroom,2025,152,Chile,29353.0,9738.172,False
940350,Wooden furniture — bedroom,2025,233,Estonia,1596147.0,529538.83,False
940350,Wooden furniture — bedroom,2025,795,Turkmenistan,22876.0,7589.358,False
940350,Wooden furniture — bedroom,2025,604,Peru,269282.0,89337.182,False
940350,Wooden furniture — bedroom,2025,418,Lao People's Dem. Rep.,26538.0,8804.265,False
940350,Wooden furniture — bedroom,2025,180,Dem. Rep. of the Congo,1000.0,331.761,False
940350,Wooden furniture — bedroom,2025,132,Cabo Verde,2226.0,738.499,False
940350,Wooden furniture — bedroom,2025,887,Yemen,1903.0,631.341,False
940350,Wooden furniture — bedroom,2025,70,Bosnia Herzegovina,552302.0,183232.093,False
940350,Wooden furniture — bedroom,2025,642,Romania,9501512.0,3152228.176,False
940350,Wooden furniture — bedroom,2025,703,Slovakia,8839145.0,2932480.843,False
940350,Wooden furniture — bedroom,2025,705,Slovenia,58455.0,19393.071,False
940350,Wooden furniture — bedroom,2025,620,Portugal,13408482.0,4448407.239,False
940350,Wooden furniture — bedroom,2025,344,"China, Hong Kong SAR",512446.0,170009.438,False
940350,Wooden furniture — bedroom,2025,348,Hungary,168509.0,55904.662,False
940350,Wooden furniture — bedroom,2025,608,Philippines,4048511.0,1343136.802,False
940350,Wooden furniture — bedroom,2025,360,Indonesia,195255454.0,64778084.124,False
940350,Wooden furniture — bedroom,2025,702,Singapore,48253.0,16008.449,False
940350,Wooden furniture — bedroom,2025,376,Israel,16937.0,5619.031,False
940350,Wooden furniture — bedroom,2025,246,Finland,9754.0,3235.994,False
940350,Wooden furniture — bedroom,2025,56,Belgium,238215.0,79030.373,False
940350,Wooden furniture — bedroom,2025,208,Denmark,5324249.0,1766376.521,False
940350,Wooden furniture — bedroom,2025,458,Malaysia,448986057.0,148955924.021,False
940350,Wooden furniture — bedroom,2025,792,Türkiye,11946555.0,3963397.329,False
940350,Wooden furniture — bedroom,2025,203,Czechia,12465280.0,4135489.892,False
940350,Wooden furniture — bedroom,2025,752,Sweden,15579524.0,5168673.63,False
940350,Wooden furniture — bedroom,2025,757,Switzerland,101880.0,33799.779,False
940350,Wooden furniture — bedroom,2025,616,Poland,135512285.0,44957649.16,False
940350,Wooden furniture — bedroom,2025,251,France,3558979.0,1180729.328,False
940350,Wooden furniture — bedroom,2025,764,Thailand,6473261.0,2147573.535,False
940350,Wooden furniture — bedroom,2025,704,Viet Nam,2118008418.0,702671933.948,False
940350,Wooden furniture — bedroom,2025,528,Netherlands,677939.0,224913.51,False
940350,Wooden furniture — bedroom,2025,724,Spain,4396280.0,1458512.886,False
940350,Wooden furniture — bedroom,2025,699,India,65494815.0,21728605.009,False
940350,Wooden furniture — bedroom,2025,484,Mexico,71328585.0,23664020.568,False
940350,Wooden furniture — bedroom,2025,490,"Other Asia, nes",25055739.0,8312509.256,False
940350,Wooden furniture — bedroom,2025,410,Rep. of Korea,981354.0,325574.68,False
940350,Wooden furniture — bedroom,2025,392,Japan,97901.0,32479.703,False
940350,Wooden furniture — bedroom,2025,826,United Kingdom,5808316.0,1926970.923,False
940350,Wooden furniture — bedroom,2025,380,Italy,213977061.0,70989177.378,False
940350,Wooden furniture — bedroom,2025,276,Germany,5570788.0,1848168.47,False
940350,Wooden furniture — bedroom,2025,124,Canada,71720742.0,23794122.845,False
940350,Wooden furniture — bedroom,2025,156,China,94812200.0,31454960.882,False
940350,Wooden furniture — bedroom,2025,372,Ireland,2401.0,796.557,False
940350,Wooden furniture — bedroom,2025,400,Jordan,961.0,318.822,False
940350,Wooden furniture — bedroom,2025,579,Norway,8351.0,2770.534,False
940350,Wooden furniture — bedroom,2025,788,Tunisia,2345.0,777.979,False
940350,Wooden furniture — bedroom,2025,554,New Zealand,7215.0,2393.653,False
940350,Wooden furniture — bedroom,2025,496,Mongolia,3070.0,1018.505,False
940350,Wooden furniture — bedroom,2025,188,Costa Rica,2070.0,686.745,False
940350,Wooden furniture — bedroom,2025,320,Guatemala,2460.0,816.131,False
940350,Wooden furniture — bedroom,2025,682,Saudi Arabia,3646.0,1209.599,False
940350,Wooden furniture — bedroom,2025,450,Madagascar,439.0,145.643,False
940350,Wooden furniture — bedroom,2025,404,Kenya,671.0,222.611,False
940360,Wooden furniture — other (incl. dining/living room tables),2019,0,World,6555336027.0,1968034216.983,True
940360,Wooden furniture — other (incl. dining/living room tables),2019,724,Spain,28343956.0,8509384.572,False
940360,Wooden furniture — other (incl. dining/living room tables),2019,554,New Zealand,304323.0,91363.444,False
940360,Wooden furniture — other (incl. dining/living room tables),2019,76,Brazil,52085091.0,15636916.378,False
940360,Wooden furniture — other (incl. dining/living room tables),2019,414,Kuwait,23654.0,7101.372,False
940360,Wooden furniture — other (incl. dining/living room tables),2019,348,Hungary,2821374.0,847029.13,False
940360,Wooden furniture — other (incl. dining/living room tables),2019,68,Bolivia (Plurinational State of),1897128.0,569553.232,False
940360,Wooden furniture — other (incl. dining/living room tables),2019,104,Myanmar,607722.0,182449.486,False
940360,Wooden furniture — other (incl. dining/living room tables),2019,446,"China, Macao SAR",21673.0,6506.639,False
940360,Wooden furniture — other (incl. dining/living room tables),2019,251,France,39638459.0,11900205.161,False
940360,Wooden furniture — other (incl. dining/living room tables),2019,826,United Kingdom,28639539.0,8598124.105,False
940360,Wooden furniture — other (incl. dining/living room tables),2019,246,Finland,580259.0,174204.581,False
940360,Wooden furniture — other (incl. dining/living room tables),2019,620,Portugal,14081072.0,4227400.608,False
940360,Wooden furniture — other (incl. dining/living room tables),2019,702,Singapore,4510872.0,1354247.96,False
940360,Wooden furniture — other (incl. dining/living room tables),2019,86,Br. Indian Ocean Terr.,2505.0,752.048,False
940360,Wooden furniture — other (incl. dining/living room tables),2019,584,Marshall Isds,42453.0,12745.183,False
940360,Wooden furniture — other (incl. dining/living room tables),2019,380,Italy,236733482.0,71071809.433,False
940360,Wooden furniture — other (incl. dining/living room tables),2019,204,Benin,35470.0,10648.756,False
940360,Wooden furniture — other (incl. dining/living room tables),2019,887,Yemen,725.0,217.659,False
940360,Wooden furniture — other (incl. dining/living room tables),2019,800,Uganda,10085.0,3027.705,False
940360,Wooden furniture — other (incl. dining/living room tables),2019,694,Sierra Leone,64665.0,19413.64,False
940360,Wooden furniture — other (incl. dining/living room tables),2019,528,Netherlands,5101154.0,1531461.633,False
940360,Wooden furniture — other (incl. dining/living room tables),2019,643,Russian Federation,8998183.0,2701422.469,False
940360,Wooden furniture — other (incl. dining/living room tables),2019,704,Viet Nam,1961836016.0,588979785.581,False
940360,Wooden furniture — other (incl. dining/living room tables),2019,626,Timor-Leste,1666.0,500.164,False
940360,Wooden furniture — other (incl. dining/living room tables),2019,32,Argentina,606375.0,182045.092,False
940360,Wooden furniture — other (incl. dining/living room tables),2019,56,Belgium,6154893.0,1847813.747,False
940360,Wooden furniture — other (incl. dining/living room tables),2019,170,Colombia,6280044.0,1885386.413,False
940360,Wooden furniture — other (incl. dining/living room tables),2019,120,Cameroon,22127.0,6642.938,False
940360,Wooden furniture — other (incl. dining/living room tables),2019,344,"China, Hong Kong SAR",3343438.0,1003762.486,False
940360,Wooden furniture — other (incl. dining/living room tables),2019,604,Peru,1806116.0,542229.731,False
940360,Wooden furniture — other (incl. dining/living room tables),2019,591,Panama,106316.0,31918.047,False
940360,Wooden furniture — other (incl. dining/living room tables),2019,8,Albania,3368.0,1011.136,False
940360,Wooden furniture — other (incl. dining/living room tables),2019,376,Israel,1097626.0,329527.81,False
940360,Wooden furniture — other (incl. dining/living room tables),2019,288,Ghana,41022.0,12315.57,False
940360,Wooden furniture — other (incl. dining/living room tables),2019,862,Venezuela,151585.0,45508.646,False
940360,Wooden furniture — other (incl. dining/living room tables),2019,218,Ecuador,586095.0,175956.657,False
940360,Wooden furniture — other (incl. dining/living room tables),2019,480,Mauritius,3355.0,1007.234,False
940360,Wooden furniture — other (incl. dining/living room tables),2019,705,Slovenia,2536287.0,761440.692,False
940360,Wooden furniture — other (incl. dining/living room tables),2019,674,San Marino,3144.0,943.887,False
940360,Wooden furniture — other (incl. dining/living room tables),2019,188,Costa Rica,707567.0,212424.819,False
940360,Wooden furniture — other (incl. dining/living room tables),2019,752,Sweden,18507731.0,5556366.254,False
940360,Wooden furniture — other (incl. dining/living room tables),2019,792,Türkiye,12264312.0,3681975.35,False
940360,Wooden furniture — other (incl. dining/living room tables),2019,40,Austria,2145400.0,644089.119,False
940360,Wooden furniture — other (incl. dining/living room tables),2019,558,Nicaragua,370127.0,111119.033,False
940360,Wooden furniture — other (incl. dining/living room tables),2019,484,Mexico,404686765.0,121494519.488,False
940360,Wooden furniture — other (incl. dining/living room tables),2019,598,Papua New Guinea,2670.0,801.584,False
940360,Wooden furniture — other (incl. dining/living room tables),2019,682,Saudi Arabia,25050.0,7520.478,False
940360,Wooden furniture — other (incl. dining/living room tables),2019,340,Honduras,8019941.0,2407735.964,False
940360,Wooden furniture — other (incl. dining/living room tables),2019,384,Côte d'Ivoire,3603.0,1081.688,False
940360,Wooden furniture — other (incl. dining/living room tables),2019,192,Cuba,20021.0,6010.678,False
940360,Wooden furniture — other (incl. dining/living room tables),2019,320,Guatemala,834427.0,250510.558,False
940360,Wooden furniture — other (incl. dining/living room tables),2019,208,Denmark,14127229.0,4241257.801,False
940360,Wooden furniture — other (incl. dining/living room tables),2019,699,India,276066755.0,82880392.061,False
940360,Wooden furniture — other (incl. dining/living room tables),2019,496,Mongolia,1298.0,389.684,False
940360,Wooden furniture — other (incl. dining/living room tables),2019,404,Kenya,1554.0,466.54,False
940360,Wooden furniture — other (incl. dining/living room tables),2019,372,Ireland,717130.0,215295.81,False
940360,Wooden furniture — other (incl. dining/living room tables),2019,608,Philippines,19288924.0,5790894.972,False
940360,Wooden furniture — other (incl. dining/living room tables),2019,268,Georgia,152550.0,45798.357,False
940360,Wooden furniture — other (incl. dining/living room tables),2019,300,Greece,823212.0,247143.606,False
940360,Wooden furniture — other (incl. dining/living room tables),2019,191,Croatia,414187.0,124346.667,False
940360,Wooden furniture — other (incl. dining/living room tables),2019,410,Rep. of Korea,4695894.0,1409795.018,False
940360,Wooden furniture — other (incl. dining/living room tables),2019,818,Egypt,1603245.0,481324.07,False
940360,Wooden furniture — other (incl. dining/living room tables),2019,324,Guinea,6573.0,1973.337,False
940360,Wooden furniture — other (incl. dining/living room tables),2019,152,Chile,1450.0,435.317,False
940360,Wooden furniture — other (incl. dining/living room tables),2019,854,Burkina Faso,1255.0,376.774,False
940360,Wooden furniture — other (incl. dining/living room tables),2019,112,Belarus,3111248.0,934054.715,False
940360,Wooden furniture — other (incl. dining/living room tables),2019,132,Cabo Verde,1580.0,474.345,False
940360,Wooden furniture — other (incl. dining/living room tables),2019,504,Morocco,1080842.0,324488.94,False
940360,Wooden furniture — other (incl. dining/living room tables),2019,579,Norway,631860.0,189696.164,False
940360,Wooden furniture — other (incl. dining/living room tables),2019,352,Iceland,26697.0,8014.938,False
940360,Wooden furniture — other (incl. dining/living room tables),2019,686,Senegal,405.0,121.589,False
940360,Wooden furniture — other (incl. dining/living room tables),2019,740,Suriname,49871.0,14972.205,False
940360,Wooden furniture — other (incl. dining/living room tables),2019,466,Mali,6318.0,1896.782,False
940360,Wooden furniture — other (incl. dining/living room tables),2019,634,Qatar,12755.0,3829.289,False
940360,Wooden furniture — other (incl. dining/living room tables),2019,100,Bulgaria,839765.0,252113.125,False
940360,Wooden furniture — other (incl. dining/living room tables),2019,566,Nigeria,4543.0,1363.893,False
940360,Wooden furniture — other (incl. dining/living room tables),2019,242,Fiji,6987.0,2097.628,False
940360,Wooden furniture — other (incl. dining/living room tables),2019,616,Poland,91289838.0,27406913.102,False
940360,Wooden furniture — other (incl. dining/living room tables),2019,360,Indonesia,297258379.0,89242513.084,False
940360,Wooden furniture — other (incl. dining/living room tables),2019,512,Oman,141371.0,42442.213,False
940360,Wooden furniture — other (incl. dining/living room tables),2019,688,Serbia,632218.0,189803.643,False
940360,Wooden furniture — other (incl. dining/living room tables),2019,203,Czechia,6679511.0,2005313.861,False
940360,Wooden furniture — other (incl. dining/living room tables),2019,124,Canada,343149953.0,103020020.069,False
940360,Wooden furniture — other (incl. dining/living room tables),2019,757,Switzerland,3141815.0,943231.498,False
940360,Wooden furniture — other (incl. dining/living room tables),2019,214,Dominican Rep.,599213.0,179894.926,False
940360,Wooden furniture — other (incl. dining/living room tables),2019,222,El Salvador,29343.0,8809.316,False
940360,Wooden furniture — other (incl. dining/living room tables),2019,148,Chad,4798.0,1440.449,False
940360,Wooden furniture — other (incl. dining/living room tables),2019,780,Trinidad and Tobago,30745.0,9230.223,False
940360,Wooden furniture — other (incl. dining/living room tables),2019,540,New Caledonia,31920.0,9582.98,False
940360,Wooden furniture — other (incl. dining/living room tables),2019,422,Lebanon,290193.0,87121.354,False
940360,Wooden furniture — other (incl. dining/living room tables),2019,156,China,2115916156.0,635237519.194,False
940360,Wooden furniture — other (incl. dining/living room tables),2019,703,Slovakia,23405198.0,7026677.249,False
940360,Wooden furniture — other (incl. dining/living room tables),2019,490,"Other Asia, nes",72929304.0,21894738.134,False
940360,Wooden furniture — other (incl. dining/living room tables),2019,882,Samoa,7676.0,2304.478,False
940360,Wooden furniture — other (incl. dining/living room tables),2019,400,Jordan,44313.0,13303.59,False
940360,Wooden furniture — other (incl. dining/living room tables),2019,84,Belize,220637.0,66239.345,False
940360,Wooden furniture — other (incl. dining/living room tables),2019,662,Saint Lucia,3655.0,1097.299,False
940360,Wooden furniture — other (incl. dining/living room tables),2019,807,North Macedonia,7678.0,2305.079,False
940360,Wooden furniture — other (incl. dining/living room tables),2019,642,Romania,24029423.0,7214081.244,False
940360,Wooden furniture — other (incl. dining/living room tables),2019,418,Lao People's Dem. Rep.,9642.0,2894.708,False
940360,Wooden furniture — other (incl. dining/living room tables),2019,48,Bahrain,23244.0,6978.283,False
940360,Wooden furniture — other (incl. dining/living room tables),2019,44,Bahamas,11550.0,3467.526,False
940360,Wooden furniture — other (incl. dining/living room tables),2019,716,Zimbabwe,4874.0,1463.266,False
940360,Wooden furniture — other (incl. dining/living room tables),2019,116,Cambodia,3242716.0,973523.862,False
940360,Wooden furniture — other (incl. dining/living room tables),2019,760,Syria,30736.0,9227.521,False
940360,Wooden furniture — other (incl. dining/living room tables),2019,834,United Rep. of Tanzania,12342.0,3705.299,False
940360,Wooden furniture — other (incl. dining/living room tables),2019,392,Japan,1658336.0,497863.417,False
940360,Wooden furniture — other (incl. dining/living room tables),2019,144,Sri Lanka,66774.0,20046.801,False
940360,Wooden furniture — other (incl. dining/living room tables),2019,70,Bosnia Herzegovina,1579000.0,474045.269,False
940360,Wooden furniture — other (incl. dining/living room tables),2019,788,Tunisia,17905.0,5375.415,False
940360,Wooden furniture — other (incl. dining/living room tables),2019,233,Estonia,724158.0,217405.746,False
940360,Wooden furniture — other (incl. dining/living room tables),2019,858,Uruguay,3975.0,1193.369,False
940360,Wooden furniture — other (incl. dining/living room tables),2019,51,Armenia,650.0,195.142,False
940360,Wooden furniture — other (incl. dining/living room tables),2019,428,Latvia,1467158.0,440468.213,False
940360,Wooden furniture — other (incl. dining/living room tables),2019,710,South Africa,508000.0,152511.081,False
940360,Wooden furniture — other (incl. dining/living room tables),2019,388,Jamaica,67953.0,20400.759,False
940360,Wooden furniture — other (incl. dining/living room tables),2019,764,Thailand,80378178.0,24131029.127,False
940360,Wooden furniture — other (incl. dining/living room tables),2019,804,Ukraine,490397.0,147226.332,False
940360,Wooden furniture — other (incl. dining/living room tables),2019,748,Eswatini,10050.0,3017.198,False
940360,Wooden furniture — other (incl. dining/living room tables),2019,36,Australia,1193698.0,358370.417,False
940360,Wooden furniture — other (incl. dining/living room tables),2019,586,Pakistan,653503.0,196193.797,False
940360,Wooden furniture — other (incl. dining/living room tables),2019,50,Bangladesh,1035756.0,310953.281,False
940360,Wooden furniture — other (incl. dining/living room tables),2019,332,Haiti,1349.0,404.995,False
940360,Wooden furniture — other (incl. dining/living room tables),2019,498,Rep. of Moldova,48709.0,14623.351,False
940360,Wooden furniture — other (incl. dining/living room tables),2019,440,Lithuania,24630596.0,7394564.598,False
940360,Wooden furniture — other (incl. dining/living room tables),2019,231,Ethiopia,3431.0,1030.05,False
940360,Wooden furniture — other (incl. dining/living room tables),2019,690,Seychelles,281812.0,84605.222,False
940360,Wooden furniture — other (incl. dining/living room tables),2019,784,United Arab Emirates,308572.0,92639.073,False
940360,Wooden furniture — other (incl. dining/living room tables),2019,276,Germany,45229228.0,13578658.355,False
940360,Wooden furniture — other (incl. dining/living room tables),2019,458,Malaysia,231311792.0,69444116.911,False
940360,Wooden furniture — other (incl. dining/living room tables),2019,499,Montenegro,24508.0,7357.759,False
940360,Wooden furniture — other (incl. dining/living room tables),2019,524,Nepal,59425.0,17840.494,False
940360,Wooden furniture — other (incl. dining/living room tables),2019,470,Malta,3724.0,1118.014,False
940360,Wooden furniture — other (incl. dining/living room tables),2019,336,Holy See (Vatican City State),13891.0,4170.337,False
940360,Wooden furniture — other (incl. dining/living room tables),2020,528,Netherlands,3917631.0,1166779.312,False
940360,Wooden furniture — other (incl. dining/living room tables),2020,152,Chile,8819.0,2626.543,False
940360,Wooden furniture — other (incl. dining/living room tables),2020,50,Bangladesh,2754038.0,820229.001,False
940360,Wooden furniture — other (incl. dining/living room tables),2020,84,Belize,115413.0,34373.197,False
940360,Wooden furniture — other (incl. dining/living room tables),2020,634,Qatar,1015.0,302.295,False
940360,Wooden furniture — other (incl. dining/living room tables),2020,740,Suriname,2070.0,616.503,False
940360,Wooden furniture — other (incl. dining/living room tables),2020,268,Georgia,13572.0,4042.119,False
940360,Wooden furniture — other (incl. dining/living room tables),2020,498,Rep. of Moldova,67967.0,20242.46,False
940360,Wooden furniture — other (incl. dining/living room tables),2020,554,New Zealand,464262.0,138270.117,False
940360,Wooden furniture — other (incl. dining/living room tables),2020,56,Belgium,2882040.0,858351.552,False
940360,Wooden furniture — other (incl. dining/living room tables),2020,388,Jamaica,66769.0,19885.662,False
940360,Wooden furniture — other (incl. dining/living room tables),2020,404,Kenya,63128.0,18801.272,False
940360,Wooden furniture — other (incl. dining/living room tables),2020,258,French Polynesia,7202.0,2144.956,False
940360,Wooden furniture — other (incl. dining/living room tables),2020,218,Ecuador,516555.0,153844.425,False
940360,Wooden furniture — other (incl. dining/living room tables),2020,112,Belarus,1850057.0,550998.354,False
940360,Wooden furniture — other (incl. dining/living room tables),2020,320,Guatemala,542396.0,161540.592,False
940360,Wooden furniture — other (incl. dining/living room tables),2020,340,Honduras,6122139.0,1823343.017,False
940360,Wooden furniture — other (incl. dining/living room tables),2020,196,Cyprus,3543.0,1055.204,False
940360,Wooden furniture — other (incl. dining/living room tables),2020,533,Aruba,1300.0,387.176,False
940360,Wooden furniture — other (incl. dining/living room tables),2020,792,Türkiye,24027384.0,7156022.239,False
940360,Wooden furniture — other (incl. dining/living room tables),2020,70,Bosnia Herzegovina,1659178.0,494149.287,False
940360,Wooden furniture — other (incl. dining/living room tables),2020,352,Iceland,24453.0,7282.783,False
940360,Wooden furniture — other (incl. dining/living room tables),2020,688,Serbia,3413746.0,1016708.365,False
940360,Wooden furniture — other (incl. dining/living room tables),2020,608,Philippines,15020316.0,4473467.246,False
940360,Wooden furniture — other (incl. dining/living room tables),2020,410,Rep. of Korea,18499811.0,5509757.489,False
940360,Wooden furniture — other (incl. dining/living room tables),2020,104,Myanmar,424657.0,126474.648,False
940360,Wooden furniture — other (incl. dining/living room tables),2020,384,Côte d'Ivoire,4425.0,1317.888,False
940360,Wooden furniture — other (incl. dining/living room tables),2020,116,Cambodia,19992080.0,5954196.641,False
940360,Wooden furniture — other (incl. dining/living room tables),2020,32,Argentina,596775.0,177736.169,False
940360,Wooden furniture — other (incl. dining/living room tables),2020,788,Tunisia,24952.0,7431.399,False
940360,Wooden furniture — other (incl. dining/living room tables),2020,690,Seychelles,76593.0,22811.523,False
940360,Wooden furniture — other (incl. dining/living room tables),2020,392,Japan,1536419.0,457588.247,False
940360,Wooden furniture — other (incl. dining/living room tables),2020,233,Estonia,927135.0,276126.551,False
940360,Wooden furniture — other (incl. dining/living room tables),2020,222,El Salvador,5735.0,1708.042,False
940360,Wooden furniture — other (incl. dining/living room tables),2020,132,Cabo Verde,12667.0,3772.584,False
940360,Wooden furniture — other (incl. dining/living room tables),2020,858,Uruguay,16643.0,4956.748,False
940360,Wooden furniture — other (incl. dining/living room tables),2020,156,China,1523907770.0,453862055.602,False
940360,Wooden furniture — other (incl. dining/living room tables),2020,204,Benin,51473.0,15330.089,False
940360,Wooden furniture — other (incl. dining/living room tables),2020,442,Luxembourg,9076.0,2703.085,False
940360,Wooden furniture — other (incl. dining/living room tables),2020,360,Indonesia,314456632.0,93653918.043,False
940360,Wooden furniture — other (incl. dining/living room tables),2020,380,Italy,226024309.0,67316316.327,False
940360,Wooden furniture — other (incl. dining/living room tables),2020,276,Germany,29739779.0,8857332.114,False
940360,Wooden furniture — other (incl. dining/living room tables),2020,490,"Other Asia, nes",75826689.0,22583293.83,False
940360,Wooden furniture — other (incl. dining/living room tables),2020,854,Burkina Faso,3149.0,937.86,False
940360,Wooden furniture — other (incl. dining/living room tables),2020,124,Canada,268975995.0,80108521.265,False
940360,Wooden furniture — other (incl. dining/living room tables),2020,784,United Arab Emirates,1001628.0,298312.635,False
940360,Wooden furniture — other (incl. dining/living room tables),2020,604,Peru,2207391.0,657422.343,False
940360,Wooden furniture — other (incl. dining/living room tables),2020,702,Singapore,2533154.0,754443.612,False
940360,Wooden furniture — other (incl. dining/living room tables),2020,144,Sri Lanka,261079.0,77756.577,False
940360,Wooden furniture — other (incl. dining/living room tables),2020,140,Central African Rep.,1328.0,395.515,False
940360,Wooden furniture — other (incl. dining/living room tables),2020,704,Viet Nam,2578672018.0,768000141.383,False
940360,Wooden furniture — other (incl. dining/living room tables),2020,710,South Africa,374682.0,111590.705,False
940360,Wooden furniture — other (incl. dining/living room tables),2020,246,Finland,486448.0,144877.724,False
940360,Wooden furniture — other (incl. dining/living room tables),2020,818,Egypt,1187136.0,353562.07,False
940360,Wooden furniture — other (incl. dining/living room tables),2020,834,United Rep. of Tanzania,34697.0,10333.73,False
940360,Wooden furniture — other (incl. dining/living room tables),2020,586,Pakistan,470670.0,140178.597,False
940360,Wooden furniture — other (incl. dining/living room tables),2020,440,Lithuania,26605066.0,7923727.526,False
940360,Wooden furniture — other (incl. dining/living room tables),2020,31,Azerbaijan,356.0,106.027,False
940360,Wooden furniture — other (incl. dining/living room tables),2020,862,Venezuela,30116.0,8969.381,False
940360,Wooden furniture — other (incl. dining/living room tables),2020,422,Lebanon,267440.0,79651.059,False
940360,Wooden furniture — other (incl. dining/living room tables),2020,524,Nepal,15903.0,4736.355,False
940360,Wooden furniture — other (incl. dining/living room tables),2020,558,Nicaragua,134436.0,40038.774,False
940360,Wooden furniture — other (incl. dining/living room tables),2020,484,Mexico,445745599.0,132755418.55,False
940360,Wooden furniture — other (incl. dining/living room tables),2020,757,Switzerland,3759535.0,1119693.932,False
940360,Wooden furniture — other (incl. dining/living room tables),2020,68,Bolivia (Plurinational State of),1649840.0,491368.171,False
940360,Wooden furniture — other (incl. dining/living room tables),2020,188,Costa Rica,756440.0,225288.84,False
940360,Wooden furniture — other (incl. dining/living room tables),2020,231,Ethiopia,3871.0,1152.891,False
940360,Wooden furniture — other (incl. dining/living room tables),2020,724,Spain,24662232.0,7345097.605,False
940360,Wooden furniture — other (incl. dining/living room tables),2020,716,Zimbabwe,12971.0,3863.124,False
940360,Wooden furniture — other (incl. dining/living room tables),2020,203,Czechia,5355010.0,1594870.696,False
940360,Wooden furniture — other (incl. dining/living room tables),2020,566,Nigeria,22808.0,6792.856,False
940360,Wooden furniture — other (incl. dining/living room tables),2020,418,Lao People's Dem. Rep.,28958.0,8624.497,False
940360,Wooden furniture — other (incl. dining/living room tables),2020,428,Latvia,1454320.0,433136.885,False
940360,Wooden furniture — other (incl. dining/living room tables),2020,512,Oman,72630.0,21631.231,False
940360,Wooden furniture — other (incl. dining/living room tables),2020,887,Yemen,22219.0,6617.435,False
940360,Wooden furniture — other (incl. dining/living room tables),2020,643,Russian Federation,11934929.0,3554553.311,False
940360,Wooden furniture — other (incl. dining/living room tables),2020,348,Hungary,3886384.0,1157473.087,False
940360,Wooden furniture — other (incl. dining/living room tables),2020,40,Austria,2088688.0,622069.293,False
940360,Wooden furniture — other (incl. dining/living room tables),2020,170,Colombia,6283347.0,1871355.237,False
940360,Wooden furniture — other (incl. dining/living room tables),2020,372,Ireland,1328720.0,395729.717,False
940360,Wooden furniture — other (incl. dining/living room tables),2020,795,Turkmenistan,3872.0,1153.189,False
940360,Wooden furniture — other (incl. dining/living room tables),2020,699,India,260430089.0,77563313.122,False
940360,Wooden furniture — other (incl. dining/living room tables),2020,504,Morocco,746705.0,222389.486,False
940360,Wooden furniture — other (incl. dining/living room tables),2020,76,Brazil,72631785.0,21631762.69,False
940360,Wooden furniture — other (incl. dining/living room tables),2020,288,Ghana,72872.0,21703.305,False
940360,Wooden furniture — other (incl. dining/living room tables),2020,760,Syria,45789.0,13637.236,False
940360,Wooden furniture — other (incl. dining/living room tables),2020,764,Thailand,150178473.0,44727319.989,False
940360,Wooden furniture — other (incl. dining/living room tables),2020,620,Portugal,18585970.0,5535418.032,False
940360,Wooden furniture — other (incl. dining/living room tables),2020,458,Malaysia,328687812.0,97892358.673,False
940360,Wooden furniture — other (incl. dining/living room tables),2020,0,World,6730603521.0,2004560649.682,True
940360,Wooden furniture — other (incl. dining/living room tables),2020,300,Greece,618261.0,184135.296,False
940360,Wooden furniture — other (incl. dining/living room tables),2020,208,Denmark,12258711.0,3650984.583,False
940360,Wooden furniture — other (incl. dining/living room tables),2020,466,Mali,2405.0,716.276,False
940360,Wooden furniture — other (incl. dining/living room tables),2020,214,Dominican Rep.,287054.0,85492.653,False
940360,Wooden furniture — other (incl. dining/living room tables),2020,894,Zambia,1534.0,456.868,False
940360,Wooden furniture — other (incl. dining/living room tables),2020,51,Armenia,859.0,255.834,False
940360,Wooden furniture — other (incl. dining/living room tables),2020,616,Poland,114416997.0,34076559.275,False
940360,Wooden furniture — other (incl. dining/living room tables),2020,705,Slovenia,2460659.0,732852.587,False
940360,Wooden furniture — other (incl. dining/living room tables),2020,579,Norway,213218.0,63502.242,False
940360,Wooden furniture — other (incl. dining/living room tables),2020,591,Panama,191806.0,57125.154,False
940360,Wooden furniture — other (incl. dining/living room tables),2020,8,Albania,12559.0,3740.419,False
940360,Wooden furniture — other (incl. dining/living room tables),2020,414,Kuwait,436.0,129.853,False
940360,Wooden furniture — other (incl. dining/living room tables),2020,191,Croatia,421649.0,125578.782,False
940360,Wooden furniture — other (incl. dining/living room tables),2020,251,France,20114809.0,5990748.745,False
940360,Wooden furniture — other (incl. dining/living room tables),2020,804,Ukraine,1074454.0,320002.241,False
940360,Wooden furniture — other (incl. dining/living room tables),2020,344,"China, Hong Kong SAR",1543433.0,459677.211,False
940360,Wooden furniture — other (incl. dining/living room tables),2020,100,Bulgaria,315825.0,94061.456,False
940360,Wooden furniture — other (incl. dining/living room tables),2020,674,San Marino,15745.0,4689.298,False
940360,Wooden furniture — other (incl. dining/living room tables),2020,516,Namibia,501.0,149.212,False
940360,Wooden furniture — other (incl. dining/living room tables),2020,36,Australia,1002017.0,298428.49,False
940360,Wooden furniture — other (incl. dining/living room tables),2020,703,Slovakia,15509435.0,4619140.468,False
940360,Wooden furniture — other (incl. dining/living room tables),2020,446,"China, Macao SAR",3188.0,949.475,False
940360,Wooden furniture — other (incl. dining/living room tables),2020,376,Israel,1418319.0,422414.788,False
940360,Wooden furniture — other (incl. dining/living room tables),2020,686,Senegal,385.0,114.664,False
940360,Wooden furniture — other (incl. dining/living room tables),2020,752,Sweden,19269489.0,5738988.973,False
940360,Wooden furniture — other (incl. dining/living room tables),2020,694,Sierra Leone,4796.0,1428.382,False
940360,Wooden furniture — other (incl. dining/living room tables),2020,826,United Kingdom,17026408.0,5070937.157,False
940360,Wooden furniture — other (incl. dining/living room tables),2020,470,Malta,15694.0,4674.109,False
940360,Wooden furniture — other (incl. dining/living room tables),2020,642,Romania,22963760.0,6839245.473,False
940360,Wooden furniture — other (incl. dining/living room tables),2020,400,Jordan,31371.0,9343.155,False
940360,Wooden furniture — other (incl. dining/living room tables),2020,166,Cocos Isds,14571.0,4339.648,False
940360,Wooden furniture — other (incl. dining/living room tables),2021,0,World,8589938697.0,2342711765.455,True
940360,Wooden furniture — other (incl. dining/living room tables),2021,704,Viet Nam,3028605912.0,825983857.771,False
940360,Wooden furniture — other (incl. dining/living room tables),2021,392,Japan,1453725.0,396470.66,False
940360,Wooden furniture — other (incl. dining/living room tables),2021,231,Ethiopia,836.0,228.0,False
940360,Wooden furniture — other (incl. dining/living room tables),2021,642,Romania,33783286.0,9213628.22,False
940360,Wooden furniture — other (incl. dining/living room tables),2021,834,United Rep. of Tanzania,2376.0,648.0,False
940360,Wooden furniture — other (incl. dining/living room tables),2021,288,Ghana,45611.0,12439.37,False
940360,Wooden furniture — other (incl. dining/living room tables),2021,40,Austria,2963108.0,808120.782,False
940360,Wooden furniture — other (incl. dining/living room tables),2021,4,Afghanistan,988.0,269.455,False
940360,Wooden furniture — other (incl. dining/living room tables),2021,276,Germany,39720939.0,10832988.967,False
940360,Wooden furniture — other (incl. dining/living room tables),2021,28,Antigua and Barbuda,10450.0,2850.001,False
940360,Wooden furniture — other (incl. dining/living room tables),2021,214,Dominican Rep.,1361867.0,371418.465,False
940360,Wooden furniture — other (incl. dining/living room tables),2021,804,Ukraine,1532368.0,417918.762,False
940360,Wooden furniture — other (incl. dining/living room tables),2021,262,Djibouti,5826.0,1588.91,False
940360,Wooden furniture — other (incl. dining/living room tables),2021,643,Russian Federation,15620405.0,4260112.658,False
940360,Wooden furniture — other (incl. dining/living room tables),2021,757,Switzerland,8784127.0,2395672.239,False
940360,Wooden furniture — other (incl. dining/living room tables),2021,218,Ecuador,1162854.0,317142.164,False
940360,Wooden furniture — other (incl. dining/living room tables),2021,340,Honduras,8949133.0,2440673.899,False
940360,Wooden furniture — other (incl. dining/living room tables),2021,104,Myanmar,520433.0,141936.346,False
940360,Wooden furniture — other (incl. dining/living room tables),2021,710,South Africa,1005729.0,274289.869,False
940360,Wooden furniture — other (incl. dining/living room tables),2021,566,Nigeria,6601.0,1800.274,False
940360,Wooden furniture — other (incl. dining/living room tables),2021,442,Luxembourg,56151.0,15313.917,False
940360,Wooden furniture — other (incl. dining/living room tables),2021,579,Norway,1170942.0,319347.983,False
940360,Wooden furniture — other (incl. dining/living room tables),2021,440,Lithuania,61461240.0,16762165.034,False
940360,Wooden furniture — other (incl. dining/living room tables),2021,348,Hungary,3552975.0,968993.683,False
940360,Wooden furniture — other (incl. dining/living room tables),2021,246,Finland,651906.0,177792.637,False
940360,Wooden furniture — other (incl. dining/living room tables),2021,203,Czechia,11632064.0,3172382.732,False
940360,Wooden furniture — other (incl. dining/living room tables),2021,858,Uruguay,17984.0,4904.73,False
940360,Wooden furniture — other (incl. dining/living room tables),2021,50,Bangladesh,6736215.0,1837150.496,False
940360,Wooden furniture — other (incl. dining/living room tables),2021,140,Central African Rep.,8608.0,2347.638,False
940360,Wooden furniture — other (incl. dining/living room tables),2021,490,"Other Asia, nes",96288346.0,26260471.583,False
940360,Wooden furniture — other (incl. dining/living room tables),2021,458,Malaysia,361772436.0,98665260.851,False
940360,Wooden furniture — other (incl. dining/living room tables),2021,84,Belize,90350.0,24640.922,False
940360,Wooden furniture — other (incl. dining/living room tables),2021,112,Belarus,2909163.0,793408.501,False
940360,Wooden furniture — other (incl. dining/living room tables),2021,826,United Kingdom,20382681.0,5558915.875,False
940360,Wooden furniture — other (incl. dining/living room tables),2021,404,Kenya,4578.0,1248.546,False
940360,Wooden furniture — other (incl. dining/living room tables),2021,760,Syria,99246.0,27067.105,False
940360,Wooden furniture — other (incl. dining/living room tables),2021,558,Nicaragua,370927.0,101161.961,False
940360,Wooden furniture — other (incl. dining/living room tables),2021,251,France,35736942.0,9746443.768,False
940360,Wooden furniture — other (incl. dining/living room tables),2021,706,Somalia,141631.0,38626.656,False
940360,Wooden furniture — other (incl. dining/living room tables),2021,686,Senegal,3610.0,984.546,False
940360,Wooden furniture — other (incl. dining/living room tables),2021,705,Slovenia,2793099.0,761754.667,False
940360,Wooden furniture — other (incl. dining/living room tables),2021,48,Bahrain,1700.0,463.637,False
940360,Wooden furniture — other (incl. dining/living room tables),2021,144,Sri Lanka,129584.0,35341.109,False
940360,Wooden furniture — other (incl. dining/living room tables),2021,124,Canada,319555615.0,87151576.441,False
940360,Wooden furniture — other (incl. dining/living room tables),2021,72,Botswana,10815.0,2949.547,False
940360,Wooden furniture — other (incl. dining/living room tables),2021,887,Yemen,41373.0,11283.551,False
940360,Wooden furniture — other (incl. dining/living room tables),2021,702,Singapore,3935075.0,1073202.828,False
940360,Wooden furniture — other (incl. dining/living room tables),2021,68,Bolivia (Plurinational State of),2428862.0,662417.252,False
940360,Wooden furniture — other (incl. dining/living room tables),2021,616,Poland,179782602.0,49031644.088,False
940360,Wooden furniture — other (incl. dining/living room tables),2021,792,Türkiye,42746180.0,11658055.121,False
940360,Wooden furniture — other (incl. dining/living room tables),2021,807,North Macedonia,13768.0,3754.911,False
940360,Wooden furniture — other (incl. dining/living room tables),2021,196,Cyprus,18872.0,5146.912,False
940360,Wooden furniture — other (incl. dining/living room tables),2021,100,Bulgaria,514477.0,140311.982,False
940360,Wooden furniture — other (incl. dining/living room tables),2021,152,Chile,13941.0,3802.093,False
940360,Wooden furniture — other (incl. dining/living room tables),2021,422,Lebanon,932105.0,254210.586,False
940360,Wooden furniture — other (incl. dining/living room tables),2021,446,"China, Macao SAR",3073.0,838.091,False
940360,Wooden furniture — other (incl. dining/living room tables),2021,682,Saudi Arabia,10065.0,2745.001,False
940360,Wooden furniture — other (incl. dining/living room tables),2021,400,Jordan,15329.0,4180.639,False
940360,Wooden furniture — other (incl. dining/living room tables),2021,818,Egypt,3540035.0,965464.59,False
940360,Wooden furniture — other (incl. dining/living room tables),2021,32,Argentina,679920.0,185432.823,False
940360,Wooden furniture — other (incl. dining/living room tables),2021,516,Namibia,1919.0,523.364,False
940360,Wooden furniture — other (incl. dining/living room tables),2021,156,China,1965348673.0,536004460.785,False
940360,Wooden furniture — other (incl. dining/living room tables),2021,524,Nepal,22915.0,6249.549,False
940360,Wooden furniture — other (incl. dining/living room tables),2021,376,Israel,2622199.0,715145.552,False
940360,Wooden furniture — other (incl. dining/living room tables),2021,70,Bosnia Herzegovina,4904351.0,1337550.965,False
940360,Wooden furniture — other (incl. dining/living room tables),2021,784,United Arab Emirates,262481.0,71585.764,False
940360,Wooden furniture — other (incl. dining/living room tables),2021,703,Slovakia,21616071.0,5895295.14,False
940360,Wooden furniture — other (incl. dining/living room tables),2021,604,Peru,2402261.0,655162.43,False
940360,Wooden furniture — other (incl. dining/living room tables),2021,191,Croatia,488032.0,133099.705,False
940360,Wooden furniture — other (incl. dining/living room tables),2021,380,Italy,314898669.0,85881499.603,False
940360,Wooden furniture — other (incl. dining/living room tables),2021,204,Benin,237970.0,64900.943,False
940360,Wooden furniture — other (incl. dining/living room tables),2021,788,Tunisia,31830.0,8680.914,False
940360,Wooden furniture — other (incl. dining/living room tables),2021,499,Montenegro,84565.0,23063.194,False
940360,Wooden furniture — other (incl. dining/living room tables),2021,410,Rep. of Korea,5069822.0,1382679.442,False
940360,Wooden furniture — other (incl. dining/living room tables),2021,862,Venezuela,13032.0,3554.184,False
940360,Wooden furniture — other (incl. dining/living room tables),2021,222,El Salvador,81248.0,22158.557,False
940360,Wooden furniture — other (incl. dining/living room tables),2021,504,Morocco,703583.0,191886.372,False
940360,Wooden furniture — other (incl. dining/living room tables),2021,56,Belgium,5051388.0,1377651.985,False
940360,Wooden furniture — other (incl. dining/living room tables),2021,372,Ireland,691095.0,188480.552,False
940360,Wooden furniture — other (incl. dining/living room tables),2021,344,"China, Hong Kong SAR",1670235.0,455518.872,False
940360,Wooden furniture — other (incl. dining/living room tables),2021,332,Haiti,1062.0,289.637,False
940360,Wooden furniture — other (incl. dining/living room tables),2021,764,Thailand,176192784.0,48052602.309,False
940360,Wooden furniture — other (incl. dining/living room tables),2021,20,Andorra,5508.0,1502.183,False
940360,Wooden furniture — other (incl. dining/living room tables),2021,508,Mozambique,2791.0,761.182,False
940360,Wooden furniture — other (incl. dining/living room tables),2021,208,Denmark,17461776.0,4762305.009,False
940360,Wooden furniture — other (incl. dining/living room tables),2021,498,Rep. of Moldova,142316.0,38813.475,False
940360,Wooden furniture — other (incl. dining/living room tables),2021,586,Pakistan,674672.0,184001.55,False
940360,Wooden furniture — other (incl. dining/living room tables),2021,76,Brazil,92652727.0,25268938.615,False
940360,Wooden furniture — other (incl. dining/living room tables),2021,51,Armenia,4619.0,1259.728,False
940360,Wooden furniture — other (incl. dining/living room tables),2021,528,Netherlands,5337292.0,1455625.844,False
940360,Wooden furniture — other (incl. dining/living room tables),2021,352,Iceland,142251.0,38795.747,False
940360,Wooden furniture — other (incl. dining/living room tables),2021,428,Latvia,2391527.0,652234.974,False
940360,Wooden furniture — other (incl. dining/living room tables),2021,300,Greece,1653694.0,451007.688,False
940360,Wooden furniture — other (incl. dining/living room tables),2021,591,Panama,67451.0,18395.737,False
940360,Wooden furniture — other (incl. dining/living room tables),2021,234,Faroe Isds,5048.0,1376.728,False
940360,Wooden furniture — other (incl. dining/living room tables),2021,860,Uzbekistan,496.0,135.273,False
940360,Wooden furniture — other (incl. dining/living room tables),2021,780,Trinidad and Tobago,117498.0,32044.926,False
940360,Wooden furniture — other (incl. dining/living room tables),2021,188,Costa Rica,657642.0,179357.002,False
940360,Wooden furniture — other (incl. dining/living room tables),2021,716,Zimbabwe,15253.0,4159.911,False
940360,Wooden furniture — other (incl. dining/living room tables),2021,44,Bahamas,15965.0,4354.093,False
940360,Wooden furniture — other (incl. dining/living room tables),2021,762,Tajikistan,3129.0,853.364,False
940360,Wooden furniture — other (incl. dining/living room tables),2021,360,Indonesia,460301609.0,125536867.386,False
940360,Wooden furniture — other (incl. dining/living room tables),2021,470,Malta,7678.0,2094.001,False
940360,Wooden furniture — other (incl. dining/living room tables),2021,699,India,414236463.0,112973639.252,False
940360,Wooden furniture — other (incl. dining/living room tables),2021,116,Cambodia,46751404.0,12750389.504,False
940360,Wooden furniture — other (incl. dining/living room tables),2021,8,Albania,50051.0,13650.28,False
940360,Wooden furniture — other (incl. dining/living room tables),2021,480,Mauritius,37795.0,10307.733,False
940360,Wooden furniture — other (incl. dining/living room tables),2021,268,Georgia,123455.0,33669.563,False
940360,Wooden furniture — other (incl. dining/living room tables),2021,894,Zambia,2008.0,547.637,False
940360,Wooden furniture — other (incl. dining/living room tables),2021,512,Oman,52955.0,14442.28,False
940360,Wooden furniture — other (incl. dining/living room tables),2021,336,Holy See (Vatican City State),76924.0,20979.284,False
940360,Wooden furniture — other (incl. dining/living room tables),2021,694,Sierra Leone,3781.0,1031.182,False
940360,Wooden furniture — other (incl. dining/living room tables),2021,724,Spain,32815368.0,8949650.447,False
940360,Wooden furniture — other (incl. dining/living room tables),2021,170,Colombia,8567590.0,2336616.663,False
940360,Wooden furniture — other (incl. dining/living room tables),2021,752,Sweden,26247771.0,7158486.703,False
940360,Wooden furniture — other (incl. dining/living room tables),2021,690,Seychelles,43230.0,11790.006,False
940360,Wooden furniture — other (incl. dining/living room tables),2021,384,Côte d'Ivoire,732.0,199.636,False
940360,Wooden furniture — other (incl. dining/living room tables),2021,554,New Zealand,877330.0,239271.942,False
940360,Wooden furniture — other (incl. dining/living room tables),2021,233,Estonia,4059933.0,1107255.027,False
940360,Wooden furniture — other (incl. dining/living room tables),2021,688,Serbia,8043494.0,2193681.316,False
940360,Wooden furniture — other (incl. dining/living room tables),2021,120,Cameroon,1938.0,528.546,False
940360,Wooden furniture — other (incl. dining/living room tables),2021,36,Australia,2202234.0,600609.583,False
940360,Wooden furniture — other (incl. dining/living room tables),2021,674,San Marino,11639.0,3174.274,False
940360,Wooden furniture — other (incl. dining/living room tables),2021,620,Portugal,56320995.0,15360279.308,False
940360,Wooden furniture — other (incl. dining/living room tables),2021,320,Guatemala,653883.0,178331.82,False
940360,Wooden furniture — other (incl. dining/living room tables),2021,31,Azerbaijan,263178.0,71775.855,False
940360,Wooden furniture — other (incl. dining/living room tables),2021,484,Mexico,577990992.0,157633988.443,False
940360,Wooden furniture — other (incl. dining/living room tables),2021,608,Philippines,20655368.0,5633285.096,False
940360,Wooden furniture — other (incl. dining/living room tables),2022,372,Ireland,746634.0,174405.429,False
940360,Wooden furniture — other (incl. dining/living room tables),2022,418,Lao People's Dem. Rep.,95191.0,22235.563,False
940360,Wooden furniture — other (incl. dining/living room tables),2022,388,Jamaica,1507.0,352.019,False
940360,Wooden furniture — other (incl. dining/living room tables),2022,699,India,463337156.0,108230425.644,False
940360,Wooden furniture — other (incl. dining/living room tables),2022,203,Czechia,18404312.0,4299043.355,False
940360,Wooden furniture — other (incl. dining/living room tables),2022,124,Canada,394498541.0,92150487.945,False
940360,Wooden furniture — other (incl. dining/living room tables),2022,682,Saudi Arabia,131792.0,30785.151,False
940360,Wooden furniture — other (incl. dining/living room tables),2022,710,South Africa,1044473.0,243977.32,False
940360,Wooden furniture — other (incl. dining/living room tables),2022,36,Australia,1587848.0,370903.699,False
940360,Wooden furniture — other (incl. dining/living room tables),2022,320,Guatemala,501416.0,117125.222,False
940360,Wooden furniture — other (incl. dining/living room tables),2022,752,Sweden,34493076.0,8057200.354,False
940360,Wooden furniture — other (incl. dining/living room tables),2022,860,Uzbekistan,1105.0,258.116,False
940360,Wooden furniture — other (incl. dining/living room tables),2022,704,Viet Nam,3298207945.0,770424830.228,False
940360,Wooden furniture — other (incl. dining/living room tables),2022,50,Bangladesh,9165184.0,2140885.428,False
940360,Wooden furniture — other (incl. dining/living room tables),2022,591,Panama,287761.0,67217.781,False
940360,Wooden furniture — other (incl. dining/living room tables),2022,757,Switzerland,11601441.0,2709968.068,False
940360,Wooden furniture — other (incl. dining/living room tables),2022,440,Lithuania,127996018.0,29898451.548,False
940360,Wooden furniture — other (incl. dining/living room tables),2022,52,Barbados,2853.0,666.429,False
940360,Wooden furniture — other (incl. dining/living room tables),2022,308,Grenada,6480.0,1513.656,False
940360,Wooden furniture — other (incl. dining/living room tables),2022,116,Cambodia,48403609.0,11306546.727,False
940360,Wooden furniture — other (incl. dining/living room tables),2022,705,Slovenia,1576078.0,368154.357,False
940360,Wooden furniture — other (incl. dining/living room tables),2022,702,Singapore,4570173.0,1067541.773,False
940360,Wooden furniture — other (incl. dining/living room tables),2022,276,Germany,61584480.0,14385452.142,False
940360,Wooden furniture — other (incl. dining/living room tables),2022,214,Dominican Rep.,1230988.0,287545.157,False
940360,Wooden furniture — other (incl. dining/living room tables),2022,643,Russian Federation,6888272.0,1609024.014,False
940360,Wooden furniture — other (incl. dining/living room tables),2022,659,Saint Kitts and Nevis,48863.0,11413.855,False
940360,Wooden furniture — other (incl. dining/living room tables),2022,470,Malta,8806.0,2056.984,False
940360,Wooden furniture — other (incl. dining/living room tables),2022,376,Israel,2382593.0,556547.325,False
940360,Wooden furniture — other (incl. dining/living room tables),2022,348,Hungary,3161396.0,738467.076,False
940360,Wooden furniture — other (incl. dining/living room tables),2022,776,Tonga,1159.0,270.73,False
940360,Wooden furniture — other (incl. dining/living room tables),2022,760,Syria,83933.0,19605.819,False
940360,Wooden furniture — other (incl. dining/living room tables),2022,508,Mozambique,3186.0,744.214,False
940360,Wooden furniture — other (incl. dining/living room tables),2022,807,North Macedonia,9965.0,2327.714,False
940360,Wooden furniture — other (incl. dining/living room tables),2022,724,Spain,41422862.0,9675921.578,False
940360,Wooden furniture — other (incl. dining/living room tables),2022,340,Honduras,11734656.0,2741085.616,False
940360,Wooden furniture — other (incl. dining/living room tables),2022,516,Namibia,4140.0,967.058,False
940360,Wooden furniture — other (incl. dining/living room tables),2022,56,Belgium,5704957.0,1332614.742,False
940360,Wooden furniture — other (incl. dining/living room tables),2022,44,Bahamas,5583.0,1304.127,False
940360,Wooden furniture — other (incl. dining/living room tables),2022,616,Poland,229826514.0,53684927.083,False
940360,Wooden furniture — other (incl. dining/living room tables),2022,788,Tunisia,93621.0,21868.828,False
940360,Wooden furniture — other (incl. dining/living room tables),2022,498,Rep. of Moldova,41753.0,9753.038,False
940360,Wooden furniture — other (incl. dining/living room tables),2022,674,San Marino,255097.0,59587.833,False
940360,Wooden furniture — other (incl. dining/living room tables),2022,0,World,9178769246.0,2144058790.706,True
940360,Wooden furniture — other (incl. dining/living room tables),2022,586,Pakistan,689966.0,161168.412,False
940360,Wooden furniture — other (incl. dining/living room tables),2022,344,"China, Hong Kong SAR",1995963.0,466234.841,False
940360,Wooden furniture — other (incl. dining/living room tables),2022,40,Austria,3140233.0,733523.634,False
940360,Wooden furniture — other (incl. dining/living room tables),2022,764,Thailand,203180785.0,47460780.036,False
940360,Wooden furniture — other (incl. dining/living room tables),2022,156,China,1679442044.0,392299052.456,False
940360,Wooden furniture — other (incl. dining/living room tables),2022,608,Philippines,22479630.0,5250992.483,False
940360,Wooden furniture — other (incl. dining/living room tables),2022,818,Egypt,5307058.0,1239669.944,False
940360,Wooden furniture — other (incl. dining/living room tables),2022,120,Cameroon,3236.0,755.894,False
940360,Wooden furniture — other (incl. dining/living room tables),2022,414,Kuwait,17768.0,4150.408,False
940360,Wooden furniture — other (incl. dining/living room tables),2022,233,Estonia,6088729.0,1422259.628,False
940360,Wooden furniture — other (incl. dining/living room tables),2022,76,Brazil,102809313.0,24015116.34,False
940360,Wooden furniture — other (incl. dining/living room tables),2022,191,Croatia,1213893.0,283551.954,False
940360,Wooden furniture — other (incl. dining/living room tables),2022,428,Latvia,2644113.0,617635.499,False
940360,Wooden furniture — other (incl. dining/living room tables),2022,4,Afghanistan,907.0,211.865,False
940360,Wooden furniture — other (incl. dining/living room tables),2022,96,Brunei Darussalam,44877.0,10482.77,False
940360,Wooden furniture — other (incl. dining/living room tables),2022,804,Ukraine,1928828.0,450552.848,False
940360,Wooden furniture — other (incl. dining/living room tables),2022,68,Bolivia (Plurinational State of),2574441.0,601360.892,False
940360,Wooden furniture — other (incl. dining/living room tables),2022,64,Bhutan,1500.0,350.383,False
940360,Wooden furniture — other (incl. dining/living room tables),2022,422,Lebanon,832181.0,194388.261,False
940360,Wooden furniture — other (incl. dining/living room tables),2022,132,Cabo Verde,6101.0,1425.126,False
940360,Wooden furniture — other (incl. dining/living room tables),2022,268,Georgia,173728.0,40580.936,False
940360,Wooden furniture — other (incl. dining/living room tables),2022,288,Ghana,41684.0,9736.921,False
940360,Wooden furniture — other (incl. dining/living room tables),2022,410,Rep. of Korea,6395683.0,1493960.682,False
940360,Wooden furniture — other (incl. dining/living room tables),2022,104,Myanmar,64496.0,15065.551,False
940360,Wooden furniture — other (incl. dining/living room tables),2022,490,"Other Asia, nes",69884126.0,16324157.484,False
940360,Wooden furniture — other (incl. dining/living room tables),2022,400,Jordan,208449.0,48691.377,False
940360,Wooden furniture — other (incl. dining/living room tables),2022,398,Kazakhstan,84061.0,19635.718,False
940360,Wooden furniture — other (incl. dining/living room tables),2022,826,United Kingdom,27231289.0,6360927.375,False
940360,Wooden furniture — other (incl. dining/living room tables),2022,642,Romania,42326516.0,9887005.14,False
940360,Wooden furniture — other (incl. dining/living room tables),2022,404,Kenya,572.0,133.613,False
940360,Wooden furniture — other (incl. dining/living room tables),2022,266,Gabon,64459.0,15056.908,False
940360,Wooden furniture — other (incl. dining/living room tables),2022,392,Japan,2847994.0,665259.841,False
940360,Wooden furniture — other (incl. dining/living room tables),2022,796,Turks and Caicos Isds,36134.0,8440.502,False
940360,Wooden furniture — other (incl. dining/living room tables),2022,703,Slovakia,28340325.0,6619985.896,False
940360,Wooden furniture — other (incl. dining/living room tables),2022,352,Iceland,117410.0,27425.675,False
940360,Wooden furniture — other (incl. dining/living room tables),2022,31,Azerbaijan,1011047.0,236169.376,False
940360,Wooden furniture — other (incl. dining/living room tables),2022,336,Holy See (Vatican City State),131859.0,30800.801,False
940360,Wooden furniture — other (incl. dining/living room tables),2022,579,Norway,1169158.0,273102.354,False
940360,Wooden furniture — other (incl. dining/living room tables),2022,417,Kyrgyzstan,460.0,107.451,False
940360,Wooden furniture — other (incl. dining/living room tables),2022,328,Guyana,1844.0,430.738,False
940360,Wooden furniture — other (incl. dining/living room tables),2022,620,Portugal,76451960.0,17858330.732,False
940360,Wooden furniture — other (incl. dining/living room tables),2022,112,Belarus,1607855.0,375577.112,False
940360,Wooden furniture — other (incl. dining/living room tables),2022,558,Nicaragua,783438.0,183002.436,False
940360,Wooden furniture — other (incl. dining/living room tables),2022,8,Albania,593581.0,138653.944,False
940360,Wooden furniture — other (incl. dining/living room tables),2022,222,El Salvador,88768.0,20735.221,False
940360,Wooden furniture — other (incl. dining/living room tables),2022,524,Nepal,27347.0,6387.956,False
940360,Wooden furniture — other (incl. dining/living room tables),2022,84,Belize,118378.0,27651.789,False
940360,Wooden furniture — other (incl. dining/living room tables),2022,504,Morocco,1324889.0,309479.39,False
940360,Wooden furniture — other (incl. dining/living room tables),2022,208,Denmark,17568816.0,4103880.747,False
940360,Wooden furniture — other (incl. dining/living room tables),2022,12,Algeria,757.0,176.827,False
940360,Wooden furniture — other (incl. dining/living room tables),2022,854,Burkina Faso,19220.0,4489.579,False
940360,Wooden furniture — other (incl. dining/living room tables),2022,496,Mongolia,3914.0,914.267,False
940360,Wooden furniture — other (incl. dining/living room tables),2022,251,France,47500615.0,11095617.334,False
940360,Wooden furniture — other (incl. dining/living room tables),2022,196,Cyprus,10718.0,2503.606,False
940360,Wooden furniture — other (incl. dining/living room tables),2022,246,Finland,1509702.0,352649.659,False
940360,Wooden furniture — other (incl. dining/living room tables),2022,446,"China, Macao SAR",3970.0,927.348,False
940360,Wooden furniture — other (incl. dining/living room tables),2022,834,United Rep. of Tanzania,4597.0,1073.808,False
940360,Wooden furniture — other (incl. dining/living room tables),2022,887,Yemen,85838.0,20050.806,False
940360,Wooden furniture — other (incl. dining/living room tables),2022,480,Mauritius,2500.0,583.972,False
940360,Wooden furniture — other (incl. dining/living room tables),2022,430,Liberia,811.0,189.441,False
940360,Wooden furniture — other (incl. dining/living room tables),2022,218,Ecuador,1983234.0,463261.487,False
940360,Wooden furniture — other (incl. dining/living room tables),2022,762,Tajikistan,951.0,222.143,False
940360,Wooden furniture — other (incl. dining/living room tables),2022,360,Indonesia,572752668.0,133788676.871,False
940360,Wooden furniture — other (incl. dining/living room tables),2022,858,Uruguay,8201.0,1915.663,False
940360,Wooden furniture — other (incl. dining/living room tables),2022,512,Oman,35184.0,8218.593,False
940360,Wooden furniture — other (incl. dining/living room tables),2022,604,Peru,2555767.0,596998.852,False
940360,Wooden furniture — other (incl. dining/living room tables),2022,144,Sri Lanka,1043774.0,243814.041,False
940360,Wooden furniture — other (incl. dining/living room tables),2022,566,Nigeria,22667.0,5294.76,False
940360,Wooden furniture — other (incl. dining/living room tables),2022,716,Zimbabwe,2117.0,494.508,False
940360,Wooden furniture — other (incl. dining/living room tables),2022,300,Greece,2227061.0,520216.773,False
940360,Wooden furniture — other (incl. dining/living room tables),2022,231,Ethiopia,32539.0,7600.75,False
940360,Wooden furniture — other (incl. dining/living room tables),2022,688,Serbia,8758025.0,2045777.597,False
940360,Wooden furniture — other (incl. dining/living room tables),2022,72,Botswana,14700.0,3433.757,False
940360,Wooden furniture — other (incl. dining/living room tables),2022,458,Malaysia,382669644.0,89387388.675,False
940360,Wooden furniture — other (incl. dining/living room tables),2022,554,New Zealand,570423.0,133244.492,False
940360,Wooden furniture — other (incl. dining/living room tables),2022,694,Sierra Leone,31018.0,7245.461,False
940360,Wooden furniture — other (incl. dining/living room tables),2022,534,Saint Maarten,1559.0,364.165,False
940360,Wooden furniture — other (incl. dining/living room tables),2022,484,Mexico,585533542.0,136774147.419,False
940360,Wooden furniture — other (incl. dining/living room tables),2022,882,Samoa,1888.0,441.016,False
940360,Wooden furniture — other (incl. dining/living room tables),2022,152,Chile,22199.0,5185.44,False
940360,Wooden furniture — other (incl. dining/living room tables),2022,780,Trinidad and Tobago,294126.0,68704.575,False
940360,Wooden furniture — other (incl. dining/living room tables),2022,170,Colombia,14354826.0,3353128.295,False
940360,Wooden furniture — other (incl. dining/living room tables),2022,70,Bosnia Herzegovina,6318887.0,1476021.987,False
940360,Wooden furniture — other (incl. dining/living room tables),2022,51,Armenia,8142.0,1901.881,False
940360,Wooden furniture — other (incl. dining/living room tables),2022,204,Benin,507652.0,118581.882,False
940360,Wooden furniture — other (incl. dining/living room tables),2022,792,Türkiye,45223243.0,10563648.47,False
940360,Wooden furniture — other (incl. dining/living room tables),2022,188,Costa Rica,785580.0,183502.783,False
940360,Wooden furniture — other (incl. dining/living room tables),2022,462,Maldives,20451.0,4777.127,False
940360,Wooden furniture — other (incl. dining/living room tables),2022,384,Côte d'Ivoire,3255.0,760.332,False
940360,Wooden furniture — other (incl. dining/living room tables),2022,798,Tuvalu,80124.0,18716.079,False
940360,Wooden furniture — other (incl. dining/living room tables),2022,32,Argentina,593720.0,138686.413,False
940360,Wooden furniture — other (incl. dining/living room tables),2022,528,Netherlands,6672865.0,1558707.325,False
940360,Wooden furniture — other (incl. dining/living room tables),2022,784,United Arab Emirates,329570.0,76983.9,False
940360,Wooden furniture — other (incl. dining/living room tables),2022,100,Bulgaria,316911.0,74026.898,False
940360,Wooden furniture — other (incl. dining/living room tables),2022,380,Italy,401598782.0,93809025.568,False
940360,Wooden furniture — other (incl. dining/living room tables),2023,0,World,6684469437.0,1576704812.585,True
940360,Wooden furniture — other (incl. dining/living room tables),2023,710,South Africa,960458.0,226548.833,False
940360,Wooden furniture — other (incl. dining/living room tables),2023,642,Romania,34815920.0,8212234.215,False
940360,Wooden furniture — other (incl. dining/living room tables),2023,703,Slovakia,21151446.0,4989114.995,False
940360,Wooden furniture — other (incl. dining/living room tables),2023,705,Slovenia,3042819.0,717727.474,False
940360,Wooden furniture — other (incl. dining/living room tables),2023,579,Norway,349923.0,82538.38,False
940360,Wooden furniture — other (incl. dining/living room tables),2023,100,Bulgaria,456171.0,107599.716,False
940360,Wooden furniture — other (incl. dining/living room tables),2023,233,Estonia,5200603.0,1226696.577,False
940360,Wooden furniture — other (incl. dining/living room tables),2023,288,Ghana,40152.0,9470.887,False
940360,Wooden furniture — other (incl. dining/living room tables),2023,48,Bahrain,248195.0,58543.203,False
940360,Wooden furniture — other (incl. dining/living room tables),2023,84,Belize,2030601.0,478969.707,False
940360,Wooden furniture — other (incl. dining/living room tables),2023,86,Br. Indian Ocean Terr.,21005.0,4954.572,False
940360,Wooden furniture — other (incl. dining/living room tables),2023,454,Malawi,1064.0,250.972,False
940360,Wooden furniture — other (incl. dining/living room tables),2023,694,Sierra Leone,25156.0,5933.693,False
940360,Wooden furniture — other (incl. dining/living room tables),2023,496,Mongolia,29426.0,6940.882,False
940360,Wooden furniture — other (incl. dining/living room tables),2023,558,Nicaragua,1001223.0,236164.312,False
940360,Wooden furniture — other (incl. dining/living room tables),2023,748,Eswatini,14545.0,3430.814,False
940360,Wooden furniture — other (incl. dining/living room tables),2023,760,Syria,10928.0,2577.651,False
940360,Wooden furniture — other (incl. dining/living room tables),2023,776,Tonga,40334.0,9513.816,False
940360,Wooden furniture — other (incl. dining/living room tables),2023,780,Trinidad and Tobago,67916.0,16019.743,False
940360,Wooden furniture — other (incl. dining/living room tables),2023,784,United Arab Emirates,601615.0,141906.441,False
940360,Wooden furniture — other (incl. dining/living room tables),2023,788,Tunisia,17351.0,4092.682,False
940360,Wooden furniture — other (incl. dining/living room tables),2023,300,Greece,1916157.0,451975.133,False
940360,Wooden furniture — other (incl. dining/living room tables),2023,320,Guatemala,663762.0,156565.416,False
940360,Wooden furniture — other (incl. dining/living room tables),2023,332,Haiti,702.0,165.585,False
940360,Wooden furniture — other (incl. dining/living room tables),2023,340,Honduras,12415601.0,2928540.258,False
940360,Wooden furniture — other (incl. dining/living room tables),2023,104,Myanmar,269023.0,63456.025,False
940360,Wooden furniture — other (incl. dining/living room tables),2023,112,Belarus,196076.0,46249.59,False
940360,Wooden furniture — other (incl. dining/living room tables),2023,116,Cambodia,30142233.0,7109824.389,False
940360,Wooden furniture — other (incl. dining/living room tables),2023,132,Cabo Verde,36704.0,8657.587,False
940360,Wooden furniture — other (incl. dining/living room tables),2023,144,Sri Lanka,133815.0,31563.725,False
940360,Wooden furniture — other (incl. dining/living room tables),2023,152,Chile,14923.0,3519.975,False
940360,Wooden furniture — other (incl. dining/living room tables),2023,170,Colombia,11094369.0,2616893.556,False
940360,Wooden furniture — other (incl. dining/living room tables),2023,188,Costa Rica,976830.0,230410.592,False
940360,Wooden furniture — other (incl. dining/living room tables),2023,191,Croatia,2636204.0,621816.821,False
940360,Wooden furniture — other (incl. dining/living room tables),2023,204,Benin,202464.0,47756.365,False
940360,Wooden furniture — other (incl. dining/living room tables),2023,214,Dominican Rep.,669287.0,157868.63,False
940360,Wooden furniture — other (incl. dining/living room tables),2023,218,Ecuador,1680795.0,396458.925,False
940360,Wooden furniture — other (incl. dining/living room tables),2023,222,El Salvador,12470.0,2941.372,False
940360,Wooden furniture — other (incl. dining/living room tables),2023,231,Ethiopia,25388.0,5988.416,False
940360,Wooden furniture — other (incl. dining/living room tables),2023,266,Gabon,36436.0,8594.372,False
940360,Wooden furniture — other (incl. dining/living room tables),2023,268,Georgia,91939.0,21686.188,False
940360,Wooden furniture — other (incl. dining/living room tables),2023,8,Albania,186034.0,43880.925,False
940360,Wooden furniture — other (incl. dining/living room tables),2023,31,Azerbaijan,240571.0,56744.886,False
940360,Wooden furniture — other (incl. dining/living room tables),2023,32,Argentina,525795.0,124022.335,False
940360,Wooden furniture — other (incl. dining/living room tables),2023,50,Bangladesh,4451029.0,1049890.184,False
940360,Wooden furniture — other (incl. dining/living room tables),2023,68,Bolivia (Plurinational State of),903737.0,213169.72,False
940360,Wooden furniture — other (incl. dining/living room tables),2023,70,Bosnia Herzegovina,3742084.0,882667.19,False
940360,Wooden furniture — other (incl. dining/living room tables),2023,398,Kazakhstan,162462.0,38320.86,False
940360,Wooden furniture — other (incl. dining/living room tables),2023,400,Jordan,167742.0,39566.284,False
940360,Wooden furniture — other (incl. dining/living room tables),2023,404,Kenya,10178.0,2400.744,False
940360,Wooden furniture — other (incl. dining/living room tables),2023,422,Lebanon,1526384.0,360037.101,False
940360,Wooden furniture — other (incl. dining/living room tables),2023,428,Latvia,2500829.0,589885.13,False
940360,Wooden furniture — other (incl. dining/living room tables),2023,440,Lithuania,79787598.0,18819966.332,False
940360,Wooden furniture — other (incl. dining/living room tables),2023,470,Malta,24758.0,5839.814,False
940360,Wooden furniture — other (incl. dining/living room tables),2023,804,Ukraine,2763034.0,651732.953,False
940360,Wooden furniture — other (incl. dining/living room tables),2023,818,Egypt,4468004.0,1053894.176,False
940360,Wooden furniture — other (incl. dining/living room tables),2023,854,Burkina Faso,3326.0,784.523,False
940360,Wooden furniture — other (incl. dining/living room tables),2023,882,Samoa,157040.0,37041.941,False
940360,Wooden furniture — other (incl. dining/living room tables),2023,887,Yemen,54893.0,12947.932,False
940360,Wooden furniture — other (incl. dining/living room tables),2023,634,Qatar,30739.0,7250.587,False
940360,Wooden furniture — other (incl. dining/living room tables),2023,674,San Marino,162023.0,38217.31,False
940360,Wooden furniture — other (incl. dining/living room tables),2023,682,Saudi Arabia,41365.0,9757.004,False
940360,Wooden furniture — other (incl. dining/living room tables),2023,686,Senegal,8248.0,1945.504,False
940360,Wooden furniture — other (incl. dining/living room tables),2023,688,Serbia,5514596.0,1300759.938,False
940360,Wooden furniture — other (incl. dining/living room tables),2023,690,Seychelles,45849.0,10814.671,False
940360,Wooden furniture — other (incl. dining/living room tables),2023,504,Morocco,1541200.0,363531.838,False
940360,Wooden furniture — other (incl. dining/living room tables),2023,512,Oman,37568.0,8861.383,False
940360,Wooden furniture — other (incl. dining/living room tables),2023,516,Namibia,7376.0,1739.82,False
940360,Wooden furniture — other (incl. dining/living room tables),2023,524,Nepal,47481.0,11199.621,False
940360,Wooden furniture — other (incl. dining/living room tables),2023,562,Niger,1268.0,299.091,False
940360,Wooden furniture — other (incl. dining/living room tables),2023,586,Pakistan,732373.0,172749.093,False
940360,Wooden furniture — other (incl. dining/living room tables),2023,591,Panama,250324.0,59045.383,False
940360,Wooden furniture — other (incl. dining/living room tables),2023,600,Paraguay,5576.0,1315.244,False
940360,Wooden furniture — other (incl. dining/living room tables),2023,604,Peru,2085214.0,491851.594,False
940360,Wooden furniture — other (incl. dining/living room tables),2023,716,Zimbabwe,15668.0,3695.703,False
940360,Wooden furniture — other (incl. dining/living room tables),2023,554,New Zealand,545307.0,128624.744,False
940360,Wooden furniture — other (incl. dining/living room tables),2023,608,Philippines,16224905.0,3827063.021,False
940360,Wooden furniture — other (incl. dining/living room tables),2023,620,Portugal,68909975.0,16254197.92,False
940360,Wooden furniture — other (incl. dining/living room tables),2023,372,Ireland,768484.0,181266.805,False
940360,Wooden furniture — other (incl. dining/living room tables),2023,348,Hungary,3349438.0,790051.486,False
940360,Wooden furniture — other (incl. dining/living room tables),2023,344,"China, Hong Kong SAR",1126612.0,265740.547,False
940360,Wooden furniture — other (incl. dining/living room tables),2023,360,Indonesia,375583798.0,88591142.112,False
940360,Wooden furniture — other (incl. dining/living room tables),2023,702,Singapore,3995062.0,942338.587,False
940360,Wooden furniture — other (incl. dining/living room tables),2023,246,Finland,816230.0,192528.933,False
940360,Wooden furniture — other (incl. dining/living room tables),2023,376,Israel,2950925.0,696051.9,False
940360,Wooden furniture — other (incl. dining/living room tables),2023,56,Belgium,6118868.0,1443293.101,False
940360,Wooden furniture — other (incl. dining/living room tables),2023,36,Australia,1342538.0,316672.272,False
940360,Wooden furniture — other (incl. dining/living room tables),2023,208,Denmark,16476998.0,3886525.668,False
940360,Wooden furniture — other (incl. dining/living room tables),2023,458,Malaysia,198379971.0,46793041.384,False
940360,Wooden furniture — other (incl. dining/living room tables),2023,203,Czechia,10659479.0,2514313.514,False
940360,Wooden furniture — other (incl. dining/living room tables),2023,76,Brazil,72034769.0,16991261.315,False
940360,Wooden furniture — other (incl. dining/living room tables),2023,752,Sweden,29214770.0,6891058.279,False
940360,Wooden furniture — other (incl. dining/living room tables),2023,792,Türkiye,42084726.0,9926769.902,False
940360,Wooden furniture — other (incl. dining/living room tables),2023,764,Thailand,110738902.0,26120631.019,False
940360,Wooden furniture — other (incl. dining/living room tables),2023,616,Poland,139998557.0,33022276.586,False
940360,Wooden furniture — other (incl. dining/living room tables),2023,757,Switzerland,19881250.0,4689506.452,False
940360,Wooden furniture — other (incl. dining/living room tables),2023,704,Viet Nam,2327838910.0,549080947.548,False
940360,Wooden furniture — other (incl. dining/living room tables),2023,40,Austria,1577316.0,372050.729,False
940360,Wooden furniture — other (incl. dining/living room tables),2023,724,Spain,38613428.0,9107974.587,False
940360,Wooden furniture — other (incl. dining/living room tables),2023,699,India,337765661.0,79670757.454,False
940360,Wooden furniture — other (incl. dining/living room tables),2023,528,Netherlands,7392746.0,1743770.139,False
940360,Wooden furniture — other (incl. dining/living room tables),2023,410,Rep. of Korea,6413930.0,1512891.097,False
940360,Wooden furniture — other (incl. dining/living room tables),2023,490,"Other Asia, nes",45349553.0,10696863.698,False
940360,Wooden furniture — other (incl. dining/living room tables),2023,251,France,43544392.0,10271069.84,False
940360,Wooden furniture — other (incl. dining/living room tables),2023,484,Mexico,479768282.0,113165744.31,False
940360,Wooden furniture — other (incl. dining/living room tables),2023,392,Japan,3304472.0,779445.094,False
940360,Wooden furniture — other (incl. dining/living room tables),2023,826,United Kingdom,27822370.0,6562624.766,False
940360,Wooden furniture — other (incl. dining/living room tables),2023,380,Italy,351887948.0,83001863.698,False
940360,Wooden furniture — other (incl. dining/living room tables),2023,124,Canada,416831191.0,98320405.393,False
940360,Wooden furniture — other (incl. dining/living room tables),2023,276,Germany,57518533.0,13567232.022,False
940360,Wooden furniture — other (incl. dining/living room tables),2023,156,China,1171975840.0,276440780.316,False
940360,Wooden furniture — other (incl. dining/living room tables),2023,51,Armenia,16933.0,3994.086,False
940360,Wooden furniture — other (incl. dining/living room tables),2023,798,Tuvalu,6370.0,1502.529,False
940360,Wooden furniture — other (incl. dining/living room tables),2023,499,Montenegro,24824.0,5855.382,False
940360,Wooden furniture — other (incl. dining/living room tables),2023,72,Botswana,7063.0,1665.991,False
940360,Wooden furniture — other (incl. dining/living room tables),2023,858,Uruguay,6429.0,1516.446,False
940360,Wooden furniture — other (incl. dining/living room tables),2023,442,Luxembourg,7950.0,1875.213,False
940360,Wooden furniture — other (incl. dining/living room tables),2023,566,Nigeria,12030.0,2837.586,False
940360,Wooden furniture — other (incl. dining/living room tables),2023,807,North Macedonia,2529.0,596.53,False
940360,Wooden furniture — other (incl. dining/living room tables),2023,860,Uzbekistan,1626.0,383.534,False
940360,Wooden furniture — other (incl. dining/living room tables),2023,352,Iceland,3150.0,743.009,False
940360,Wooden furniture — other (incl. dining/living room tables),2023,796,Turks and Caicos Isds,1434.0,338.246,False
940360,Wooden furniture — other (incl. dining/living room tables),2023,643,Russian Federation,5225.0,1232.451,False
940360,Wooden furniture — other (incl. dining/living room tables),2023,388,Jamaica,2914.0,687.342,False
940360,Wooden furniture — other (incl. dining/living room tables),2023,120,Cameroon,383.0,90.34,False
940360,Wooden furniture — other (incl. dining/living room tables),2023,212,Dominica,6123.0,1444.268,False
940360,Wooden furniture — other (incl. dining/living room tables),2023,96,Brunei Darussalam,2832.0,668.0,False
940360,Wooden furniture — other (incl. dining/living room tables),2023,196,Cyprus,1100.0,259.463,False
940360,Wooden furniture — other (incl. dining/living room tables),2023,12,Algeria,706.0,166.528,False
940360,Wooden furniture — other (incl. dining/living room tables),2023,64,Bhutan,2036.0,480.243,False
940360,Wooden furniture — other (incl. dining/living room tables),2023,414,Kuwait,1049.0,247.434,False
940360,Wooden furniture — other (incl. dining/living room tables),2023,834,United Rep. of Tanzania,1000.0,235.876,False
940360,Wooden furniture — other (incl. dining/living room tables),2023,862,Venezuela,4200.0,990.679,False
940360,Wooden furniture — other (incl. dining/living room tables),2023,534,Saint Maarten,1000.0,235.876,False
940360,Wooden furniture — other (incl. dining/living room tables),2024,0,World,7199691221.0,1810020763.156,True
940360,Wooden furniture — other (incl. dining/living room tables),2024,372,Ireland,1183317.0,297488.916,False
940360,Wooden furniture — other (incl. dining/living room tables),2024,170,Colombia,8612300.0,2165154.218,False
940360,Wooden furniture — other (incl. dining/living room tables),2024,32,Argentina,643660.0,161817.768,False
940360,Wooden furniture — other (incl. dining/living room tables),2024,48,Bahrain,472532.0,118795.752,False
940360,Wooden furniture — other (incl. dining/living room tables),2024,50,Bangladesh,930525.0,233936.362,False
940360,Wooden furniture — other (incl. dining/living room tables),2024,68,Bolivia (Plurinational State of),2254024.0,566667.391,False
940360,Wooden furniture — other (incl. dining/living room tables),2024,8,Albania,54469.0,13693.646,False
940360,Wooden furniture — other (incl. dining/living room tables),2024,70,Bosnia Herzegovina,4286619.0,1077666.966,False
940360,Wooden furniture — other (incl. dining/living room tables),2024,72,Botswana,34913.0,8777.217,False
940360,Wooden furniture — other (incl. dining/living room tables),2024,84,Belize,19964.0,5019.001,False
940360,Wooden furniture — other (incl. dining/living room tables),2024,31,Azerbaijan,145032.0,36461.415,False
940360,Wooden furniture — other (incl. dining/living room tables),2024,100,Bulgaria,410306.0,103151.976,False
940360,Wooden furniture — other (incl. dining/living room tables),2024,116,Cambodia,34013479.0,8551075.501,False
940360,Wooden furniture — other (incl. dining/living room tables),2024,104,Myanmar,490462.0,123303.4,False
940360,Wooden furniture — other (incl. dining/living room tables),2024,120,Cameroon,16250.0,4085.292,False
940360,Wooden furniture — other (incl. dining/living room tables),2024,136,Cayman Isds,31845.0,8005.914,False
940360,Wooden furniture — other (incl. dining/living room tables),2024,144,Sri Lanka,360568.0,90647.716,False
940360,Wooden furniture — other (incl. dining/living room tables),2024,188,Costa Rica,620448.0,155982.212,False
940360,Wooden furniture — other (incl. dining/living room tables),2024,191,Croatia,1636145.0,411331.032,False
940360,Wooden furniture — other (incl. dining/living room tables),2024,218,Ecuador,1458939.0,366780.991,False
940360,Wooden furniture — other (incl. dining/living room tables),2024,233,Estonia,6208456.0,1560821.697,False
940360,Wooden furniture — other (incl. dining/living room tables),2024,340,Honduras,10325665.0,2595898.556,False
940360,Wooden furniture — other (incl. dining/living room tables),2024,266,Gabon,8595.0,2160.805,False
940360,Wooden furniture — other (incl. dining/living room tables),2024,352,Iceland,17011.0,4276.609,False
940360,Wooden furniture — other (incl. dining/living room tables),2024,152,Chile,134447.0,33800.319,False
940360,Wooden furniture — other (incl. dining/living room tables),2024,204,Benin,34141.0,8583.135,False
940360,Wooden furniture — other (incl. dining/living room tables),2024,214,Dominican Rep.,1198810.0,301383.896,False
940360,Wooden furniture — other (incl. dining/living room tables),2024,670,Saint Vincent and the Grenadines,2016.0,506.828,False
940360,Wooden furniture — other (incl. dining/living room tables),2024,682,Saudi Arabia,32118.0,8074.547,False
940360,Wooden furniture — other (incl. dining/living room tables),2024,694,Sierra Leone,15863.0,3987.999,False
940360,Wooden furniture — other (incl. dining/living room tables),2024,222,El Salvador,16304.0,4098.867,False
940360,Wooden furniture — other (incl. dining/living room tables),2024,268,Georgia,39521.0,9935.68,False
940360,Wooden furniture — other (incl. dining/living room tables),2024,706,Somalia,28636.0,7199.164,False
940360,Wooden furniture — other (incl. dining/living room tables),2024,716,Zimbabwe,10935.0,2749.087,False
940360,Wooden furniture — other (incl. dining/living room tables),2024,646,Rwanda,4162.0,1046.337,False
940360,Wooden furniture — other (incl. dining/living room tables),2024,674,San Marino,181244.0,45565.205,False
940360,Wooden furniture — other (incl. dining/living room tables),2024,688,Serbia,6230263.0,1566304.032,False
940360,Wooden furniture — other (incl. dining/living room tables),2024,690,Seychelles,22565.0,5672.899,False
940360,Wooden furniture — other (incl. dining/living room tables),2024,780,Trinidad and Tobago,27580.0,6933.682,False
940360,Wooden furniture — other (incl. dining/living room tables),2024,784,United Arab Emirates,832719.0,209347.684,False
940360,Wooden furniture — other (incl. dining/living room tables),2024,788,Tunisia,88171.0,22166.415,False
940360,Wooden furniture — other (incl. dining/living room tables),2024,760,Syria,31406.0,7895.549,False
940360,Wooden furniture — other (incl. dining/living room tables),2024,798,Tuvalu,20947.0,5266.129,False
940360,Wooden furniture — other (incl. dining/living room tables),2024,804,Ukraine,3031005.0,762002.399,False
940360,Wooden furniture — other (incl. dining/living room tables),2024,818,Egypt,5190982.0,1305026.134,False
940360,Wooden furniture — other (incl. dining/living room tables),2024,496,Mongolia,6260.0,1573.78,False
940360,Wooden furniture — other (incl. dining/living room tables),2024,512,Oman,68799.0,17296.244,False
940360,Wooden furniture — other (incl. dining/living room tables),2024,524,Nepal,31754.0,7983.037,False
940360,Wooden furniture — other (incl. dining/living room tables),2024,288,Ghana,5682.0,1428.469,False
940360,Wooden furniture — other (incl. dining/living room tables),2024,834,United Rep. of Tanzania,12767.0,3209.656,False
940360,Wooden furniture — other (incl. dining/living room tables),2024,858,Uruguay,3347.0,841.444,False
940360,Wooden furniture — other (incl. dining/living room tables),2024,882,Samoa,22873.0,5750.331,False
940360,Wooden furniture — other (incl. dining/living room tables),2024,887,Yemen,86421.0,21726.46,False
940360,Wooden furniture — other (incl. dining/living room tables),2024,894,Zambia,2898.0,728.565,False
940360,Wooden furniture — other (incl. dining/living room tables),2024,558,Nicaragua,698650.0,175642.395,False
940360,Wooden furniture — other (incl. dining/living room tables),2024,566,Nigeria,13005.0,3269.49,False
940360,Wooden furniture — other (incl. dining/living room tables),2024,584,Marshall Isds,13113.0,3296.642,False
940360,Wooden furniture — other (incl. dining/living room tables),2024,300,Greece,2024321.0,508919.47,False
940360,Wooden furniture — other (incl. dining/living room tables),2024,320,Guatemala,1568296.0,394273.62,False
940360,Wooden furniture — other (incl. dining/living room tables),2024,332,Haiti,1080.0,271.515,False
940360,Wooden furniture — other (incl. dining/living room tables),2024,600,Paraguay,6362.0,1599.423,False
940360,Wooden furniture — other (incl. dining/living room tables),2024,400,Jordan,135495.0,34063.789,False
940360,Wooden furniture — other (incl. dining/living room tables),2024,418,Lao People's Dem. Rep.,11045.0,2776.741,False
940360,Wooden furniture — other (incl. dining/living room tables),2024,422,Lebanon,1197522.0,301060.09,False
940360,Wooden furniture — other (incl. dining/living room tables),2024,428,Latvia,2014120.0,506354.913,False
940360,Wooden furniture — other (incl. dining/living room tables),2024,440,Lithuania,67597311.0,16994136.649,False
940360,Wooden furniture — other (incl. dining/living room tables),2024,446,"China, Macao SAR",1100.0,276.543,False
940360,Wooden furniture — other (incl. dining/living room tables),2024,470,Malta,21517.0,5409.429,False
940360,Wooden furniture — other (incl. dining/living room tables),2024,478,Mauritania,13764.0,3460.305,False
940360,Wooden furniture — other (incl. dining/living room tables),2024,498,Rep. of Moldova,2782.0,699.402,False
940360,Wooden furniture — other (incl. dining/living room tables),2024,499,Montenegro,10826.0,2721.684,False
940360,Wooden furniture — other (incl. dining/living room tables),2024,504,Morocco,1574128.0,395739.8,False
940360,Wooden furniture — other (incl. dining/living room tables),2024,516,Namibia,10882.0,2735.763,False
940360,Wooden furniture — other (incl. dining/living room tables),2024,520,Nauru,4847.0,1218.548,False
940360,Wooden furniture — other (incl. dining/living room tables),2024,586,Pakistan,467225.0,117461.558,False
940360,Wooden furniture — other (incl. dining/living room tables),2024,591,Panama,154450.0,38829.125,False
940360,Wooden furniture — other (incl. dining/living room tables),2024,604,Peru,1792307.0,450590.558,False
940360,Wooden furniture — other (incl. dining/living room tables),2024,710,South Africa,711012.0,178750.233,False
940360,Wooden furniture — other (incl. dining/living room tables),2024,705,Slovenia,2757341.0,693202.57,False
940360,Wooden furniture — other (incl. dining/living room tables),2024,579,Norway,356053.0,89512.634,False
940360,Wooden furniture — other (incl. dining/living room tables),2024,703,Slovakia,11357552.0,2855317.583,False
940360,Wooden furniture — other (incl. dining/living room tables),2024,554,New Zealand,614264.0,154427.539,False
940360,Wooden furniture — other (incl. dining/living room tables),2024,620,Portugal,65898421.0,16567031.364,False
940360,Wooden furniture — other (incl. dining/living room tables),2024,348,Hungary,3376840.0,848946.201,False
940360,Wooden furniture — other (incl. dining/living room tables),2024,642,Romania,39196319.0,9854054.716,False
940360,Wooden furniture — other (incl. dining/living room tables),2024,608,Philippines,18413352.0,4629163.726,False
940360,Wooden furniture — other (incl. dining/living room tables),2024,344,"China, Hong Kong SAR",1142368.0,287194.233,False
940360,Wooden furniture — other (incl. dining/living room tables),2024,360,Indonesia,376151240.0,94565382.54,False
940360,Wooden furniture — other (incl. dining/living room tables),2024,702,Singapore,2494136.0,627032.161,False
940360,Wooden furniture — other (incl. dining/living room tables),2024,246,Finland,981418.0,246730.992,False
940360,Wooden furniture — other (incl. dining/living room tables),2024,376,Israel,2090733.0,525615.617,False
940360,Wooden furniture — other (incl. dining/living room tables),2024,56,Belgium,5139961.0,1292199.324,False
940360,Wooden furniture — other (incl. dining/living room tables),2024,36,Australia,1409278.0,354296.089,False
940360,Wooden furniture — other (incl. dining/living room tables),2024,208,Denmark,15771238.0,3964929.518,False
940360,Wooden furniture — other (incl. dining/living room tables),2024,203,Czechia,11722111.0,2946968.647,False
940360,Wooden furniture — other (incl. dining/living room tables),2024,76,Brazil,70229892.0,17655974.237,False
940360,Wooden furniture — other (incl. dining/living room tables),2024,458,Malaysia,285084103.0,71670871.686,False
940360,Wooden furniture — other (incl. dining/living room tables),2024,40,Austria,1430250.0,359568.503,False
940360,Wooden furniture — other (incl. dining/living room tables),2024,757,Switzerland,30660945.0,7708239.89,False
940360,Wooden furniture — other (incl. dining/living room tables),2024,792,Türkiye,39974183.0,10049611.712,False
940360,Wooden furniture — other (incl. dining/living room tables),2024,752,Sweden,35170025.0,8841834.12,False
940360,Wooden furniture — other (incl. dining/living room tables),2024,616,Poland,143186901.0,35997552.654,False
940360,Wooden furniture — other (incl. dining/living room tables),2024,764,Thailand,109792767.0,27602182.068,False
940360,Wooden furniture — other (incl. dining/living room tables),2024,704,Viet Nam,2783894577.0,699878207.569,False
940360,Wooden furniture — other (incl. dining/living room tables),2024,251,France,48160342.0,12107632.995,False
940360,Wooden furniture — other (incl. dining/living room tables),2024,410,Rep. of Korea,10004037.0,2515040.455,False
940360,Wooden furniture — other (incl. dining/living room tables),2024,699,India,352768197.0,88686825.803,False
940360,Wooden furniture — other (incl. dining/living room tables),2024,724,Spain,36833568.0,9260053.079,False
940360,Wooden furniture — other (incl. dining/living room tables),2024,528,Netherlands,6964605.0,1750919.487,False
940360,Wooden furniture — other (incl. dining/living room tables),2024,392,Japan,2984833.0,750394.64,False
940360,Wooden furniture — other (incl. dining/living room tables),2024,490,"Other Asia, nes",38619431.0,9709023.599,False
940360,Wooden furniture — other (incl. dining/living room tables),2024,484,Mexico,467787468.0,117602964.326,False
940360,Wooden furniture — other (incl. dining/living room tables),2024,380,Italy,348966506.0,87731070.975,False
940360,Wooden furniture — other (incl. dining/living room tables),2024,124,Canada,425330521.0,106929179.403,False
940360,Wooden furniture — other (incl. dining/living room tables),2024,276,Germany,40698284.0,10231652.553,False
940360,Wooden furniture — other (incl. dining/living room tables),2024,156,China,1158151376.0,291162214.197,False
940360,Wooden furniture — other (incl. dining/living room tables),2024,826,United Kingdom,32357054.0,8134646.025,False
940360,Wooden furniture — other (incl. dining/living room tables),2024,242,Fiji,4741.0,1191.9,False
940360,Wooden furniture — other (incl. dining/living room tables),2024,634,Qatar,4871.0,1224.582,False
940360,Wooden furniture — other (incl. dining/living room tables),2024,643,Russian Federation,19904.0,5003.916,False
940360,Wooden furniture — other (incl. dining/living room tables),2024,807,North Macedonia,1958.0,492.246,False
940360,Wooden furniture — other (incl. dining/living room tables),2024,51,Armenia,7457.0,1874.709,False
940360,Wooden furniture — other (incl. dining/living room tables),2024,92,Br. Virgin Isds,1953.0,490.989,False
940360,Wooden furniture — other (incl. dining/living room tables),2024,258,French Polynesia,4917.0,1236.146,False
940360,Wooden furniture — other (incl. dining/living room tables),2024,404,Kenya,6525.0,1640.402,False
940360,Wooden furniture — other (incl. dining/living room tables),2024,686,Senegal,1456.0,366.042,False
940360,Wooden furniture — other (incl. dining/living room tables),2024,292,Gibraltar,1782.0,447.999,False
940360,Wooden furniture — other (incl. dining/living room tables),2024,860,Uzbekistan,1038.0,260.956,False
940360,Wooden furniture — other (incl. dining/living room tables),2024,64,Bhutan,1377.0,346.181,False
940360,Wooden furniture — other (incl. dining/living room tables),2024,112,Belarus,6830.0,1717.079,False
940360,Wooden furniture — other (incl. dining/living room tables),2024,44,Bahamas,360.0,90.505,False
940360,Wooden furniture — other (incl. dining/living room tables),2024,60,Bermuda,5450.0,1370.144,False
940360,Wooden furniture — other (incl. dining/living room tables),2024,231,Ethiopia,1173.0,294.895,False
940360,Wooden furniture — other (incl. dining/living room tables),2024,304,Greenland,789.0,198.357,False
940360,Wooden furniture — other (incl. dining/living room tables),2024,388,Jamaica,830.0,208.664,False
940360,Wooden furniture — other (incl. dining/living room tables),2025,0,World,6433593498.0,1641735066.427,True
940360,Wooden furniture — other (incl. dining/living room tables),2025,372,Ireland,1593277.0,406575.069,False
940360,Wooden furniture — other (incl. dining/living room tables),2025,710,South Africa,812735.0,207395.066,False
940360,Wooden furniture — other (incl. dining/living room tables),2025,784,United Arab Emirates,1470509.0,375246.927,False
940360,Wooden furniture — other (incl. dining/living room tables),2025,579,Norway,371998.0,94927.067,False
940360,Wooden furniture — other (incl. dining/living room tables),2025,170,Colombia,7114265.0,1815429.95,False
940360,Wooden furniture — other (incl. dining/living room tables),2025,804,Ukraine,2591646.0,661340.528,False
940360,Wooden furniture — other (incl. dining/living room tables),2025,586,Pakistan,453939.0,115836.907,False
940360,Wooden furniture — other (incl. dining/living room tables),2025,152,Chile,12509.0,3192.067,False
940360,Wooden furniture — other (incl. dining/living room tables),2025,320,Guatemala,789290.0,201412.332,False
940360,Wooden furniture — other (incl. dining/living room tables),2025,191,Croatia,1891879.0,482772.823,False
940360,Wooden furniture — other (incl. dining/living room tables),2025,188,Costa Rica,285846.0,72942.657,False
940360,Wooden furniture — other (incl. dining/living room tables),2025,144,Sri Lanka,486170.0,124061.667,False
940360,Wooden furniture — other (incl. dining/living room tables),2025,268,Georgia,47722.0,12177.779,False
940360,Wooden furniture — other (incl. dining/living room tables),2025,300,Greece,1857116.0,473901.943,False
940360,Wooden furniture — other (incl. dining/living room tables),2025,222,El Salvador,9351.0,2386.204,False
940360,Wooden furniture — other (incl. dining/living room tables),2025,231,Ethiopia,7415.0,1892.172,False
940360,Wooden furniture — other (incl. dining/living room tables),2025,84,Belize,9153.0,2335.678,False
940360,Wooden furniture — other (incl. dining/living room tables),2025,174,Comoros,59245.0,15118.237,False
940360,Wooden furniture — other (incl. dining/living room tables),2025,178,Congo,27493.0,7015.709,False
940360,Wooden furniture — other (incl. dining/living room tables),2025,70,Bosnia Herzegovina,3511101.0,895968.58,False
940360,Wooden furniture — other (incl. dining/living room tables),2025,72,Botswana,167165.0,42657.442,False
940360,Wooden furniture — other (incl. dining/living room tables),2025,887,Yemen,53823.0,13734.642,False
940360,Wooden furniture — other (incl. dining/living room tables),2025,204,Benin,24452.0,6239.702,False
940360,Wooden furniture — other (incl. dining/living room tables),2025,218,Ecuador,1746739.0,445735.757,False
940360,Wooden furniture — other (incl. dining/living room tables),2025,288,Ghana,28926.0,7381.385,False
940360,Wooden furniture — other (incl. dining/living room tables),2025,340,Honduras,8193219.0,2090759.222,False
940360,Wooden furniture — other (incl. dining/living room tables),2025,233,Estonia,6505739.0,1660145.275,False
940360,Wooden furniture — other (incl. dining/living room tables),2025,214,Dominican Rep.,281836.0,71919.378,False
940360,Wooden furniture — other (incl. dining/living room tables),2025,807,North Macedonia,4382.0,1118.206,False
940360,Wooden furniture — other (incl. dining/living room tables),2025,428,Latvia,2020277.0,515537.638,False
940360,Wooden furniture — other (incl. dining/living room tables),2025,120,Cameroon,8743.0,2231.053,False
940360,Wooden furniture — other (incl. dining/living room tables),2025,422,Lebanon,638851.0,163023.058,False
940360,Wooden furniture — other (incl. dining/living room tables),2025,116,Cambodia,39306555.0,10030311.941,False
940360,Wooden furniture — other (incl. dining/living room tables),2025,882,Samoa,32788.0,8366.896,False
940360,Wooden furniture — other (incl. dining/living room tables),2025,818,Egypt,3142342.0,801868.047,False
940360,Wooden furniture — other (incl. dining/living room tables),2025,68,Bolivia (Plurinational State of),761353.0,194283.322,False
940360,Wooden furniture — other (incl. dining/living room tables),2025,48,Bahrain,839197.0,214147.683,False
940360,Wooden furniture — other (incl. dining/living room tables),2025,591,Panama,260210.0,66400.82,False
940360,Wooden furniture — other (incl. dining/living room tables),2025,643,Russian Federation,9586.0,2446.171,False
940360,Wooden furniture — other (incl. dining/living room tables),2025,646,Rwanda,841.0,214.608,False
940360,Wooden furniture — other (incl. dining/living room tables),2025,440,Lithuania,77476324.0,19770536.943,False
940360,Wooden furniture — other (incl. dining/living room tables),2025,524,Nepal,53115.0,13553.974,False
940360,Wooden furniture — other (incl. dining/living room tables),2025,20,Andorra,4667.0,1190.933,False
940360,Wooden furniture — other (incl. dining/living room tables),2025,8,Albania,248625.0,63444.54,False
940360,Wooden furniture — other (incl. dining/living room tables),2025,51,Armenia,19846.0,5064.335,False
940360,Wooden furniture — other (incl. dining/living room tables),2025,50,Bangladesh,1093281.0,278985.26,False
940360,Wooden furniture — other (incl. dining/living room tables),2025,100,Bulgaria,843601.0,215271.503,False
940360,Wooden furniture — other (incl. dining/living room tables),2025,104,Myanmar,5969.0,1523.179,False
940360,Wooden furniture — other (incl. dining/living room tables),2025,112,Belarus,1986.0,506.791,False
940360,Wooden furniture — other (incl. dining/living room tables),2025,584,Marshall Isds,35326.0,9014.547,False
940360,Wooden furniture — other (incl. dining/living room tables),2025,604,Peru,1588171.0,405272.112,False
940360,Wooden furniture — other (incl. dining/living room tables),2025,694,Sierra Leone,32709.0,8346.737,False
940360,Wooden furniture — other (incl. dining/living room tables),2025,512,Oman,71792.0,18320.002,False
940360,Wooden furniture — other (incl. dining/living room tables),2025,516,Namibia,12722.0,3246.421,False
940360,Wooden furniture — other (incl. dining/living room tables),2025,688,Serbia,5732207.0,1462754.096,False
940360,Wooden furniture — other (incl. dining/living room tables),2025,690,Seychelles,64719.0,16515.102,False
940360,Wooden furniture — other (incl. dining/living room tables),2025,404,Kenya,27229.0,6948.341,False
940360,Wooden furniture — other (incl. dining/living room tables),2025,504,Morocco,1386645.0,353846.372,False
940360,Wooden furniture — other (incl. dining/living room tables),2025,400,Jordan,171355.0,43726.653,False
940360,Wooden furniture — other (incl. dining/living room tables),2025,682,Saudi Arabia,43002.0,10973.322,False
940360,Wooden furniture — other (incl. dining/living room tables),2025,417,Kyrgyzstan,17724.0,4522.84,False
940360,Wooden furniture — other (incl. dining/living room tables),2025,566,Nigeria,3093.0,789.277,False
940360,Wooden furniture — other (incl. dining/living room tables),2025,398,Kazakhstan,47872.0,12216.056,False
940360,Wooden furniture — other (incl. dining/living room tables),2025,450,Madagascar,1445.0,368.737,False
940360,Wooden furniture — other (incl. dining/living room tables),2025,558,Nicaragua,396045.0,101063.42,False
940360,Wooden furniture — other (incl. dining/living room tables),2025,32,Argentina,646988.0,165099.472,False
940360,Wooden furniture — other (incl. dining/living room tables),2025,788,Tunisia,99500.0,25390.575,False
940360,Wooden furniture — other (incl. dining/living room tables),2025,716,Zimbabwe,5924.0,1511.696,False
940360,Wooden furniture — other (incl. dining/living room tables),2025,600,Paraguay,5636.0,1438.204,False
940360,Wooden furniture — other (incl. dining/living room tables),2025,674,San Marino,116721.0,29785.058,False
940360,Wooden furniture — other (incl. dining/living room tables),2025,446,"China, Macao SAR",149979.0,38271.89,False
940360,Wooden furniture — other (incl. dining/living room tables),2025,760,Syria,22913.0,5846.977,False
940360,Wooden furniture — other (incl. dining/living room tables),2025,642,Romania,34704056.0,8855838.607,False
940360,Wooden furniture — other (incl. dining/living room tables),2025,703,Slovakia,17678674.0,4511273.372,False
940360,Wooden furniture — other (incl. dining/living room tables),2025,705,Slovenia,1837527.0,468903.19,False
940360,Wooden furniture — other (incl. dining/living room tables),2025,554,New Zealand,433238.0,110554.392,False
940360,Wooden furniture — other (incl. dining/living room tables),2025,620,Portugal,72103527.0,18399497.688,False
940360,Wooden furniture — other (incl. dining/living room tables),2025,344,"China, Hong Kong SAR",576205.0,147036.948,False
940360,Wooden furniture — other (incl. dining/living room tables),2025,348,Hungary,12860552.0,3281777.004,False
940360,Wooden furniture — other (incl. dining/living room tables),2025,608,Philippines,21302811.0,5436086.667,False
940360,Wooden furniture — other (incl. dining/living room tables),2025,36,Australia,3075729.0,784869.631,False
940360,Wooden furniture — other (incl. dining/living room tables),2025,360,Indonesia,352753421.0,90016203.423,False
940360,Wooden furniture — other (incl. dining/living room tables),2025,702,Singapore,10627727.0,2712001.014,False
940360,Wooden furniture — other (incl. dining/living room tables),2025,376,Israel,1394373.0,355818.416,False
940360,Wooden furniture — other (incl. dining/living room tables),2025,246,Finland,1104656.0,281887.951,False
940360,Wooden furniture — other (incl. dining/living room tables),2025,56,Belgium,6646686.0,1696112.365,False
940360,Wooden furniture — other (incl. dining/living room tables),2025,208,Denmark,17141571.0,4374214.537,False
940360,Wooden furniture — other (incl. dining/living room tables),2025,40,Austria,1424057.0,363393.229,False
940360,Wooden furniture — other (incl. dining/living room tables),2025,76,Brazil,65963525.0,16832681.787,False
940360,Wooden furniture — other (incl. dining/living room tables),2025,458,Malaysia,305803765.0,78035512.284,False
940360,Wooden furniture — other (incl. dining/living room tables),2025,792,Türkiye,37052375.0,9455086.547,False
940360,Wooden furniture — other (incl. dining/living room tables),2025,203,Czechia,8870964.0,2263707.316,False
940360,Wooden furniture — other (incl. dining/living room tables),2025,752,Sweden,11585524.0,2956413.242,False
940360,Wooden furniture — other (incl. dining/living room tables),2025,757,Switzerland,22591319.0,5764890.276,False
940360,Wooden furniture — other (incl. dining/living room tables),2025,616,Poland,126872078.0,32375427.429,False
940360,Wooden furniture — other (incl. dining/living room tables),2025,251,France,46812083.0,11945585.032,False
940360,Wooden furniture — other (incl. dining/living room tables),2025,764,Thailand,97872243.0,24975201.404,False
940360,Wooden furniture — other (incl. dining/living room tables),2025,704,Viet Nam,2635316566.0,672484455.053,False
940360,Wooden furniture — other (incl. dining/living room tables),2025,528,Netherlands,7516437.0,1918056.868,False
940360,Wooden furniture — other (incl. dining/living room tables),2025,724,Spain,35849042.0,9148018.035,False
940360,Wooden furniture — other (incl. dining/living room tables),2025,699,India,296387044.0,75632537.791,False
940360,Wooden furniture — other (incl. dining/living room tables),2025,484,Mexico,400797553.0,102276184.764,False
940360,Wooden furniture — other (incl. dining/living room tables),2025,490,"Other Asia, nes",28254415.0,7210008.513,False
940360,Wooden furniture — other (incl. dining/living room tables),2025,410,Rep. of Korea,6774059.0,1728615.618,False
940360,Wooden furniture — other (incl. dining/living room tables),2025,392,Japan,2774533.0,708009.936,False
940360,Wooden furniture — other (incl. dining/living room tables),2025,826,United Kingdom,27042830.0,6900834.241,False
940360,Wooden furniture — other (incl. dining/living room tables),2025,380,Italy,301457817.0,76926506.061,False
940360,Wooden furniture — other (incl. dining/living room tables),2025,276,Germany,54354502.0,13870272.031,False
940360,Wooden furniture — other (incl. dining/living room tables),2025,124,Canada,337031271.0,86004199.093,False
940360,Wooden furniture — other (incl. dining/living room tables),2025,156,China,843000367.0,215118232.749,False
940360,Wooden furniture — other (incl. dining/living room tables),2025,834,United Rep. of Tanzania,20013.0,5106.951,False
940360,Wooden furniture — other (incl. dining/living room tables),2025,496,Mongolia,7005.0,1787.548,False
940360,Wooden furniture — other (incl. dining/living room tables),2025,470,Malta,7171.0,1829.908,False
940360,Wooden furniture — other (incl. dining/living room tables),2025,562,Niger,256.0,65.327,False
940360,Wooden furniture — other (incl. dining/living room tables),2025,388,Jamaica,1444.0,368.482,False
940360,Wooden furniture — other (incl. dining/living room tables),2025,108,Burundi,6308.0,1609.686,False
940360,Wooden furniture — other (incl. dining/living room tables),2025,498,Rep. of Moldova,18359.0,4684.88,False
940360,Wooden furniture — other (incl. dining/living room tables),2025,499,Montenegro,8369.0,2135.615,False
940360,Wooden furniture — other (incl. dining/living room tables),2025,304,Greenland,703.0,179.393,False
940360,Wooden furniture — other (incl. dining/living room tables),2025,242,Fiji,1098.0,280.189,False
940360,Wooden furniture — other (incl. dining/living room tables),2025,4,Afghanistan,4860.0,1240.183,False
940360,Wooden furniture — other (incl. dining/living room tables),2025,52,Barbados,6350.0,1620.404,False
940360,Wooden furniture — other (incl. dining/living room tables),2025,196,Cyprus,432.0,110.238,False
940360,Wooden furniture — other (incl. dining/living room tables),2025,858,Uruguay,579.0,147.75,False
940360,Wooden furniture — other (incl. dining/living room tables),2025,634,Qatar,1400.0,357.254,False
940360,Wooden furniture — other (incl. dining/living room tables),2025,854,Burkina Faso,1179.0,300.859,False
940360,Wooden furniture — other (incl. dining/living room tables),2025,466,Mali,5042.0,1286.626,False
940360,Wooden furniture — other (incl. dining/living room tables),2025,434,Libya,341.0,87.017,False
940360,Wooden furniture — other (incl. dining/living room tables),2025,414,Kuwait,380.0,96.969,False
940360,Wooden furniture — other (incl. dining/living room tables),2025,780,Trinidad and Tobago,273.0,69.665,False
940391,Furniture parts — of wood,2022,112,Belarus,2626822.0,830612.085,False
940391,Furniture parts — of wood,2022,882,Samoa,173827.0,54964.823,False
940391,Furniture parts — of wood,2022,428,Latvia,4527729.0,1431686.815,False
940391,Furniture parts — of wood,2022,214,Dominican Rep.,7658.0,2421.492,False
940391,Furniture parts — of wood,2022,558,Nicaragua,107034.0,33844.598,False
940391,Furniture parts — of wood,2022,392,Japan,465439.0,147173.755,False
940391,Furniture parts — of wood,2022,792,Türkiye,2452444.0,775473.033,False
940391,Furniture parts — of wood,2022,320,Guatemala,3163.0,1000.154,False
940391,Furniture parts — of wood,2022,76,Brazil,28151067.0,8901484.931,False
940391,Furniture parts — of wood,2022,360,Indonesia,28909914.0,9141435.521,False
940391,Furniture parts — of wood,2022,484,Mexico,261152781.0,82577599.804,False
940391,Furniture parts — of wood,2022,104,Myanmar,17540.0,5546.221,False
940391,Furniture parts — of wood,2022,705,Slovenia,411378.0,130079.441,False
940391,Furniture parts — of wood,2022,276,Germany,28270530.0,8939259.63,False
940391,Furniture parts — of wood,2022,490,"Other Asia, nes",16273845.0,5145857.741,False
940391,Furniture parts — of wood,2022,251,France,4648072.0,1469739.775,False
940391,Furniture parts — of wood,2022,784,United Arab Emirates,30407.0,9614.82,False
940391,Furniture parts — of wood,2022,246,Finland,335317.0,106028.636,False
940391,Furniture parts — of wood,2022,703,Slovakia,10299121.0,3256625.065,False
940391,Furniture parts — of wood,2022,116,Cambodia,1310764.0,414469.05,False
940391,Furniture parts — of wood,2022,40,Austria,654572.0,206978.4,False
940391,Furniture parts — of wood,2022,144,Sri Lanka,3070.0,970.747,False
940391,Furniture parts — of wood,2022,642,Romania,7518187.0,2377282.122,False
940391,Furniture parts — of wood,2022,418,Lao People's Dem. Rep.,10151.0,3209.789,False
940391,Furniture parts — of wood,2022,376,Israel,27907.0,8824.31,False
940391,Furniture parts — of wood,2022,340,Honduras,418004.0,132174.61,False
940391,Furniture parts — of wood,2022,710,South Africa,23354.0,7384.632,False
940391,Furniture parts — of wood,2022,36,Australia,78263.0,24747.087,False
940391,Furniture parts — of wood,2022,818,Egypt,61893.0,19570.825,False
940391,Furniture parts — of wood,2022,688,Serbia,643951.0,203619.995,False
940391,Furniture parts — of wood,2022,528,Netherlands,441210.0,139512.444,False
940391,Furniture parts — of wood,2022,70,Bosnia Herzegovina,78555.0,24839.419,False
940391,Furniture parts — of wood,2022,579,Norway,3779.0,1194.936,False
940391,Furniture parts — of wood,2022,724,Spain,4190172.0,1324949.883,False
940391,Furniture parts — of wood,2022,826,United Kingdom,1629811.0,515353.044,False
940391,Furniture parts — of wood,2022,699,India,9190158.0,2905966.333,False
940391,Furniture parts — of wood,2022,50,Bangladesh,1710645.0,540913.092,False
940391,Furniture parts — of wood,2022,702,Singapore,1878092.0,593860.532,False
940391,Furniture parts — of wood,2022,804,Ukraine,1557877.0,492607.212,False
940391,Furniture parts — of wood,2022,268,Georgia,144054.0,45550.476,False
940391,Furniture parts — of wood,2022,233,Estonia,18066940.0,5712841.867,False
940391,Furniture parts — of wood,2022,218,Ecuador,9392.0,2969.79,False
940391,Furniture parts — of wood,2022,348,Hungary,8149201.0,2576811.383,False
940391,Furniture parts — of wood,2022,440,Lithuania,22229685.0,7029119.218,False
940391,Furniture parts — of wood,2022,504,Morocco,8509.0,2690.581,False
940391,Furniture parts — of wood,2022,152,Chile,62719.0,19832.01,False
940391,Furniture parts — of wood,2022,398,Kazakhstan,2358632.0,745809.287,False
940391,Furniture parts — of wood,2022,8,Albania,82944.0,26227.239,False
940391,Furniture parts — of wood,2022,608,Philippines,894657.0,282894.279,False
940391,Furniture parts — of wood,2022,620,Portugal,15654132.0,4949901.903,False
940391,Furniture parts — of wood,2022,752,Sweden,14228786.0,4499201.546,False
940391,Furniture parts — of wood,2022,166,Cocos Isds,41571.0,13144.924,False
940391,Furniture parts — of wood,2022,498,Rep. of Moldova,1810.0,572.33,False
940391,Furniture parts — of wood,2022,410,Rep. of Korea,3501221.0,1107100.7,False
940391,Furniture parts — of wood,2022,170,Colombia,320474.0,101335.217,False
940391,Furniture parts — of wood,2022,100,Bulgaria,811576.0,256623.72,False
940391,Furniture parts — of wood,2022,188,Costa Rica,3816547.0,1206808.098,False
940391,Furniture parts — of wood,2022,422,Lebanon,21641.0,6842.975,False
940391,Furniture parts — of wood,2022,372,Ireland,1690988.0,534697.466,False
940391,Furniture parts — of wood,2022,136,Cayman Isds,77611.0,24540.922,False
940391,Furniture parts — of wood,2022,854,Burkina Faso,14132.0,4468.597,False
940391,Furniture parts — of wood,2022,180,Dem. Rep. of the Congo,2086.0,659.602,False
940391,Furniture parts — of wood,2022,764,Thailand,11533430.0,3646918.724,False
940391,Furniture parts — of wood,2022,0,World,1842632407.0,582648061.063,True
940391,Furniture parts — of wood,2022,191,Croatia,22762.0,7197.439,False
940391,Furniture parts — of wood,2022,704,Viet Nam,582148854.0,184077898.416,False
940391,Furniture parts — of wood,2022,757,Switzerland,393632.0,124468.082,False
940391,Furniture parts — of wood,2022,344,"China, Hong Kong SAR",1258010.0,397788.015,False
940391,Furniture parts — of wood,2022,124,Canada,217662790.0,68825883.056,False
940391,Furniture parts — of wood,2022,300,Greece,410647.0,129848.296,False
940391,Furniture parts — of wood,2022,51,Armenia,14168.0,4479.981,False
940391,Furniture parts — of wood,2022,203,Czechia,2081158.0,658070.85,False
940391,Furniture parts — of wood,2022,156,China,202881610.0,64152012.221,False
940391,Furniture parts — of wood,2022,458,Malaysia,50939400.0,16107250.979,False
940391,Furniture parts — of wood,2022,512,Oman,6798.0,2149.556,False
940391,Furniture parts — of wood,2022,162,Christmas Isds,1442.0,455.966,False
940391,Furniture parts — of wood,2022,56,Belgium,156943.0,49626.032,False
940391,Furniture parts — of wood,2022,694,Sierra Leone,1938.0,612.804,False
940391,Furniture parts — of wood,2022,380,Italy,209560374.0,66263865.285,False
940391,Furniture parts — of wood,2022,616,Poland,39668451.0,12543329.843,False
940391,Furniture parts — of wood,2022,208,Denmark,1692014.0,535021.892,False
940391,Furniture parts — of wood,2022,68,Bolivia (Plurinational State of),185542.0,58669.155,False
940391,Furniture parts — of wood,2022,643,Russian Federation,9232170.0,2919250.703,False
940391,Furniture parts — of wood,2022,32,Argentina,296463.0,93742.838,False
940391,Furniture parts — of wood,2023,0,World,1462804649.0,449456004.211,True
940391,Furniture parts — of wood,2023,498,Rep. of Moldova,2155.0,662.137,False
940391,Furniture parts — of wood,2023,288,Ghana,1837.0,564.43,False
940391,Furniture parts — of wood,2023,558,Nicaragua,110523.0,33958.893,False
940391,Furniture parts — of wood,2023,784,United Arab Emirates,3800.0,1167.574,False
940391,Furniture parts — of wood,2023,340,Honduras,453649.0,139386.532,False
940391,Furniture parts — of wood,2023,112,Belarus,733911.0,225498.809,False
940391,Furniture parts — of wood,2023,116,Cambodia,2232590.0,685977.435,False
940391,Furniture parts — of wood,2023,144,Sri Lanka,1859.0,571.19,False
940391,Furniture parts — of wood,2023,188,Costa Rica,2501667.0,768653.049,False
940391,Furniture parts — of wood,2023,191,Croatia,7591.0,2332.383,False
940391,Furniture parts — of wood,2023,214,Dominican Rep.,1322.0,406.193,False
940391,Furniture parts — of wood,2023,218,Ecuador,14879.0,4571.667,False
940391,Furniture parts — of wood,2023,222,El Salvador,1748.0,537.084,False
940391,Furniture parts — of wood,2023,233,Estonia,15205849.0,4672093.527,False
940391,Furniture parts — of wood,2023,8,Albania,13986.0,4297.287,False
940391,Furniture parts — of wood,2023,32,Argentina,157537.0,48404.242,False
940391,Furniture parts — of wood,2023,50,Bangladesh,1490205.0,457874.936,False
940391,Furniture parts — of wood,2023,68,Bolivia (Plurinational State of),105846.0,32521.855,False
940391,Furniture parts — of wood,2023,70,Bosnia Herzegovina,13671.0,4200.501,False
940391,Furniture parts — of wood,2023,398,Kazakhstan,2583871.0,793910.749,False
940391,Furniture parts — of wood,2023,422,Lebanon,13085.0,4020.449,False
940391,Furniture parts — of wood,2023,428,Latvia,2377667.0,730553.263,False
940391,Furniture parts — of wood,2023,440,Lithuania,24633481.0,7568793.241,False
940391,Furniture parts — of wood,2023,804,Ukraine,554816.0,170470.734,False
940391,Furniture parts — of wood,2023,818,Egypt,3942.0,1211.204,False
940391,Furniture parts — of wood,2023,858,Uruguay,3511.0,1078.777,False
940391,Furniture parts — of wood,2023,643,Russian Federation,1590.0,488.538,False
940391,Furniture parts — of wood,2023,674,San Marino,234661.0,72101.08,False
940391,Furniture parts — of wood,2023,688,Serbia,546429.0,167893.775,False
940391,Furniture parts — of wood,2023,504,Morocco,24777.0,7612.89,False
940391,Furniture parts — of wood,2023,512,Oman,6432.0,1976.273,False
940391,Furniture parts — of wood,2023,524,Nepal,4985.0,1531.673,False
940391,Furniture parts — of wood,2023,300,Greece,749161.0,230184.468,False
940391,Furniture parts — of wood,2023,100,Bulgaria,1047309.0,321792.331,False
940391,Furniture parts — of wood,2023,579,Norway,1189.0,365.328,False
940391,Furniture parts — of wood,2023,702,Singapore,340912.0,104747.374,False
940391,Furniture parts — of wood,2023,642,Romania,6123828.0,1881584.985,False
940391,Furniture parts — of wood,2023,703,Slovakia,6989884.0,2147686.183,False
940391,Furniture parts — of wood,2023,710,South Africa,56593.0,17388.558,False
940391,Furniture parts — of wood,2023,705,Slovenia,559697.0,171970.452,False
940391,Furniture parts — of wood,2023,372,Ireland,256985.0,78960.271,False
940391,Furniture parts — of wood,2023,608,Philippines,910059.0,279621.399,False
940391,Furniture parts — of wood,2023,246,Finland,188286.0,57852.067,False
940391,Furniture parts — of wood,2023,348,Hungary,9236686.0,2838030.344,False
940391,Furniture parts — of wood,2023,170,Colombia,494209.0,151848.849,False
940391,Furniture parts — of wood,2023,620,Portugal,15231856.0,4680084.343,False
940391,Furniture parts — of wood,2023,360,Indonesia,23786135.0,7308440.809,False
940391,Furniture parts — of wood,2023,458,Malaysia,37377652.0,11484520.593,False
940391,Furniture parts — of wood,2023,376,Israel,79065.0,24293.223,False
940391,Furniture parts — of wood,2023,344,"China, Hong Kong SAR",418400.0,128556.053,False
940391,Furniture parts — of wood,2023,208,Denmark,2218950.0,681786.458,False
940391,Furniture parts — of wood,2023,56,Belgium,231855.0,71238.919,False
940391,Furniture parts — of wood,2023,36,Australia,29567.0,9084.648,False
940391,Furniture parts — of wood,2023,752,Sweden,13784763.0,4235455.842,False
940391,Furniture parts — of wood,2023,40,Austria,790319.0,242830.524,False
940391,Furniture parts — of wood,2023,764,Thailand,15737430.0,4835425.16,False
940391,Furniture parts — of wood,2023,203,Czechia,1340316.0,411820.59,False
940391,Furniture parts — of wood,2023,792,Türkiye,4692350.0,1441754.292,False
940391,Furniture parts — of wood,2023,76,Brazil,16365129.0,5028289.658,False
940391,Furniture parts — of wood,2023,704,Viet Nam,395699735.0,121581252.754,False
940391,Furniture parts — of wood,2023,757,Switzerland,424794.0,130520.65,False
940391,Furniture parts — of wood,2023,616,Poland,46344973.0,14239786.833,False
940391,Furniture parts — of wood,2023,410,Rep. of Korea,1352113.0,415445.293,False
940391,Furniture parts — of wood,2023,528,Netherlands,213937.0,65733.5,False
940391,Furniture parts — of wood,2023,490,"Other Asia, nes",11696615.0,3593859.128,False
940391,Furniture parts — of wood,2023,724,Spain,8007327.0,2460301.996,False
940391,Furniture parts — of wood,2023,392,Japan,529208.0,162602.514,False
940391,Furniture parts — of wood,2023,276,Germany,26461327.0,8130410.515,False
940391,Furniture parts — of wood,2023,826,United Kingdom,1751536.0,538170.543,False
940391,Furniture parts — of wood,2023,484,Mexico,212590782.0,65319865.831,False
940391,Furniture parts — of wood,2023,699,India,18186701.0,5587979.206,False
940391,Furniture parts — of wood,2023,380,Italy,169518754.0,52085712.104,False
940391,Furniture parts — of wood,2023,156,China,113981335.0,35021487.947,False
940391,Furniture parts — of wood,2023,251,France,3674749.0,1129089.932,False
940391,Furniture parts — of wood,2023,124,Canada,239282986.0,73521214.768,False
940391,Furniture parts — of wood,2023,554,New Zealand,1904.0,585.016,False
940391,Furniture parts — of wood,2023,862,Venezuela,341.0,104.774,False
940391,Furniture parts — of wood,2023,352,Iceland,2127.0,653.534,False
940391,Furniture parts — of wood,2023,104,Myanmar,302.0,92.791,False
940391,Furniture parts — of wood,2023,586,Pakistan,646.0,198.488,False
940391,Furniture parts — of wood,2024,0,World,1632639108.0,539956890.609,True
940391,Furniture parts — of wood,2024,32,Argentina,125281.0,41433.737,False
940391,Furniture parts — of wood,2024,50,Bangladesh,1032512.0,341478.999,False
940391,Furniture parts — of wood,2024,68,Bolivia (Plurinational State of),220369.0,72881.851,False
940391,Furniture parts — of wood,2024,8,Albania,18054.0,5970.935,False
940391,Furniture parts — of wood,2024,70,Bosnia Herzegovina,155194.0,51326.756,False
940391,Furniture parts — of wood,2024,31,Azerbaijan,4750.0,1570.951,False
940391,Furniture parts — of wood,2024,100,Bulgaria,49282.0,16298.86,False
940391,Furniture parts — of wood,2024,116,Cambodia,3157037.0,1044115.551,False
940391,Furniture parts — of wood,2024,144,Sri Lanka,2150.0,711.062,False
940391,Furniture parts — of wood,2024,188,Costa Rica,1403906.0,464308.808,False
940391,Furniture parts — of wood,2024,191,Croatia,32498.0,10747.947,False
940391,Furniture parts — of wood,2024,218,Ecuador,14813.0,4899.05,False
940391,Furniture parts — of wood,2024,233,Estonia,16031878.0,5302165.649,False
940391,Furniture parts — of wood,2024,340,Honduras,234334.0,77500.445,False
940391,Furniture parts — of wood,2024,372,Ireland,103180.0,34124.352,False
940391,Furniture parts — of wood,2024,398,Kazakhstan,942526.0,311718.252,False
940391,Furniture parts — of wood,2024,170,Colombia,462636.0,153005.949,False
940391,Furniture parts — of wood,2024,214,Dominican Rep.,20350.0,6730.283,False
940391,Furniture parts — of wood,2024,705,Slovenia,380023.0,125683.647,False
940391,Furniture parts — of wood,2024,642,Romania,3246530.0,1073713.251,False
940391,Furniture parts — of wood,2024,643,Russian Federation,2893.0,956.792,False
940391,Furniture parts — of wood,2024,674,San Marino,497703.0,164603.532,False
940391,Furniture parts — of wood,2024,688,Serbia,580519.0,191992.972,False
940391,Furniture parts — of wood,2024,703,Slovakia,3251053.0,1075209.126,False
940391,Furniture parts — of wood,2024,784,United Arab Emirates,99104.0,32776.311,False
940391,Furniture parts — of wood,2024,804,Ukraine,673340.0,222691.329,False
940391,Furniture parts — of wood,2024,818,Egypt,29668.0,9811.991,False
940391,Furniture parts — of wood,2024,512,Oman,39221.0,12971.421,False
940391,Furniture parts — of wood,2024,887,Yemen,526.0,173.962,False
940391,Furniture parts — of wood,2024,499,Montenegro,1700.0,562.235,False
940391,Furniture parts — of wood,2024,604,Peru,3620.0,1197.23,False
940391,Furniture parts — of wood,2024,558,Nicaragua,42002.0,13891.171,False
940391,Furniture parts — of wood,2024,584,Marshall Isds,84838.0,28058.168,False
940391,Furniture parts — of wood,2024,300,Greece,185625.0,61391.092,False
940391,Furniture parts — of wood,2024,418,Lao People's Dem. Rep.,333.0,110.132,False
940391,Furniture parts — of wood,2024,422,Lebanon,18040.0,5966.305,False
940391,Furniture parts — of wood,2024,428,Latvia,3559358.0,1177173.736,False
940391,Furniture parts — of wood,2024,440,Lithuania,14192064.0,4693690.548,False
940391,Furniture parts — of wood,2024,504,Morocco,97968.0,32400.606,False
940391,Furniture parts — of wood,2024,520,Nauru,21434.0,7088.79,False
940391,Furniture parts — of wood,2024,554,New Zealand,14162.0,4683.748,False
940391,Furniture parts — of wood,2024,348,Hungary,8312416.0,2749135.602,False
940391,Furniture parts — of wood,2024,246,Finland,134099.0,44350.082,False
940391,Furniture parts — of wood,2024,344,"China, Hong Kong SAR",250918.0,82985.212,False
940391,Furniture parts — of wood,2024,702,Singapore,50712.0,16771.798,False
940391,Furniture parts — of wood,2024,376,Israel,3057.0,1011.031,False
940391,Furniture parts — of wood,2024,710,South Africa,3683.0,1218.065,False
940391,Furniture parts — of wood,2024,36,Australia,17010.0,5625.656,False
940391,Furniture parts — of wood,2024,208,Denmark,2657976.0,879062.892,False
940391,Furniture parts — of wood,2024,360,Indonesia,21737870.0,7189287.967,False
940391,Furniture parts — of wood,2024,608,Philippines,685188.0,226609.776,False
940391,Furniture parts — of wood,2024,203,Czechia,2484559.0,821709.308,False
940391,Furniture parts — of wood,2024,458,Malaysia,42745441.0,14137046.759,False
940391,Furniture parts — of wood,2024,40,Austria,456646.0,151024.898,False
940391,Furniture parts — of wood,2024,56,Belgium,134879.0,44608.049,False
940391,Furniture parts — of wood,2024,76,Brazil,19017504.0,6289591.053,False
940391,Furniture parts — of wood,2024,752,Sweden,12639604.0,4180251.006,False
940391,Furniture parts — of wood,2024,620,Portugal,15778909.0,5218502.117,False
940391,Furniture parts — of wood,2024,410,Rep. of Korea,404966.0,133932.956,False
940391,Furniture parts — of wood,2024,392,Japan,655517.0,216796.792,False
940391,Furniture parts — of wood,2024,276,Germany,25545182.0,8448466.642,False
940391,Furniture parts — of wood,2024,251,France,2581183.0,853665.418,False
940391,Furniture parts — of wood,2024,156,China,128828617.0,42607027.552,False
940391,Furniture parts — of wood,2024,764,Thailand,25561931.0,8454005.979,False
940391,Furniture parts — of wood,2024,124,Canada,224315506.0,74187064.699,False
940391,Furniture parts — of wood,2024,380,Italy,176277321.0,58299567.654,False
940391,Furniture parts — of wood,2024,792,Türkiye,1816352.0,600715.598,False
940391,Furniture parts — of wood,2024,757,Switzerland,331366.0,109591.492,False
940391,Furniture parts — of wood,2024,616,Poland,52362321.0,17317603.072,False
940391,Furniture parts — of wood,2024,704,Viet Nam,546175057.0,180634522.388,False
940391,Furniture parts — of wood,2024,490,"Other Asia, nes",16845818.0,5571357.113,False
940391,Furniture parts — of wood,2024,724,Spain,3198269.0,1057752.063,False
940391,Furniture parts — of wood,2024,528,Netherlands,345873.0,114389.34,False
940391,Furniture parts — of wood,2024,484,Mexico,230683541.0,76293142.13,False
940391,Furniture parts — of wood,2024,699,India,16040439.0,5304996.998,False
940391,Furniture parts — of wood,2024,826,United Kingdom,2523196.0,834487.585,False
940391,Furniture parts — of wood,2024,320,Guatemala,1696.0,560.912,False
940391,Furniture parts — of wood,2024,579,Norway,1112.0,367.768,False
940391,Furniture parts — of wood,2024,64,Bhutan,900.0,297.654,False
940391,Furniture parts — of wood,2025,760,Syria,1782.0,596.253,False
940391,Furniture parts — of wood,2025,0,World,1739086778.0,581894147.724,True
940391,Furniture parts — of wood,2025,586,Pakistan,19641.0,6571.83,False
940391,Furniture parts — of wood,2025,152,Chile,212970.0,71259.237,False
940391,Furniture parts — of wood,2025,320,Guatemala,1281.0,428.619,False
940391,Furniture parts — of wood,2025,191,Croatia,33024.0,11049.749,False
940391,Furniture parts — of wood,2025,188,Costa Rica,539422.0,180489.271,False
940391,Furniture parts — of wood,2025,144,Sri Lanka,289697.0,96931.902,False
940391,Furniture parts — of wood,2025,268,Georgia,800.0,267.678,False
940391,Furniture parts — of wood,2025,300,Greece,162213.0,54276.07,False
940391,Furniture parts — of wood,2025,84,Belize,7142.0,2389.696,False
940391,Furniture parts — of wood,2025,70,Bosnia Herzegovina,460900.0,154216.004,False
940391,Furniture parts — of wood,2025,887,Yemen,339.0,113.429,False
940391,Furniture parts — of wood,2025,218,Ecuador,105440.0,35279.964,False
940391,Furniture parts — of wood,2025,340,Honduras,159681.0,53428.869,False
940391,Furniture parts — of wood,2025,233,Estonia,12125937.0,4057308.62,False
940391,Furniture parts — of wood,2025,332,Haiti,2185.0,731.096,False
940391,Furniture parts — of wood,2025,214,Dominican Rep.,34986.0,11706.229,False
940391,Furniture parts — of wood,2025,428,Latvia,4742219.0,1586734.784,False
940391,Furniture parts — of wood,2025,120,Cameroon,19059.0,6377.094,False
940391,Furniture parts — of wood,2025,422,Lebanon,6622.0,2215.705,False
940391,Furniture parts — of wood,2025,116,Cambodia,3114850.0,1042221.129,False
940391,Furniture parts — of wood,2025,818,Egypt,2350.0,786.304,False
940391,Furniture parts — of wood,2025,858,Uruguay,431.0,144.212,False
940391,Furniture parts — of wood,2025,68,Bolivia (Plurinational State of),13169.0,4406.315,False
940391,Furniture parts — of wood,2025,440,Lithuania,19856218.0,6643841.582,False
940391,Furniture parts — of wood,2025,524,Nepal,4800.0,1606.068,False
940391,Furniture parts — of wood,2025,8,Albania,9398.0,3144.548,False
940391,Furniture parts — of wood,2025,50,Bangladesh,1170097.0,391511.571,False
940391,Furniture parts — of wood,2025,100,Bulgaria,205024.0,68600.525,False
940391,Furniture parts — of wood,2025,579,Norway,1051.0,351.662,False
940391,Furniture parts — of wood,2025,804,Ukraine,1113819.0,372681.091,False
940391,Furniture parts — of wood,2025,694,Sierra Leone,3384.0,1132.278,False
940391,Furniture parts — of wood,2025,512,Oman,12855.0,4301.251,False
940391,Furniture parts — of wood,2025,688,Serbia,821227.0,274780.529,False
940391,Furniture parts — of wood,2025,690,Seychelles,1109.0,371.069,False
940391,Furniture parts — of wood,2025,504,Morocco,22155.0,7413.008,False
940391,Furniture parts — of wood,2025,398,Kazakhstan,376314.0,125913.736,False
940391,Furniture parts — of wood,2025,499,Montenegro,90680.0,30341.304,False
940391,Furniture parts — of wood,2025,558,Nicaragua,36998.0,12379.44,False
940391,Furniture parts — of wood,2025,32,Argentina,14295.0,4783.072,False
940391,Furniture parts — of wood,2025,674,San Marino,252008.0,84321.255,False
940391,Furniture parts — of wood,2025,554,New Zealand,704.0,235.557,False
940391,Furniture parts — of wood,2025,784,United Arab Emirates,265617.0,88874.793,False
940391,Furniture parts — of wood,2025,702,Singapore,355804.0,119051.141,False
940391,Furniture parts — of wood,2025,703,Slovakia,6481689.0,2168757.157,False
940391,Furniture parts — of wood,2025,705,Slovenia,330005.0,110418.859,False
940391,Furniture parts — of wood,2025,348,Hungary,18102534.0,6057063.24,False
940391,Furniture parts — of wood,2025,642,Romania,13509822.0,4520353.129,False
940391,Furniture parts — of wood,2025,710,South Africa,3468.0,1160.384,False
940391,Furniture parts — of wood,2025,170,Colombia,659114.0,220537.919,False
940391,Furniture parts — of wood,2025,372,Ireland,432518.0,144719.456,False
940391,Furniture parts — of wood,2025,246,Finland,154069.0,51551.108,False
940391,Furniture parts — of wood,2025,36,Australia,84406.0,28242.039,False
940391,Furniture parts — of wood,2025,608,Philippines,888829.0,297399.992,False
940391,Furniture parts — of wood,2025,40,Austria,814969.0,272686.618,False
940391,Furniture parts — of wood,2025,360,Indonesia,29547550.0,9886537.372,False
940391,Furniture parts — of wood,2025,620,Portugal,16697530.0,5586952.366,False
940391,Furniture parts — of wood,2025,376,Israel,355186.0,118844.36,False
940391,Furniture parts — of wood,2025,208,Denmark,2305096.0,771279.438,False
940391,Furniture parts — of wood,2025,792,Türkiye,1552676.0,519521.561,False
940391,Furniture parts — of wood,2025,203,Czechia,2908554.0,973194.997,False
940391,Furniture parts — of wood,2025,56,Belgium,296892.0,99339.331,False
940391,Furniture parts — of wood,2025,76,Brazil,13943668.0,4665516.931,False
940391,Furniture parts — of wood,2025,752,Sweden,8121589.0,2717463.653,False
940391,Furniture parts — of wood,2025,458,Malaysia,50611955.0,16934635.345,False
940391,Furniture parts — of wood,2025,699,India,17853317.0,5973675.846,False
940391,Furniture parts — of wood,2025,490,"Other Asia, nes",13479532.0,4510218.17,False
940391,Furniture parts — of wood,2025,392,Japan,498965.0,166952.459,False
940391,Furniture parts — of wood,2025,251,France,662477.0,221663.171,False
940391,Furniture parts — of wood,2025,757,Switzerland,607560.0,203288.078,False
940391,Furniture parts — of wood,2025,484,Mexico,240625512.0,80512702.987,False
940391,Furniture parts — of wood,2025,616,Poland,49290621.0,16492520.247,False
940391,Furniture parts — of wood,2025,410,Rep. of Korea,3786647.0,1267002.749,False
940391,Furniture parts — of wood,2025,764,Thailand,47063761.0,15747418.382,False
940391,Furniture parts — of wood,2025,704,Viet Nam,641750745.0,214728216.865,False
940391,Furniture parts — of wood,2025,528,Netherlands,117197.0,39213.827,False
940391,Furniture parts — of wood,2025,276,Germany,34338602.0,11489611.558,False
940391,Furniture parts — of wood,2025,724,Spain,3160298.0,1057427.918,False
940391,Furniture parts — of wood,2025,380,Italy,176785067.0,59151847.506,False
940391,Furniture parts — of wood,2025,124,Canada,192439160.0,64389668.425,False
940391,Furniture parts — of wood,2025,826,United Kingdom,4270765.0,1428987.438,False
940391,Furniture parts — of wood,2025,156,China,97878016.0,32749742.809,False
940391,Furniture parts — of wood,2025,51,Armenia,459.0,153.58,False
940391,Furniture parts — of wood,2025,4,Afghanistan,3511.0,1174.772,False
940391,Furniture parts — of wood,2025,682,Saudi Arabia,2750.0,920.143,False
940161,Seats with wooden frames — upholstered,2019,512,Oman,11158.0,1949.511,False
940161,Seats with wooden frames — upholstered,2019,818,Egypt,745010.0,130167.162,False
940161,Seats with wooden frames — upholstered,2019,392,Japan,2461036.0,429988.955,False
940161,Seats with wooden frames — upholstered,2019,188,Costa Rica,15280.0,2669.701,False
940161,Seats with wooden frames — upholstered,2019,422,Lebanon,267198.0,46684.481,False
940161,Seats with wooden frames — upholstered,2019,268,Georgia,31956.0,5583.31,False
940161,Seats with wooden frames — upholstered,2019,504,Morocco,1061355.0,185438.542,False
940161,Seats with wooden frames — upholstered,2019,68,Bolivia (Plurinational State of),27213.0,4754.619,False
940161,Seats with wooden frames — upholstered,2019,8,Albania,31810.0,5557.801,False
940161,Seats with wooden frames — upholstered,2019,400,Jordan,1809.0,316.066,False
940161,Seats with wooden frames — upholstered,2019,662,Saint Lucia,12131.0,2119.512,False
940161,Seats with wooden frames — upholstered,2019,586,Pakistan,142421.0,24883.609,False
940161,Seats with wooden frames — upholstered,2019,100,Bulgaria,1621468.0,283300.745,False
940161,Seats with wooden frames — upholstered,2019,418,Lao People's Dem. Rep.,1227.0,214.38,False
940161,Seats with wooden frames — upholstered,2019,70,Bosnia Herzegovina,3116929.0,544585.713,False
940161,Seats with wooden frames — upholstered,2019,705,Slovenia,862819.0,150750.595,False
940161,Seats with wooden frames — upholstered,2019,704,Viet Nam,1693816045.0,295941299.509,False
940161,Seats with wooden frames — upholstered,2019,583,FS Micronesia,537.0,93.824,False
940161,Seats with wooden frames — upholstered,2019,56,Belgium,2169399.0,379034.525,False
940161,Seats with wooden frames — upholstered,2019,780,Trinidad and Tobago,253690.0,44324.381,False
940161,Seats with wooden frames — upholstered,2019,300,Greece,242168.0,42311.273,False
940161,Seats with wooden frames — upholstered,2019,170,Colombia,194263.0,33941.374,False
940161,Seats with wooden frames — upholstered,2019,404,Kenya,5780.0,1009.874,False
940161,Seats with wooden frames — upholstered,2019,784,United Arab Emirates,109719.0,19169.959,False
940161,Seats with wooden frames — upholstered,2019,388,Jamaica,18002.0,3145.286,False
940161,Seats with wooden frames — upholstered,2019,620,Portugal,5205526.0,909502.619,False
940161,Seats with wooden frames — upholstered,2019,44,Bahamas,8981.0,1569.148,False
940161,Seats with wooden frames — upholstered,2019,380,Italy,190960812.0,33364420.549,False
940161,Seats with wooden frames — upholstered,2019,800,Uganda,2250.0,393.117,False
940161,Seats with wooden frames — upholstered,2019,642,Romania,12306251.0,2150131.901,False
940161,Seats with wooden frames — upholstered,2019,760,Syria,271.0,47.349,False
940161,Seats with wooden frames — upholstered,2019,608,Philippines,5177509.0,904607.526,False
940161,Seats with wooden frames — upholstered,2019,231,Ethiopia,4503.0,786.758,False
940161,Seats with wooden frames — upholstered,2019,208,Denmark,15083021.0,2635285.484,False
940161,Seats with wooden frames — upholstered,2019,32,Argentina,117391.0,20510.4,False
940161,Seats with wooden frames — upholstered,2019,458,Malaysia,109039629.0,19051259.787,False
940161,Seats with wooden frames — upholstered,2019,344,"China, Hong Kong SAR",1800511.0,314582.901,False
940161,Seats with wooden frames — upholstered,2019,566,Nigeria,13148.0,2297.201,False
940161,Seats with wooden frames — upholstered,2019,152,Chile,11148.0,1947.764,False
940161,Seats with wooden frames — upholstered,2019,360,Indonesia,63613919.0,11114539.806,False
940161,Seats with wooden frames — upholstered,2019,540,New Caledonia,39945.0,6979.138,False
940161,Seats with wooden frames — upholstered,2019,558,Nicaragua,55749.0,9740.392,False
940161,Seats with wooden frames — upholstered,2019,682,Saudi Arabia,110883.0,19373.331,False
940161,Seats with wooden frames — upholstered,2019,218,Ecuador,1435190.0,250754.499,False
940161,Seats with wooden frames — upholstered,2019,764,Thailand,23258134.0,4063630.416,False
940161,Seats with wooden frames — upholstered,2019,40,Austria,974567.0,170275.057,False
940161,Seats with wooden frames — upholstered,2019,446,"China, Macao SAR",138772.0,24246.06,False
940161,Seats with wooden frames — upholstered,2019,132,Cabo Verde,224277.0,39185.381,False
940161,Seats with wooden frames — upholstered,2019,156,China,3460701550.0,604649198.443,False
940161,Seats with wooden frames — upholstered,2019,410,Rep. of Korea,335196.0,58565.002,False
940161,Seats with wooden frames — upholstered,2019,470,Malta,100492.0,17557.829,False
940161,Seats with wooden frames — upholstered,2019,792,Türkiye,13580413.0,2372751.801,False
940161,Seats with wooden frames — upholstered,2019,466,Mali,13896.0,2427.891,False
940161,Seats with wooden frames — upholstered,2019,616,Poland,24553978.0,4290038.566,False
940161,Seats with wooden frames — upholstered,2019,288,Ghana,1482.0,258.933,False
940161,Seats with wooden frames — upholstered,2019,36,Australia,426474.0,74512.973,False
940161,Seats with wooden frames — upholstered,2019,376,Israel,173603.0,30331.687,False
940161,Seats with wooden frames — upholstered,2019,499,Montenegro,34379.0,6006.653,False
940161,Seats with wooden frames — upholstered,2019,276,Germany,7966871.0,1391961.166,False
940161,Seats with wooden frames — upholstered,2019,233,Estonia,138727.0,24238.198,False
940161,Seats with wooden frames — upholstered,2019,604,Peru,165239.0,28870.34,False
940161,Seats with wooden frames — upholstered,2019,372,Ireland,59987.0,10480.849,False
940161,Seats with wooden frames — upholstered,2019,554,New Zealand,54648.0,9548.026,False
940161,Seats with wooden frames — upholstered,2019,144,Sri Lanka,17770.0,3104.751,False
940161,Seats with wooden frames — upholstered,2019,710,South Africa,382205.0,66778.352,False
940161,Seats with wooden frames — upholstered,2019,716,Zimbabwe,1200.0,209.662,False
940161,Seats with wooden frames — upholstered,2019,804,Ukraine,513683.0,89750.014,False
940161,Seats with wooden frames — upholstered,2019,76,Brazil,17505831.0,3058595.643,False
940161,Seats with wooden frames — upholstered,2019,84,Belize,68543.0,11975.742,False
940161,Seats with wooden frames — upholstered,2019,246,Finland,1376571.0,240512.665,False
940161,Seats with wooden frames — upholstered,2019,214,Dominican Rep.,227888.0,39816.29,False
940161,Seats with wooden frames — upholstered,2019,702,Singapore,451565.0,78896.84,False
940161,Seats with wooden frames — upholstered,2019,703,Slovakia,5732039.0,1001494.274,False
940161,Seats with wooden frames — upholstered,2019,826,United Kingdom,12824525.0,2240684.049,False
940161,Seats with wooden frames — upholstered,2019,242,Fiji,19285.0,3369.45,False
940161,Seats with wooden frames — upholstered,2019,266,Gabon,3757.0,656.418,False
940161,Seats with wooden frames — upholstered,2019,442,Luxembourg,43183.0,7544.877,False
940161,Seats with wooden frames — upholstered,2019,500,Montserrat,657240.0,114832.104,False
940161,Seats with wooden frames — upholstered,2019,120,Cameroon,4172.0,728.926,False
940161,Seats with wooden frames — upholstered,2019,192,Cuba,1651.0,288.461,False
940161,Seats with wooden frames — upholstered,2019,352,Iceland,4343.0,758.803,False
940161,Seats with wooden frames — upholstered,2019,320,Guatemala,33027.0,5770.434,False
940161,Seats with wooden frames — upholstered,2019,124,Canada,203199276.0,35502708.795,False
940161,Seats with wooden frames — upholstered,2019,191,Croatia,299508.0,52329.642,False
940161,Seats with wooden frames — upholstered,2019,528,Netherlands,4023313.0,702947.927,False
940161,Seats with wooden frames — upholstered,2019,440,Lithuania,2170937.0,379303.242,False
940161,Seats with wooden frames — upholstered,2019,484,Mexico,433902065.0,75810795.012,False
940161,Seats with wooden frames — upholstered,2019,336,Holy See (Vatican City State),22041.0,3850.974,False
940161,Seats with wooden frames — upholstered,2019,724,Spain,28769307.0,5026535.275,False
940161,Seats with wooden frames — upholstered,2019,807,North Macedonia,183943.0,32138.278,False
940161,Seats with wooden frames — upholstered,2019,788,Tunisia,213477.0,37298.419,False
940161,Seats with wooden frames — upholstered,2019,508,Mozambique,17028.0,2975.11,False
940161,Seats with wooden frames — upholstered,2019,643,Russian Federation,16078.0,2809.127,False
940161,Seats with wooden frames — upholstered,2019,116,Cambodia,100642488.0,17584122.415,False
940161,Seats with wooden frames — upholstered,2019,340,Honduras,2132428.0,372575.0,False
940161,Seats with wooden frames — upholstered,2019,428,Latvia,1190612.0,208022.154,False
940161,Seats with wooden frames — upholstered,2019,203,Czechia,1941139.0,339153.239,False
940161,Seats with wooden frames — upholstered,2019,50,Bangladesh,6899021.0,1205387.826,False
940161,Seats with wooden frames — upholstered,2019,348,Hungary,341770.0,59713.602,False
940161,Seats with wooden frames — upholstered,2019,104,Myanmar,7231.0,1263.391,False
940161,Seats with wooden frames — upholstered,2019,686,Senegal,425.0,74.255,False
940161,Seats with wooden frames — upholstered,2019,752,Sweden,4478641.0,782502.233,False
940161,Seats with wooden frames — upholstered,2019,688,Serbia,39517.0,6904.358,False
940161,Seats with wooden frames — upholstered,2019,498,Rep. of Moldova,20075.0,3507.477,False
940161,Seats with wooden frames — upholstered,2019,699,India,20331974.0,3552375.611,False
940161,Seats with wooden frames — upholstered,2019,490,"Other Asia, nes",3251285.0,568060.216,False
940161,Seats with wooden frames — upholstered,2019,251,France,21950450.0,3835153.597,False
940161,Seats with wooden frames — upholstered,2019,757,Switzerland,861616.0,150540.408,False
940161,Seats with wooden frames — upholstered,2019,86,Br. Indian Ocean Terr.,2982.0,521.011,False
940161,Seats with wooden frames — upholstered,2019,579,Norway,10340961.0,1806759.031,False
940161,Seats with wooden frames — upholstered,2019,0,World,6532235577.0,1141303561.895,True
940161,Seats with wooden frames — upholstered,2019,112,Belarus,2992.0,522.758,False
940161,Seats with wooden frames — upholstered,2019,524,Nepal,4449.0,777.323,False
940161,Seats with wooden frames — upholstered,2019,4,Afghanistan,325.0,56.784,False
940161,Seats with wooden frames — upholstered,2020,470,Malta,63451.0,10742.026,False
940161,Seats with wooden frames — upholstered,2020,858,Uruguay,2383.0,403.433,False
940161,Seats with wooden frames — upholstered,2020,804,Ukraine,1822549.0,308550.985,False
940161,Seats with wooden frames — upholstered,2020,862,Venezuela,24869.0,4210.232,False
940161,Seats with wooden frames — upholstered,2020,484,Mexico,412540184.0,69841568.147,False
940161,Seats with wooden frames — upholstered,2020,710,South Africa,650837.0,110184.361,False
940161,Seats with wooden frames — upholstered,2020,170,Colombia,179939.0,30463.025,False
940161,Seats with wooden frames — upholstered,2020,360,Indonesia,66819948.0,11312376.667,False
940161,Seats with wooden frames — upholstered,2020,208,Denmark,13712021.0,2321395.797,False
940161,Seats with wooden frames — upholstered,2020,372,Ireland,25666.0,4345.161,False
940161,Seats with wooden frames — upholstered,2020,231,Ethiopia,1057.0,178.946,False
940161,Seats with wooden frames — upholstered,2020,724,Spain,20106798.0,3404008.524,False
940161,Seats with wooden frames — upholstered,2020,180,Dem. Rep. of the Congo,3709.0,627.92,False
940161,Seats with wooden frames — upholstered,2020,392,Japan,1600029.0,270879.15,False
940161,Seats with wooden frames — upholstered,2020,792,Türkiye,19042344.0,3223800.293,False
940161,Seats with wooden frames — upholstered,2020,682,Saudi Arabia,183652.0,31091.623,False
940161,Seats with wooden frames — upholstered,2020,705,Slovenia,665152.0,112607.839,False
940161,Seats with wooden frames — upholstered,2020,36,Australia,306407.0,51873.602,False
940161,Seats with wooden frames — upholstered,2020,0,World,6791017439.0,1149694807.066,True
940161,Seats with wooden frames — upholstered,2020,268,Georgia,7237.0,1225.198,False
940161,Seats with wooden frames — upholstered,2020,887,Yemen,46786.0,7920.701,False
940161,Seats with wooden frames — upholstered,2020,76,Brazil,14373422.0,2433368.605,False
940161,Seats with wooden frames — upholstered,2020,512,Oman,7396.0,1252.116,False
940161,Seats with wooden frames — upholstered,2020,344,"China, Hong Kong SAR",4256262.0,720569.836,False
940161,Seats with wooden frames — upholstered,2020,410,Rep. of Korea,339401.0,57459.368,False
940161,Seats with wooden frames — upholstered,2020,132,Cabo Verde,44531.0,7538.938,False
940161,Seats with wooden frames — upholstered,2020,740,Suriname,11648.0,1971.964,False
940161,Seats with wooden frames — upholstered,2020,686,Senegal,717.0,121.386,False
940161,Seats with wooden frames — upholstered,2020,554,New Zealand,61731.0,10450.836,False
940161,Seats with wooden frames — upholstered,2020,156,China,2798652195.0,473801742.416,False
940161,Seats with wooden frames — upholstered,2020,716,Zimbabwe,14561.0,2465.125,False
940161,Seats with wooden frames — upholstered,2020,120,Cameroon,29514.0,4996.614,False
940161,Seats with wooden frames — upholstered,2020,380,Italy,192442944.0,32579897.69,False
940161,Seats with wooden frames — upholstered,2020,458,Malaysia,166346591.0,28161879.065,False
940161,Seats with wooden frames — upholstered,2020,558,Nicaragua,61351.0,10386.503,False
940161,Seats with wooden frames — upholstered,2020,320,Guatemala,132238.0,22387.417,False
940161,Seats with wooden frames — upholstered,2020,788,Tunisia,284495.0,48163.979,False
940161,Seats with wooden frames — upholstered,2020,616,Poland,17665422.0,2990692.355,False
940161,Seats with wooden frames — upholstered,2020,112,Belarus,466206.0,78926.998,False
940161,Seats with wooden frames — upholstered,2020,604,Peru,69169.0,11710.063,False
940161,Seats with wooden frames — upholstered,2020,818,Egypt,845165.0,143083.392,False
940161,Seats with wooden frames — upholstered,2020,528,Netherlands,3153597.0,533892.62,False
940161,Seats with wooden frames — upholstered,2020,498,Rep. of Moldova,31892.0,5399.201,False
940161,Seats with wooden frames — upholstered,2020,70,Bosnia Herzegovina,1767210.0,299182.292,False
940161,Seats with wooden frames — upholstered,2020,246,Finland,791481.0,133994.884,False
940161,Seats with wooden frames — upholstered,2020,162,Christmas Isds,5982.0,1012.731,False
940161,Seats with wooden frames — upholstered,2020,643,Russian Federation,14532.0,2460.215,False
940161,Seats with wooden frames — upholstered,2020,104,Myanmar,10329.0,1748.663,False
940161,Seats with wooden frames — upholstered,2020,688,Serbia,157433.0,26652.84,False
940161,Seats with wooden frames — upholstered,2020,620,Portugal,5331775.0,902650.315,False
940161,Seats with wooden frames — upholstered,2020,340,Honduras,1310792.0,221912.367,False
940161,Seats with wooden frames — upholstered,2020,752,Sweden,2956665.0,500552.742,False
940161,Seats with wooden frames — upholstered,2020,634,Qatar,1024.0,173.36,False
940161,Seats with wooden frames — upholstered,2020,251,France,12856445.0,2176549.86,False
940161,Seats with wooden frames — upholstered,2020,504,Morocco,734649.0,124373.431,False
940161,Seats with wooden frames — upholstered,2020,51,Armenia,1647.0,278.831,False
940161,Seats with wooden frames — upholstered,2020,50,Bangladesh,5755404.0,974369.18,False
940161,Seats with wooden frames — upholstered,2020,442,Luxembourg,45047.0,7626.295,False
940161,Seats with wooden frames — upholstered,2020,800,Uganda,550.0,93.113,False
940161,Seats with wooden frames — upholstered,2020,579,Norway,4728196.0,800466.563,False
940161,Seats with wooden frames — upholstered,2020,699,India,20098081.0,3402532.767,False
940161,Seats with wooden frames — upholstered,2020,428,Latvia,1630219.0,275990.208,False
940161,Seats with wooden frames — upholstered,2020,218,Ecuador,1254254.0,212340.687,False
940161,Seats with wooden frames — upholstered,2020,56,Belgium,854418.0,144649.892,False
940161,Seats with wooden frames — upholstered,2020,702,Singapore,371359.0,62869.742,False
940161,Seats with wooden frames — upholstered,2020,376,Israel,339560.0,57486.286,False
940161,Seats with wooden frames — upholstered,2020,860,Uzbekistan,8721.0,1476.434,False
940161,Seats with wooden frames — upholstered,2020,348,Hungary,74967.0,12691.643,False
940161,Seats with wooden frames — upholstered,2020,8,Albania,27728.0,4694.251,False
940161,Seats with wooden frames — upholstered,2020,116,Cambodia,119160408.0,20173428.137,False
940161,Seats with wooden frames — upholstered,2020,288,Ghana,1695.0,286.957,False
940161,Seats with wooden frames — upholstered,2020,352,Iceland,22207.0,3759.565,False
940161,Seats with wooden frames — upholstered,2020,400,Jordan,16727.0,2831.821,False
940161,Seats with wooden frames — upholstered,2020,440,Lithuania,2711838.0,459104.412,False
940161,Seats with wooden frames — upholstered,2020,336,Holy See (Vatican City State),31401.0,5316.076,False
940161,Seats with wooden frames — upholstered,2020,586,Pakistan,185530.0,31409.561,False
940161,Seats with wooden frames — upholstered,2020,152,Chile,8651.0,1464.583,False
940161,Seats with wooden frames — upholstered,2020,300,Greece,398770.0,67510.326,False
940161,Seats with wooden frames — upholstered,2020,642,Romania,10835658.0,1834437.895,False
940161,Seats with wooden frames — upholstered,2020,854,Burkina Faso,3912.0,662.288,False
940161,Seats with wooden frames — upholstered,2020,764,Thailand,72200372.0,12223263.083,False
940161,Seats with wooden frames — upholstered,2020,608,Philippines,4849017.0,820921.123,False
940161,Seats with wooden frames — upholstered,2020,524,Nepal,1997.0,338.085,False
940161,Seats with wooden frames — upholstered,2020,784,United Arab Emirates,344352.0,58297.554,False
940161,Seats with wooden frames — upholstered,2020,191,Croatia,192574.0,32602.085,False
940161,Seats with wooden frames — upholstered,2020,703,Slovakia,3495911.0,591845.148,False
940161,Seats with wooden frames — upholstered,2020,704,Viet Nam,2577715594.0,436397971.163,False
940161,Seats with wooden frames — upholstered,2020,4,Afghanistan,11665.0,1974.843,False
940161,Seats with wooden frames — upholstered,2020,203,Czechia,1408428.0,238441.791,False
940161,Seats with wooden frames — upholstered,2020,490,"Other Asia, nes",2899992.0,490958.207,False
940161,Seats with wooden frames — upholstered,2020,32,Argentina,136691.0,23141.294,False
940161,Seats with wooden frames — upholstered,2020,233,Estonia,205845.0,34848.818,False
940161,Seats with wooden frames — upholstered,2020,826,United Kingdom,9679738.0,1638744.8,False
940161,Seats with wooden frames — upholstered,2020,591,Panama,39731.0,6726.315,False
940161,Seats with wooden frames — upholstered,2020,100,Bulgaria,464834.0,78694.723,False
940161,Seats with wooden frames — upholstered,2020,222,El Salvador,4099.0,693.946,False
940161,Seats with wooden frames — upholstered,2020,446,"China, Macao SAR",61354.0,10387.011,False
940161,Seats with wooden frames — upholstered,2020,566,Nigeria,401.0,67.888,False
940161,Seats with wooden frames — upholstered,2020,674,San Marino,16769.0,2838.931,False
940161,Seats with wooden frames — upholstered,2020,276,Germany,5459371.0,924251.858,False
940161,Seats with wooden frames — upholstered,2020,760,Syria,5717.0,967.868,False
940161,Seats with wooden frames — upholstered,2020,422,Lebanon,214589.0,36329.145,False
940161,Seats with wooden frames — upholstered,2020,659,Saint Kitts and Nevis,23760.0,4022.482,False
940161,Seats with wooden frames — upholstered,2020,807,North Macedonia,28484.0,4822.239,False
940161,Seats with wooden frames — upholstered,2020,757,Switzerland,650963.0,110205.693,False
940161,Seats with wooden frames — upholstered,2020,188,Costa Rica,21311.0,3607.876,False
940161,Seats with wooden frames — upholstered,2020,40,Austria,745789.0,126259.393,False
940161,Seats with wooden frames — upholstered,2020,214,Dominican Rep.,1225400.0,207455.809,False
940161,Seats with wooden frames — upholstered,2020,144,Sri Lanka,77952.0,13196.993,False
940161,Seats with wooden frames — upholstered,2020,124,Canada,177191252.0,29997841.135,False
940161,Seats with wooden frames — upholstered,2020,780,Trinidad and Tobago,22758.0,3852.847,False
940161,Seats with wooden frames — upholstered,2020,670,Saint Vincent and the Grenadines,17263.0,2922.564,False
940161,Seats with wooden frames — upholstered,2020,795,Turkmenistan,2735.0,463.026,False
940161,Seats with wooden frames — upholstered,2021,0,World,9936249227.0,1547809532.086,True
940161,Seats with wooden frames — upholstered,2021,376,Israel,392413.0,61127.752,False
940161,Seats with wooden frames — upholstered,2021,796,Turks and Caicos Isds,40132.0,6251.523,False
940161,Seats with wooden frames — upholstered,2021,70,Bosnia Herzegovina,2293603.0,357283.77,False
940161,Seats with wooden frames — upholstered,2021,31,Azerbaijan,48490.0,7553.482,False
940161,Seats with wooden frames — upholstered,2021,442,Luxembourg,8238.0,1283.266,False
940161,Seats with wooden frames — upholstered,2021,410,Rep. of Korea,326366.0,50839.345,False
940161,Seats with wooden frames — upholstered,2021,400,Jordan,44129.0,6874.152,False
940161,Seats with wooden frames — upholstered,2021,484,Mexico,758886525.0,118214808.257,False
940161,Seats with wooden frames — upholstered,2021,792,Türkiye,41876885.0,6523330.917,False
940161,Seats with wooden frames — upholstered,2021,92,Br. Virgin Isds,15362.0,2393.001,False
940161,Seats with wooden frames — upholstered,2021,246,Finland,1325100.0,206416.16,False
940161,Seats with wooden frames — upholstered,2021,56,Belgium,1412285.0,219997.318,False
940161,Seats with wooden frames — upholstered,2021,579,Norway,30681807.0,4779428.56,False
940161,Seats with wooden frames — upholstered,2021,152,Chile,2388.0,371.988,False
940161,Seats with wooden frames — upholstered,2021,276,Germany,6881582.0,1071971.724,False
940161,Seats with wooden frames — upholstered,2021,268,Georgia,6650.0,1035.897,False
940161,Seats with wooden frames — upholstered,2021,320,Guatemala,213919.0,33323.024,False
940161,Seats with wooden frames — upholstered,2021,414,Kuwait,1314.0,204.687,False
940161,Seats with wooden frames — upholstered,2021,422,Lebanon,230662.0,35931.148,False
940161,Seats with wooden frames — upholstered,2021,504,Morocco,480766.0,74890.855,False
940161,Seats with wooden frames — upholstered,2021,710,South Africa,846202.0,131816.291,False
940161,Seats with wooden frames — upholstered,2021,208,Denmark,19300930.0,3006583.546,False
940161,Seats with wooden frames — upholstered,2021,540,New Caledonia,20647.0,3216.266,False
940161,Seats with wooden frames — upholstered,2021,233,Estonia,1376753.0,214462.356,False
940161,Seats with wooden frames — upholstered,2021,124,Canada,211136215.0,32889537.961,False
940161,Seats with wooden frames — upholstered,2021,608,Philippines,4873658.0,759189.321,False
940161,Seats with wooden frames — upholstered,2021,554,New Zealand,68076.0,10604.473,False
940161,Seats with wooden frames — upholstered,2021,706,Somalia,1266.0,197.21,False
940161,Seats with wooden frames — upholstered,2021,470,Malta,174128.0,27124.619,False
940161,Seats with wooden frames — upholstered,2021,591,Panama,828.0,128.981,False
940161,Seats with wooden frames — upholstered,2021,566,Nigeria,6806.0,1060.198,False
940161,Seats with wooden frames — upholstered,2021,524,Nepal,21267.0,3312.846,False
940161,Seats with wooden frames — upholstered,2021,36,Australia,491980.0,76637.705,False
940161,Seats with wooden frames — upholstered,2021,76,Brazil,25673733.0,3999300.717,False
940161,Seats with wooden frames — upholstered,2021,231,Ethiopia,6235.0,971.251,False
940161,Seats with wooden frames — upholstered,2021,694,Sierra Leone,1468.0,228.676,False
940161,Seats with wooden frames — upholstered,2021,380,Italy,312453737.0,48672176.132,False
940161,Seats with wooden frames — upholstered,2021,251,France,19859963.0,3093666.366,False
940161,Seats with wooden frames — upholstered,2021,490,"Other Asia, nes",2265024.0,352831.904,False
940161,Seats with wooden frames — upholstered,2021,818,Egypt,1415646.0,220520.875,False
940161,Seats with wooden frames — upholstered,2021,788,Tunisia,567253.0,88363.283,False
940161,Seats with wooden frames — upholstered,2021,705,Slovenia,706834.0,110106.377,False
940161,Seats with wooden frames — upholstered,2021,112,Belarus,1948869.0,303583.168,False
940161,Seats with wooden frames — upholstered,2021,604,Peru,135394.0,21090.868,False
940161,Seats with wooden frames — upholstered,2021,372,Ireland,185999.0,28973.813,False
940161,Seats with wooden frames — upholstered,2021,643,Russian Federation,214771.0,33455.743,False
940161,Seats with wooden frames — upholstered,2021,757,Switzerland,1291373.0,201162.37,False
940161,Seats with wooden frames — upholstered,2021,887,Yemen,87066.0,13562.621,False
940161,Seats with wooden frames — upholstered,2021,156,China,3823643223.0,595624293.7,False
940161,Seats with wooden frames — upholstered,2021,8,Albania,38351.0,5974.09,False
940161,Seats with wooden frames — upholstered,2021,214,Dominican Rep.,2659420.0,414268.557,False
940161,Seats with wooden frames — upholstered,2021,616,Poland,31936592.0,4974891.47,False
940161,Seats with wooden frames — upholstered,2021,340,Honduras,1986489.0,309443.386,False
940161,Seats with wooden frames — upholstered,2021,642,Romania,18236297.0,2840741.379,False
940161,Seats with wooden frames — upholstered,2021,716,Zimbabwe,2395.0,373.079,False
940161,Seats with wooden frames — upholstered,2021,499,Montenegro,5600.0,872.335,False
940161,Seats with wooden frames — upholstered,2021,266,Gabon,19157.0,2984.163,False
940161,Seats with wooden frames — upholstered,2021,498,Rep. of Moldova,24941.0,3885.16,False
940161,Seats with wooden frames — upholstered,2021,360,Indonesia,96651523.0,15055796.727,False
940161,Seats with wooden frames — upholstered,2021,862,Venezuela,16898.0,2632.269,False
940161,Seats with wooden frames — upholstered,2021,854,Burkina Faso,31465.0,4901.43,False
940161,Seats with wooden frames — upholstered,2021,188,Costa Rica,353339.0,55041.038,False
940161,Seats with wooden frames — upholstered,2021,764,Thailand,119688876.0,18644417.921,False
940161,Seats with wooden frames — upholstered,2021,620,Portugal,7811343.0,1216804.337,False
940161,Seats with wooden frames — upholstered,2021,804,Ukraine,2437060.0,379630.645,False
940161,Seats with wooden frames — upholstered,2021,120,Cameroon,33673.0,5245.379,False
940161,Seats with wooden frames — upholstered,2021,116,Cambodia,228336498.0,35568895.27,False
940161,Seats with wooden frames — upholstered,2021,682,Saudi Arabia,193939.0,30210.659,False
940161,Seats with wooden frames — upholstered,2021,191,Croatia,214462.0,33407.609,False
940161,Seats with wooden frames — upholstered,2021,558,Nicaragua,17703.0,2757.668,False
940161,Seats with wooden frames — upholstered,2021,344,"China, Hong Kong SAR",6271326.0,976909.691,False
940161,Seats with wooden frames — upholstered,2021,674,San Marino,903.0,140.664,False
940161,Seats with wooden frames — upholstered,2021,446,"China, Macao SAR",185130.0,28838.445,False
940161,Seats with wooden frames — upholstered,2021,84,Belize,59135.0,9211.697,False
940161,Seats with wooden frames — upholstered,2021,704,Viet Nam,3834108286.0,597254478.681,False
940161,Seats with wooden frames — upholstered,2021,50,Bangladesh,16116927.0,2510598.584,False
940161,Seats with wooden frames — upholstered,2021,858,Uruguay,1683.0,262.168,False
940161,Seats with wooden frames — upholstered,2021,104,Myanmar,11962.0,1863.369,False
940161,Seats with wooden frames — upholstered,2021,218,Ecuador,2568674.0,400132.687,False
940161,Seats with wooden frames — upholstered,2021,68,Bolivia (Plurinational State of),424.0,66.048,False
940161,Seats with wooden frames — upholstered,2021,300,Greece,336315.0,52389.141,False
940161,Seats with wooden frames — upholstered,2021,170,Colombia,256807.0,40003.86,False
940161,Seats with wooden frames — upholstered,2021,428,Latvia,1397752.0,217733.455,False
940161,Seats with wooden frames — upholstered,2021,512,Oman,486.0,75.706,False
940161,Seats with wooden frames — upholstered,2021,100,Bulgaria,1824398.0,284193.819,False
940161,Seats with wooden frames — upholstered,2021,807,North Macedonia,111617.0,17387.029,False
940161,Seats with wooden frames — upholstered,2021,784,United Arab Emirates,455584.0,70968.153,False
940161,Seats with wooden frames — upholstered,2021,348,Hungary,175679.0,27366.225,False
940161,Seats with wooden frames — upholstered,2021,586,Pakistan,201766.0,31429.902,False
940161,Seats with wooden frames — upholstered,2021,688,Serbia,201807.0,31436.289,False
940161,Seats with wooden frames — upholstered,2021,288,Ghana,9125.0,1421.438,False
940161,Seats with wooden frames — upholstered,2021,392,Japan,1551228.0,241641.029,False
940161,Seats with wooden frames — upholstered,2021,458,Malaysia,194488435.0,30296246.269,False
940161,Seats with wooden frames — upholstered,2021,699,India,33780993.0,5262201.237,False
940161,Seats with wooden frames — upholstered,2021,12,Algeria,69132.0,10768.97,False
940161,Seats with wooden frames — upholstered,2021,440,Lithuania,6216067.0,968301.774,False
940161,Seats with wooden frames — upholstered,2021,336,Holy See (Vatican City State),39533.0,6158.215,False
940161,Seats with wooden frames — upholstered,2021,760,Syria,39077.0,6087.182,False
940161,Seats with wooden frames — upholstered,2021,702,Singapore,108676.0,16928.898,False
940161,Seats with wooden frames — upholstered,2021,40,Austria,1199458.0,186844.4,False
940161,Seats with wooden frames — upholstered,2021,352,Iceland,30762.0,4791.921,False
940161,Seats with wooden frames — upholstered,2021,270,Gambia,3915.0,609.855,False
940161,Seats with wooden frames — upholstered,2021,32,Argentina,185265.0,28859.475,False
940161,Seats with wooden frames — upholstered,2021,332,Haiti,2313.0,360.305,False
940161,Seats with wooden frames — upholstered,2021,703,Slovakia,3507673.0,546404.34,False
940161,Seats with wooden frames — upholstered,2021,724,Spain,20647691.0,3216373.927,False
940161,Seats with wooden frames — upholstered,2021,780,Trinidad and Tobago,98354.0,15320.998,False
940161,Seats with wooden frames — upholstered,2021,132,Cabo Verde,37648.0,5864.58,False
940161,Seats with wooden frames — upholstered,2021,752,Sweden,5281153.0,822666.458,False
940161,Seats with wooden frames — upholstered,2021,826,United Kingdom,14068658.0,2191531.478,False
940161,Seats with wooden frames — upholstered,2021,528,Netherlands,4406198.0,686371.196,False
940161,Seats with wooden frames — upholstered,2021,203,Czechia,1551231.0,241641.496,False
940161,Seats with wooden frames — upholstered,2022,214,Dominican Rep.,2975749.0,400401.046,False
940161,Seats with wooden frames — upholstered,2022,56,Belgium,1792595.0,241202.102,False
940161,Seats with wooden frames — upholstered,2022,764,Thailand,138994958.0,18702426.364,False
940161,Seats with wooden frames — upholstered,2022,380,Italy,398684254.0,53644844.462,False
940161,Seats with wooden frames — upholstered,2022,562,Niger,803.0,108.047,False
940161,Seats with wooden frames — upholstered,2022,704,Viet Nam,3415567568.0,459580706.027,False
940161,Seats with wooden frames — upholstered,2022,336,Holy See (Vatican City State),38267.0,5149.005,False
940161,Seats with wooden frames — upholstered,2022,170,Colombia,1369396.0,184258.683,False
940161,Seats with wooden frames — upholstered,2022,404,Kenya,3260.0,438.648,False
940161,Seats with wooden frames — upholstered,2022,579,Norway,23921810.0,3218792.224,False
940161,Seats with wooden frames — upholstered,2022,583,FS Micronesia,17036.0,2292.274,False
940161,Seats with wooden frames — upholstered,2022,642,Romania,26034438.0,3503056.274,False
940161,Seats with wooden frames — upholstered,2022,792,Türkiye,45605613.0,6136450.064,False
940161,Seats with wooden frames — upholstered,2022,288,Ghana,12341.0,1660.54,False
940161,Seats with wooden frames — upholstered,2022,784,United Arab Emirates,73489.0,9888.291,False
940161,Seats with wooden frames — upholstered,2022,446,"China, Macao SAR",159937.0,21520.277,False
940161,Seats with wooden frames — upholstered,2022,760,Syria,8687.0,1168.877,False
940161,Seats with wooden frames — upholstered,2022,780,Trinidad and Tobago,59327.0,7982.727,False
940161,Seats with wooden frames — upholstered,2022,152,Chile,53005.0,7132.072,False
940161,Seats with wooden frames — upholstered,2022,208,Denmark,23512152.0,3163670.811,False
940161,Seats with wooden frames — upholstered,2022,132,Cabo Verde,75811.0,10200.727,False
940161,Seats with wooden frames — upholstered,2022,458,Malaysia,234985674.0,31618429.386,False
940161,Seats with wooden frames — upholstered,2022,504,Morocco,425425.0,57242.938,False
940161,Seats with wooden frames — upholstered,2022,499,Montenegro,706.0,94.996,False
940161,Seats with wooden frames — upholstered,2022,400,Jordan,225969.0,30405.193,False
940161,Seats with wooden frames — upholstered,2022,608,Philippines,3497273.0,470574.557,False
940161,Seats with wooden frames — upholstered,2022,818,Egypt,2683468.0,361073.26,False
940161,Seats with wooden frames — upholstered,2022,84,Belize,38364.0,5162.057,False
940161,Seats with wooden frames — upholstered,2022,268,Georgia,1450.0,195.104,False
940161,Seats with wooden frames — upholstered,2022,788,Tunisia,632190.0,85064.143,False
940161,Seats with wooden frames — upholstered,2022,300,Greece,596993.0,80328.22,False
940161,Seats with wooden frames — upholstered,2022,320,Guatemala,631846.0,85017.856,False
940161,Seats with wooden frames — upholstered,2022,414,Kuwait,9985.0,1343.529,False
940161,Seats with wooden frames — upholstered,2022,558,Nicaragua,34558.0,4649.942,False
940161,Seats with wooden frames — upholstered,2022,40,Austria,977240.0,131492.245,False
940161,Seats with wooden frames — upholstered,2022,688,Serbia,631149.0,84924.071,False
940161,Seats with wooden frames — upholstered,2022,31,Azerbaijan,50952.0,6855.832,False
940161,Seats with wooden frames — upholstered,2022,674,San Marino,7209.0,970.005,False
940161,Seats with wooden frames — upholstered,2022,328,Guyana,699.0,94.054,False
940161,Seats with wooden frames — upholstered,2022,417,Kyrgyzstan,34004.0,4575.398,False
940161,Seats with wooden frames — upholstered,2022,188,Costa Rica,48251.0,6492.399,False
940161,Seats with wooden frames — upholstered,2022,699,India,39853356.0,5362456.787,False
940161,Seats with wooden frames — upholstered,2022,670,Saint Vincent and the Grenadines,6250.0,840.967,False
940161,Seats with wooden frames — upholstered,2022,116,Cambodia,241694872.0,32521183.582,False
940161,Seats with wooden frames — upholstered,2022,136,Cayman Isds,717.0,96.476,False
940161,Seats with wooden frames — upholstered,2022,76,Brazil,28747521.0,3868114.372,False
940161,Seats with wooden frames — upholstered,2022,604,Peru,218410.0,29388.094,False
940161,Seats with wooden frames — upholstered,2022,490,"Other Asia, nes",2081695.0,280101.869,False
940161,Seats with wooden frames — upholstered,2022,752,Sweden,5646434.0,759754.293,False
940161,Seats with wooden frames — upholstered,2022,705,Slovenia,1190488.0,160185.768,False
940161,Seats with wooden frames — upholstered,2022,308,Grenada,4320.0,581.276,False
940161,Seats with wooden frames — upholstered,2022,70,Bosnia Herzegovina,1183625.0,159262.319,False
940161,Seats with wooden frames — upholstered,2022,166,Cocos Isds,35078.0,4719.91,False
940161,Seats with wooden frames — upholstered,2022,191,Croatia,194122.0,26120.03,False
940161,Seats with wooden frames — upholstered,2022,470,Malta,149421.0,20105.299,False
940161,Seats with wooden frames — upholstered,2022,120,Cameroon,3210.0,431.921,False
940161,Seats with wooden frames — upholstered,2022,92,Br. Virgin Isds,121285.0,16319.468,False
940161,Seats with wooden frames — upholstered,2022,804,Ukraine,4890392.0,658025.281,False
940161,Seats with wooden frames — upholstered,2022,203,Czechia,2308652.0,310640.002,False
940161,Seats with wooden frames — upholstered,2022,8,Albania,977626.0,131544.184,False
940161,Seats with wooden frames — upholstered,2022,246,Finland,1698977.0,228605.359,False
940161,Seats with wooden frames — upholstered,2022,233,Estonia,3288215.0,442444.818,False
940161,Seats with wooden frames — upholstered,2022,620,Portugal,10703485.0,1440204.328,False
940161,Seats with wooden frames — upholstered,2022,462,Maldives,13197.0,1775.719,False
940161,Seats with wooden frames — upholstered,2022,100,Bulgaria,2285190.0,307483.079,False
940161,Seats with wooden frames — upholstered,2022,112,Belarus,1159945.0,156076.064,False
940161,Seats with wooden frames — upholstered,2022,218,Ecuador,3556026.0,478480.05,False
940161,Seats with wooden frames — upholstered,2022,520,Nauru,3101.0,417.254,False
940161,Seats with wooden frames — upholstered,2022,512,Oman,23051.0,3101.621,False
940161,Seats with wooden frames — upholstered,2022,826,United Kingdom,23667191.0,3184532.038,False
940161,Seats with wooden frames — upholstered,2022,498,Rep. of Moldova,156925.0,21114.998,False
940161,Seats with wooden frames — upholstered,2022,0,World,9559221226.0,1286238246.689,True
940161,Seats with wooden frames — upholstered,2022,478,Mauritania,17029.0,2291.332,False
940161,Seats with wooden frames — upholstered,2022,854,Burkina Faso,56063.0,7543.541,False
940161,Seats with wooden frames — upholstered,2022,104,Myanmar,25269.0,3400.063,False
940161,Seats with wooden frames — upholstered,2022,702,Singapore,126429.0,17011.618,False
940161,Seats with wooden frames — upholstered,2022,348,Hungary,145457.0,19571.925,False
940161,Seats with wooden frames — upholstered,2022,694,Sierra Leone,41526.0,5587.519,False
940161,Seats with wooden frames — upholstered,2022,566,Nigeria,100210.0,13483.728,False
940161,Seats with wooden frames — upholstered,2022,96,Brunei Darussalam,9405.0,1265.487,False
940161,Seats with wooden frames — upholstered,2022,372,Ireland,195766.0,26341.237,False
940161,Seats with wooden frames — upholstered,2022,554,New Zealand,171563.0,23084.61,False
940161,Seats with wooden frames — upholstered,2022,860,Uzbekistan,705.0,94.861,False
940161,Seats with wooden frames — upholstered,2022,430,Liberia,487.0,65.528,False
940161,Seats with wooden frames — upholstered,2022,376,Israel,1393105.0,187448.84,False
940161,Seats with wooden frames — upholstered,2022,231,Ethiopia,967.0,130.114,False
940161,Seats with wooden frames — upholstered,2022,384,Côte d'Ivoire,5136.0,691.073,False
940161,Seats with wooden frames — upholstered,2022,162,Christmas Isds,31363.0,4220.039,False
940161,Seats with wooden frames — upholstered,2022,344,"China, Hong Kong SAR",3903139.0,525185.739,False
940161,Seats with wooden frames — upholstered,2022,887,Yemen,173125.0,23294.784,False
940161,Seats with wooden frames — upholstered,2022,238,Falkland Isds (Malvinas),11184.0,1504.86,False
940161,Seats with wooden frames — upholstered,2022,12,Algeria,34959.0,4703.898,False
940161,Seats with wooden frames — upholstered,2022,686,Senegal,4908.0,660.395,False
940161,Seats with wooden frames — upholstered,2022,428,Latvia,1708450.0,229879.996,False
940161,Seats with wooden frames — upholstered,2022,51,Armenia,590.0,79.387,False
940161,Seats with wooden frames — upholstered,2022,50,Bangladesh,14416218.0,1939770.043,False
940161,Seats with wooden frames — upholstered,2022,4,Afghanistan,967.0,130.114,False
940161,Seats with wooden frames — upholstered,2022,392,Japan,2831533.0,380996.104,False
940161,Seats with wooden frames — upholstered,2022,710,South Africa,1379356.0,185598.848,False
940161,Seats with wooden frames — upholstered,2022,757,Switzerland,1593844.0,214459.218,False
940161,Seats with wooden frames — upholstered,2022,807,North Macedonia,110503.0,14868.699,False
940161,Seats with wooden frames — upholstered,2022,591,Panama,57356.0,7717.52,False
940161,Seats with wooden frames — upholstered,2022,276,Germany,6660712.0,896230.176,False
940161,Seats with wooden frames — upholstered,2022,32,Argentina,176888.0,23801.114,False
940161,Seats with wooden frames — upholstered,2022,484,Mexico,959782942.0,129143316.106,False
940161,Seats with wooden frames — upholstered,2022,124,Canada,248254199.0,33403771.929,False
940161,Seats with wooden frames — upholstered,2022,703,Slovakia,6360213.0,855796.62,False
940161,Seats with wooden frames — upholstered,2022,156,China,3377013264.0,454393042.806,False
940161,Seats with wooden frames — upholstered,2022,528,Netherlands,5976688.0,804191.525,False
940161,Seats with wooden frames — upholstered,2022,616,Poland,42577095.0,5728948.701,False
940161,Seats with wooden frames — upholstered,2022,434,Libya,1468.0,197.526,False
940161,Seats with wooden frames — upholstered,2022,643,Russian Federation,13417.0,1805.321,False
940161,Seats with wooden frames — upholstered,2022,724,Spain,20145533.0,2710676.365,False
940161,Seats with wooden frames — upholstered,2022,466,Mali,91798.0,12351.853,False
940161,Seats with wooden frames — upholstered,2022,340,Honduras,1662346.0,223676.485,False
940161,Seats with wooden frames — upholstered,2022,36,Australia,1005064.0,135236.096,False
940161,Seats with wooden frames — upholstered,2022,586,Pakistan,458872.0,61743.389,False
940161,Seats with wooden frames — upholstered,2022,410,Rep. of Korea,523325.0,70415.844,False
940161,Seats with wooden frames — upholstered,2022,706,Somalia,2172.0,292.253,False
940161,Seats with wooden frames — upholstered,2022,440,Lithuania,8628431.0,1160996.037,False
940161,Seats with wooden frames — upholstered,2022,360,Indonesia,120769864.0,16250154.113,False
940161,Seats with wooden frames — upholstered,2022,422,Lebanon,323833.0,43573.256,False
940161,Seats with wooden frames — upholstered,2022,251,France,29838792.0,4014950.026,False
940161,Seats with wooden frames — upholstered,2022,716,Zimbabwe,1736.0,233.587,False
940161,Seats with wooden frames — upholstered,2022,682,Saudi Arabia,69284.0,9322.489,False
940161,Seats with wooden frames — upholstered,2023,0,World,7457531255.0,951011083.137,True
940161,Seats with wooden frames — upholstered,2023,710,South Africa,651796.0,83119.359,False
940161,Seats with wooden frames — upholstered,2023,642,Romania,18638722.0,2376876.555,False
940161,Seats with wooden frames — upholstered,2023,703,Slovakia,1707401.0,217733.888,False
940161,Seats with wooden frames — upholstered,2023,705,Slovenia,675274.0,86113.358,False
940161,Seats with wooden frames — upholstered,2023,579,Norway,14638018.0,1866692.459,False
940161,Seats with wooden frames — upholstered,2023,100,Bulgaria,1360312.0,173471.856,False
940161,Seats with wooden frames — upholstered,2023,233,Estonia,2271880.0,289718.271,False
940161,Seats with wooden frames — upholstered,2023,566,Nigeria,5759.0,734.408,False
940161,Seats with wooden frames — upholstered,2023,498,Rep. of Moldova,124334.0,15855.517,False
940161,Seats with wooden frames — upholstered,2023,586,Pakistan,351984.0,44886.26,False
940161,Seats with wooden frames — upholstered,2023,340,Honduras,1401354.0,178705.679,False
940161,Seats with wooden frames — upholstered,2023,328,Guyana,1931.0,246.248,False
940161,Seats with wooden frames — upholstered,2023,332,Haiti,378.0,48.204,False
940161,Seats with wooden frames — upholstered,2023,268,Georgia,17337.0,2210.876,False
940161,Seats with wooden frames — upholstered,2023,8,Albania,759486.0,96852.374,False
940161,Seats with wooden frames — upholstered,2023,222,El Salvador,5164.0,658.532,False
940161,Seats with wooden frames — upholstered,2023,214,Dominican Rep.,2516320.0,320890.135,False
940161,Seats with wooden frames — upholstered,2023,218,Ecuador,3562064.0,454247.153,False
940161,Seats with wooden frames — upholstered,2023,191,Croatia,324946.0,41438.277,False
940161,Seats with wooden frames — upholstered,2023,170,Colombia,1584921.0,202114.8,False
940161,Seats with wooden frames — upholstered,2023,120,Cameroon,11039.0,1407.733,False
940161,Seats with wooden frames — upholstered,2023,104,Myanmar,8126.0,1036.257,False
940161,Seats with wooden frames — upholstered,2023,116,Cambodia,212760338.0,27131959.971,False
940161,Seats with wooden frames — upholstered,2023,84,Belize,43988.0,5609.507,False
940161,Seats with wooden frames — upholstered,2023,86,Br. Indian Ocean Terr.,8078.0,1030.135,False
940161,Seats with wooden frames — upholstered,2023,50,Bangladesh,5080898.0,647934.302,False
940161,Seats with wooden frames — upholstered,2023,51,Armenia,19914.0,2539.505,False
940161,Seats with wooden frames — upholstered,2023,32,Argentina,152995.0,19510.47,False
940161,Seats with wooden frames — upholstered,2023,70,Bosnia Herzegovina,1026869.0,130950.011,False
940161,Seats with wooden frames — upholstered,2023,300,Greece,471622.0,60142.926,False
940161,Seats with wooden frames — upholstered,2023,320,Guatemala,390951.0,49855.471,False
940161,Seats with wooden frames — upholstered,2023,288,Ghana,3362.0,428.734,False
940161,Seats with wooden frames — upholstered,2023,31,Azerbaijan,9996.0,1274.726,False
940161,Seats with wooden frames — upholstered,2023,887,Yemen,139890.0,17839.274,False
940161,Seats with wooden frames — upholstered,2023,854,Burkina Faso,14419.0,1838.762,False
940161,Seats with wooden frames — upholstered,2023,858,Uruguay,8865.0,1130.497,False
940161,Seats with wooden frames — upholstered,2023,862,Venezuela,16391.0,2090.239,False
940161,Seats with wooden frames — upholstered,2023,804,Ukraine,1701295.0,216955.229,False
940161,Seats with wooden frames — upholstered,2023,807,North Macedonia,247550.0,31568.462,False
940161,Seats with wooden frames — upholstered,2023,818,Egypt,1560651.0,199019.803,False
940161,Seats with wooden frames — upholstered,2023,800,Uganda,2404.0,306.567,False
940161,Seats with wooden frames — upholstered,2023,788,Tunisia,419466.0,53491.806,False
940161,Seats with wooden frames — upholstered,2023,784,United Arab Emirates,141149.0,17999.826,False
940161,Seats with wooden frames — upholstered,2023,780,Trinidad and Tobago,35363.0,4509.616,False
940161,Seats with wooden frames — upholstered,2023,716,Zimbabwe,13029.0,1661.505,False
940161,Seats with wooden frames — upholstered,2023,688,Serbia,849742.0,108362.142,False
940161,Seats with wooden frames — upholstered,2023,678,Sao Tome and Principe,59742.0,7618.514,False
940161,Seats with wooden frames — upholstered,2023,682,Saudi Arabia,113211.0,14437.072,False
940161,Seats with wooden frames — upholstered,2023,659,Saint Kitts and Nevis,66023.0,8419.489,False
940161,Seats with wooden frames — upholstered,2023,604,Peru,225297.0,28730.68,False
940161,Seats with wooden frames — upholstered,2023,591,Panama,8099.0,1032.813,False
940161,Seats with wooden frames — upholstered,2023,558,Nicaragua,13701.0,1747.201,False
940161,Seats with wooden frames — upholstered,2023,504,Morocco,258935.0,33020.318,False
940161,Seats with wooden frames — upholstered,2023,512,Oman,47622.0,6072.928,False
940161,Seats with wooden frames — upholstered,2023,496,Mongolia,4913.0,626.523,False
940161,Seats with wooden frames — upholstered,2023,470,Malta,198101.0,25262.549,False
940161,Seats with wooden frames — upholstered,2023,440,Lithuania,9452702.0,1205442.399,False
940161,Seats with wooden frames — upholstered,2023,446,"China, Macao SAR",398432.0,50809.475,False
940161,Seats with wooden frames — upholstered,2023,428,Latvia,1529921.0,195101.003,False
940161,Seats with wooden frames — upholstered,2023,422,Lebanon,367781.0,46900.75,False
940161,Seats with wooden frames — upholstered,2023,404,Kenya,6467.0,824.695,False
940161,Seats with wooden frames — upholstered,2023,400,Jordan,85055.0,10846.518,False
940161,Seats with wooden frames — upholstered,2023,384,Côte d'Ivoire,5041.0,642.846,False
940161,Seats with wooden frames — upholstered,2023,554,New Zealand,36525.0,4657.799,False
940161,Seats with wooden frames — upholstered,2023,608,Philippines,2463627.0,314170.535,False
940161,Seats with wooden frames — upholstered,2023,620,Portugal,13464694.0,1717065.982,False
940161,Seats with wooden frames — upholstered,2023,372,Ireland,454829.0,58001.422,False
940161,Seats with wooden frames — upholstered,2023,348,Hungary,289010.0,36855.59,False
940161,Seats with wooden frames — upholstered,2023,344,"China, Hong Kong SAR",2620050.0,334118.156,False
940161,Seats with wooden frames — upholstered,2023,360,Indonesia,91528647.0,11672060.732,False
940161,Seats with wooden frames — upholstered,2023,702,Singapore,131430.0,16760.424,False
940161,Seats with wooden frames — upholstered,2023,246,Finland,1499083.0,191168.431,False
940161,Seats with wooden frames — upholstered,2023,376,Israel,665930.0,84921.778,False
940161,Seats with wooden frames — upholstered,2023,56,Belgium,1896540.0,241853.57,False
940161,Seats with wooden frames — upholstered,2023,36,Australia,1073501.0,136896.691,False
940161,Seats with wooden frames — upholstered,2023,208,Denmark,17137152.0,2185390.973,False
940161,Seats with wooden frames — upholstered,2023,458,Malaysia,167819304.0,21400918.429,False
940161,Seats with wooden frames — upholstered,2023,203,Czechia,1876530.0,239301.823,False
940161,Seats with wooden frames — upholstered,2023,76,Brazil,21063652.0,2686112.31,False
940161,Seats with wooden frames — upholstered,2023,752,Sweden,5516314.0,703460.109,False
940161,Seats with wooden frames — upholstered,2023,792,Türkiye,39943140.0,5093692.207,False
940161,Seats with wooden frames — upholstered,2023,764,Thailand,71603508.0,9131135.676,False
940161,Seats with wooden frames — upholstered,2023,616,Poland,34546813.0,4405533.269,False
940161,Seats with wooden frames — upholstered,2023,757,Switzerland,1343071.0,171273.222,False
940161,Seats with wooden frames — upholstered,2023,704,Viet Nam,2913570233.0,371548906.513,False
940161,Seats with wooden frames — upholstered,2023,40,Austria,646023.0,82383.166,False
940161,Seats with wooden frames — upholstered,2023,724,Spain,19452802.0,2480690.951,False
940161,Seats with wooden frames — upholstered,2023,699,India,34520936.0,4402233.342,False
940161,Seats with wooden frames — upholstered,2023,528,Netherlands,6718328.0,856745.238,False
940161,Seats with wooden frames — upholstered,2023,410,Rep. of Korea,373476.0,47626.997,False
940161,Seats with wooden frames — upholstered,2023,490,"Other Asia, nes",4728770.0,603029.679,False
940161,Seats with wooden frames — upholstered,2023,251,France,33602088.0,4285058.555,False
940161,Seats with wooden frames — upholstered,2023,484,Mexico,844091764.0,107641603.541,False
940161,Seats with wooden frames — upholstered,2023,392,Japan,2431663.0,310094.371,False
940161,Seats with wooden frames — upholstered,2023,826,United Kingdom,22150515.0,2824712.97,False
940161,Seats with wooden frames — upholstered,2023,380,Italy,340574949.0,43431336.734,False
940161,Seats with wooden frames — upholstered,2023,124,Canada,255952737.0,32640009.317,False
940161,Seats with wooden frames — upholstered,2023,276,Germany,6074309.0,774617.629,False
940161,Seats with wooden frames — upholstered,2023,156,China,2207020483.0,281447152.989,False
940161,Seats with wooden frames — upholstered,2023,694,Sierra Leone,2860.0,364.717,False
940161,Seats with wooden frames — upholstered,2023,68,Bolivia (Plurinational State of),6161.0,785.673,False
940161,Seats with wooden frames — upholstered,2023,152,Chile,12717.0,1621.717,False
940161,Seats with wooden frames — upholstered,2023,20,Andorra,6694.0,853.643,False
940161,Seats with wooden frames — upholstered,2023,834,United Rep. of Tanzania,7800.0,994.684,False
940161,Seats with wooden frames — upholstered,2023,674,San Marino,3395.0,432.943,False
940161,Seats with wooden frames — upholstered,2023,44,Bahamas,1601.0,204.165,False
940161,Seats with wooden frames — upholstered,2023,188,Costa Rica,2743.0,349.797,False
940161,Seats with wooden frames — upholstered,2023,196,Cyprus,7398.0,943.419,False
940161,Seats with wooden frames — upholstered,2023,144,Sri Lanka,683.0,87.099,False
940161,Seats with wooden frames — upholstered,2023,418,Lao People's Dem. Rep.,993.0,126.631,False
940161,Seats with wooden frames — upholstered,2023,352,Iceland,3102.0,395.578,False
940161,Seats with wooden frames — upholstered,2023,760,Syria,1228.0,156.599,False
940161,Seats with wooden frames — upholstered,2023,686,Senegal,758.0,96.663,False
940161,Seats with wooden frames — upholstered,2023,442,Luxembourg,4538.0,578.702,False
940161,Seats with wooden frames — upholstered,2023,748,Eswatini,979.0,124.846,False
940161,Seats with wooden frames — upholstered,2023,96,Brunei Darussalam,2124.0,270.86,False
940161,Seats with wooden frames — upholstered,2023,768,Togo,2974.0,379.255,False
940161,Seats with wooden frames — upholstered,2023,398,Kazakhstan,1267.0,161.572,False
940161,Seats with wooden frames — upholstered,2024,0,World,8168654669.0,1167064421.156,True
940161,Seats with wooden frames — upholstered,2024,887,Yemen,40094.0,5728.273,False
940161,Seats with wooden frames — upholstered,2024,854,Burkina Faso,3802.0,543.196,False
940161,Seats with wooden frames — upholstered,2024,860,Uzbekistan,10801.0,1543.15,False
940161,Seats with wooden frames — upholstered,2024,862,Venezuela,9855.0,1407.994,False
940161,Seats with wooden frames — upholstered,2024,882,Samoa,1988.0,284.028,False
940161,Seats with wooden frames — upholstered,2024,826,United Kingdom,24579247.0,3511663.283,False
940161,Seats with wooden frames — upholstered,2024,818,Egypt,2328472.0,332671.283,False
940161,Seats with wooden frames — upholstered,2024,804,Ukraine,2183135.0,311906.83,False
940161,Seats with wooden frames — upholstered,2024,807,North Macedonia,443708.0,63393.036,False
940161,Seats with wooden frames — upholstered,2024,792,Türkiye,37795132.0,5399830.895,False
940161,Seats with wooden frames — upholstered,2024,798,Tuvalu,3245.0,463.617,False
940161,Seats with wooden frames — upholstered,2024,788,Tunisia,481291.0,68762.559,False
940161,Seats with wooden frames — upholstered,2024,784,United Arab Emirates,130743.0,18679.392,False
940161,Seats with wooden frames — upholstered,2024,764,Thailand,79627977.0,11376534.16,False
940161,Seats with wooden frames — upholstered,2024,780,Trinidad and Tobago,20034.0,2862.279,False
940161,Seats with wooden frames — upholstered,2024,757,Switzerland,1635180.0,233619.914,False
940161,Seats with wooden frames — upholstered,2024,760,Syria,7290.0,1041.53,False
940161,Seats with wooden frames — upholstered,2024,752,Sweden,5803811.0,829196.679,False
940161,Seats with wooden frames — upholstered,2024,724,Spain,19978529.0,2854353.786,False
940161,Seats with wooden frames — upholstered,2024,710,South Africa,602385.0,86063.389,False
940161,Seats with wooden frames — upholstered,2024,705,Slovenia,665713.0,95111.128,False
940161,Seats with wooden frames — upholstered,2024,704,Viet Nam,3738746839.0,534158755.917,False
940161,Seats with wooden frames — upholstered,2024,703,Slovakia,1171213.0,167332.453,False
940161,Seats with wooden frames — upholstered,2024,540,New Caledonia,9950.0,1421.567,False
940161,Seats with wooden frames — upholstered,2024,702,Singapore,251356.0,35911.5,False
940161,Seats with wooden frames — upholstered,2024,699,India,26793678.0,3828041.406,False
940161,Seats with wooden frames — upholstered,2024,688,Serbia,352624.0,50379.768,False
940161,Seats with wooden frames — upholstered,2024,694,Sierra Leone,2391.0,341.605,False
940161,Seats with wooden frames — upholstered,2024,674,San Marino,60628.0,8661.987,False
940161,Seats with wooden frames — upholstered,2024,682,Saudi Arabia,43925.0,6275.612,False
940161,Seats with wooden frames — upholstered,2024,686,Senegal,384.0,54.862,False
940161,Seats with wooden frames — upholstered,2024,642,Romania,11018983.0,1574293.876,False
940161,Seats with wooden frames — upholstered,2024,643,Russian Federation,2029.0,289.885,False
940161,Seats with wooden frames — upholstered,2024,646,Rwanda,5461.0,780.219,False
940161,Seats with wooden frames — upholstered,2024,620,Portugal,14988056.0,2141359.576,False
940161,Seats with wooden frames — upholstered,2024,634,Qatar,30653.0,4379.427,False
940161,Seats with wooden frames — upholstered,2024,616,Poland,33198534.0,4743110.027,False
940161,Seats with wooden frames — upholstered,2024,608,Philippines,2515212.0,359351.026,False
940161,Seats with wooden frames — upholstered,2024,586,Pakistan,212269.0,30327.099,False
940161,Seats with wooden frames — upholstered,2024,604,Peru,176061.0,25154.023,False
940161,Seats with wooden frames — upholstered,2024,579,Norway,18108648.0,2587201.89,False
940161,Seats with wooden frames — upholstered,2024,554,New Zealand,40148.0,5735.988,False
940161,Seats with wooden frames — upholstered,2024,558,Nicaragua,22254.0,3179.453,False
940161,Seats with wooden frames — upholstered,2024,566,Nigeria,12885.0,1840.894,False
940161,Seats with wooden frames — upholstered,2024,490,"Other Asia, nes",2903360.0,414806.146,False
940161,Seats with wooden frames — upholstered,2024,498,Rep. of Moldova,49085.0,7012.826,False
940161,Seats with wooden frames — upholstered,2024,516,Namibia,34091.0,4870.618,False
940161,Seats with wooden frames — upholstered,2024,504,Morocco,214323.0,30620.556,False
940161,Seats with wooden frames — upholstered,2024,512,Oman,17946.0,2563.964,False
940161,Seats with wooden frames — upholstered,2024,484,Mexico,775284222.0,110765685.225,False
940161,Seats with wooden frames — upholstered,2024,458,Malaysia,158582527.0,22656855.085,False
940161,Seats with wooden frames — upholstered,2024,470,Malta,56492.0,8071.072,False
940161,Seats with wooden frames — upholstered,2024,478,Mauritania,12502.0,1786.174,False
940161,Seats with wooden frames — upholstered,2024,446,"China, Macao SAR",1275128.0,182178.9,False
940161,Seats with wooden frames — upholstered,2024,440,Lithuania,11801769.0,1686131.348,False
940161,Seats with wooden frames — upholstered,2024,400,Jordan,33589.0,4798.896,False
940161,Seats with wooden frames — upholstered,2024,428,Latvia,2592155.0,370343.955,False
940161,Seats with wooden frames — upholstered,2024,410,Rep. of Korea,736422.0,105213.398,False
940161,Seats with wooden frames — upholstered,2024,417,Kyrgyzstan,987.0,141.014,False
940161,Seats with wooden frames — upholstered,2024,418,Lao People's Dem. Rep.,2352.0,336.033,False
940161,Seats with wooden frames — upholstered,2024,422,Lebanon,328230.0,46894.571,False
940161,Seats with wooden frames — upholstered,2024,376,Israel,651061.0,93017.781,False
940161,Seats with wooden frames — upholstered,2024,360,Indonesia,93906906.0,13416580.004,False
940161,Seats with wooden frames — upholstered,2024,372,Ireland,588877.0,84133.486,False
940161,Seats with wooden frames — upholstered,2024,348,Hungary,183823.0,26262.988,False
940161,Seats with wooden frames — upholstered,2024,352,Iceland,10675.0,1525.149,False
940161,Seats with wooden frames — upholstered,2024,344,"China, Hong Kong SAR",1474048.0,210598.813,False
940161,Seats with wooden frames — upholstered,2024,340,Honduras,1028502.0,146943.18,False
940161,Seats with wooden frames — upholstered,2024,300,Greece,979154.0,139892.778,False
940161,Seats with wooden frames — upholstered,2024,320,Guatemala,385997.0,55147.804,False
940161,Seats with wooden frames — upholstered,2024,288,Ghana,1123.0,160.444,False
940161,Seats with wooden frames — upholstered,2024,268,Georgia,22869.0,3267.318,False
940161,Seats with wooden frames — upholstered,2024,266,Gabon,44769.0,6396.195,False
940161,Seats with wooden frames — upholstered,2024,208,Denmark,16496863.0,2356924.444,False
940161,Seats with wooden frames — upholstered,2024,233,Estonia,1650135.0,235756.551,False
940161,Seats with wooden frames — upholstered,2024,246,Finland,1215961.0,173725.647,False
940161,Seats with wooden frames — upholstered,2024,214,Dominican Rep.,1582202.0,226050.89,False
940161,Seats with wooden frames — upholstered,2024,218,Ecuador,3651420.0,521682.277,False
940161,Seats with wooden frames — upholstered,2024,203,Czechia,2077653.0,296836.504,False
940161,Seats with wooden frames — upholstered,2024,188,Costa Rica,4190.0,598.63,False
940161,Seats with wooden frames — upholstered,2024,191,Croatia,248799.0,35546.179,False
940161,Seats with wooden frames — upholstered,2024,170,Colombia,1219218.0,174190.978,False
940161,Seats with wooden frames — upholstered,2024,152,Chile,10014.0,1430.711,False
940161,Seats with wooden frames — upholstered,2024,116,Cambodia,224310195.0,32047437.246,False
940161,Seats with wooden frames — upholstered,2024,120,Cameroon,38733.0,5533.825,False
940161,Seats with wooden frames — upholstered,2024,104,Myanmar,4341.0,620.203,False
940161,Seats with wooden frames — upholstered,2024,76,Brazil,20257286.0,2894180.097,False
940161,Seats with wooden frames — upholstered,2024,84,Belize,14244.0,2035.056,False
940161,Seats with wooden frames — upholstered,2024,96,Brunei Darussalam,1642.0,234.594,False
940161,Seats with wooden frames — upholstered,2024,100,Bulgaria,889390.0,127068.1,False
940161,Seats with wooden frames — upholstered,2024,68,Bolivia (Plurinational State of),1928.0,275.455,False
940161,Seats with wooden frames — upholstered,2024,70,Bosnia Herzegovina,1642503.0,234666.159,False
940161,Seats with wooden frames — upholstered,2024,56,Belgium,1590064.0,227174.143,False
940161,Seats with wooden frames — upholstered,2024,50,Bangladesh,1189949.0,170009.285,False
940161,Seats with wooden frames — upholstered,2024,51,Armenia,36981.0,5283.515,False
940161,Seats with wooden frames — upholstered,2024,40,Austria,690371.0,98634.042,False
940161,Seats with wooden frames — upholstered,2024,36,Australia,681140.0,97315.2,False
940161,Seats with wooden frames — upholstered,2024,32,Argentina,188042.0,26865.761,False
940161,Seats with wooden frames — upholstered,2024,4,Afghanistan,55514.0,7931.344,False
940161,Seats with wooden frames — upholstered,2024,8,Albania,430826.0,61552.571,False
940161,Seats with wooden frames — upholstered,2024,251,France,36107868.0,5158769.684,False
940161,Seats with wooden frames — upholstered,2024,392,Japan,2002463.0,286094.029,False
940161,Seats with wooden frames — upholstered,2024,380,Italy,328737429.0,46967067.753,False
940161,Seats with wooden frames — upholstered,2024,156,China,2193902967.0,313445261.185,False
940161,Seats with wooden frames — upholstered,2024,276,Germany,5205449.0,743708.061,False
940161,Seats with wooden frames — upholstered,2024,124,Canada,240855396.0,34411267.792,False
940161,Seats with wooden frames — upholstered,2024,524,Nepal,7969.0,1138.54,False
940161,Seats with wooden frames — upholstered,2024,496,Mongolia,901.0,128.727,False
940161,Seats with wooden frames — upholstered,2024,462,Maldives,783.0,111.868,False
940161,Seats with wooden frames — upholstered,2024,442,Luxembourg,1080.0,154.301,False
940161,Seats with wooden frames — upholstered,2024,238,Falkland Isds (Malvinas),4414.0,630.633,False
940161,Seats with wooden frames — upholstered,2024,528,Netherlands,4327978.0,618342.842,False
940161,Seats with wooden frames — upholstered,2024,533,Aruba,771.0,110.154,False
940161,Seats with wooden frames — upholstered,2025,203,Czechia,3076022.0,438785.595,False
940161,Seats with wooden frames — upholstered,2025,188,Costa Rica,25918.0,3697.127,False
940161,Seats with wooden frames — upholstered,2025,170,Colombia,1025793.0,146326.389,False
940161,Seats with wooden frames — upholstered,2025,174,Comoros,15114.0,2155.968,False
940161,Seats with wooden frames — upholstered,2025,178,Congo,23909.0,3410.549,False
940161,Seats with wooden frames — upholstered,2025,116,Cambodia,301618533.0,43025006.809,False
940161,Seats with wooden frames — upholstered,2025,120,Cameroon,18531.0,2643.393,False
940161,Seats with wooden frames — upholstered,2025,100,Bulgaria,1784462.0,254548.316,False
940161,Seats with wooden frames — upholstered,2025,104,Myanmar,57517.0,8204.633,False
940161,Seats with wooden frames — upholstered,2025,490,"Other Asia, nes",942089.0,134386.257,False
940161,Seats with wooden frames — upholstered,2025,484,Mexico,624321864.0,89057698.752,False
940161,Seats with wooden frames — upholstered,2025,400,Jordan,15124.0,2157.395,False
940161,Seats with wooden frames — upholstered,2025,404,Kenya,7003.0,998.958,False
940161,Seats with wooden frames — upholstered,2025,392,Japan,2498750.0,356439.423,False
940161,Seats with wooden frames — upholstered,2025,0,World,7359593650.0,1049824636.958,True
940161,Seats with wooden frames — upholstered,2025,372,Ireland,949801.0,135486.351,False
940161,Seats with wooden frames — upholstered,2025,710,South Africa,473592.0,67556.522,False
940161,Seats with wooden frames — upholstered,2025,784,United Arab Emirates,198888.0,28370.795,False
940161,Seats with wooden frames — upholstered,2025,579,Norway,16276487.0,2321793.548,False
940161,Seats with wooden frames — upholstered,2025,804,Ukraine,843105.0,120266.477,False
940161,Seats with wooden frames — upholstered,2025,320,Guatemala,199980.0,28526.566,False
940161,Seats with wooden frames — upholstered,2025,288,Ghana,1968.0,280.729,False
940161,Seats with wooden frames — upholstered,2025,191,Croatia,415290.0,59239.911,False
940161,Seats with wooden frames — upholstered,2025,498,Rep. of Moldova,35140.0,5012.619,False
940161,Seats with wooden frames — upholstered,2025,716,Zimbabwe,10039.0,1432.034,False
940161,Seats with wooden frames — upholstered,2025,8,Albania,249936.0,35652.644,False
940161,Seats with wooden frames — upholstered,2025,20,Andorra,23142.0,3301.139,False
940161,Seats with wooden frames — upholstered,2025,31,Azerbaijan,98051.0,13986.69,False
940161,Seats with wooden frames — upholstered,2025,32,Argentina,156993.0,22394.595,False
940161,Seats with wooden frames — upholstered,2025,214,Dominican Rep.,1372452.0,195776.288,False
940161,Seats with wooden frames — upholstered,2025,300,Greece,877098.0,125115.48,False
940161,Seats with wooden frames — upholstered,2025,674,San Marino,15936.0,2273.224,False
940161,Seats with wooden frames — upholstered,2025,854,Burkina Faso,2656.0,378.871,False
940161,Seats with wooden frames — upholstered,2025,688,Serbia,1240245.0,176917.343,False
940161,Seats with wooden frames — upholstered,2025,643,Russian Federation,6471.0,923.069,False
940161,Seats with wooden frames — upholstered,2025,887,Yemen,152397.0,21738.989,False
940161,Seats with wooden frames — upholstered,2025,682,Saudi Arabia,62181.0,8869.939,False
940161,Seats with wooden frames — upholstered,2025,788,Tunisia,563425.0,80370.938,False
940161,Seats with wooden frames — upholstered,2025,604,Peru,236006.0,33665.57,False
940161,Seats with wooden frames — upholstered,2025,231,Ethiopia,2319.0,330.799,False
940161,Seats with wooden frames — upholstered,2025,233,Estonia,1714584.0,244580.423,False
940161,Seats with wooden frames — upholstered,2025,50,Bangladesh,468773.0,66869.106,False
940161,Seats with wooden frames — upholstered,2025,504,Morocco,104534.0,14911.471,False
940161,Seats with wooden frames — upholstered,2025,512,Oman,18070.0,2577.633,False
940161,Seats with wooden frames — upholstered,2025,516,Namibia,8195.0,1168.993,False
940161,Seats with wooden frames — upholstered,2025,524,Nepal,7312.0,1043.036,False
940161,Seats with wooden frames — upholstered,2025,422,Lebanon,301036.0,42941.91,False
940161,Seats with wooden frames — upholstered,2025,332,Haiti,1078.0,153.774,False
940161,Seats with wooden frames — upholstered,2025,340,Honduras,570487.0,81378.312,False
940161,Seats with wooden frames — upholstered,2025,218,Ecuador,4119170.0,587587.624,False
940161,Seats with wooden frames — upholstered,2025,440,Lithuania,13220666.0,1885889.567,False
940161,Seats with wooden frames — upholstered,2025,428,Latvia,2400258.0,342389.825,False
940161,Seats with wooden frames — upholstered,2025,152,Chile,16760.0,2390.765,False
940161,Seats with wooden frames — upholstered,2025,558,Nicaragua,873.0,124.531,False
940161,Seats with wooden frames — upholstered,2025,442,Luxembourg,45232.0,6452.213,False
940161,Seats with wooden frames — upholstered,2025,446,"China, Macao SAR",23282.0,3321.11,False
940161,Seats with wooden frames — upholstered,2025,454,Malawi,52043.0,7423.783,False
940161,Seats with wooden frames — upholstered,2025,70,Bosnia Herzegovina,1133150.0,161640.553,False
940161,Seats with wooden frames — upholstered,2025,566,Nigeria,58001.0,8273.674,False
940161,Seats with wooden frames — upholstered,2025,466,Mali,33570.0,4788.663,False
940161,Seats with wooden frames — upholstered,2025,384,Côte d'Ivoire,6981.0,995.819,False
940161,Seats with wooden frames — upholstered,2025,84,Belize,12444.0,1775.1,False
940161,Seats with wooden frames — upholstered,2025,586,Pakistan,84483.0,12051.254,False
940161,Seats with wooden frames — upholstered,2025,591,Panama,123726.0,17649.154,False
940161,Seats with wooden frames — upholstered,2025,807,North Macedonia,206572.0,29466.895,False
940161,Seats with wooden frames — upholstered,2025,818,Egypt,1288512.0,183802.491,False
940161,Seats with wooden frames — upholstered,2025,642,Romania,15716232.0,2241874.802,False
940161,Seats with wooden frames — upholstered,2025,703,Slovakia,512993.0,73176.96,False
940161,Seats with wooden frames — upholstered,2025,705,Slovenia,475313.0,67802.018,False
940161,Seats with wooden frames — upholstered,2025,554,New Zealand,77035.0,10988.819,False
940161,Seats with wooden frames — upholstered,2025,620,Portugal,14774056.0,2107476.134,False
940161,Seats with wooden frames — upholstered,2025,344,"China, Hong Kong SAR",1264163.0,180329.177,False
940161,Seats with wooden frames — upholstered,2025,348,Hungary,489173.0,69779.106,False
940161,Seats with wooden frames — upholstered,2025,608,Philippines,2882452.0,411173.397,False
940161,Seats with wooden frames — upholstered,2025,36,Australia,476780.0,68011.281,False
940161,Seats with wooden frames — upholstered,2025,360,Indonesia,85404862.0,12182755.259,False
940161,Seats with wooden frames — upholstered,2025,702,Singapore,446477.0,63688.646,False
940161,Seats with wooden frames — upholstered,2025,376,Israel,213511.0,30456.723,False
940161,Seats with wooden frames — upholstered,2025,246,Finland,1311465.0,187076.669,False
940161,Seats with wooden frames — upholstered,2025,56,Belgium,2098895.0,299401.269,False
940161,Seats with wooden frames — upholstered,2025,208,Denmark,17588002.0,2508877.35,False
940161,Seats with wooden frames — upholstered,2025,40,Austria,661820.0,94406.699,False
940161,Seats with wooden frames — upholstered,2025,76,Brazil,17534212.0,2501204.363,False
940161,Seats with wooden frames — upholstered,2025,458,Malaysia,157903017.0,22524406.289,False
940161,Seats with wooden frames — upholstered,2025,792,Türkiye,32665151.0,4659588.82,False
940161,Seats with wooden frames — upholstered,2025,752,Sweden,5001677.0,713474.682,False
940161,Seats with wooden frames — upholstered,2025,757,Switzerland,1672379.0,238560.002,False
940161,Seats with wooden frames — upholstered,2025,616,Poland,44602101.0,6362360.032,False
940161,Seats with wooden frames — upholstered,2025,251,France,31538659.0,4498898.011,False
940161,Seats with wooden frames — upholstered,2025,764,Thailand,102758513.0,14658203.12,False
940161,Seats with wooden frames — upholstered,2025,704,Viet Nam,4095028617.0,584143926.366,False
940161,Seats with wooden frames — upholstered,2025,528,Netherlands,4063383.0,579629.771,False
940161,Seats with wooden frames — upholstered,2025,724,Spain,20350563.0,2902948.645,False
940161,Seats with wooden frames — upholstered,2025,699,India,20810354.0,2968536.494,False
940161,Seats with wooden frames — upholstered,2025,410,Rep. of Korea,446528.0,63695.921,False
940161,Seats with wooden frames — upholstered,2025,826,United Kingdom,18594904.0,2652508.993,False
940161,Seats with wooden frames — upholstered,2025,380,Italy,340009140.0,48501315.282,False
940161,Seats with wooden frames — upholstered,2025,276,Germany,6861786.0,978813.823,False
940161,Seats with wooden frames — upholstered,2025,124,Canada,200512260.0,28602490.921,False
940161,Seats with wooden frames — upholstered,2025,156,China,1128873711.0,161030552.797,False
940161,Seats with wooden frames — upholstered,2025,760,Syria,16313.0,2327.002,False
940161,Seats with wooden frames — upholstered,2025,694,Sierra Leone,3599.0,513.387,False
940161,Seats with wooden frames — upholstered,2025,499,Montenegro,12655.0,1805.199,False
940161,Seats with wooden frames — upholstered,2025,417,Kyrgyzstan,8265.0,1178.978,False
940161,Seats with wooden frames — upholstered,2025,144,Sri Lanka,6228.0,888.406,False
940161,Seats with wooden frames — upholstered,2025,48,Bahrain,7003.0,998.958,False
940161,Seats with wooden frames — upholstered,2025,646,Rwanda,468.0,66.759,False
940161,Seats with wooden frames — upholstered,2025,470,Malta,1626.0,231.944,False
940161,Seats with wooden frames — upholstered,2025,51,Armenia,1530.0,218.25,False
940161,Seats with wooden frames — upholstered,2025,68,Bolivia (Plurinational State of),702.0,100.138,False
940161,Seats with wooden frames — upholstered,2025,598,Papua New Guinea,1058.0,150.921,False
940169,Seats with wooden frames — other,2019,757,Switzerland,192434.0,40328.29,False
940169,Seats with wooden frames — other,2019,251,France,2038362.0,427178.431,False
940169,Seats with wooden frames — other,2019,0,World,687482434.0,144075325.053,True
940169,Seats with wooden frames — other,2019,490,"Other Asia, nes",1787340.0,374571.885,False
940169,Seats with wooden frames — other,2019,579,Norway,5058.0,1060.002,False
940169,Seats with wooden frames — other,2019,699,India,18244653.0,3823522.146,False
940169,Seats with wooden frames — other,2019,470,Malta,1582.0,331.539,False
940169,Seats with wooden frames — other,2019,32,Argentina,1151.0,241.214,False
940169,Seats with wooden frames — other,2019,434,Libya,1247.0,261.333,False
940169,Seats with wooden frames — other,2019,760,Syria,1724.0,361.298,False
940169,Seats with wooden frames — other,2019,86,Br. Indian Ocean Terr.,878.0,184.002,False
940169,Seats with wooden frames — other,2019,8,Albania,277.0,58.051,False
940169,Seats with wooden frames — other,2019,674,San Marino,719.0,150.68,False
940169,Seats with wooden frames — other,2019,528,Netherlands,572148.0,119904.75,False
940169,Seats with wooden frames — other,2019,233,Estonia,4715.0,988.12,False
940169,Seats with wooden frames — other,2019,170,Colombia,115962.0,24302.094,False
940169,Seats with wooden frames — other,2019,144,Sri Lanka,55826.0,11699.425,False
940169,Seats with wooden frames — other,2019,40,Austria,98178.0,20575.111,False
940169,Seats with wooden frames — other,2019,231,Ethiopia,6226.0,1304.779,False
940169,Seats with wooden frames — other,2019,218,Ecuador,28533.0,5979.646,False
940169,Seats with wooden frames — other,2019,246,Finland,624414.0,130858.107,False
940169,Seats with wooden frames — other,2019,604,Peru,368905.0,77311.223,False
940169,Seats with wooden frames — other,2019,704,Viet Nam,242763368.0,50875788.858,False
940169,Seats with wooden frames — other,2019,496,Mongolia,840.0,176.038,False
940169,Seats with wooden frames — other,2019,454,Malawi,15009.0,3145.428,False
940169,Seats with wooden frames — other,2019,100,Bulgaria,1666945.0,349340.77,False
940169,Seats with wooden frames — other,2019,682,Saudi Arabia,2675.0,560.598,False
940169,Seats with wooden frames — other,2019,566,Nigeria,28601.0,5993.896,False
940169,Seats with wooden frames — other,2019,36,Australia,179770.0,37674.303,False
940169,Seats with wooden frames — other,2019,203,Czechia,3801547.0,796688.166,False
940169,Seats with wooden frames — other,2019,120,Cameroon,12074.0,2530.342,False
940169,Seats with wooden frames — other,2019,76,Brazil,4942364.0,1035768.573,False
940169,Seats with wooden frames — other,2019,442,Luxembourg,1415.0,296.541,False
940169,Seats with wooden frames — other,2019,752,Sweden,597424.0,125201.827,False
940169,Seats with wooden frames — other,2019,68,Bolivia (Plurinational State of),3226539.0,676184.048,False
940169,Seats with wooden frames — other,2019,188,Costa Rica,781627.0,163805.151,False
940169,Seats with wooden frames — other,2019,410,Rep. of Korea,257393.0,53941.713,False
940169,Seats with wooden frames — other,2019,268,Georgia,7091.0,1486.057,False
940169,Seats with wooden frames — other,2019,360,Indonesia,139293566.0,29191677.935,False
940169,Seats with wooden frames — other,2019,764,Thailand,22643639.0,4745415.283,False
940169,Seats with wooden frames — other,2019,348,Hungary,126092.0,26425.033,False
940169,Seats with wooden frames — other,2019,372,Ireland,191937.0,40224.134,False
940169,Seats with wooden frames — other,2019,694,Sierra Leone,9594.0,2010.609,False
940169,Seats with wooden frames — other,2019,56,Belgium,323125.0,67717.133,False
940169,Seats with wooden frames — other,2019,608,Philippines,3526483.0,739043.151,False
940169,Seats with wooden frames — other,2019,422,Lebanon,22144.0,4640.706,False
940169,Seats with wooden frames — other,2019,818,Egypt,384869.0,80656.79,False
940169,Seats with wooden frames — other,2019,384,Côte d'Ivoire,42627.0,8933.318,False
940169,Seats with wooden frames — other,2019,104,Myanmar,449891.0,94283.416,False
940169,Seats with wooden frames — other,2019,124,Canada,18179756.0,3809921.717,False
940169,Seats with wooden frames — other,2019,70,Bosnia Herzegovina,73219.0,15344.467,False
940169,Seats with wooden frames — other,2019,340,Honduras,1864545.0,390751.696,False
940169,Seats with wooden frames — other,2019,686,Senegal,25448.0,5333.124,False
940169,Seats with wooden frames — other,2019,156,China,121675870.0,25499546.831,False
940169,Seats with wooden frames — other,2019,418,Lao People's Dem. Rep.,51260.0,10742.531,False
940169,Seats with wooden frames — other,2019,288,Ghana,20645.0,4326.562,False
940169,Seats with wooden frames — other,2019,616,Poland,7172440.0,1503124.405,False
940169,Seats with wooden frames — other,2019,300,Greece,71692.0,15024.454,False
940169,Seats with wooden frames — other,2019,586,Pakistan,12810.0,2684.585,False
940169,Seats with wooden frames — other,2019,191,Croatia,96613.0,20247.135,False
940169,Seats with wooden frames — other,2019,458,Malaysia,37442629.0,7846831.682,False
940169,Seats with wooden frames — other,2019,702,Singapore,4661.0,976.803,False
940169,Seats with wooden frames — other,2019,724,Spain,1232974.0,258393.7,False
940169,Seats with wooden frames — other,2019,558,Nicaragua,450184.0,94344.819,False
940169,Seats with wooden frames — other,2019,380,Italy,16332962.0,3422890.088,False
940169,Seats with wooden frames — other,2019,854,Burkina Faso,561.0,117.568,False
940169,Seats with wooden frames — other,2019,332,Haiti,1985.0,415.995,False
940169,Seats with wooden frames — other,2019,504,Morocco,67376.0,14119.952,False
940169,Seats with wooden frames — other,2019,554,New Zealand,36056.0,7556.237,False
940169,Seats with wooden frames — other,2019,688,Serbia,312036.0,65393.217,False
940169,Seats with wooden frames — other,2019,703,Slovakia,630409.0,132114.476,False
940169,Seats with wooden frames — other,2019,484,Mexico,10953265.0,2295469.873,False
940169,Seats with wooden frames — other,2019,276,Germany,1745850.0,365876.848,False
940169,Seats with wooden frames — other,2019,392,Japan,377500.0,79112.473,False
940169,Seats with wooden frames — other,2019,376,Israel,504101.0,105644.176,False
940169,Seats with wooden frames — other,2019,320,Guatemala,13490.0,2827.092,False
940169,Seats with wooden frames — other,2019,784,United Arab Emirates,16365.0,3429.604,False
940169,Seats with wooden frames — other,2019,428,Latvia,2466870.0,516980.623,False
940169,Seats with wooden frames — other,2019,642,Romania,5664396.0,1187084.432,False
940169,Seats with wooden frames — other,2019,643,Russian Federation,46117.0,9664.715,False
940169,Seats with wooden frames — other,2019,50,Bangladesh,271165.0,56827.904,False
940169,Seats with wooden frames — other,2019,214,Dominican Rep.,14443.0,3026.812,False
940169,Seats with wooden frames — other,2019,208,Denmark,2967006.0,621793.856,False
940169,Seats with wooden frames — other,2019,112,Belarus,53142.0,11136.94,False
940169,Seats with wooden frames — other,2019,400,Jordan,9537.0,1998.664,False
940169,Seats with wooden frames — other,2019,705,Slovenia,1881439.0,394292.162,False
940169,Seats with wooden frames — other,2019,344,"China, Hong Kong SAR",270179.0,56621.268,False
940169,Seats with wooden frames — other,2019,792,Türkiye,563888.0,118173.706,False
940169,Seats with wooden frames — other,2019,740,Suriname,12978.0,2719.793,False
940169,Seats with wooden frames — other,2019,440,Lithuania,702169.0,147153.181,False
940169,Seats with wooden frames — other,2019,4,Afghanistan,2056.0,430.875,False
940169,Seats with wooden frames — other,2019,116,Cambodia,2098.0,439.677,False
940169,Seats with wooden frames — other,2019,710,South Africa,64109.0,13435.289,False
940169,Seats with wooden frames — other,2019,826,United Kingdom,2624064.0,549923.685,False
940169,Seats with wooden frames — other,2019,204,Benin,47228.0,9897.547,False
940169,Seats with wooden frames — other,2019,620,Portugal,936416.0,196244.199,False
940169,Seats with wooden frames — other,2019,84,Belize,67451.0,14135.67,False
940169,Seats with wooden frames — other,2020,0,World,690437096.0,135610945.478,True
940169,Seats with wooden frames — other,2020,887,Yemen,460.0,90.35,False
940169,Seats with wooden frames — other,2020,76,Brazil,2339258.0,459461.102,False
940169,Seats with wooden frames — other,2020,231,Ethiopia,10379.0,2038.572,False
940169,Seats with wooden frames — other,2020,56,Belgium,272553.0,53533.001,False
940169,Seats with wooden frames — other,2020,214,Dominican Rep.,121664.0,23896.413,False
940169,Seats with wooden frames — other,2020,84,Belize,89971.0,17671.49,False
940169,Seats with wooden frames — other,2020,792,Türkiye,569712.0,111898.945,False
940169,Seats with wooden frames — other,2020,410,Rep. of Korea,132777.0,26079.153,False
940169,Seats with wooden frames — other,2020,132,Cabo Verde,6237.0,1225.029,False
940169,Seats with wooden frames — other,2020,251,France,1065106.0,209200.856,False
940169,Seats with wooden frames — other,2020,320,Guatemala,21715.0,4265.112,False
940169,Seats with wooden frames — other,2020,124,Canada,14981858.0,2942634.369,False
940169,Seats with wooden frames — other,2020,428,Latvia,1909362.0,375023.862,False
940169,Seats with wooden frames — other,2020,100,Bulgaria,2812156.0,552344.502,False
940169,Seats with wooden frames — other,2020,826,United Kingdom,3008828.0,590973.475,False
940169,Seats with wooden frames — other,2020,528,Netherlands,1493758.0,293393.759,False
940169,Seats with wooden frames — other,2020,558,Nicaragua,930904.0,182841.815,False
940169,Seats with wooden frames — other,2020,404,Kenya,2654.0,521.281,False
940169,Seats with wooden frames — other,2020,724,Spain,1566509.0,307683.014,False
940169,Seats with wooden frames — other,2020,104,Myanmar,459353.0,90222.983,False
940169,Seats with wooden frames — other,2020,8,Albania,675.0,132.579,False
940169,Seats with wooden frames — other,2020,191,Croatia,105464.0,20714.52,False
940169,Seats with wooden frames — other,2020,620,Portugal,986087.0,193680.483,False
940169,Seats with wooden frames — other,2020,616,Poland,7008981.0,1376656.245,False
940169,Seats with wooden frames — other,2020,504,Morocco,36708.0,7209.935,False
940169,Seats with wooden frames — other,2020,144,Sri Lanka,25494.0,5007.358,False
940169,Seats with wooden frames — other,2020,218,Ecuador,8645.0,1697.992,False
940169,Seats with wooden frames — other,2020,70,Bosnia Herzegovina,19670.0,3863.447,False
940169,Seats with wooden frames — other,2020,233,Estonia,2151.0,422.485,False
940169,Seats with wooden frames — other,2020,208,Denmark,2159474.0,424149.155,False
940169,Seats with wooden frames — other,2020,642,Romania,5871409.0,1153222.112,False
940169,Seats with wooden frames — other,2020,348,Hungary,98529.0,19352.394,False
940169,Seats with wooden frames — other,2020,752,Sweden,299544.0,58834.39,False
940169,Seats with wooden frames — other,2020,170,Colombia,133592.0,26239.23,False
940169,Seats with wooden frames — other,2020,300,Greece,233615.0,45885.065,False
940169,Seats with wooden frames — other,2020,604,Peru,210489.0,41342.814,False
940169,Seats with wooden frames — other,2020,380,Italy,10608434.0,2083636.255,False
940169,Seats with wooden frames — other,2020,498,Rep. of Moldova,31661.0,6218.638,False
940169,Seats with wooden frames — other,2020,418,Lao People's Dem. Rep.,33866.0,6651.729,False
940169,Seats with wooden frames — other,2020,392,Japan,244460.0,48015.166,False
940169,Seats with wooden frames — other,2020,204,Benin,115853.0,22755.056,False
940169,Seats with wooden frames — other,2020,376,Israel,7729.0,1518.077,False
940169,Seats with wooden frames — other,2020,352,Iceland,368.0,72.28,False
940169,Seats with wooden frames — other,2020,458,Malaysia,37842608.0,7432786.969,False
940169,Seats with wooden frames — other,2020,490,"Other Asia, nes",1643920.0,322887.555,False
940169,Seats with wooden frames — other,2020,288,Ghana,68239.0,13403.039,False
940169,Seats with wooden frames — other,2020,40,Austria,126458.0,24838.018,False
940169,Seats with wooden frames — other,2020,694,Sierra Leone,1417.0,278.317,False
940169,Seats with wooden frames — other,2020,703,Slovakia,205231.0,40310.073,False
940169,Seats with wooden frames — other,2020,68,Bolivia (Plurinational State of),3042657.0,597617.936,False
940169,Seats with wooden frames — other,2020,699,India,17832197.0,3502478.516,False
940169,Seats with wooden frames — other,2020,484,Mexico,15689607.0,3081645.601,False
940169,Seats with wooden frames — other,2020,276,Germany,1050331.0,206298.852,False
940169,Seats with wooden frames — other,2020,120,Cameroon,9993.0,1962.757,False
940169,Seats with wooden frames — other,2020,586,Pakistan,53866.0,10579.992,False
940169,Seats with wooden frames — other,2020,400,Jordan,3044.0,597.882,False
940169,Seats with wooden frames — other,2020,162,Christmas Isds,30395.0,5969.979,False
940169,Seats with wooden frames — other,2020,704,Viet Nam,274307595.0,53877626.978,False
940169,Seats with wooden frames — other,2020,554,New Zealand,13788.0,2708.145,False
940169,Seats with wooden frames — other,2020,344,"China, Hong Kong SAR",97761.0,19201.549,False
940169,Seats with wooden frames — other,2020,50,Bangladesh,670021.0,131600.955,False
940169,Seats with wooden frames — other,2020,36,Australia,49203.0,9664.118,False
940169,Seats with wooden frames — other,2020,360,Indonesia,141682531.0,27828316.436,False
940169,Seats with wooden frames — other,2020,804,Ukraine,6380.0,1253.116,False
940169,Seats with wooden frames — other,2020,372,Ireland,179661.0,35287.788,False
940169,Seats with wooden frames — other,2020,12,Algeria,17731.0,3482.602,False
940169,Seats with wooden frames — other,2020,442,Luxembourg,17361.0,3409.929,False
940169,Seats with wooden frames — other,2020,807,North Macedonia,1533.0,301.101,False
940169,Seats with wooden frames — other,2020,579,Norway,23607.0,4636.726,False
940169,Seats with wooden frames — other,2020,156,China,100305239.0,19701270.943,False
940169,Seats with wooden frames — other,2020,818,Egypt,48243.0,9475.561,False
940169,Seats with wooden frames — other,2020,688,Serbia,265355.0,52119.219,False
940169,Seats with wooden frames — other,2020,705,Slovenia,1192180.0,234159.865,False
940169,Seats with wooden frames — other,2020,203,Czechia,3615006.0,710034.823,False
940169,Seats with wooden frames — other,2020,702,Singapore,25985.0,5103.796,False
940169,Seats with wooden frames — other,2020,516,Namibia,2136.0,419.539,False
940169,Seats with wooden frames — other,2020,834,United Rep. of Tanzania,6381.0,1253.313,False
940169,Seats with wooden frames — other,2020,608,Philippines,2174423.0,427085.336,False
940169,Seats with wooden frames — other,2020,188,Costa Rica,505960.0,99377.212,False
940169,Seats with wooden frames — other,2020,710,South Africa,58077.0,11407.088,False
940169,Seats with wooden frames — other,2020,764,Thailand,24302116.0,4773255.879,False
940169,Seats with wooden frames — other,2020,116,Cambodia,6197.0,1217.172,False
940169,Seats with wooden frames — other,2020,246,Finland,302291.0,59373.937,False
940169,Seats with wooden frames — other,2020,340,Honduras,1374792.0,270027.268,False
940169,Seats with wooden frames — other,2020,643,Russian Federation,11820.0,2321.604,False
940169,Seats with wooden frames — other,2020,440,Lithuania,1401454.0,275264.036,False
940169,Seats with wooden frames — other,2020,686,Senegal,11987.0,2354.405,False
940169,Seats with wooden frames — other,2020,508,Mozambique,18207.0,3576.095,False
940169,Seats with wooden frames — other,2020,757,Switzerland,83730.0,16445.676,False
940169,Seats with wooden frames — other,2020,32,Argentina,20270.0,3981.295,False
940169,Seats with wooden frames — other,2021,0,World,940227834.0,161233213.653,True
940169,Seats with wooden frames — other,2021,144,Sri Lanka,25831.0,4429.581,False
940169,Seats with wooden frames — other,2021,204,Benin,597491.0,102459.628,False
940169,Seats with wooden frames — other,2021,251,France,2065676.0,354228.59,False
940169,Seats with wooden frames — other,2021,36,Australia,233779.0,40089.155,False
940169,Seats with wooden frames — other,2021,112,Belarus,1643.0,281.747,False
940169,Seats with wooden frames — other,2021,428,Latvia,1748868.0,299901.362,False
940169,Seats with wooden frames — other,2021,826,United Kingdom,2594384.0,444893.094,False
940169,Seats with wooden frames — other,2021,504,Morocco,23013.0,3946.341,False
940169,Seats with wooden frames — other,2021,404,Kenya,1330.0,228.073,False
940169,Seats with wooden frames — other,2021,348,Hungary,75516.0,12949.72,False
940169,Seats with wooden frames — other,2021,699,India,31599776.0,5418828.555,False
940169,Seats with wooden frames — other,2021,760,Syria,2114.0,362.515,False
940169,Seats with wooden frames — other,2021,188,Costa Rica,567448.0,97307.76,False
940169,Seats with wooden frames — other,2021,268,Georgia,8498.0,1457.264,False
940169,Seats with wooden frames — other,2021,508,Mozambique,861.0,147.647,False
940169,Seats with wooden frames — other,2021,752,Sweden,293192.0,50277.482,False
940169,Seats with wooden frames — other,2021,818,Egypt,89588.0,15362.831,False
940169,Seats with wooden frames — other,2021,300,Greece,195333.0,33496.315,False
940169,Seats with wooden frames — other,2021,84,Belize,90173.0,15463.148,False
940169,Seats with wooden frames — other,2021,642,Romania,10678364.0,1831159.302,False
940169,Seats with wooden frames — other,2021,56,Belgium,771707.0,132334.733,False
940169,Seats with wooden frames — other,2021,710,South Africa,113775.0,19510.493,False
940169,Seats with wooden frames — other,2021,120,Cameroon,7748.0,1328.651,False
940169,Seats with wooden frames — other,2021,100,Bulgaria,5277948.0,905079.053,False
940169,Seats with wooden frames — other,2021,554,New Zealand,14608.0,2505.026,False
940169,Seats with wooden frames — other,2021,410,Rep. of Korea,139628.0,23943.847,False
940169,Seats with wooden frames — other,2021,218,Ecuador,39939.0,6848.865,False
940169,Seats with wooden frames — other,2021,8,Albania,2688.0,460.947,False
940169,Seats with wooden frames — other,2021,324,Guinea,6148.0,1054.278,False
940169,Seats with wooden frames — other,2021,332,Haiti,519.0,89.0,False
940169,Seats with wooden frames — other,2021,490,"Other Asia, nes",1286841.0,220671.525,False
940169,Seats with wooden frames — other,2021,233,Estonia,67381.0,11554.705,False
940169,Seats with wooden frames — other,2021,704,Viet Nam,346738959.0,59459882.633,False
940169,Seats with wooden frames — other,2021,392,Japan,530193.0,90919.156,False
940169,Seats with wooden frames — other,2021,484,Mexico,28154297.0,4827987.025,False
940169,Seats with wooden frames — other,2021,688,Serbia,221534.0,37989.344,False
940169,Seats with wooden frames — other,2021,70,Bosnia Herzegovina,29439.0,5048.292,False
940169,Seats with wooden frames — other,2021,682,Saudi Arabia,6824.0,1170.201,False
940169,Seats with wooden frames — other,2021,804,Ukraine,143726.0,24646.585,False
940169,Seats with wooden frames — other,2021,558,Nicaragua,1391329.0,238589.454,False
940169,Seats with wooden frames — other,2021,716,Zimbabwe,14529.0,2491.478,False
940169,Seats with wooden frames — other,2021,458,Malaysia,33678433.0,5775283.168,False
940169,Seats with wooden frames — other,2021,686,Senegal,66681.0,11434.667,False
940169,Seats with wooden frames — other,2021,792,Türkiye,1526154.0,261709.668,False
940169,Seats with wooden frames — other,2021,76,Brazil,5641797.0,967473.019,False
940169,Seats with wooden frames — other,2021,376,Israel,8366.0,1434.628,False
940169,Seats with wooden frames — other,2021,214,Dominican Rep.,5352.0,917.778,False
940169,Seats with wooden frames — other,2021,620,Portugal,1663269.0,285222.577,False
940169,Seats with wooden frames — other,2021,208,Denmark,3968749.0,680573.508,False
940169,Seats with wooden frames — other,2021,887,Yemen,5906.0,1012.779,False
940169,Seats with wooden frames — other,2021,360,Indonesia,214929248.0,36856740.579,False
940169,Seats with wooden frames — other,2021,757,Switzerland,57899.0,9928.702,False
940169,Seats with wooden frames — other,2021,604,Peru,255249.0,43770.898,False
940169,Seats with wooden frames — other,2021,643,Russian Federation,147119.0,25228.427,False
940169,Seats with wooden frames — other,2021,702,Singapore,1041.0,178.514,False
940169,Seats with wooden frames — other,2021,288,Ghana,33511.0,5746.571,False
940169,Seats with wooden frames — other,2021,400,Jordan,3604.0,618.025,False
940169,Seats with wooden frames — other,2021,51,Armenia,8809.0,1510.595,False
940169,Seats with wooden frames — other,2021,203,Czechia,5357104.0,918652.972,False
940169,Seats with wooden frames — other,2021,191,Croatia,6583.0,1128.873,False
940169,Seats with wooden frames — other,2021,834,United Rep. of Tanzania,6669.0,1143.621,False
940169,Seats with wooden frames — other,2021,440,Lithuania,1592653.0,273113.124,False
940169,Seats with wooden frames — other,2021,50,Bangladesh,2952719.0,506341.502,False
940169,Seats with wooden frames — other,2021,116,Cambodia,71617.0,12281.107,False
940169,Seats with wooden frames — other,2021,104,Myanmar,272565.0,46740.3,False
940169,Seats with wooden frames — other,2021,372,Ireland,106756.0,18306.853,False
940169,Seats with wooden frames — other,2021,152,Chile,401.0,68.765,False
940169,Seats with wooden frames — other,2021,132,Cabo Verde,31564.0,5412.694,False
940169,Seats with wooden frames — other,2021,608,Philippines,7395583.0,1268217.735,False
940169,Seats with wooden frames — other,2021,579,Norway,149960.0,25715.61,False
940169,Seats with wooden frames — other,2021,68,Bolivia (Plurinational State of),4968043.0,851935.573,False
940169,Seats with wooden frames — other,2021,156,China,135058957.0,23160332.935,False
940169,Seats with wooden frames — other,2021,616,Poland,10985240.0,1883783.36,False
940169,Seats with wooden frames — other,2021,703,Slovakia,125469.0,21515.817,False
940169,Seats with wooden frames — other,2021,586,Pakistan,18776.0,3219.767,False
940169,Seats with wooden frames — other,2021,422,Lebanon,5092.0,873.192,False
940169,Seats with wooden frames — other,2021,124,Canada,19373854.0,3322289.16,False
940169,Seats with wooden frames — other,2021,40,Austria,3187.0,546.517,False
940169,Seats with wooden frames — other,2021,170,Colombia,137169.0,23522.17,False
940169,Seats with wooden frames — other,2021,724,Spain,2092241.0,358784.039,False
940169,Seats with wooden frames — other,2021,340,Honduras,1955056.0,335259.126,False
940169,Seats with wooden frames — other,2021,516,Namibia,596.0,102.204,False
940169,Seats with wooden frames — other,2021,528,Netherlands,5228218.0,896551.197,False
940169,Seats with wooden frames — other,2021,380,Italy,12481920.0,2140438.733,False
940169,Seats with wooden frames — other,2021,764,Thailand,28900401.0,4955931.276,False
940169,Seats with wooden frames — other,2021,768,Togo,2014.0,345.367,False
940169,Seats with wooden frames — other,2021,72,Botswana,20944.0,3591.543,False
940169,Seats with wooden frames — other,2021,276,Germany,586612.0,100594.063,False
940169,Seats with wooden frames — other,2021,784,United Arab Emirates,3192.0,547.374,False
940169,Seats with wooden frames — other,2021,807,North Macedonia,17938.0,3076.064,False
940169,Seats with wooden frames — other,2021,344,"China, Hong Kong SAR",367953.0,63097.733,False
940169,Seats with wooden frames — other,2021,234,Faroe Isds,17796.0,3051.714,False
940169,Seats with wooden frames — other,2021,705,Slovenia,1482441.0,254213.626,False
940169,Seats with wooden frames — other,2021,320,Guatemala,40410.0,6929.633,False
940169,Seats with wooden frames — other,2021,231,Ethiopia,13569.0,2326.855,False
940169,Seats with wooden frames — other,2021,499,Montenegro,7023.0,1204.326,False
940169,Seats with wooden frames — other,2021,246,Finland,525107.0,90046.993,False
940169,Seats with wooden frames — other,2021,32,Argentina,9167.0,1571.986,False
940169,Seats with wooden frames — other,2021,674,San Marino,1450.0,248.651,False
940169,Seats with wooden frames — other,2022,0,World,1079141664.0,163404285.376,True
940169,Seats with wooden frames — other,2022,360,Indonesia,273219052.0,41370994.59,False
940169,Seats with wooden frames — other,2022,384,Côte d'Ivoire,301.0,45.578,False
940169,Seats with wooden frames — other,2022,233,Estonia,93400.0,14142.685,False
940169,Seats with wooden frames — other,2022,332,Haiti,2194.0,332.217,False
940169,Seats with wooden frames — other,2022,854,Burkina Faso,15627.0,2366.25,False
940169,Seats with wooden frames — other,2022,643,Russian Federation,19836.0,3003.579,False
940169,Seats with wooden frames — other,2022,84,Belize,69727.0,10558.105,False
940169,Seats with wooden frames — other,2022,490,"Other Asia, nes",1416935.0,214553.157,False
940169,Seats with wooden frames — other,2022,268,Georgia,2336.0,353.719,False
940169,Seats with wooden frames — other,2022,410,Rep. of Korea,224697.0,34023.756,False
940169,Seats with wooden frames — other,2022,68,Bolivia (Plurinational State of),6114007.0,925786.649,False
940169,Seats with wooden frames — other,2022,566,Nigeria,24214.0,3666.499,False
940169,Seats with wooden frames — other,2022,144,Sri Lanka,128194.0,19411.213,False
940169,Seats with wooden frames — other,2022,887,Yemen,27519.0,4166.944,False
940169,Seats with wooden frames — other,2022,56,Belgium,631802.0,95667.842,False
940169,Seats with wooden frames — other,2022,504,Morocco,69813.0,10571.127,False
940169,Seats with wooden frames — other,2022,826,United Kingdom,2357333.0,356948.793,False
940169,Seats with wooden frames — other,2022,484,Mexico,16087647.0,2436001.268,False
940169,Seats with wooden frames — other,2022,620,Portugal,1220150.0,184755.853,False
940169,Seats with wooden frames — other,2022,124,Canada,19671796.0,2978715.283,False
940169,Seats with wooden frames — other,2022,348,Hungary,247375.0,37457.673,False
940169,Seats with wooden frames — other,2022,344,"China, Hong Kong SAR",176018.0,26652.752,False
940169,Seats with wooden frames — other,2022,376,Israel,11245.0,1702.725,False
940169,Seats with wooden frames — other,2022,764,Thailand,44702594.0,6768893.9,False
940169,Seats with wooden frames — other,2022,380,Italy,16386080.0,2481190.173,False
940169,Seats with wooden frames — other,2022,705,Slovenia,2018049.0,305574.204,False
940169,Seats with wooden frames — other,2022,834,United Rep. of Tanzania,1522.0,230.462,False
940169,Seats with wooden frames — other,2022,807,North Macedonia,96097.0,14551.066,False
940169,Seats with wooden frames — other,2022,788,Tunisia,13579.0,2056.14,False
940169,Seats with wooden frames — other,2022,32,Argentina,23820.0,3606.839,False
940169,Seats with wooden frames — other,2022,422,Lebanon,22733.0,3442.245,False
940169,Seats with wooden frames — other,2022,710,South Africa,80747.0,12226.76,False
940169,Seats with wooden frames — other,2022,191,Croatia,27464.0,4158.616,False
940169,Seats with wooden frames — other,2022,214,Dominican Rep.,94754.0,14347.708,False
940169,Seats with wooden frames — other,2022,757,Switzerland,105306.0,15945.498,False
940169,Seats with wooden frames — other,2022,608,Philippines,13100400.0,1983670.515,False
940169,Seats with wooden frames — other,2022,642,Romania,14378472.0,2177196.952,False
940169,Seats with wooden frames — other,2022,208,Denmark,3619549.0,548074.305,False
940169,Seats with wooden frames — other,2022,760,Syria,4760.0,720.762,False
940169,Seats with wooden frames — other,2022,604,Peru,238034.0,36043.253,False
940169,Seats with wooden frames — other,2022,400,Jordan,37655.0,5701.743,False
940169,Seats with wooden frames — other,2022,496,Mongolia,972.0,147.181,False
940169,Seats with wooden frames — other,2022,112,Belarus,957.0,144.91,False
940169,Seats with wooden frames — other,2022,246,Finland,581639.0,88072.13,False
940169,Seats with wooden frames — other,2022,116,Cambodia,799151.0,121007.929,False
940169,Seats with wooden frames — other,2022,231,Ethiopia,814.0,123.256,False
940169,Seats with wooden frames — other,2022,860,Uzbekistan,21801.0,3301.121,False
940169,Seats with wooden frames — other,2022,458,Malaysia,51820875.0,7846748.327,False
940169,Seats with wooden frames — other,2022,156,China,142563524.0,21587055.284,False
940169,Seats with wooden frames — other,2022,288,Ghana,63963.0,9685.316,False
940169,Seats with wooden frames — other,2022,70,Bosnia Herzegovina,81864.0,12395.897,False
940169,Seats with wooden frames — other,2022,586,Pakistan,18510.0,2802.795,False
940169,Seats with wooden frames — other,2022,270,Gambia,1684.0,254.992,False
940169,Seats with wooden frames — other,2022,76,Brazil,5476030.0,829183.784,False
940169,Seats with wooden frames — other,2022,804,Ukraine,64205.0,9721.96,False
940169,Seats with wooden frames — other,2022,218,Ecuador,25542.0,3867.585,False
940169,Seats with wooden frames — other,2022,704,Viet Nam,371114547.0,56194389.827,False
940169,Seats with wooden frames — other,2022,204,Benin,681710.0,103224.942,False
940169,Seats with wooden frames — other,2022,498,Rep. of Moldova,35950.0,5443.571,False
940169,Seats with wooden frames — other,2022,203,Czechia,6386841.0,967099.339,False
940169,Seats with wooden frames — other,2022,8,Albania,547.0,82.827,False
940169,Seats with wooden frames — other,2022,686,Senegal,36508.0,5528.064,False
940169,Seats with wooden frames — other,2022,752,Sweden,701468.0,106216.71,False
940169,Seats with wooden frames — other,2022,222,El Salvador,7546.0,1142.62,False
940169,Seats with wooden frames — other,2022,152,Chile,37476.0,5674.639,False
940169,Seats with wooden frames — other,2022,372,Ireland,30398.0,4602.884,False
940169,Seats with wooden frames — other,2022,188,Costa Rica,582243.0,88163.588,False
940169,Seats with wooden frames — other,2022,688,Serbia,253451.0,38377.704,False
940169,Seats with wooden frames — other,2022,340,Honduras,2870122.0,434595.614,False
940169,Seats with wooden frames — other,2022,300,Greece,927102.0,140382.347,False
940169,Seats with wooden frames — other,2022,579,Norway,38105.0,5769.882,False
940169,Seats with wooden frames — other,2022,818,Egypt,209252.0,31685.065,False
940169,Seats with wooden frames — other,2022,528,Netherlands,3342265.0,506087.794,False
940169,Seats with wooden frames — other,2022,251,France,4109995.0,622337.936,False
940169,Seats with wooden frames — other,2022,50,Bangladesh,2435309.0,368755.966,False
940169,Seats with wooden frames — other,2022,100,Bulgaria,7546663.0,1142720.289,False
940169,Seats with wooden frames — other,2022,792,Türkiye,2939576.0,445112.381,False
940169,Seats with wooden frames — other,2022,558,Nicaragua,1895247.0,286979.45,False
940169,Seats with wooden frames — other,2022,554,New Zealand,11152.0,1688.643,False
940169,Seats with wooden frames — other,2022,170,Colombia,241984.0,36641.364,False
940169,Seats with wooden frames — other,2022,104,Myanmar,80310.0,12160.589,False
940169,Seats with wooden frames — other,2022,276,Germany,829239.0,125563.872,False
940169,Seats with wooden frames — other,2022,454,Malawi,1739.0,263.32,False
940169,Seats with wooden frames — other,2022,320,Guatemala,25544.0,3867.888,False
940169,Seats with wooden frames — other,2022,428,Latvia,3453177.0,522882.156,False
940169,Seats with wooden frames — other,2022,440,Lithuania,1673063.0,253336.214,False
940169,Seats with wooden frames — other,2022,40,Austria,72506.0,10978.903,False
940169,Seats with wooden frames — other,2022,418,Lao People's Dem. Rep.,50775.0,7688.381,False
940169,Seats with wooden frames — other,2022,404,Kenya,3083.0,466.83,False
940169,Seats with wooden frames — other,2022,36,Australia,338551.0,51263.598,False
940169,Seats with wooden frames — other,2022,392,Japan,747304.0,113157.225,False
940169,Seats with wooden frames — other,2022,616,Poland,13199880.0,1998733.837,False
940169,Seats with wooden frames — other,2022,703,Slovakia,156900.0,23757.893,False
940169,Seats with wooden frames — other,2022,591,Panama,751.0,113.717,False
940169,Seats with wooden frames — other,2022,724,Spain,2420114.0,366455.13,False
940169,Seats with wooden frames — other,2022,699,India,31348464.0,4746803.435,False
940169,Seats with wooden frames — other,2022,388,Jamaica,443.0,67.079,False
940169,Seats with wooden frames — other,2023,0,World,734394354.0,102594861.269,True
940169,Seats with wooden frames — other,2023,710,South Africa,139326.0,19463.837,False
940169,Seats with wooden frames — other,2023,642,Romania,10746174.0,1501240.069,False
940169,Seats with wooden frames — other,2023,703,Slovakia,723280.0,101042.186,False
940169,Seats with wooden frames — other,2023,705,Slovenia,1506831.0,210504.229,False
940169,Seats with wooden frames — other,2023,100,Bulgaria,6198739.0,865963.585,False
940169,Seats with wooden frames — other,2023,233,Estonia,24539.0,3428.097,False
940169,Seats with wooden frames — other,2023,288,Ghana,32071.0,4480.317,False
940169,Seats with wooden frames — other,2023,84,Belize,97056.0,13558.719,False
940169,Seats with wooden frames — other,2023,86,Br. Indian Ocean Terr.,6894.0,963.092,False
940169,Seats with wooden frames — other,2023,180,Dem. Rep. of the Congo,273.0,38.138,False
940169,Seats with wooden frames — other,2023,694,Sierra Leone,11169.0,1560.309,False
940169,Seats with wooden frames — other,2023,558,Nicaragua,1827693.0,255328.637,False
940169,Seats with wooden frames — other,2023,760,Syria,6296.0,879.551,False
940169,Seats with wooden frames — other,2023,784,United Arab Emirates,29873.0,4173.257,False
940169,Seats with wooden frames — other,2023,300,Greece,786334.0,109850.828,False
940169,Seats with wooden frames — other,2023,320,Guatemala,57823.0,8077.871,False
940169,Seats with wooden frames — other,2023,340,Honduras,4376267.0,611364.321,False
940169,Seats with wooden frames — other,2023,116,Cambodia,994013.0,138863.576,False
940169,Seats with wooden frames — other,2023,144,Sri Lanka,122581.0,17124.561,False
940169,Seats with wooden frames — other,2023,152,Chile,4029.0,562.851,False
940169,Seats with wooden frames — other,2023,170,Colombia,370167.0,51712.315,False
940169,Seats with wooden frames — other,2023,188,Costa Rica,1003449.0,140181.784,False
940169,Seats with wooden frames — other,2023,191,Croatia,57646.0,8053.144,False
940169,Seats with wooden frames — other,2023,204,Benin,346804.0,48448.505,False
940169,Seats with wooden frames — other,2023,214,Dominican Rep.,48080.0,6716.774,False
940169,Seats with wooden frames — other,2023,218,Ecuador,76246.0,10651.563,False
940169,Seats with wooden frames — other,2023,222,El Salvador,7440.0,1039.368,False
940169,Seats with wooden frames — other,2023,8,Albania,6272.0,876.198,False
940169,Seats with wooden frames — other,2023,50,Bangladesh,2286240.0,319387.635,False
940169,Seats with wooden frames — other,2023,68,Bolivia (Plurinational State of),2323837.0,324639.934,False
940169,Seats with wooden frames — other,2023,70,Bosnia Herzegovina,88116.0,12309.802,False
940169,Seats with wooden frames — other,2023,398,Kazakhstan,18815.0,2628.455,False
940169,Seats with wooden frames — other,2023,400,Jordan,3865.0,539.94,False
940169,Seats with wooden frames — other,2023,422,Lebanon,47495.0,6635.05,False
940169,Seats with wooden frames — other,2023,428,Latvia,2220855.0,310253.353,False
940169,Seats with wooden frames — other,2023,440,Lithuania,1691300.0,236274.541,False
940169,Seats with wooden frames — other,2023,466,Mali,2511.0,350.787,False
940169,Seats with wooden frames — other,2023,804,Ukraine,186392.0,26038.955,False
940169,Seats with wooden frames — other,2023,818,Egypt,310368.0,43358.397,False
940169,Seats with wooden frames — other,2023,887,Yemen,10765.0,1503.87,False
940169,Seats with wooden frames — other,2023,682,Saudi Arabia,2472.0,345.338,False
940169,Seats with wooden frames — other,2023,686,Senegal,51768.0,7231.987,False
940169,Seats with wooden frames — other,2023,504,Morocco,134603.0,18804.034,False
940169,Seats with wooden frames — other,2023,516,Namibia,1655.0,231.203,False
940169,Seats with wooden frames — other,2023,566,Nigeria,9589.0,1339.583,False
940169,Seats with wooden frames — other,2023,586,Pakistan,28536.0,3986.478,False
940169,Seats with wooden frames — other,2023,591,Panama,7530.0,1051.941,False
940169,Seats with wooden frames — other,2023,604,Peru,192507.0,26893.22,False
940169,Seats with wooden frames — other,2023,608,Philippines,4636704.0,647747.359,False
940169,Seats with wooden frames — other,2023,620,Portugal,1479238.0,206649.488,False
940169,Seats with wooden frames — other,2023,372,Ireland,23800.0,3324.859,False
940169,Seats with wooden frames — other,2023,348,Hungary,650550.0,90881.808,False
940169,Seats with wooden frames — other,2023,344,"China, Hong Kong SAR",35525.0,4962.841,False
940169,Seats with wooden frames — other,2023,360,Indonesia,180504339.0,25216448.788,False
940169,Seats with wooden frames — other,2023,702,Singapore,29401.0,4107.318,False
940169,Seats with wooden frames — other,2023,246,Finland,610299.0,85258.745,False
940169,Seats with wooden frames — other,2023,376,Israel,3643.0,508.927,False
940169,Seats with wooden frames — other,2023,56,Belgium,815415.0,113913.442,False
940169,Seats with wooden frames — other,2023,36,Australia,209545.0,29273.428,False
940169,Seats with wooden frames — other,2023,208,Denmark,2848982.0,398002.669,False
940169,Seats with wooden frames — other,2023,458,Malaysia,34484461.0,4817477.794,False
940169,Seats with wooden frames — other,2023,203,Czechia,3971607.0,554833.336,False
940169,Seats with wooden frames — other,2023,76,Brazil,4424749.0,618137.255,False
940169,Seats with wooden frames — other,2023,752,Sweden,1064693.0,148737.569,False
940169,Seats with wooden frames — other,2023,792,Türkiye,2110320.0,294811.618,False
940169,Seats with wooden frames — other,2023,764,Thailand,29129294.0,4069361.182,False
940169,Seats with wooden frames — other,2023,616,Poland,11495921.0,1605979.694,False
940169,Seats with wooden frames — other,2023,757,Switzerland,131790.0,18411.058,False
940169,Seats with wooden frames — other,2023,704,Viet Nam,249851278.0,34904213.335,False
940169,Seats with wooden frames — other,2023,40,Austria,12262.0,1713.001,False
940169,Seats with wooden frames — other,2023,724,Spain,2238563.0,312727.16,False
940169,Seats with wooden frames — other,2023,699,India,20171138.0,2817907.155,False
940169,Seats with wooden frames — other,2023,528,Netherlands,3045858.0,425506.238,False
940169,Seats with wooden frames — other,2023,410,Rep. of Korea,262938.0,36732.428,False
940169,Seats with wooden frames — other,2023,490,"Other Asia, nes",1292656.0,180583.99,False
940169,Seats with wooden frames — other,2023,251,France,3819363.0,533564.855,False
940169,Seats with wooden frames — other,2023,484,Mexico,8735897.0,1220404.454,False
940169,Seats with wooden frames — other,2023,392,Japan,688499.0,96183.282,False
940169,Seats with wooden frames — other,2023,826,United Kingdom,2250258.0,314360.951,False
940169,Seats with wooden frames — other,2023,380,Italy,15077399.0,2106312.025,False
940169,Seats with wooden frames — other,2023,124,Canada,16175907.0,2259773.547,False
940169,Seats with wooden frames — other,2023,276,Germany,405211.0,56607.96,False
940169,Seats with wooden frames — other,2023,156,China,92428430.0,12912247.897,False
940169,Seats with wooden frames — other,2023,688,Serbia,9889.0,1381.493,False
940169,Seats with wooden frames — other,2023,132,Cabo Verde,609.0,85.077,False
940169,Seats with wooden frames — other,2023,579,Norway,8054.0,1125.143,False
940169,Seats with wooden frames — other,2023,554,New Zealand,10736.0,1499.819,False
940169,Seats with wooden frames — other,2023,231,Ethiopia,908.0,126.848,False
940169,Seats with wooden frames — other,2023,32,Argentina,1451.0,202.705,False
940169,Seats with wooden frames — other,2023,496,Mongolia,345.0,48.196,False
940169,Seats with wooden frames — other,2023,120,Cameroon,1208.0,168.758,False
940169,Seats with wooden frames — other,2023,384,Côte d'Ivoire,791.0,110.503,False
940169,Seats with wooden frames — other,2023,600,Paraguay,706.0,98.628,False
940169,Seats with wooden frames — other,2023,748,Eswatini,283.0,39.535,False
940169,Seats with wooden frames — other,2023,352,Iceland,10293.0,1437.932,False
940169,Seats with wooden frames — other,2023,31,Azerbaijan,1412.0,197.256,False
940169,Seats with wooden frames — other,2023,104,Myanmar,766.0,107.01,False
940169,Seats with wooden frames — other,2023,404,Kenya,3754.0,524.434,False
940169,Seats with wooden frames — other,2023,418,Lao People's Dem. Rep.,632.0,88.29,False
940169,Seats with wooden frames — other,2024,0,World,714384665.0,102448669.875,True
940169,Seats with wooden frames — other,2024,170,Colombia,200251.0,28717.65,False
940169,Seats with wooden frames — other,2024,32,Argentina,23691.0,3397.485,False
940169,Seats with wooden frames — other,2024,50,Bangladesh,1982445.0,284299.01,False
940169,Seats with wooden frames — other,2024,68,Bolivia (Plurinational State of),4858204.0,696706.637,False
940169,Seats with wooden frames — other,2024,8,Albania,4401.0,631.14,False
940169,Seats with wooden frames — other,2024,70,Bosnia Herzegovina,129761.0,18608.801,False
940169,Seats with wooden frames — other,2024,100,Bulgaria,4668090.0,669442.717,False
940169,Seats with wooden frames — other,2024,116,Cambodia,533946.0,76572.273,False
940169,Seats with wooden frames — other,2024,120,Cameroon,7819.0,1121.309,False
940169,Seats with wooden frames — other,2024,144,Sri Lanka,5272.0,756.048,False
940169,Seats with wooden frames — other,2024,188,Costa Rica,922119.0,132239.492,False
940169,Seats with wooden frames — other,2024,191,Croatia,89177.0,12788.719,False
940169,Seats with wooden frames — other,2024,231,Ethiopia,802.0,115.013,False
940169,Seats with wooden frames — other,2024,233,Estonia,44649.0,6403.036,False
940169,Seats with wooden frames — other,2024,340,Honduras,3475584.0,498427.493,False
940169,Seats with wooden frames — other,2024,384,Côte d'Ivoire,783.0,112.289,False
940169,Seats with wooden frames — other,2024,404,Kenya,3895.0,558.575,False
940169,Seats with wooden frames — other,2024,152,Chile,22534.0,3231.562,False
940169,Seats with wooden frames — other,2024,204,Benin,167110.0,23964.956,False
940169,Seats with wooden frames — other,2024,214,Dominican Rep.,29805.0,4274.284,False
940169,Seats with wooden frames — other,2024,218,Ecuador,7404.0,1061.795,False
940169,Seats with wooden frames — other,2024,694,Sierra Leone,1039.0,149.001,False
940169,Seats with wooden frames — other,2024,242,Fiji,46669.0,6692.721,False
940169,Seats with wooden frames — other,2024,268,Georgia,11131.0,1596.277,False
940169,Seats with wooden frames — other,2024,646,Rwanda,2881.0,413.159,False
940169,Seats with wooden frames — other,2024,466,Mali,624.0,89.487,False
940169,Seats with wooden frames — other,2024,686,Senegal,35457.0,5084.827,False
940169,Seats with wooden frames — other,2024,688,Serbia,8633.0,1238.044,False
940169,Seats with wooden frames — other,2024,748,Eswatini,1455.0,208.659,False
940169,Seats with wooden frames — other,2024,784,United Arab Emirates,4254.0,610.059,False
940169,Seats with wooden frames — other,2024,804,Ukraine,65504.0,9393.815,False
940169,Seats with wooden frames — other,2024,807,North Macedonia,3560.0,510.533,False
940169,Seats with wooden frames — other,2024,818,Egypt,51792.0,7427.401,False
940169,Seats with wooden frames — other,2024,887,Yemen,22411.0,3213.923,False
940169,Seats with wooden frames — other,2024,558,Nicaragua,1375149.0,197207.741,False
940169,Seats with wooden frames — other,2024,566,Nigeria,6360.0,912.077,False
940169,Seats with wooden frames — other,2024,584,Marshall Isds,17904.0,2567.582,False
940169,Seats with wooden frames — other,2024,300,Greece,182095.0,26113.929,False
940169,Seats with wooden frames — other,2024,320,Guatemala,157740.0,22621.221,False
940169,Seats with wooden frames — other,2024,332,Haiti,1001.0,143.552,False
940169,Seats with wooden frames — other,2024,417,Kyrgyzstan,2295.0,329.122,False
940169,Seats with wooden frames — other,2024,422,Lebanon,48970.0,7022.703,False
940169,Seats with wooden frames — other,2024,428,Latvia,1962454.0,281432.136,False
940169,Seats with wooden frames — other,2024,440,Lithuania,1651282.0,236807.497,False
940169,Seats with wooden frames — other,2024,504,Morocco,98012.0,14055.731,False
940169,Seats with wooden frames — other,2024,516,Namibia,7068.0,1013.61,False
940169,Seats with wooden frames — other,2024,586,Pakistan,12104.0,1735.814,False
940169,Seats with wooden frames — other,2024,604,Peru,127157.0,18235.366,False
940169,Seats with wooden frames — other,2024,710,South Africa,62330.0,8938.638,False
940169,Seats with wooden frames — other,2024,705,Slovenia,1495373.0,214448.857,False
940169,Seats with wooden frames — other,2024,579,Norway,5713.0,819.291,False
940169,Seats with wooden frames — other,2024,703,Slovakia,63395.0,9091.367,False
940169,Seats with wooden frames — other,2024,620,Portugal,1184382.0,169850.175,False
940169,Seats with wooden frames — other,2024,348,Hungary,784002.0,112432.372,False
940169,Seats with wooden frames — other,2024,642,Romania,10618327.0,1522755.92,False
940169,Seats with wooden frames — other,2024,608,Philippines,4626867.0,663530.998,False
940169,Seats with wooden frames — other,2024,344,"China, Hong Kong SAR",41306.0,5923.622,False
940169,Seats with wooden frames — other,2024,360,Indonesia,191278390.0,27430903.253,False
940169,Seats with wooden frames — other,2024,702,Singapore,29909.0,4289.198,False
940169,Seats with wooden frames — other,2024,246,Finland,598919.0,85889.938,False
940169,Seats with wooden frames — other,2024,376,Israel,23755.0,3406.663,False
940169,Seats with wooden frames — other,2024,56,Belgium,615698.0,88296.186,False
940169,Seats with wooden frames — other,2024,36,Australia,84009.0,12047.585,False
940169,Seats with wooden frames — other,2024,208,Denmark,3632664.0,520954.065,False
940169,Seats with wooden frames — other,2024,203,Czechia,3374970.0,483998.614,False
940169,Seats with wooden frames — other,2024,76,Brazil,2512192.0,360269.112,False
940169,Seats with wooden frames — other,2024,458,Malaysia,30315795.0,4347535.755,False
940169,Seats with wooden frames — other,2024,40,Austria,107003.0,15345.115,False
940169,Seats with wooden frames — other,2024,757,Switzerland,107649.0,15437.757,False
940169,Seats with wooden frames — other,2024,792,Türkiye,3006532.0,431161.557,False
940169,Seats with wooden frames — other,2024,752,Sweden,542673.0,77823.797,False
940169,Seats with wooden frames — other,2024,616,Poland,10263642.0,1471891.157,False
940169,Seats with wooden frames — other,2024,764,Thailand,23403855.0,3356306.388,False
940169,Seats with wooden frames — other,2024,704,Viet Nam,243267516.0,34886573.941,False
940169,Seats with wooden frames — other,2024,251,France,3298110.0,472976.254,False
940169,Seats with wooden frames — other,2024,410,Rep. of Korea,231942.0,33262.401,False
940169,Seats with wooden frames — other,2024,699,India,20338029.0,2916641.581,False
940169,Seats with wooden frames — other,2024,724,Spain,2639247.0,378489.85,False
940169,Seats with wooden frames — other,2024,528,Netherlands,1635414.0,234531.895,False
940169,Seats with wooden frames — other,2024,392,Japan,598033.0,85762.879,False
940169,Seats with wooden frames — other,2024,490,"Other Asia, nes",1024175.0,146875.166,False
940169,Seats with wooden frames — other,2024,484,Mexico,7886480.0,1130986.464,False
940169,Seats with wooden frames — other,2024,380,Italy,16855472.0,2417214.102,False
940169,Seats with wooden frames — other,2024,124,Canada,11119457.0,1594622.107,False
940169,Seats with wooden frames — other,2024,276,Germany,599684.0,85999.646,False
940169,Seats with wooden frames — other,2024,156,China,91036475.0,13055383.508,False
940169,Seats with wooden frames — other,2024,826,United Kingdom,1971432.0,282719.655,False
940169,Seats with wooden frames — other,2024,72,Botswana,10893.0,1562.146,False
940169,Seats with wooden frames — other,2024,524,Nepal,1500.0,215.112,False
940169,Seats with wooden frames — other,2024,104,Myanmar,2484.0,356.226,False
940169,Seats with wooden frames — other,2024,788,Tunisia,1394.0,199.911,False
940169,Seats with wooden frames — other,2024,496,Mongolia,261.0,37.43,False
940169,Seats with wooden frames — other,2024,834,United Rep. of Tanzania,497.0,71.274,False
940169,Seats with wooden frames — other,2024,418,Lao People's Dem. Rep.,1139.0,163.342,False
940169,Seats with wooden frames — other,2024,84,Belize,688.0,98.665,False
940169,Seats with wooden frames — other,2024,262,Djibouti,2250.0,322.669,False
940169,Seats with wooden frames — other,2025,0,World,677156860.0,93063922.519,True
940169,Seats with wooden frames — other,2025,372,Ireland,54919.0,7547.701,False
940169,Seats with wooden frames — other,2025,710,South Africa,182361.0,25062.48,False
940169,Seats with wooden frames — other,2025,784,United Arab Emirates,27653.0,3800.444,False
940169,Seats with wooden frames — other,2025,170,Colombia,182223.0,25043.514,False
940169,Seats with wooden frames — other,2025,804,Ukraine,247405.0,34001.693,False
940169,Seats with wooden frames — other,2025,586,Pakistan,31032.0,4264.831,False
940169,Seats with wooden frames — other,2025,320,Guatemala,301297.0,41408.25,False
940169,Seats with wooden frames — other,2025,191,Croatia,88755.0,12197.895,False
940169,Seats with wooden frames — other,2025,188,Costa Rica,672801.0,92465.282,False
940169,Seats with wooden frames — other,2025,144,Sri Lanka,59117.0,8124.646,False
940169,Seats with wooden frames — other,2025,300,Greece,275439.0,37854.499,False
940169,Seats with wooden frames — other,2025,231,Ethiopia,930.0,127.813,False
940169,Seats with wooden frames — other,2025,174,Comoros,83783.0,11514.577,False
940169,Seats with wooden frames — other,2025,70,Bosnia Herzegovina,87906.0,12081.214,False
940169,Seats with wooden frames — other,2025,72,Botswana,61756.0,8487.333,False
940169,Seats with wooden frames — other,2025,132,Cabo Verde,625.0,85.896,False
940169,Seats with wooden frames — other,2025,887,Yemen,35705.0,4907.057,False
940169,Seats with wooden frames — other,2025,204,Benin,105898.0,14553.915,False
940169,Seats with wooden frames — other,2025,218,Ecuador,30149.0,4143.477,False
940169,Seats with wooden frames — other,2025,288,Ghana,861.0,118.33,False
940169,Seats with wooden frames — other,2025,340,Honduras,3474495.0,477511.42,False
940169,Seats with wooden frames — other,2025,332,Haiti,7330.0,1007.386,False
940169,Seats with wooden frames — other,2025,214,Dominican Rep.,10011.0,1375.845,False
940169,Seats with wooden frames — other,2025,428,Latvia,2164200.0,297433.214,False
940169,Seats with wooden frames — other,2025,120,Cameroon,12740.0,1750.901,False
940169,Seats with wooden frames — other,2025,422,Lebanon,18530.0,2546.64,False
940169,Seats with wooden frames — other,2025,116,Cambodia,2619087.0,359949.849,False
940169,Seats with wooden frames — other,2025,384,Côte d'Ivoire,9191.0,1263.15,False
940169,Seats with wooden frames — other,2025,818,Egypt,70080.0,9631.328,False
940169,Seats with wooden frames — other,2025,68,Bolivia (Plurinational State of),1448016.0,199005.661,False
940169,Seats with wooden frames — other,2025,440,Lithuania,1615306.0,221996.883,False
940169,Seats with wooden frames — other,2025,524,Nepal,8316.0,1142.896,False
940169,Seats with wooden frames — other,2025,51,Armenia,27326.0,3755.503,False
940169,Seats with wooden frames — other,2025,50,Bangladesh,994645.0,136697.375,False
940169,Seats with wooden frames — other,2025,100,Bulgaria,5313782.0,730290.758,False
940169,Seats with wooden frames — other,2025,584,Marshall Isds,267797.0,36804.234,False
940169,Seats with wooden frames — other,2025,604,Peru,54088.0,7433.494,False
940169,Seats with wooden frames — other,2025,466,Mali,1100.0,151.177,False
940169,Seats with wooden frames — other,2025,516,Namibia,1180.0,162.171,False
940169,Seats with wooden frames — other,2025,688,Serbia,55622.0,7644.317,False
940169,Seats with wooden frames — other,2025,404,Kenya,1013.0,139.22,False
940169,Seats with wooden frames — other,2025,504,Morocco,35685.0,4904.308,False
940169,Seats with wooden frames — other,2025,686,Senegal,9067.0,1246.108,False
940169,Seats with wooden frames — other,2025,566,Nigeria,14185.0,1949.492,False
940169,Seats with wooden frames — other,2025,496,Mongolia,2677.0,367.909,False
940169,Seats with wooden frames — other,2025,558,Nicaragua,1298328.0,178433.541,False
940169,Seats with wooden frames — other,2025,32,Argentina,12556.0,1725.613,False
940169,Seats with wooden frames — other,2025,788,Tunisia,3537.0,486.102,False
940169,Seats with wooden frames — other,2025,642,Romania,11366004.0,1562067.784,False
940169,Seats with wooden frames — other,2025,703,Slovakia,35029.0,4814.152,False
940169,Seats with wooden frames — other,2025,705,Slovenia,2183155.0,300038.263,False
940169,Seats with wooden frames — other,2025,554,New Zealand,58230.0,8002.743,False
940169,Seats with wooden frames — other,2025,620,Portugal,1567752.0,215461.379,False
940169,Seats with wooden frames — other,2025,344,"China, Hong Kong SAR",232459.0,31947.615,False
940169,Seats with wooden frames — other,2025,348,Hungary,1171127.0,160951.884,False
940169,Seats with wooden frames — other,2025,608,Philippines,3886682.0,534159.652,False
940169,Seats with wooden frames — other,2025,36,Australia,166021.0,22816.819,False
940169,Seats with wooden frames — other,2025,360,Indonesia,170662203.0,23454674.943,False
940169,Seats with wooden frames — other,2025,702,Singapore,584566.0,80338.852,False
940169,Seats with wooden frames — other,2025,376,Israel,30996.0,4259.884,False
940169,Seats with wooden frames — other,2025,246,Finland,766345.0,105321.346,False
940169,Seats with wooden frames — other,2025,56,Belgium,563647.0,77463.884,False
940169,Seats with wooden frames — other,2025,208,Denmark,4047214.0,556222.099,False
940169,Seats with wooden frames — other,2025,40,Austria,95486.0,13122.959,False
940169,Seats with wooden frames — other,2025,76,Brazil,3344124.0,459594.099,False
940169,Seats with wooden frames — other,2025,458,Malaysia,30423010.0,4181135.587,False
940169,Seats with wooden frames — other,2025,792,Türkiye,3671544.0,504592.52,False
940169,Seats with wooden frames — other,2025,203,Czechia,2752080.0,378227.52,False
940169,Seats with wooden frames — other,2025,752,Sweden,966787.0,132868.757,False
940169,Seats with wooden frames — other,2025,757,Switzerland,13423.0,1844.768,False
940169,Seats with wooden frames — other,2025,616,Poland,5401008.0,742278.517,False
940169,Seats with wooden frames — other,2025,251,France,3001007.0,412438.387,False
940169,Seats with wooden frames — other,2025,764,Thailand,23381895.0,3213451.703,False
940169,Seats with wooden frames — other,2025,704,Viet Nam,243554103.0,33472451.524,False
940169,Seats with wooden frames — other,2025,528,Netherlands,3229184.0,443797.512,False
940169,Seats with wooden frames — other,2025,724,Spain,5821812.0,800111.013,False
940169,Seats with wooden frames — other,2025,699,India,16352112.0,2247325.212,False
940169,Seats with wooden frames — other,2025,484,Mexico,7667872.0,1053821.187,False
940169,Seats with wooden frames — other,2025,490,"Other Asia, nes",535730.0,73627.158,False
940169,Seats with wooden frames — other,2025,410,Rep. of Korea,499962.0,68711.443,False
940169,Seats with wooden frames — other,2025,392,Japan,619358.0,85120.433,False
940169,Seats with wooden frames — other,2025,826,United Kingdom,2574330.0,353798.746,False
940169,Seats with wooden frames — other,2025,380,Italy,18167751.0,2496854.527,False
940169,Seats with wooden frames — other,2025,276,Germany,1080535.0,148501.524,False
940169,Seats with wooden frames — other,2025,124,Canada,9690505.0,1331798.376,False
940169,Seats with wooden frames — other,2025,156,China,74832114.0,10284426.653,False
940169,Seats with wooden frames — other,2025,694,Sierra Leone,3582.0,492.286,False
940169,Seats with wooden frames — other,2025,233,Estonia,4167.0,572.685,False
940169,Seats with wooden frames — other,2025,470,Malta,4331.0,595.224,False
940169,Seats with wooden frames — other,2025,579,Norway,34247.0,4706.679,False
940169,Seats with wooden frames — other,2025,400,Jordan,3539.0,486.377,False
940169,Seats with wooden frames — other,2025,454,Malawi,978.0,134.41,False
940169,Seats with wooden frames — other,2025,716,Zimbabwe,1156.0,158.873,False
940169,Seats with wooden frames — other,2025,858,Uruguay,2486.0,341.659,False
940169,Seats with wooden frames — other,2025,498,Rep. of Moldova,743.0,102.113,False
940169,Seats with wooden frames — other,2025,674,San Marino,2562.0,352.104,False
940169,Seats with wooden frames — other,2025,682,Saudi Arabia,1400.0,192.407,False
940169,Seats with wooden frames — other,2025,152,Chile,1585.0,217.832,False
940169,Seats with wooden frames — other,2025,242,Fiji,8723.0,1198.831,False
940169,Seats with wooden frames — other,2025,591,Panama,451.0,61.982,False
940169,Seats with wooden frames — other,2025,178,Congo,1892.0,260.024,False
940169,Seats with wooden frames — other,2025,8,Albania,3895.0,535.303,False
940169,Seats with wooden frames — other,2025,512,Oman,2660.0,365.573,False
940169,Seats with wooden frames — other,2025,446,"China, Macao SAR",796.0,109.397,False
