keyword,batch,is_anchor,date,timestamp,raw_index,anchor_scaled
dining table,0,True,"Aug 22 – 28, 2021",1629590400,8,1.0195
sofa,0,False,"Aug 22 – 28, 2021",1629590400,18,2.2938
bed frame,0,False,"Aug 22 – 28, 2021",1629590400,9,1.1469
desk,0,False,"Aug 22 – 28, 2021",1629590400,33,4.2053
bookshelf,0,False,"Aug 22 – 28, 2021",1629590400,3,0.3823
dining table,0,True,"Aug 29 – Sep 4, 2021",1630195200,8,1.0195
sofa,0,False,"Aug 29 – Sep 4, 2021",1630195200,18,2.2938
bed frame,0,False,"Aug 29 – Sep 4, 2021",1630195200,9,1.1469
desk,0,False,"Aug 29 – Sep 4, 2021",1630195200,32,4.0778
bookshelf,0,False,"Aug 29 – Sep 4, 2021",1630195200,3,0.3823
dining table,0,True,"Sep 5 – 11, 2021",1630800000,8,1.0195
sofa,0,False,"Sep 5 – 11, 2021",1630800000,19,2.4212
bed frame,0,False,"Sep 5 – 11, 2021",1630800000,8,1.0195
desk,0,False,"Sep 5 – 11, 2021",1630800000,29,3.6955
bookshelf,0,False,"Sep 5 – 11, 2021",1630800000,3,0.3823
dining table,0,True,"Sep 12 – 18, 2021",1631404800,8,1.0195
sofa,0,False,"Sep 12 – 18, 2021",1631404800,17,2.1663
bed frame,0,False,"Sep 12 – 18, 2021",1631404800,8,1.0195
desk,0,False,"Sep 12 – 18, 2021",1631404800,28,3.5681
bookshelf,0,False,"Sep 12 – 18, 2021",1631404800,3,0.3823
dining table,0,True,"Sep 19 – 25, 2021",1632009600,7,0.892
sofa,0,False,"Sep 19 – 25, 2021",1632009600,17,2.1663
bed frame,0,False,"Sep 19 – 25, 2021",1632009600,7,0.892
desk,0,False,"Sep 19 – 25, 2021",1632009600,28,3.5681
bookshelf,0,False,"Sep 19 – 25, 2021",1632009600,3,0.3823
dining table,0,True,"Sep 26 – Oct 2, 2021",1632614400,8,1.0195
sofa,0,False,"Sep 26 – Oct 2, 2021",1632614400,17,2.1663
bed frame,0,False,"Sep 26 – Oct 2, 2021",1632614400,8,1.0195
desk,0,False,"Sep 26 – Oct 2, 2021",1632614400,26,3.3132
bookshelf,0,False,"Sep 26 – Oct 2, 2021",1632614400,3,0.3823
dining table,0,True,"Oct 3 – 9, 2021",1633219200,8,1.0195
sofa,0,False,"Oct 3 – 9, 2021",1633219200,17,2.1663
bed frame,0,False,"Oct 3 – 9, 2021",1633219200,7,0.892
desk,0,False,"Oct 3 – 9, 2021",1633219200,27,3.4407
bookshelf,0,False,"Oct 3 – 9, 2021",1633219200,3,0.3823
dining table,0,True,"Oct 10 – 16, 2021",1633824000,8,1.0195
sofa,0,False,"Oct 10 – 16, 2021",1633824000,18,2.2938
bed frame,0,False,"Oct 10 – 16, 2021",1633824000,7,0.892
desk,0,False,"Oct 10 – 16, 2021",1633824000,28,3.5681
bookshelf,0,False,"Oct 10 – 16, 2021",1633824000,3,0.3823
dining table,0,True,"Oct 17 – 23, 2021",1634428800,8,1.0195
sofa,0,False,"Oct 17 – 23, 2021",1634428800,18,2.2938
bed frame,0,False,"Oct 17 – 23, 2021",1634428800,7,0.892
desk,0,False,"Oct 17 – 23, 2021",1634428800,27,3.4407
bookshelf,0,False,"Oct 17 – 23, 2021",1634428800,3,0.3823
dining table,0,True,"Oct 24 – 30, 2021",1635033600,7,0.892
sofa,0,False,"Oct 24 – 30, 2021",1635033600,18,2.2938
bed frame,0,False,"Oct 24 – 30, 2021",1635033600,7,0.892
desk,0,False,"Oct 24 – 30, 2021",1635033600,27,3.4407
bookshelf,0,False,"Oct 24 – 30, 2021",1635033600,3,0.3823
dining table,0,True,"Oct 31 – Nov 6, 2021",1635638400,8,1.0195
sofa,0,False,"Oct 31 – Nov 6, 2021",1635638400,18,2.2938
bed frame,0,False,"Oct 31 – Nov 6, 2021",1635638400,7,0.892
desk,0,False,"Oct 31 – Nov 6, 2021",1635638400,28,3.5681
bookshelf,0,False,"Oct 31 – Nov 6, 2021",1635638400,3,0.3823
dining table,0,True,"Nov 7 – 13, 2021",1636243200,9,1.1469
sofa,0,False,"Nov 7 – 13, 2021",1636243200,20,2.5486
bed frame,0,False,"Nov 7 – 13, 2021",1636243200,8,1.0195
desk,0,False,"Nov 7 – 13, 2021",1636243200,30,3.823
bookshelf,0,False,"Nov 7 – 13, 2021",1636243200,3,0.3823
dining table,0,True,"Nov 14 – 20, 2021",1636848000,9,1.1469
sofa,0,False,"Nov 14 – 20, 2021",1636848000,19,2.4212
bed frame,0,False,"Nov 14 – 20, 2021",1636848000,8,1.0195
desk,0,False,"Nov 14 – 20, 2021",1636848000,30,3.823
bookshelf,0,False,"Nov 14 – 20, 2021",1636848000,3,0.3823
dining table,0,True,"Nov 21 – 27, 2021",1637452800,10,1.2743
sofa,0,False,"Nov 21 – 27, 2021",1637452800,21,2.6761
bed frame,0,False,"Nov 21 – 27, 2021",1637452800,9,1.1469
desk,0,False,"Nov 21 – 27, 2021",1637452800,29,3.6955
bookshelf,0,False,"Nov 21 – 27, 2021",1637452800,3,0.3823
dining table,0,True,"Nov 28 – Dec 4, 2021",1638057600,8,1.0195
sofa,0,False,"Nov 28 – Dec 4, 2021",1638057600,18,2.2938
bed frame,0,False,"Nov 28 – Dec 4, 2021",1638057600,9,1.1469
desk,0,False,"Nov 28 – Dec 4, 2021",1638057600,33,4.2053
bookshelf,0,False,"Nov 28 – Dec 4, 2021",1638057600,3,0.3823
dining table,0,True,"Dec 5 – 11, 2021",1638662400,7,0.892
sofa,0,False,"Dec 5 – 11, 2021",1638662400,16,2.0389
bed frame,0,False,"Dec 5 – 11, 2021",1638662400,7,0.892
desk,0,False,"Dec 5 – 11, 2021",1638662400,30,3.823
bookshelf,0,False,"Dec 5 – 11, 2021",1638662400,3,0.3823
dining table,0,True,"Dec 12 – 18, 2021",1639267200,6,0.7646
sofa,0,False,"Dec 12 – 18, 2021",1639267200,14,1.784
bed frame,0,False,"Dec 12 – 18, 2021",1639267200,7,0.892
desk,0,False,"Dec 12 – 18, 2021",1639267200,29,3.6955
bookshelf,0,False,"Dec 12 – 18, 2021",1639267200,2,0.2549
dining table,0,True,"Dec 19 – 25, 2021",1639872000,6,0.7646
sofa,0,False,"Dec 19 – 25, 2021",1639872000,14,1.784
bed frame,0,False,"Dec 19 – 25, 2021",1639872000,7,0.892
desk,0,False,"Dec 19 – 25, 2021",1639872000,26,3.3132
bookshelf,0,False,"Dec 19 – 25, 2021",1639872000,3,0.3823
dining table,0,True,"Dec 26, 2021 – Jan 1, 2022",1640476800,8,1.0195
sofa,0,False,"Dec 26, 2021 – Jan 1, 2022",1640476800,18,2.2938
bed frame,0,False,"Dec 26, 2021 – Jan 1, 2022",1640476800,9,1.1469
desk,0,False,"Dec 26, 2021 – Jan 1, 2022",1640476800,30,3.823
bookshelf,0,False,"Dec 26, 2021 – Jan 1, 2022",1640476800,4,0.5097
dining table,0,True,"Jan 2 – 8, 2022",1641081600,8,1.0195
sofa,0,False,"Jan 2 – 8, 2022",1641081600,18,2.2938
bed frame,0,False,"Jan 2 – 8, 2022",1641081600,9,1.1469
desk,0,False,"Jan 2 – 8, 2022",1641081600,36,4.5875
bookshelf,0,False,"Jan 2 – 8, 2022",1641081600,4,0.5097
dining table,0,True,"Jan 9 – 15, 2022",1641686400,8,1.0195
sofa,0,False,"Jan 9 – 15, 2022",1641686400,18,2.2938
bed frame,0,False,"Jan 9 – 15, 2022",1641686400,8,1.0195
desk,0,False,"Jan 9 – 15, 2022",1641686400,35,4.4601
bookshelf,0,False,"Jan 9 – 15, 2022",1641686400,4,0.5097
dining table,0,True,"Jan 16 – 22, 2022",1642291200,8,1.0195
sofa,0,False,"Jan 16 – 22, 2022",1642291200,17,2.1663
bed frame,0,False,"Jan 16 – 22, 2022",1642291200,8,1.0195
desk,0,False,"Jan 16 – 22, 2022",1642291200,34,4.3327
bookshelf,0,False,"Jan 16 – 22, 2022",1642291200,4,0.5097
dining table,0,True,"Jan 23 – 29, 2022",1642896000,8,1.0195
sofa,0,False,"Jan 23 – 29, 2022",1642896000,16,2.0389
bed frame,0,False,"Jan 23 – 29, 2022",1642896000,8,1.0195
desk,0,False,"Jan 23 – 29, 2022",1642896000,33,4.2053
bookshelf,0,False,"Jan 23 – 29, 2022",1642896000,4,0.5097
dining table,0,True,"Jan 30 – Feb 5, 2022",1643500800,8,1.0195
sofa,0,False,"Jan 30 – Feb 5, 2022",1643500800,17,2.1663
bed frame,0,False,"Jan 30 – Feb 5, 2022",1643500800,8,1.0195
desk,0,False,"Jan 30 – Feb 5, 2022",1643500800,33,4.2053
bookshelf,0,False,"Jan 30 – Feb 5, 2022",1643500800,4,0.5097
dining table,0,True,"Feb 6 – 12, 2022",1644105600,8,1.0195
sofa,0,False,"Feb 6 – 12, 2022",1644105600,17,2.1663
bed frame,0,False,"Feb 6 – 12, 2022",1644105600,8,1.0195
desk,0,False,"Feb 6 – 12, 2022",1644105600,33,4.2053
bookshelf,0,False,"Feb 6 – 12, 2022",1644105600,4,0.5097
dining table,0,True,"Feb 13 – 19, 2022",1644710400,8,1.0195
sofa,0,False,"Feb 13 – 19, 2022",1644710400,18,2.2938
bed frame,0,False,"Feb 13 – 19, 2022",1644710400,9,1.1469
desk,0,False,"Feb 13 – 19, 2022",1644710400,33,4.2053
bookshelf,0,False,"Feb 13 – 19, 2022",1644710400,4,0.5097
dining table,0,True,"Feb 20 – 26, 2022",1645315200,9,1.1469
sofa,0,False,"Feb 20 – 26, 2022",1645315200,19,2.4212
bed frame,0,False,"Feb 20 – 26, 2022",1645315200,10,1.2743
desk,0,False,"Feb 20 – 26, 2022",1645315200,32,4.0778
bookshelf,0,False,"Feb 20 – 26, 2022",1645315200,4,0.5097
dining table,0,True,"Feb 27 – Mar 5, 2022",1645920000,8,1.0195
sofa,0,False,"Feb 27 – Mar 5, 2022",1645920000,17,2.1663
bed frame,0,False,"Feb 27 – Mar 5, 2022",1645920000,8,1.0195
desk,0,False,"Feb 27 – Mar 5, 2022",1645920000,33,4.2053
bookshelf,0,False,"Feb 27 – Mar 5, 2022",1645920000,4,0.5097
dining table,0,True,"Mar 6 – 12, 2022",1646524800,8,1.0195
sofa,0,False,"Mar 6 – 12, 2022",1646524800,16,2.0389
bed frame,0,False,"Mar 6 – 12, 2022",1646524800,8,1.0195
desk,0,False,"Mar 6 – 12, 2022",1646524800,32,4.0778
bookshelf,0,False,"Mar 6 – 12, 2022",1646524800,4,0.5097
dining table,0,True,"Mar 13 – 19, 2022",1647129600,8,1.0195
sofa,0,False,"Mar 13 – 19, 2022",1647129600,17,2.1663
bed frame,0,False,"Mar 13 – 19, 2022",1647129600,8,1.0195
desk,0,False,"Mar 13 – 19, 2022",1647129600,30,3.823
bookshelf,0,False,"Mar 13 – 19, 2022",1647129600,4,0.5097
dining table,0,True,"Mar 20 – 26, 2022",1647734400,8,1.0195
sofa,0,False,"Mar 20 – 26, 2022",1647734400,17,2.1663
bed frame,0,False,"Mar 20 – 26, 2022",1647734400,8,1.0195
desk,0,False,"Mar 20 – 26, 2022",1647734400,29,3.6955
bookshelf,0,False,"Mar 20 – 26, 2022",1647734400,3,0.3823
dining table,0,True,"Mar 27 – Apr 2, 2022",1648339200,8,1.0195
sofa,0,False,"Mar 27 – Apr 2, 2022",1648339200,16,2.0389
bed frame,0,False,"Mar 27 – Apr 2, 2022",1648339200,8,1.0195
desk,0,False,"Mar 27 – Apr 2, 2022",1648339200,29,3.6955
bookshelf,0,False,"Mar 27 – Apr 2, 2022",1648339200,3,0.3823
dining table,0,True,"Apr 3 – 9, 2022",1648944000,8,1.0195
sofa,0,False,"Apr 3 – 9, 2022",1648944000,16,2.0389
bed frame,0,False,"Apr 3 – 9, 2022",1648944000,7,0.892
desk,0,False,"Apr 3 – 9, 2022",1648944000,30,3.823
bookshelf,0,False,"Apr 3 – 9, 2022",1648944000,3,0.3823
dining table,0,True,"Apr 10 – 16, 2022",1649548800,7,0.892
sofa,0,False,"Apr 10 – 16, 2022",1649548800,15,1.9115
bed frame,0,False,"Apr 10 – 16, 2022",1649548800,7,0.892
desk,0,False,"Apr 10 – 16, 2022",1649548800,27,3.4407
bookshelf,0,False,"Apr 10 – 16, 2022",1649548800,3,0.3823
dining table,0,True,"Apr 17 – 23, 2022",1650153600,8,1.0195
sofa,0,False,"Apr 17 – 23, 2022",1650153600,15,1.9115
bed frame,0,False,"Apr 17 – 23, 2022",1650153600,7,0.892
desk,0,False,"Apr 17 – 23, 2022",1650153600,28,3.5681
bookshelf,0,False,"Apr 17 – 23, 2022",1650153600,3,0.3823
dining table,0,True,"Apr 24 – 30, 2022",1650758400,8,1.0195
sofa,0,False,"Apr 24 – 30, 2022",1650758400,15,1.9115
bed frame,0,False,"Apr 24 – 30, 2022",1650758400,7,0.892
desk,0,False,"Apr 24 – 30, 2022",1650758400,29,3.6955
bookshelf,0,False,"Apr 24 – 30, 2022",1650758400,3,0.3823
dining table,0,True,"May 1 – 7, 2022",1651363200,7,0.892
sofa,0,False,"May 1 – 7, 2022",1651363200,14,1.784
bed frame,0,False,"May 1 – 7, 2022",1651363200,7,0.892
desk,0,False,"May 1 – 7, 2022",1651363200,28,3.5681
bookshelf,0,False,"May 1 – 7, 2022",1651363200,3,0.3823
dining table,0,True,"May 8 – 14, 2022",1651968000,7,0.892
sofa,0,False,"May 8 – 14, 2022",1651968000,15,1.9115
bed frame,0,False,"May 8 – 14, 2022",1651968000,7,0.892
desk,0,False,"May 8 – 14, 2022",1651968000,28,3.5681
bookshelf,0,False,"May 8 – 14, 2022",1651968000,3,0.3823
dining table,0,True,"May 15 – 21, 2022",1652572800,7,0.892
sofa,0,False,"May 15 – 21, 2022",1652572800,15,1.9115
bed frame,0,False,"May 15 – 21, 2022",1652572800,7,0.892
desk,0,False,"May 15 – 21, 2022",1652572800,28,3.5681
bookshelf,0,False,"May 15 – 21, 2022",1652572800,3,0.3823
dining table,0,True,"May 22 – 28, 2022",1653177600,7,0.892
sofa,0,False,"May 22 – 28, 2022",1653177600,16,2.0389
bed frame,0,False,"May 22 – 28, 2022",1653177600,8,1.0195
desk,0,False,"May 22 – 28, 2022",1653177600,28,3.5681
bookshelf,0,False,"May 22 – 28, 2022",1653177600,3,0.3823
dining table,0,True,"May 29 – Jun 4, 2022",1653782400,8,1.0195
sofa,0,False,"May 29 – Jun 4, 2022",1653782400,16,2.0389
bed frame,0,False,"May 29 – Jun 4, 2022",1653782400,8,1.0195
desk,0,False,"May 29 – Jun 4, 2022",1653782400,27,3.4407
bookshelf,0,False,"May 29 – Jun 4, 2022",1653782400,3,0.3823
dining table,0,True,"Jun 5 – 11, 2022",1654387200,7,0.892
sofa,0,False,"Jun 5 – 11, 2022",1654387200,15,1.9115
bed frame,0,False,"Jun 5 – 11, 2022",1654387200,8,1.0195
desk,0,False,"Jun 5 – 11, 2022",1654387200,29,3.6955
bookshelf,0,False,"Jun 5 – 11, 2022",1654387200,3,0.3823
dining table,0,True,"Jun 12 – 18, 2022",1654992000,7,0.892
sofa,0,False,"Jun 12 – 18, 2022",1654992000,14,1.784
bed frame,0,False,"Jun 12 – 18, 2022",1654992000,8,1.0195
desk,0,False,"Jun 12 – 18, 2022",1654992000,29,3.6955
bookshelf,0,False,"Jun 12 – 18, 2022",1654992000,3,0.3823
dining table,0,True,"Jun 19 – 25, 2022",1655596800,7,0.892
sofa,0,False,"Jun 19 – 25, 2022",1655596800,16,2.0389
bed frame,0,False,"Jun 19 – 25, 2022",1655596800,8,1.0195
desk,0,False,"Jun 19 – 25, 2022",1655596800,30,3.823
bookshelf,0,False,"Jun 19 – 25, 2022",1655596800,3,0.3823
dining table,0,True,"Jun 26 – Jul 2, 2022",1656201600,7,0.892
sofa,0,False,"Jun 26 – Jul 2, 2022",1656201600,16,2.0389
bed frame,0,False,"Jun 26 – Jul 2, 2022",1656201600,9,1.1469
desk,0,False,"Jun 26 – Jul 2, 2022",1656201600,34,4.3327
bookshelf,0,False,"Jun 26 – Jul 2, 2022",1656201600,3,0.3823
dining table,0,True,"Jul 3 – 9, 2022",1656806400,7,0.892
sofa,0,False,"Jul 3 – 9, 2022",1656806400,16,2.0389
bed frame,0,False,"Jul 3 – 9, 2022",1656806400,9,1.1469
desk,0,False,"Jul 3 – 9, 2022",1656806400,32,4.0778
bookshelf,0,False,"Jul 3 – 9, 2022",1656806400,3,0.3823
dining table,0,True,"Jul 10 – 16, 2022",1657411200,7,0.892
sofa,0,False,"Jul 10 – 16, 2022",1657411200,16,2.0389
bed frame,0,False,"Jul 10 – 16, 2022",1657411200,9,1.1469
desk,0,False,"Jul 10 – 16, 2022",1657411200,33,4.2053
bookshelf,0,False,"Jul 10 – 16, 2022",1657411200,3,0.3823
dining table,0,True,"Jul 17 – 23, 2022",1658016000,8,1.0195
sofa,0,False,"Jul 17 – 23, 2022",1658016000,16,2.0389
bed frame,0,False,"Jul 17 – 23, 2022",1658016000,9,1.1469
desk,0,False,"Jul 17 – 23, 2022",1658016000,33,4.2053
bookshelf,0,False,"Jul 17 – 23, 2022",1658016000,3,0.3823
dining table,0,True,"Jul 24 – 30, 2022",1658620800,7,0.892
sofa,0,False,"Jul 24 – 30, 2022",1658620800,16,2.0389
bed frame,0,False,"Jul 24 – 30, 2022",1658620800,9,1.1469
desk,0,False,"Jul 24 – 30, 2022",1658620800,32,4.0778
bookshelf,0,False,"Jul 24 – 30, 2022",1658620800,3,0.3823
dining table,0,True,"Jul 31 – Aug 6, 2022",1659225600,8,1.0195
sofa,0,False,"Jul 31 – Aug 6, 2022",1659225600,17,2.1663
bed frame,0,False,"Jul 31 – Aug 6, 2022",1659225600,9,1.1469
desk,0,False,"Jul 31 – Aug 6, 2022",1659225600,34,4.3327
bookshelf,0,False,"Jul 31 – Aug 6, 2022",1659225600,3,0.3823
dining table,0,True,"Aug 7 – 13, 2022",1659830400,8,1.0195
sofa,0,False,"Aug 7 – 13, 2022",1659830400,16,2.0389
bed frame,0,False,"Aug 7 – 13, 2022",1659830400,9,1.1469
desk,0,False,"Aug 7 – 13, 2022",1659830400,36,4.5875
bookshelf,0,False,"Aug 7 – 13, 2022",1659830400,4,0.5097
dining table,0,True,"Aug 14 – 20, 2022",1660435200,8,1.0195
sofa,0,False,"Aug 14 – 20, 2022",1660435200,16,2.0389
bed frame,0,False,"Aug 14 – 20, 2022",1660435200,9,1.1469
desk,0,False,"Aug 14 – 20, 2022",1660435200,36,4.5875
bookshelf,0,False,"Aug 14 – 20, 2022",1660435200,4,0.5097
dining table,0,True,"Aug 21 – 27, 2022",1661040000,7,0.892
sofa,0,False,"Aug 21 – 27, 2022",1661040000,17,2.1663
bed frame,0,False,"Aug 21 – 27, 2022",1661040000,9,1.1469
desk,0,False,"Aug 21 – 27, 2022",1661040000,35,4.4601
bookshelf,0,False,"Aug 21 – 27, 2022",1661040000,4,0.5097
dining table,0,True,"Aug 28 – Sep 3, 2022",1661644800,7,0.892
sofa,0,False,"Aug 28 – Sep 3, 2022",1661644800,16,2.0389
bed frame,0,False,"Aug 28 – Sep 3, 2022",1661644800,9,1.1469
desk,0,False,"Aug 28 – Sep 3, 2022",1661644800,33,4.2053
bookshelf,0,False,"Aug 28 – Sep 3, 2022",1661644800,3,0.3823
dining table,0,True,"Sep 4 – 10, 2022",1662249600,8,1.0195
sofa,0,False,"Sep 4 – 10, 2022",1662249600,17,2.1663
bed frame,0,False,"Sep 4 – 10, 2022",1662249600,8,1.0195
desk,0,False,"Sep 4 – 10, 2022",1662249600,31,3.9504
bookshelf,0,False,"Sep 4 – 10, 2022",1662249600,3,0.3823
dining table,0,True,"Sep 11 – 17, 2022",1662854400,7,0.892
sofa,0,False,"Sep 11 – 17, 2022",1662854400,15,1.9115
bed frame,0,False,"Sep 11 – 17, 2022",1662854400,7,0.892
desk,0,False,"Sep 11 – 17, 2022",1662854400,30,3.823
bookshelf,0,False,"Sep 11 – 17, 2022",1662854400,3,0.3823
dining table,0,True,"Sep 18 – 24, 2022",1663459200,7,0.892
sofa,0,False,"Sep 18 – 24, 2022",1663459200,14,1.784
bed frame,0,False,"Sep 18 – 24, 2022",1663459200,7,0.892
desk,0,False,"Sep 18 – 24, 2022",1663459200,30,3.823
bookshelf,0,False,"Sep 18 – 24, 2022",1663459200,3,0.3823
dining table,0,True,"Sep 25 – Oct 1, 2022",1664064000,6,0.7646
sofa,0,False,"Sep 25 – Oct 1, 2022",1664064000,14,1.784
bed frame,0,False,"Sep 25 – Oct 1, 2022",1664064000,7,0.892
desk,0,False,"Sep 25 – Oct 1, 2022",1664064000,28,3.5681
bookshelf,0,False,"Sep 25 – Oct 1, 2022",1664064000,3,0.3823
dining table,0,True,"Oct 2 – 8, 2022",1664668800,6,0.7646
sofa,0,False,"Oct 2 – 8, 2022",1664668800,15,1.9115
bed frame,0,False,"Oct 2 – 8, 2022",1664668800,7,0.892
desk,0,False,"Oct 2 – 8, 2022",1664668800,28,3.5681
bookshelf,0,False,"Oct 2 – 8, 2022",1664668800,3,0.3823
dining table,0,True,"Oct 9 – 15, 2022",1665273600,7,0.892
sofa,0,False,"Oct 9 – 15, 2022",1665273600,15,1.9115
bed frame,0,False,"Oct 9 – 15, 2022",1665273600,7,0.892
desk,0,False,"Oct 9 – 15, 2022",1665273600,30,3.823
bookshelf,0,False,"Oct 9 – 15, 2022",1665273600,3,0.3823
dining table,0,True,"Oct 16 – 22, 2022",1665878400,7,0.892
sofa,0,False,"Oct 16 – 22, 2022",1665878400,15,1.9115
bed frame,0,False,"Oct 16 – 22, 2022",1665878400,7,0.892
desk,0,False,"Oct 16 – 22, 2022",1665878400,28,3.5681
bookshelf,0,False,"Oct 16 – 22, 2022",1665878400,3,0.3823
dining table,0,True,"Oct 23 – 29, 2022",1666483200,7,0.892
sofa,0,False,"Oct 23 – 29, 2022",1666483200,14,1.784
bed frame,0,False,"Oct 23 – 29, 2022",1666483200,7,0.892
desk,0,False,"Oct 23 – 29, 2022",1666483200,28,3.5681
bookshelf,0,False,"Oct 23 – 29, 2022",1666483200,3,0.3823
dining table,0,True,"Oct 30 – Nov 5, 2022",1667088000,7,0.892
sofa,0,False,"Oct 30 – Nov 5, 2022",1667088000,15,1.9115
bed frame,0,False,"Oct 30 – Nov 5, 2022",1667088000,7,0.892
desk,0,False,"Oct 30 – Nov 5, 2022",1667088000,28,3.5681
bookshelf,0,False,"Oct 30 – Nov 5, 2022",1667088000,3,0.3823
dining table,0,True,"Nov 6 – 12, 2022",1667692800,8,1.0195
sofa,0,False,"Nov 6 – 12, 2022",1667692800,16,2.0389
bed frame,0,False,"Nov 6 – 12, 2022",1667692800,7,0.892
desk,0,False,"Nov 6 – 12, 2022",1667692800,30,3.823
bookshelf,0,False,"Nov 6 – 12, 2022",1667692800,3,0.3823
dining table,0,True,"Nov 13 – 19, 2022",1668297600,8,1.0195
sofa,0,False,"Nov 13 – 19, 2022",1668297600,16,2.0389
bed frame,0,False,"Nov 13 – 19, 2022",1668297600,7,0.892
desk,0,False,"Nov 13 – 19, 2022",1668297600,31,3.9504
bookshelf,0,False,"Nov 13 – 19, 2022",1668297600,3,0.3823
dining table,0,True,"Nov 20 – 26, 2022",1668902400,9,1.1469
sofa,0,False,"Nov 20 – 26, 2022",1668902400,19,2.4212
bed frame,0,False,"Nov 20 – 26, 2022",1668902400,9,1.1469
desk,0,False,"Nov 20 – 26, 2022",1668902400,31,3.9504
bookshelf,0,False,"Nov 20 – 26, 2022",1668902400,3,0.3823
dining table,0,True,"Nov 27 – Dec 3, 2022",1669507200,7,0.892
sofa,0,False,"Nov 27 – Dec 3, 2022",1669507200,15,1.9115
bed frame,0,False,"Nov 27 – Dec 3, 2022",1669507200,8,1.0195
desk,0,False,"Nov 27 – Dec 3, 2022",1669507200,34,4.3327
bookshelf,0,False,"Nov 27 – Dec 3, 2022",1669507200,3,0.3823
dining table,0,True,"Dec 4 – 10, 2022",1670112000,6,0.7646
sofa,0,False,"Dec 4 – 10, 2022",1670112000,14,1.784
bed frame,0,False,"Dec 4 – 10, 2022",1670112000,7,0.892
desk,0,False,"Dec 4 – 10, 2022",1670112000,33,4.2053
bookshelf,0,False,"Dec 4 – 10, 2022",1670112000,3,0.3823
dining table,0,True,"Dec 11 – 17, 2022",1670716800,6,0.7646
sofa,0,False,"Dec 11 – 17, 2022",1670716800,13,1.6566
bed frame,0,False,"Dec 11 – 17, 2022",1670716800,7,0.892
desk,0,False,"Dec 11 – 17, 2022",1670716800,32,4.0778
bookshelf,0,False,"Dec 11 – 17, 2022",1670716800,3,0.3823
dining table,0,True,"Dec 18 – 24, 2022",1671321600,6,0.7646
sofa,0,False,"Dec 18 – 24, 2022",1671321600,13,1.6566
bed frame,0,False,"Dec 18 – 24, 2022",1671321600,7,0.892
desk,0,False,"Dec 18 – 24, 2022",1671321600,28,3.5681
bookshelf,0,False,"Dec 18 – 24, 2022",1671321600,3,0.3823
dining table,0,True,"Dec 25 – 31, 2022",1671926400,8,1.0195
sofa,0,False,"Dec 25 – 31, 2022",1671926400,17,2.1663
bed frame,0,False,"Dec 25 – 31, 2022",1671926400,9,1.1469
desk,0,False,"Dec 25 – 31, 2022",1671926400,32,4.0778
bookshelf,0,False,"Dec 25 – 31, 2022",1671926400,4,0.5097
dining table,0,True,"Jan 1 – 7, 2023",1672531200,7,0.892
sofa,0,False,"Jan 1 – 7, 2023",1672531200,17,2.1663
bed frame,0,False,"Jan 1 – 7, 2023",1672531200,8,1.0195
desk,0,False,"Jan 1 – 7, 2023",1672531200,35,4.4601
bookshelf,0,False,"Jan 1 – 7, 2023",1672531200,4,0.5097
dining table,0,True,"Jan 8 – 14, 2023",1673136000,7,0.892
sofa,0,False,"Jan 8 – 14, 2023",1673136000,16,2.0389
bed frame,0,False,"Jan 8 – 14, 2023",1673136000,8,1.0195
desk,0,False,"Jan 8 – 14, 2023",1673136000,33,4.2053
bookshelf,0,False,"Jan 8 – 14, 2023",1673136000,4,0.5097
dining table,0,True,"Jan 15 – 21, 2023",1673740800,7,0.892
sofa,0,False,"Jan 15 – 21, 2023",1673740800,16,2.0389
bed frame,0,False,"Jan 15 – 21, 2023",1673740800,8,1.0195
desk,0,False,"Jan 15 – 21, 2023",1673740800,33,4.2053
bookshelf,0,False,"Jan 15 – 21, 2023",1673740800,4,0.5097
dining table,0,True,"Jan 22 – 28, 2023",1674345600,7,0.892
sofa,0,False,"Jan 22 – 28, 2023",1674345600,15,1.9115
bed frame,0,False,"Jan 22 – 28, 2023",1674345600,7,0.892
desk,0,False,"Jan 22 – 28, 2023",1674345600,33,4.2053
bookshelf,0,False,"Jan 22 – 28, 2023",1674345600,4,0.5097
dining table,0,True,"Jan 29 – Feb 4, 2023",1674950400,7,0.892
sofa,0,False,"Jan 29 – Feb 4, 2023",1674950400,15,1.9115
bed frame,0,False,"Jan 29 – Feb 4, 2023",1674950400,8,1.0195
desk,0,False,"Jan 29 – Feb 4, 2023",1674950400,31,3.9504
bookshelf,0,False,"Jan 29 – Feb 4, 2023",1674950400,3,0.3823
dining table,0,True,"Feb 5 – 11, 2023",1675555200,7,0.892
sofa,0,False,"Feb 5 – 11, 2023",1675555200,15,1.9115
bed frame,0,False,"Feb 5 – 11, 2023",1675555200,8,1.0195
desk,0,False,"Feb 5 – 11, 2023",1675555200,29,3.6955
bookshelf,0,False,"Feb 5 – 11, 2023",1675555200,3,0.3823
dining table,0,True,"Feb 12 – 18, 2023",1676160000,6,0.7646
sofa,0,False,"Feb 12 – 18, 2023",1676160000,15,1.9115
bed frame,0,False,"Feb 12 – 18, 2023",1676160000,7,0.892
desk,0,False,"Feb 12 – 18, 2023",1676160000,28,3.5681
bookshelf,0,False,"Feb 12 – 18, 2023",1676160000,3,0.3823
dining table,0,True,"Feb 19 – 25, 2023",1676764800,8,1.0195
sofa,0,False,"Feb 19 – 25, 2023",1676764800,16,2.0389
bed frame,0,False,"Feb 19 – 25, 2023",1676764800,8,1.0195
desk,0,False,"Feb 19 – 25, 2023",1676764800,30,3.823
bookshelf,0,False,"Feb 19 – 25, 2023",1676764800,3,0.3823
dining table,0,True,"Feb 26 – Mar 4, 2023",1677369600,7,0.892
sofa,0,False,"Feb 26 – Mar 4, 2023",1677369600,14,1.784
bed frame,0,False,"Feb 26 – Mar 4, 2023",1677369600,8,1.0195
desk,0,False,"Feb 26 – Mar 4, 2023",1677369600,29,3.6955
bookshelf,0,False,"Feb 26 – Mar 4, 2023",1677369600,3,0.3823
dining table,0,True,"Mar 5 – 11, 2023",1677974400,7,0.892
sofa,0,False,"Mar 5 – 11, 2023",1677974400,15,1.9115
bed frame,0,False,"Mar 5 – 11, 2023",1677974400,8,1.0195
desk,0,False,"Mar 5 – 11, 2023",1677974400,28,3.5681
bookshelf,0,False,"Mar 5 – 11, 2023",1677974400,3,0.3823
dining table,0,True,"Mar 12 – 18, 2023",1678579200,7,0.892
sofa,0,False,"Mar 12 – 18, 2023",1678579200,15,1.9115
bed frame,0,False,"Mar 12 – 18, 2023",1678579200,8,1.0195
desk,0,False,"Mar 12 – 18, 2023",1678579200,28,3.5681
bookshelf,0,False,"Mar 12 – 18, 2023",1678579200,3,0.3823
dining table,0,True,"Mar 19 – 25, 2023",1679184000,7,0.892
sofa,0,False,"Mar 19 – 25, 2023",1679184000,14,1.784
bed frame,0,False,"Mar 19 – 25, 2023",1679184000,7,0.892
desk,0,False,"Mar 19 – 25, 2023",1679184000,29,3.6955
bookshelf,0,False,"Mar 19 – 25, 2023",1679184000,3,0.3823
dining table,0,True,"Mar 26 – Apr 1, 2023",1679788800,7,0.892
sofa,0,False,"Mar 26 – Apr 1, 2023",1679788800,14,1.784
bed frame,0,False,"Mar 26 – Apr 1, 2023",1679788800,7,0.892
desk,0,False,"Mar 26 – Apr 1, 2023",1679788800,27,3.4407
bookshelf,0,False,"Mar 26 – Apr 1, 2023",1679788800,3,0.3823
dining table,0,True,"Apr 2 – 8, 2023",1680393600,6,0.7646
sofa,0,False,"Apr 2 – 8, 2023",1680393600,14,1.784
bed frame,0,False,"Apr 2 – 8, 2023",1680393600,7,0.892
desk,0,False,"Apr 2 – 8, 2023",1680393600,27,3.4407
bookshelf,0,False,"Apr 2 – 8, 2023",1680393600,3,0.3823
dining table,0,True,"Apr 9 – 15, 2023",1680998400,7,0.892
sofa,0,False,"Apr 9 – 15, 2023",1680998400,13,1.6566
bed frame,0,False,"Apr 9 – 15, 2023",1680998400,7,0.892
desk,0,False,"Apr 9 – 15, 2023",1680998400,26,3.3132
bookshelf,0,False,"Apr 9 – 15, 2023",1680998400,3,0.3823
dining table,0,True,"Apr 16 – 22, 2023",1681603200,7,0.892
sofa,0,False,"Apr 16 – 22, 2023",1681603200,14,1.784
bed frame,0,False,"Apr 16 – 22, 2023",1681603200,7,0.892
desk,0,False,"Apr 16 – 22, 2023",1681603200,27,3.4407
bookshelf,0,False,"Apr 16 – 22, 2023",1681603200,3,0.3823
dining table,0,True,"Apr 23 – 29, 2023",1682208000,7,0.892
sofa,0,False,"Apr 23 – 29, 2023",1682208000,14,1.784
bed frame,0,False,"Apr 23 – 29, 2023",1682208000,7,0.892
desk,0,False,"Apr 23 – 29, 2023",1682208000,26,3.3132
bookshelf,0,False,"Apr 23 – 29, 2023",1682208000,3,0.3823
dining table,0,True,"Apr 30 – May 6, 2023",1682812800,7,0.892
sofa,0,False,"Apr 30 – May 6, 2023",1682812800,15,1.9115
bed frame,0,False,"Apr 30 – May 6, 2023",1682812800,7,0.892
desk,0,False,"Apr 30 – May 6, 2023",1682812800,26,3.3132
bookshelf,0,False,"Apr 30 – May 6, 2023",1682812800,3,0.3823
dining table,0,True,"May 7 – 13, 2023",1683417600,7,0.892
sofa,0,False,"May 7 – 13, 2023",1683417600,13,1.6566
bed frame,0,False,"May 7 – 13, 2023",1683417600,7,0.892
desk,0,False,"May 7 – 13, 2023",1683417600,25,3.1858
bookshelf,0,False,"May 7 – 13, 2023",1683417600,3,0.3823
dining table,0,True,"May 14 – 20, 2023",1684022400,7,0.892
sofa,0,False,"May 14 – 20, 2023",1684022400,13,1.6566
bed frame,0,False,"May 14 – 20, 2023",1684022400,7,0.892
desk,0,False,"May 14 – 20, 2023",1684022400,26,3.3132
bookshelf,0,False,"May 14 – 20, 2023",1684022400,3,0.3823
dining table,0,True,"May 21 – 27, 2023",1684627200,7,0.892
sofa,0,False,"May 21 – 27, 2023",1684627200,15,1.9115
bed frame,0,False,"May 21 – 27, 2023",1684627200,8,1.0195
desk,0,False,"May 21 – 27, 2023",1684627200,27,3.4407
bookshelf,0,False,"May 21 – 27, 2023",1684627200,3,0.3823
dining table,0,True,"May 28 – Jun 3, 2023",1685232000,7,0.892
sofa,0,False,"May 28 – Jun 3, 2023",1685232000,16,2.0389
bed frame,0,False,"May 28 – Jun 3, 2023",1685232000,8,1.0195
desk,0,False,"May 28 – Jun 3, 2023",1685232000,25,3.1858
bookshelf,0,False,"May 28 – Jun 3, 2023",1685232000,3,0.3823
dining table,0,True,"Jun 4 – 10, 2023",1685836800,7,0.892
sofa,0,False,"Jun 4 – 10, 2023",1685836800,14,1.784
bed frame,0,False,"Jun 4 – 10, 2023",1685836800,8,1.0195
desk,0,False,"Jun 4 – 10, 2023",1685836800,28,3.5681
bookshelf,0,False,"Jun 4 – 10, 2023",1685836800,3,0.3823
dining table,0,True,"Jun 11 – 17, 2023",1686441600,7,0.892
sofa,0,False,"Jun 11 – 17, 2023",1686441600,15,1.9115
bed frame,0,False,"Jun 11 – 17, 2023",1686441600,8,1.0195
desk,0,False,"Jun 11 – 17, 2023",1686441600,28,3.5681
bookshelf,0,False,"Jun 11 – 17, 2023",1686441600,3,0.3823
dining table,0,True,"Jun 18 – 24, 2023",1687046400,7,0.892
sofa,0,False,"Jun 18 – 24, 2023",1687046400,16,2.0389
bed frame,0,False,"Jun 18 – 24, 2023",1687046400,8,1.0195
desk,0,False,"Jun 18 – 24, 2023",1687046400,27,3.4407
bookshelf,0,False,"Jun 18 – 24, 2023",1687046400,3,0.3823
dining table,0,True,"Jun 25 – Jul 1, 2023",1687651200,7,0.892
sofa,0,False,"Jun 25 – Jul 1, 2023",1687651200,17,2.1663
bed frame,0,False,"Jun 25 – Jul 1, 2023",1687651200,9,1.1469
desk,0,False,"Jun 25 – Jul 1, 2023",1687651200,30,3.823
bookshelf,0,False,"Jun 25 – Jul 1, 2023",1687651200,3,0.3823
dining table,0,True,"Jul 2 – 8, 2023",1688256000,8,1.0195
sofa,0,False,"Jul 2 – 8, 2023",1688256000,17,2.1663
bed frame,0,False,"Jul 2 – 8, 2023",1688256000,10,1.2743
desk,0,False,"Jul 2 – 8, 2023",1688256000,29,3.6955
bookshelf,0,False,"Jul 2 – 8, 2023",1688256000,3,0.3823
dining table,0,True,"Jul 9 – 15, 2023",1688860800,7,0.892
sofa,0,False,"Jul 9 – 15, 2023",1688860800,15,1.9115
bed frame,0,False,"Jul 9 – 15, 2023",1688860800,8,1.0195
desk,0,False,"Jul 9 – 15, 2023",1688860800,32,4.0778
bookshelf,0,False,"Jul 9 – 15, 2023",1688860800,3,0.3823
dining table,0,True,"Jul 16 – 22, 2023",1689465600,7,0.892
sofa,0,False,"Jul 16 – 22, 2023",1689465600,15,1.9115
bed frame,0,False,"Jul 16 – 22, 2023",1689465600,8,1.0195
desk,0,False,"Jul 16 – 22, 2023",1689465600,30,3.823
bookshelf,0,False,"Jul 16 – 22, 2023",1689465600,3,0.3823
dining table,0,True,"Jul 23 – 29, 2023",1690070400,7,0.892
sofa,0,False,"Jul 23 – 29, 2023",1690070400,16,2.0389
bed frame,0,False,"Jul 23 – 29, 2023",1690070400,9,1.1469
desk,0,False,"Jul 23 – 29, 2023",1690070400,30,3.823
bookshelf,0,False,"Jul 23 – 29, 2023",1690070400,3,0.3823
dining table,0,True,"Jul 30 – Aug 5, 2023",1690675200,7,0.892
sofa,0,False,"Jul 30 – Aug 5, 2023",1690675200,15,1.9115
bed frame,0,False,"Jul 30 – Aug 5, 2023",1690675200,8,1.0195
desk,0,False,"Jul 30 – Aug 5, 2023",1690675200,31,3.9504
bookshelf,0,False,"Jul 30 – Aug 5, 2023",1690675200,3,0.3823
dining table,0,True,"Aug 6 – 12, 2023",1691280000,7,0.892
sofa,0,False,"Aug 6 – 12, 2023",1691280000,15,1.9115
bed frame,0,False,"Aug 6 – 12, 2023",1691280000,9,1.1469
desk,0,False,"Aug 6 – 12, 2023",1691280000,32,4.0778
bookshelf,0,False,"Aug 6 – 12, 2023",1691280000,3,0.3823
dining table,0,True,"Aug 13 – 19, 2023",1691884800,7,0.892
sofa,0,False,"Aug 13 – 19, 2023",1691884800,15,1.9115
bed frame,0,False,"Aug 13 – 19, 2023",1691884800,9,1.1469
desk,0,False,"Aug 13 – 19, 2023",1691884800,33,4.2053
bookshelf,0,False,"Aug 13 – 19, 2023",1691884800,4,0.5097
dining table,0,True,"Aug 20 – 26, 2023",1692489600,7,0.892
sofa,0,False,"Aug 20 – 26, 2023",1692489600,15,1.9115
bed frame,0,False,"Aug 20 – 26, 2023",1692489600,8,1.0195
desk,0,False,"Aug 20 – 26, 2023",1692489600,32,4.0778
bookshelf,0,False,"Aug 20 – 26, 2023",1692489600,3,0.3823
dining table,0,True,"Aug 27 – Sep 2, 2023",1693094400,7,0.892
sofa,0,False,"Aug 27 – Sep 2, 2023",1693094400,15,1.9115
bed frame,0,False,"Aug 27 – Sep 2, 2023",1693094400,8,1.0195
desk,0,False,"Aug 27 – Sep 2, 2023",1693094400,30,3.823
bookshelf,0,False,"Aug 27 – Sep 2, 2023",1693094400,3,0.3823
dining table,0,True,"Sep 3 – 9, 2023",1693699200,8,1.0195
sofa,0,False,"Sep 3 – 9, 2023",1693699200,16,2.0389
bed frame,0,False,"Sep 3 – 9, 2023",1693699200,8,1.0195
desk,0,False,"Sep 3 – 9, 2023",1693699200,29,3.6955
bookshelf,0,False,"Sep 3 – 9, 2023",1693699200,3,0.3823
dining table,0,True,"Sep 10 – 16, 2023",1694304000,6,0.7646
sofa,0,False,"Sep 10 – 16, 2023",1694304000,14,1.784
bed frame,0,False,"Sep 10 – 16, 2023",1694304000,7,0.892
desk,0,False,"Sep 10 – 16, 2023",1694304000,29,3.6955
bookshelf,0,False,"Sep 10 – 16, 2023",1694304000,3,0.3823
dining table,0,True,"Sep 17 – 23, 2023",1694908800,6,0.7646
sofa,0,False,"Sep 17 – 23, 2023",1694908800,14,1.784
bed frame,0,False,"Sep 17 – 23, 2023",1694908800,7,0.892
desk,0,False,"Sep 17 – 23, 2023",1694908800,28,3.5681
bookshelf,0,False,"Sep 17 – 23, 2023",1694908800,3,0.3823
dining table,0,True,"Sep 24 – 30, 2023",1695513600,7,0.892
sofa,0,False,"Sep 24 – 30, 2023",1695513600,14,1.784
bed frame,0,False,"Sep 24 – 30, 2023",1695513600,7,0.892
desk,0,False,"Sep 24 – 30, 2023",1695513600,26,3.3132
bookshelf,0,False,"Sep 24 – 30, 2023",1695513600,3,0.3823
dining table,0,True,"Oct 1 – 7, 2023",1696118400,6,0.7646
sofa,0,False,"Oct 1 – 7, 2023",1696118400,14,1.784
bed frame,0,False,"Oct 1 – 7, 2023",1696118400,7,0.892
desk,0,False,"Oct 1 – 7, 2023",1696118400,26,3.3132
bookshelf,0,False,"Oct 1 – 7, 2023",1696118400,3,0.3823
dining table,0,True,"Oct 8 – 14, 2023",1696723200,6,0.7646
sofa,0,False,"Oct 8 – 14, 2023",1696723200,14,1.784
bed frame,0,False,"Oct 8 – 14, 2023",1696723200,7,0.892
desk,0,False,"Oct 8 – 14, 2023",1696723200,26,3.3132
bookshelf,0,False,"Oct 8 – 14, 2023",1696723200,3,0.3823
dining table,0,True,"Oct 15 – 21, 2023",1697328000,7,0.892
sofa,0,False,"Oct 15 – 21, 2023",1697328000,14,1.784
bed frame,0,False,"Oct 15 – 21, 2023",1697328000,7,0.892
desk,0,False,"Oct 15 – 21, 2023",1697328000,27,3.4407
bookshelf,0,False,"Oct 15 – 21, 2023",1697328000,3,0.3823
dining table,0,True,"Oct 22 – 28, 2023",1697932800,7,0.892
sofa,0,False,"Oct 22 – 28, 2023",1697932800,14,1.784
bed frame,0,False,"Oct 22 – 28, 2023",1697932800,7,0.892
desk,0,False,"Oct 22 – 28, 2023",1697932800,26,3.3132
bookshelf,0,False,"Oct 22 – 28, 2023",1697932800,3,0.3823
dining table,0,True,"Oct 29 – Nov 4, 2023",1698537600,7,0.892
sofa,0,False,"Oct 29 – Nov 4, 2023",1698537600,14,1.784
bed frame,0,False,"Oct 29 – Nov 4, 2023",1698537600,7,0.892
desk,0,False,"Oct 29 – Nov 4, 2023",1698537600,27,3.4407
bookshelf,0,False,"Oct 29 – Nov 4, 2023",1698537600,3,0.3823
dining table,0,True,"Nov 5 – 11, 2023",1699142400,7,0.892
sofa,0,False,"Nov 5 – 11, 2023",1699142400,16,2.0389
bed frame,0,False,"Nov 5 – 11, 2023",1699142400,8,1.0195
desk,0,False,"Nov 5 – 11, 2023",1699142400,29,3.6955
bookshelf,0,False,"Nov 5 – 11, 2023",1699142400,3,0.3823
dining table,0,True,"Nov 12 – 18, 2023",1699747200,8,1.0195
sofa,0,False,"Nov 12 – 18, 2023",1699747200,16,2.0389
bed frame,0,False,"Nov 12 – 18, 2023",1699747200,8,1.0195
desk,0,False,"Nov 12 – 18, 2023",1699747200,29,3.6955
bookshelf,0,False,"Nov 12 – 18, 2023",1699747200,3,0.3823
dining table,0,True,"Nov 19 – 25, 2023",1700352000,9,1.1469
sofa,0,False,"Nov 19 – 25, 2023",1700352000,20,2.5486
bed frame,0,False,"Nov 19 – 25, 2023",1700352000,9,1.1469
desk,0,False,"Nov 19 – 25, 2023",1700352000,30,3.823
bookshelf,0,False,"Nov 19 – 25, 2023",1700352000,4,0.5097
dining table,0,True,"Nov 26 – Dec 2, 2023",1700956800,7,0.892
sofa,0,False,"Nov 26 – Dec 2, 2023",1700956800,17,2.1663
bed frame,0,False,"Nov 26 – Dec 2, 2023",1700956800,8,1.0195
desk,0,False,"Nov 26 – Dec 2, 2023",1700956800,32,4.0778
bookshelf,0,False,"Nov 26 – Dec 2, 2023",1700956800,4,0.5097
dining table,0,True,"Dec 3 – 9, 2023",1701561600,6,0.7646
sofa,0,False,"Dec 3 – 9, 2023",1701561600,15,1.9115
bed frame,0,False,"Dec 3 – 9, 2023",1701561600,7,0.892
desk,0,False,"Dec 3 – 9, 2023",1701561600,32,4.0778
bookshelf,0,False,"Dec 3 – 9, 2023",1701561600,3,0.3823
dining table,0,True,"Dec 10 – 16, 2023",1702166400,6,0.7646
sofa,0,False,"Dec 10 – 16, 2023",1702166400,14,1.784
bed frame,0,False,"Dec 10 – 16, 2023",1702166400,7,0.892
desk,0,False,"Dec 10 – 16, 2023",1702166400,31,3.9504
bookshelf,0,False,"Dec 10 – 16, 2023",1702166400,3,0.3823
dining table,0,True,"Dec 17 – 23, 2023",1702771200,6,0.7646
sofa,0,False,"Dec 17 – 23, 2023",1702771200,14,1.784
bed frame,0,False,"Dec 17 – 23, 2023",1702771200,7,0.892
desk,0,False,"Dec 17 – 23, 2023",1702771200,30,3.823
bookshelf,0,False,"Dec 17 – 23, 2023",1702771200,3,0.3823
dining table,0,True,"Dec 24 – 30, 2023",1703376000,7,0.892
sofa,0,False,"Dec 24 – 30, 2023",1703376000,17,2.1663
bed frame,0,False,"Dec 24 – 30, 2023",1703376000,9,1.1469
desk,0,False,"Dec 24 – 30, 2023",1703376000,32,4.0778
bookshelf,0,False,"Dec 24 – 30, 2023",1703376000,5,0.6372
dining table,0,True,"Dec 31, 2023 – Jan 6, 2024",1703980800,8,1.0195
sofa,0,False,"Dec 31, 2023 – Jan 6, 2024",1703980800,16,2.0389
bed frame,0,False,"Dec 31, 2023 – Jan 6, 2024",1703980800,9,1.1469
desk,0,False,"Dec 31, 2023 – Jan 6, 2024",1703980800,34,4.3327
bookshelf,0,False,"Dec 31, 2023 – Jan 6, 2024",1703980800,5,0.6372
dining table,0,True,"Jan 7 – 13, 2024",1704585600,7,0.892
sofa,0,False,"Jan 7 – 13, 2024",1704585600,16,2.0389
bed frame,0,False,"Jan 7 – 13, 2024",1704585600,8,1.0195
desk,0,False,"Jan 7 – 13, 2024",1704585600,33,4.2053
bookshelf,0,False,"Jan 7 – 13, 2024",1704585600,4,0.5097
dining table,0,True,"Jan 14 – 20, 2024",1705190400,7,0.892
sofa,0,False,"Jan 14 – 20, 2024",1705190400,16,2.0389
bed frame,0,False,"Jan 14 – 20, 2024",1705190400,8,1.0195
desk,0,False,"Jan 14 – 20, 2024",1705190400,30,3.823
bookshelf,0,False,"Jan 14 – 20, 2024",1705190400,4,0.5097
dining table,0,True,"Jan 21 – 27, 2024",1705795200,7,0.892
sofa,0,False,"Jan 21 – 27, 2024",1705795200,15,1.9115
bed frame,0,False,"Jan 21 – 27, 2024",1705795200,7,0.892
desk,0,False,"Jan 21 – 27, 2024",1705795200,32,4.0778
bookshelf,0,False,"Jan 21 – 27, 2024",1705795200,4,0.5097
dining table,0,True,"Jan 28 – Feb 3, 2024",1706400000,7,0.892
sofa,0,False,"Jan 28 – Feb 3, 2024",1706400000,15,1.9115
bed frame,0,False,"Jan 28 – Feb 3, 2024",1706400000,7,0.892
desk,0,False,"Jan 28 – Feb 3, 2024",1706400000,32,4.0778
bookshelf,0,False,"Jan 28 – Feb 3, 2024",1706400000,4,0.5097
dining table,0,True,"Feb 4 – 10, 2024",1707004800,6,0.7646
sofa,0,False,"Feb 4 – 10, 2024",1707004800,14,1.784
bed frame,0,False,"Feb 4 – 10, 2024",1707004800,8,1.0195
desk,0,False,"Feb 4 – 10, 2024",1707004800,31,3.9504
bookshelf,0,False,"Feb 4 – 10, 2024",1707004800,4,0.5097
dining table,0,True,"Feb 11 – 17, 2024",1707609600,6,0.7646
sofa,0,False,"Feb 11 – 17, 2024",1707609600,15,1.9115
bed frame,0,False,"Feb 11 – 17, 2024",1707609600,7,0.892
desk,0,False,"Feb 11 – 17, 2024",1707609600,27,3.4407
bookshelf,0,False,"Feb 11 – 17, 2024",1707609600,3,0.3823
dining table,0,True,"Feb 18 – 24, 2024",1708214400,7,0.892
sofa,0,False,"Feb 18 – 24, 2024",1708214400,16,2.0389
bed frame,0,False,"Feb 18 – 24, 2024",1708214400,9,1.1469
desk,0,False,"Feb 18 – 24, 2024",1708214400,30,3.823
bookshelf,0,False,"Feb 18 – 24, 2024",1708214400,4,0.5097
dining table,0,True,"Feb 25 – Mar 2, 2024",1708819200,7,0.892
sofa,0,False,"Feb 25 – Mar 2, 2024",1708819200,15,1.9115
bed frame,0,False,"Feb 25 – Mar 2, 2024",1708819200,8,1.0195
desk,0,False,"Feb 25 – Mar 2, 2024",1708819200,30,3.823
bookshelf,0,False,"Feb 25 – Mar 2, 2024",1708819200,3,0.3823
dining table,0,True,"Mar 3 – 9, 2024",1709424000,7,0.892
sofa,0,False,"Mar 3 – 9, 2024",1709424000,15,1.9115
bed frame,0,False,"Mar 3 – 9, 2024",1709424000,7,0.892
desk,0,False,"Mar 3 – 9, 2024",1709424000,29,3.6955
bookshelf,0,False,"Mar 3 – 9, 2024",1709424000,3,0.3823
dining table,0,True,"Mar 10 – 16, 2024",1710028800,7,0.892
sofa,0,False,"Mar 10 – 16, 2024",1710028800,14,1.784
bed frame,0,False,"Mar 10 – 16, 2024",1710028800,7,0.892
desk,0,False,"Mar 10 – 16, 2024",1710028800,29,3.6955
bookshelf,0,False,"Mar 10 – 16, 2024",1710028800,3,0.3823
dining table,0,True,"Mar 17 – 23, 2024",1710633600,7,0.892
sofa,0,False,"Mar 17 – 23, 2024",1710633600,15,1.9115
bed frame,0,False,"Mar 17 – 23, 2024",1710633600,8,1.0195
desk,0,False,"Mar 17 – 23, 2024",1710633600,27,3.4407
bookshelf,0,False,"Mar 17 – 23, 2024",1710633600,3,0.3823
dining table,0,True,"Mar 24 – 30, 2024",1711238400,7,0.892
sofa,0,False,"Mar 24 – 30, 2024",1711238400,15,1.9115
bed frame,0,False,"Mar 24 – 30, 2024",1711238400,8,1.0195
desk,0,False,"Mar 24 – 30, 2024",1711238400,26,3.3132
bookshelf,0,False,"Mar 24 – 30, 2024",1711238400,4,0.5097
dining table,0,True,"Mar 31 – Apr 6, 2024",1711843200,6,0.7646
sofa,0,False,"Mar 31 – Apr 6, 2024",1711843200,14,1.784
bed frame,0,False,"Mar 31 – Apr 6, 2024",1711843200,7,0.892
desk,0,False,"Mar 31 – Apr 6, 2024",1711843200,27,3.4407
bookshelf,0,False,"Mar 31 – Apr 6, 2024",1711843200,3,0.3823
dining table,0,True,"Apr 7 – 13, 2024",1712448000,6,0.7646
sofa,0,False,"Apr 7 – 13, 2024",1712448000,14,1.784
bed frame,0,False,"Apr 7 – 13, 2024",1712448000,7,0.892
desk,0,False,"Apr 7 – 13, 2024",1712448000,26,3.3132
bookshelf,0,False,"Apr 7 – 13, 2024",1712448000,3,0.3823
dining table,0,True,"Apr 14 – 20, 2024",1713052800,6,0.7646
sofa,0,False,"Apr 14 – 20, 2024",1713052800,14,1.784
bed frame,0,False,"Apr 14 – 20, 2024",1713052800,8,1.0195
desk,0,False,"Apr 14 – 20, 2024",1713052800,28,3.5681
bookshelf,0,False,"Apr 14 – 20, 2024",1713052800,3,0.3823
dining table,0,True,"Apr 21 – 27, 2024",1713657600,7,0.892
sofa,0,False,"Apr 21 – 27, 2024",1713657600,15,1.9115
bed frame,0,False,"Apr 21 – 27, 2024",1713657600,8,1.0195
desk,0,False,"Apr 21 – 27, 2024",1713657600,27,3.4407
bookshelf,0,False,"Apr 21 – 27, 2024",1713657600,3,0.3823
dining table,0,True,"Apr 28 – May 4, 2024",1714262400,7,0.892
sofa,0,False,"Apr 28 – May 4, 2024",1714262400,15,1.9115
bed frame,0,False,"Apr 28 – May 4, 2024",1714262400,8,1.0195
desk,0,False,"Apr 28 – May 4, 2024",1714262400,26,3.3132
bookshelf,0,False,"Apr 28 – May 4, 2024",1714262400,3,0.3823
dining table,0,True,"May 5 – 11, 2024",1714867200,6,0.7646
sofa,0,False,"May 5 – 11, 2024",1714867200,14,1.784
bed frame,0,False,"May 5 – 11, 2024",1714867200,8,1.0195
desk,0,False,"May 5 – 11, 2024",1714867200,28,3.5681
bookshelf,0,False,"May 5 – 11, 2024",1714867200,4,0.5097
dining table,0,True,"May 12 – 18, 2024",1715472000,6,0.7646
sofa,0,False,"May 12 – 18, 2024",1715472000,14,1.784
bed frame,0,False,"May 12 – 18, 2024",1715472000,8,1.0195
desk,0,False,"May 12 – 18, 2024",1715472000,26,3.3132
bookshelf,0,False,"May 12 – 18, 2024",1715472000,3,0.3823
dining table,0,True,"May 19 – 25, 2024",1716076800,7,0.892
sofa,0,False,"May 19 – 25, 2024",1716076800,16,2.0389
bed frame,0,False,"May 19 – 25, 2024",1716076800,8,1.0195
desk,0,False,"May 19 – 25, 2024",1716076800,27,3.4407
bookshelf,0,False,"May 19 – 25, 2024",1716076800,3,0.3823
dining table,0,True,"May 26 – Jun 1, 2024",1716681600,7,0.892
sofa,0,False,"May 26 – Jun 1, 2024",1716681600,17,2.1663
bed frame,0,False,"May 26 – Jun 1, 2024",1716681600,9,1.1469
desk,0,False,"May 26 – Jun 1, 2024",1716681600,26,3.3132
bookshelf,0,False,"May 26 – Jun 1, 2024",1716681600,3,0.3823
dining table,0,True,"Jun 2 – 8, 2024",1717286400,6,0.7646
sofa,0,False,"Jun 2 – 8, 2024",1717286400,15,1.9115
bed frame,0,False,"Jun 2 – 8, 2024",1717286400,8,1.0195
desk,0,False,"Jun 2 – 8, 2024",1717286400,29,3.6955
bookshelf,0,False,"Jun 2 – 8, 2024",1717286400,3,0.3823
dining table,0,True,"Jun 9 – 15, 2024",1717891200,7,0.892
sofa,0,False,"Jun 9 – 15, 2024",1717891200,15,1.9115
bed frame,0,False,"Jun 9 – 15, 2024",1717891200,8,1.0195
desk,0,False,"Jun 9 – 15, 2024",1717891200,28,3.5681
bookshelf,0,False,"Jun 9 – 15, 2024",1717891200,3,0.3823
dining table,0,True,"Jun 16 – 22, 2024",1718496000,7,0.892
sofa,0,False,"Jun 16 – 22, 2024",1718496000,15,1.9115
bed frame,0,False,"Jun 16 – 22, 2024",1718496000,8,1.0195
desk,0,False,"Jun 16 – 22, 2024",1718496000,27,3.4407
bookshelf,0,False,"Jun 16 – 22, 2024",1718496000,3,0.3823
dining table,0,True,"Jun 23 – 29, 2024",1719100800,7,0.892
sofa,0,False,"Jun 23 – 29, 2024",1719100800,16,2.0389
bed frame,0,False,"Jun 23 – 29, 2024",1719100800,9,1.1469
desk,0,False,"Jun 23 – 29, 2024",1719100800,29,3.6955
bookshelf,0,False,"Jun 23 – 29, 2024",1719100800,3,0.3823
dining table,0,True,"Jun 30 – Jul 6, 2024",1719705600,8,1.0195
sofa,0,False,"Jun 30 – Jul 6, 2024",1719705600,17,2.1663
bed frame,0,False,"Jun 30 – Jul 6, 2024",1719705600,10,1.2743
desk,0,False,"Jun 30 – Jul 6, 2024",1719705600,27,3.4407
bookshelf,0,False,"Jun 30 – Jul 6, 2024",1719705600,3,0.3823
dining table,0,True,"Jul 7 – 13, 2024",1720310400,7,0.892
sofa,0,False,"Jul 7 – 13, 2024",1720310400,18,2.2938
bed frame,0,False,"Jul 7 – 13, 2024",1720310400,9,1.1469
desk,0,False,"Jul 7 – 13, 2024",1720310400,29,3.6955
bookshelf,0,False,"Jul 7 – 13, 2024",1720310400,4,0.5097
dining table,0,True,"Jul 14 – 20, 2024",1720915200,6,0.7646
sofa,0,False,"Jul 14 – 20, 2024",1720915200,16,2.0389
bed frame,0,False,"Jul 14 – 20, 2024",1720915200,9,1.1469
desk,0,False,"Jul 14 – 20, 2024",1720915200,31,3.9504
bookshelf,0,False,"Jul 14 – 20, 2024",1720915200,3,0.3823
dining table,0,True,"Jul 21 – 27, 2024",1721520000,7,0.892
sofa,0,False,"Jul 21 – 27, 2024",1721520000,17,2.1663
bed frame,0,False,"Jul 21 – 27, 2024",1721520000,9,1.1469
desk,0,False,"Jul 21 – 27, 2024",1721520000,30,3.823
bookshelf,0,False,"Jul 21 – 27, 2024",1721520000,3,0.3823
dining table,0,True,"Jul 28 – Aug 3, 2024",1722124800,7,0.892
sofa,0,False,"Jul 28 – Aug 3, 2024",1722124800,16,2.0389
bed frame,0,False,"Jul 28 – Aug 3, 2024",1722124800,10,1.2743
desk,0,False,"Jul 28 – Aug 3, 2024",1722124800,33,4.2053
bookshelf,0,False,"Jul 28 – Aug 3, 2024",1722124800,3,0.3823
dining table,0,True,"Aug 4 – 10, 2024",1722729600,7,0.892
sofa,0,False,"Aug 4 – 10, 2024",1722729600,16,2.0389
bed frame,0,False,"Aug 4 – 10, 2024",1722729600,9,1.1469
desk,0,False,"Aug 4 – 10, 2024",1722729600,33,4.2053
bookshelf,0,False,"Aug 4 – 10, 2024",1722729600,4,0.5097
dining table,0,True,"Aug 11 – 17, 2024",1723334400,7,0.892
sofa,0,False,"Aug 11 – 17, 2024",1723334400,16,2.0389
bed frame,0,False,"Aug 11 – 17, 2024",1723334400,9,1.1469
desk,0,False,"Aug 11 – 17, 2024",1723334400,34,4.3327
bookshelf,0,False,"Aug 11 – 17, 2024",1723334400,4,0.5097
dining table,0,True,"Aug 18 – 24, 2024",1723939200,7,0.892
sofa,0,False,"Aug 18 – 24, 2024",1723939200,17,2.1663
bed frame,0,False,"Aug 18 – 24, 2024",1723939200,9,1.1469
desk,0,False,"Aug 18 – 24, 2024",1723939200,35,4.4601
bookshelf,0,False,"Aug 18 – 24, 2024",1723939200,4,0.5097
dining table,0,True,"Aug 25 – 31, 2024",1724544000,7,0.892
sofa,0,False,"Aug 25 – 31, 2024",1724544000,16,2.0389
bed frame,0,False,"Aug 25 – 31, 2024",1724544000,9,1.1469
desk,0,False,"Aug 25 – 31, 2024",1724544000,32,4.0778
bookshelf,0,False,"Aug 25 – 31, 2024",1724544000,4,0.5097
dining table,0,True,"Sep 1 – 7, 2024",1725148800,7,0.892
sofa,0,False,"Sep 1 – 7, 2024",1725148800,17,2.1663
bed frame,0,False,"Sep 1 – 7, 2024",1725148800,9,1.1469
desk,0,False,"Sep 1 – 7, 2024",1725148800,31,3.9504
bookshelf,0,False,"Sep 1 – 7, 2024",1725148800,4,0.5097
dining table,0,True,"Sep 8 – 14, 2024",1725753600,7,0.892
sofa,0,False,"Sep 8 – 14, 2024",1725753600,15,1.9115
bed frame,0,False,"Sep 8 – 14, 2024",1725753600,8,1.0195
desk,0,False,"Sep 8 – 14, 2024",1725753600,29,3.6955
bookshelf,0,False,"Sep 8 – 14, 2024",1725753600,3,0.3823
dining table,0,True,"Sep 15 – 21, 2024",1726358400,6,0.7646
sofa,0,False,"Sep 15 – 21, 2024",1726358400,15,1.9115
bed frame,0,False,"Sep 15 – 21, 2024",1726358400,8,1.0195
desk,0,False,"Sep 15 – 21, 2024",1726358400,29,3.6955
bookshelf,0,False,"Sep 15 – 21, 2024",1726358400,4,0.5097
dining table,0,True,"Sep 22 – 28, 2024",1726963200,6,0.7646
sofa,0,False,"Sep 22 – 28, 2024",1726963200,15,1.9115
bed frame,0,False,"Sep 22 – 28, 2024",1726963200,8,1.0195
desk,0,False,"Sep 22 – 28, 2024",1726963200,29,3.6955
bookshelf,0,False,"Sep 22 – 28, 2024",1726963200,3,0.3823
dining table,0,True,"Sep 29 – Oct 5, 2024",1727568000,6,0.7646
sofa,0,False,"Sep 29 – Oct 5, 2024",1727568000,14,1.784
bed frame,0,False,"Sep 29 – Oct 5, 2024",1727568000,7,0.892
desk,0,False,"Sep 29 – Oct 5, 2024",1727568000,27,3.4407
bookshelf,0,False,"Sep 29 – Oct 5, 2024",1727568000,3,0.3823
dining table,0,True,"Oct 6 – 12, 2024",1728172800,6,0.7646
sofa,0,False,"Oct 6 – 12, 2024",1728172800,14,1.784
bed frame,0,False,"Oct 6 – 12, 2024",1728172800,7,0.892
desk,0,False,"Oct 6 – 12, 2024",1728172800,25,3.1858
bookshelf,0,False,"Oct 6 – 12, 2024",1728172800,3,0.3823
dining table,0,True,"Oct 13 – 19, 2024",1728777600,7,0.892
sofa,0,False,"Oct 13 – 19, 2024",1728777600,15,1.9115
bed frame,0,False,"Oct 13 – 19, 2024",1728777600,7,0.892
desk,0,False,"Oct 13 – 19, 2024",1728777600,27,3.4407
bookshelf,0,False,"Oct 13 – 19, 2024",1728777600,3,0.3823
dining table,0,True,"Oct 20 – 26, 2024",1729382400,7,0.892
sofa,0,False,"Oct 20 – 26, 2024",1729382400,15,1.9115
bed frame,0,False,"Oct 20 – 26, 2024",1729382400,7,0.892
desk,0,False,"Oct 20 – 26, 2024",1729382400,28,3.5681
bookshelf,0,False,"Oct 20 – 26, 2024",1729382400,3,0.3823
dining table,0,True,"Oct 27 – Nov 2, 2024",1729987200,7,0.892
sofa,0,False,"Oct 27 – Nov 2, 2024",1729987200,15,1.9115
bed frame,0,False,"Oct 27 – Nov 2, 2024",1729987200,7,0.892
desk,0,False,"Oct 27 – Nov 2, 2024",1729987200,26,3.3132
bookshelf,0,False,"Oct 27 – Nov 2, 2024",1729987200,3,0.3823
dining table,0,True,"Nov 3 – 9, 2024",1730592000,7,0.892
sofa,0,False,"Nov 3 – 9, 2024",1730592000,14,1.784
bed frame,0,False,"Nov 3 – 9, 2024",1730592000,7,0.892
desk,0,False,"Nov 3 – 9, 2024",1730592000,38,4.8424
bookshelf,0,False,"Nov 3 – 9, 2024",1730592000,4,0.5097
dining table,0,True,"Nov 10 – 16, 2024",1731196800,8,1.0195
sofa,0,False,"Nov 10 – 16, 2024",1731196800,17,2.1663
bed frame,0,False,"Nov 10 – 16, 2024",1731196800,8,1.0195
desk,0,False,"Nov 10 – 16, 2024",1731196800,35,4.4601
bookshelf,0,False,"Nov 10 – 16, 2024",1731196800,4,0.5097
dining table,0,True,"Nov 17 – 23, 2024",1731801600,8,1.0195
sofa,0,False,"Nov 17 – 23, 2024",1731801600,18,2.2938
bed frame,0,False,"Nov 17 – 23, 2024",1731801600,8,1.0195
desk,0,False,"Nov 17 – 23, 2024",1731801600,33,4.2053
bookshelf,0,False,"Nov 17 – 23, 2024",1731801600,4,0.5097
dining table,0,True,"Nov 24 – 30, 2024",1732406400,9,1.1469
sofa,0,False,"Nov 24 – 30, 2024",1732406400,20,2.5486
bed frame,0,False,"Nov 24 – 30, 2024",1732406400,10,1.2743
desk,0,False,"Nov 24 – 30, 2024",1732406400,34,4.3327
bookshelf,0,False,"Nov 24 – 30, 2024",1732406400,5,0.6372
dining table,0,True,"Dec 1 – 7, 2024",1733011200,7,0.892
sofa,0,False,"Dec 1 – 7, 2024",1733011200,16,2.0389
bed frame,0,False,"Dec 1 – 7, 2024",1733011200,9,1.1469
desk,0,False,"Dec 1 – 7, 2024",1733011200,34,4.3327
bookshelf,0,False,"Dec 1 – 7, 2024",1733011200,4,0.5097
dining table,0,True,"Dec 8 – 14, 2024",1733616000,6,0.7646
sofa,0,False,"Dec 8 – 14, 2024",1733616000,14,1.784
bed frame,0,False,"Dec 8 – 14, 2024",1733616000,7,0.892
desk,0,False,"Dec 8 – 14, 2024",1733616000,34,4.3327
bookshelf,0,False,"Dec 8 – 14, 2024",1733616000,4,0.5097
dining table,0,True,"Dec 15 – 21, 2024",1734220800,6,0.7646
sofa,0,False,"Dec 15 – 21, 2024",1734220800,14,1.784
bed frame,0,False,"Dec 15 – 21, 2024",1734220800,7,0.892
desk,0,False,"Dec 15 – 21, 2024",1734220800,34,4.3327
bookshelf,0,False,"Dec 15 – 21, 2024",1734220800,4,0.5097
dining table,0,True,"Dec 22 – 28, 2024",1734825600,7,0.892
sofa,0,False,"Dec 22 – 28, 2024",1734825600,15,1.9115
bed frame,0,False,"Dec 22 – 28, 2024",1734825600,9,1.1469
desk,0,False,"Dec 22 – 28, 2024",1734825600,30,3.823
bookshelf,0,False,"Dec 22 – 28, 2024",1734825600,5,0.6372
dining table,0,True,"Dec 29, 2024 – Jan 4, 2025",1735430400,8,1.0195
sofa,0,False,"Dec 29, 2024 – Jan 4, 2025",1735430400,19,2.4212
bed frame,0,False,"Dec 29, 2024 – Jan 4, 2025",1735430400,11,1.4018
desk,0,False,"Dec 29, 2024 – Jan 4, 2025",1735430400,35,4.4601
bookshelf,0,False,"Dec 29, 2024 – Jan 4, 2025",1735430400,6,0.7646
dining table,0,True,"Jan 5 – 11, 2025",1736035200,7,0.892
sofa,0,False,"Jan 5 – 11, 2025",1736035200,16,2.0389
bed frame,0,False,"Jan 5 – 11, 2025",1736035200,8,1.0195
desk,0,False,"Jan 5 – 11, 2025",1736035200,35,4.4601
bookshelf,0,False,"Jan 5 – 11, 2025",1736035200,5,0.6372
dining table,0,True,"Jan 12 – 18, 2025",1736640000,7,0.892
sofa,0,False,"Jan 12 – 18, 2025",1736640000,16,2.0389
bed frame,0,False,"Jan 12 – 18, 2025",1736640000,8,1.0195
desk,0,False,"Jan 12 – 18, 2025",1736640000,34,4.3327
bookshelf,0,False,"Jan 12 – 18, 2025",1736640000,5,0.6372
dining table,0,True,"Jan 19 – 25, 2025",1737244800,7,0.892
sofa,0,False,"Jan 19 – 25, 2025",1737244800,16,2.0389
bed frame,0,False,"Jan 19 – 25, 2025",1737244800,8,1.0195
desk,0,False,"Jan 19 – 25, 2025",1737244800,33,4.2053
bookshelf,0,False,"Jan 19 – 25, 2025",1737244800,5,0.6372
dining table,0,True,"Jan 26 – Feb 1, 2025",1737849600,6,0.7646
sofa,0,False,"Jan 26 – Feb 1, 2025",1737849600,14,1.784
bed frame,0,False,"Jan 26 – Feb 1, 2025",1737849600,8,1.0195
desk,0,False,"Jan 26 – Feb 1, 2025",1737849600,31,3.9504
bookshelf,0,False,"Jan 26 – Feb 1, 2025",1737849600,4,0.5097
dining table,0,True,"Feb 2 – 8, 2025",1738454400,7,0.892
sofa,0,False,"Feb 2 – 8, 2025",1738454400,14,1.784
bed frame,0,False,"Feb 2 – 8, 2025",1738454400,8,1.0195
desk,0,False,"Feb 2 – 8, 2025",1738454400,30,3.823
bookshelf,0,False,"Feb 2 – 8, 2025",1738454400,4,0.5097
dining table,0,True,"Feb 9 – 15, 2025",1739059200,6,0.7646
sofa,0,False,"Feb 9 – 15, 2025",1739059200,14,1.784
bed frame,0,False,"Feb 9 – 15, 2025",1739059200,7,0.892
desk,0,False,"Feb 9 – 15, 2025",1739059200,31,3.9504
bookshelf,0,False,"Feb 9 – 15, 2025",1739059200,4,0.5097
dining table,0,True,"Feb 16 – 22, 2025",1739664000,7,0.892
sofa,0,False,"Feb 16 – 22, 2025",1739664000,17,2.1663
bed frame,0,False,"Feb 16 – 22, 2025",1739664000,9,1.1469
desk,0,False,"Feb 16 – 22, 2025",1739664000,32,4.0778
bookshelf,0,False,"Feb 16 – 22, 2025",1739664000,4,0.5097
dining table,0,True,"Feb 23 – Mar 1, 2025",1740268800,7,0.892
sofa,0,False,"Feb 23 – Mar 1, 2025",1740268800,15,1.9115
bed frame,0,False,"Feb 23 – Mar 1, 2025",1740268800,9,1.1469
desk,0,False,"Feb 23 – Mar 1, 2025",1740268800,31,3.9504
bookshelf,0,False,"Feb 23 – Mar 1, 2025",1740268800,4,0.5097
dining table,0,True,"Mar 2 – 8, 2025",1740873600,7,0.892
sofa,0,False,"Mar 2 – 8, 2025",1740873600,15,1.9115
bed frame,0,False,"Mar 2 – 8, 2025",1740873600,8,1.0195
desk,0,False,"Mar 2 – 8, 2025",1740873600,32,4.0778
bookshelf,0,False,"Mar 2 – 8, 2025",1740873600,4,0.5097
dining table,0,True,"Mar 9 – 15, 2025",1741478400,7,0.892
sofa,0,False,"Mar 9 – 15, 2025",1741478400,16,2.0389
bed frame,0,False,"Mar 9 – 15, 2025",1741478400,8,1.0195
desk,0,False,"Mar 9 – 15, 2025",1741478400,29,3.6955
bookshelf,0,False,"Mar 9 – 15, 2025",1741478400,4,0.5097
dining table,0,True,"Mar 16 – 22, 2025",1742083200,7,0.892
sofa,0,False,"Mar 16 – 22, 2025",1742083200,15,1.9115
bed frame,0,False,"Mar 16 – 22, 2025",1742083200,8,1.0195
desk,0,False,"Mar 16 – 22, 2025",1742083200,29,3.6955
bookshelf,0,False,"Mar 16 – 22, 2025",1742083200,3,0.3823
dining table,0,True,"Mar 23 – 29, 2025",1742688000,7,0.892
sofa,0,False,"Mar 23 – 29, 2025",1742688000,15,1.9115
bed frame,0,False,"Mar 23 – 29, 2025",1742688000,8,1.0195
desk,0,False,"Mar 23 – 29, 2025",1742688000,29,3.6955
bookshelf,0,False,"Mar 23 – 29, 2025",1742688000,4,0.5097
dining table,0,True,"Mar 30 – Apr 5, 2025",1743292800,7,0.892
sofa,0,False,"Mar 30 – Apr 5, 2025",1743292800,14,1.784
bed frame,0,False,"Mar 30 – Apr 5, 2025",1743292800,8,1.0195
desk,0,False,"Mar 30 – Apr 5, 2025",1743292800,28,3.5681
bookshelf,0,False,"Mar 30 – Apr 5, 2025",1743292800,4,0.5097
dining table,0,True,"Apr 6 – 12, 2025",1743897600,7,0.892
sofa,0,False,"Apr 6 – 12, 2025",1743897600,14,1.784
bed frame,0,False,"Apr 6 – 12, 2025",1743897600,7,0.892
desk,0,False,"Apr 6 – 12, 2025",1743897600,28,3.5681
bookshelf,0,False,"Apr 6 – 12, 2025",1743897600,3,0.3823
dining table,0,True,"Apr 13 – 19, 2025",1744502400,7,0.892
sofa,0,False,"Apr 13 – 19, 2025",1744502400,14,1.784
bed frame,0,False,"Apr 13 – 19, 2025",1744502400,7,0.892
desk,0,False,"Apr 13 – 19, 2025",1744502400,28,3.5681
bookshelf,0,False,"Apr 13 – 19, 2025",1744502400,3,0.3823
dining table,0,True,"Apr 20 – 26, 2025",1745107200,7,0.892
sofa,0,False,"Apr 20 – 26, 2025",1745107200,14,1.784
bed frame,0,False,"Apr 20 – 26, 2025",1745107200,7,0.892
desk,0,False,"Apr 20 – 26, 2025",1745107200,27,3.4407
bookshelf,0,False,"Apr 20 – 26, 2025",1745107200,3,0.3823
dining table,0,True,"Apr 27 – May 3, 2025",1745712000,7,0.892
sofa,0,False,"Apr 27 – May 3, 2025",1745712000,15,1.9115
bed frame,0,False,"Apr 27 – May 3, 2025",1745712000,8,1.0195
desk,0,False,"Apr 27 – May 3, 2025",1745712000,29,3.6955
bookshelf,0,False,"Apr 27 – May 3, 2025",1745712000,3,0.3823
dining table,0,True,"May 4 – 10, 2025",1746316800,7,0.892
sofa,0,False,"May 4 – 10, 2025",1746316800,15,1.9115
bed frame,0,False,"May 4 – 10, 2025",1746316800,8,1.0195
desk,0,False,"May 4 – 10, 2025",1746316800,28,3.5681
bookshelf,0,False,"May 4 – 10, 2025",1746316800,3,0.3823
dining table,0,True,"May 11 – 17, 2025",1746921600,7,0.892
sofa,0,False,"May 11 – 17, 2025",1746921600,15,1.9115
bed frame,0,False,"May 11 – 17, 2025",1746921600,8,1.0195
desk,0,False,"May 11 – 17, 2025",1746921600,27,3.4407
bookshelf,0,False,"May 11 – 17, 2025",1746921600,3,0.3823
dining table,0,True,"May 18 – 24, 2025",1747526400,7,0.892
sofa,0,False,"May 18 – 24, 2025",1747526400,16,2.0389
bed frame,0,False,"May 18 – 24, 2025",1747526400,8,1.0195
desk,0,False,"May 18 – 24, 2025",1747526400,28,3.5681
bookshelf,0,False,"May 18 – 24, 2025",1747526400,3,0.3823
dining table,0,True,"May 25 – 31, 2025",1748131200,7,0.892
sofa,0,False,"May 25 – 31, 2025",1748131200,15,1.9115
bed frame,0,False,"May 25 – 31, 2025",1748131200,9,1.1469
desk,0,False,"May 25 – 31, 2025",1748131200,27,3.4407
bookshelf,0,False,"May 25 – 31, 2025",1748131200,3,0.3823
dining table,0,True,"Jun 1 – 7, 2025",1748736000,7,0.892
sofa,0,False,"Jun 1 – 7, 2025",1748736000,15,1.9115
bed frame,0,False,"Jun 1 – 7, 2025",1748736000,9,1.1469
desk,0,False,"Jun 1 – 7, 2025",1748736000,29,3.6955
bookshelf,0,False,"Jun 1 – 7, 2025",1748736000,3,0.3823
dining table,0,True,"Jun 8 – 14, 2025",1749340800,7,0.892
sofa,0,False,"Jun 8 – 14, 2025",1749340800,16,2.0389
bed frame,0,False,"Jun 8 – 14, 2025",1749340800,8,1.0195
desk,0,False,"Jun 8 – 14, 2025",1749340800,29,3.6955
bookshelf,0,False,"Jun 8 – 14, 2025",1749340800,3,0.3823
dining table,0,True,"Jun 15 – 21, 2025",1749945600,7,0.892
sofa,0,False,"Jun 15 – 21, 2025",1749945600,16,2.0389
bed frame,0,False,"Jun 15 – 21, 2025",1749945600,9,1.1469
desk,0,False,"Jun 15 – 21, 2025",1749945600,29,3.6955
bookshelf,0,False,"Jun 15 – 21, 2025",1749945600,3,0.3823
dining table,0,True,"Jun 22 – 28, 2025",1750550400,7,0.892
sofa,0,False,"Jun 22 – 28, 2025",1750550400,17,2.1663
bed frame,0,False,"Jun 22 – 28, 2025",1750550400,9,1.1469
desk,0,False,"Jun 22 – 28, 2025",1750550400,31,3.9504
bookshelf,0,False,"Jun 22 – 28, 2025",1750550400,3,0.3823
dining table,0,True,"Jun 29 – Jul 5, 2025",1751155200,7,0.892
sofa,0,False,"Jun 29 – Jul 5, 2025",1751155200,17,2.1663
bed frame,0,False,"Jun 29 – Jul 5, 2025",1751155200,10,1.2743
desk,0,False,"Jun 29 – Jul 5, 2025",1751155200,29,3.6955
bookshelf,0,False,"Jun 29 – Jul 5, 2025",1751155200,4,0.5097
dining table,0,True,"Jul 6 – 12, 2025",1751760000,8,1.0195
sofa,0,False,"Jul 6 – 12, 2025",1751760000,19,2.4212
bed frame,0,False,"Jul 6 – 12, 2025",1751760000,10,1.2743
desk,0,False,"Jul 6 – 12, 2025",1751760000,34,4.3327
bookshelf,0,False,"Jul 6 – 12, 2025",1751760000,4,0.5097
dining table,0,True,"Jul 13 – 19, 2025",1752364800,8,1.0195
sofa,0,False,"Jul 13 – 19, 2025",1752364800,18,2.2938
bed frame,0,False,"Jul 13 – 19, 2025",1752364800,10,1.2743
desk,0,False,"Jul 13 – 19, 2025",1752364800,35,4.4601
bookshelf,0,False,"Jul 13 – 19, 2025",1752364800,4,0.5097
dining table,0,True,"Jul 20 – 26, 2025",1752969600,8,1.0195
sofa,0,False,"Jul 20 – 26, 2025",1752969600,19,2.4212
bed frame,0,False,"Jul 20 – 26, 2025",1752969600,10,1.2743
desk,0,False,"Jul 20 – 26, 2025",1752969600,36,4.5875
bookshelf,0,False,"Jul 20 – 26, 2025",1752969600,4,0.5097
dining table,0,True,"Jul 27 – Aug 2, 2025",1753574400,8,1.0195
sofa,0,False,"Jul 27 – Aug 2, 2025",1753574400,19,2.4212
bed frame,0,False,"Jul 27 – Aug 2, 2025",1753574400,10,1.2743
desk,0,False,"Jul 27 – Aug 2, 2025",1753574400,36,4.5875
bookshelf,0,False,"Jul 27 – Aug 2, 2025",1753574400,4,0.5097
dining table,0,True,"Aug 3 – 9, 2025",1754179200,8,1.0195
sofa,0,False,"Aug 3 – 9, 2025",1754179200,17,2.1663
bed frame,0,False,"Aug 3 – 9, 2025",1754179200,10,1.2743
desk,0,False,"Aug 3 – 9, 2025",1754179200,37,4.715
bookshelf,0,False,"Aug 3 – 9, 2025",1754179200,4,0.5097
dining table,0,True,"Aug 10 – 16, 2025",1754784000,7,0.892
sofa,0,False,"Aug 10 – 16, 2025",1754784000,17,2.1663
bed frame,0,False,"Aug 10 – 16, 2025",1754784000,10,1.2743
desk,0,False,"Aug 10 – 16, 2025",1754784000,36,4.5875
bookshelf,0,False,"Aug 10 – 16, 2025",1754784000,4,0.5097
dining table,0,True,"Aug 17 – 23, 2025",1755388800,7,0.892
sofa,0,False,"Aug 17 – 23, 2025",1755388800,15,1.9115
bed frame,0,False,"Aug 17 – 23, 2025",1755388800,10,1.2743
desk,0,False,"Aug 17 – 23, 2025",1755388800,38,4.8424
bookshelf,0,False,"Aug 17 – 23, 2025",1755388800,4,0.5097
dining table,0,True,"Aug 24 – 30, 2025",1755993600,8,1.0195
sofa,0,False,"Aug 24 – 30, 2025",1755993600,18,2.2938
bed frame,0,False,"Aug 24 – 30, 2025",1755993600,9,1.1469
desk,0,False,"Aug 24 – 30, 2025",1755993600,36,4.5875
bookshelf,0,False,"Aug 24 – 30, 2025",1755993600,4,0.5097
dining table,0,True,"Aug 31 – Sep 6, 2025",1756598400,8,1.0195
sofa,0,False,"Aug 31 – Sep 6, 2025",1756598400,18,2.2938
bed frame,0,False,"Aug 31 – Sep 6, 2025",1756598400,10,1.2743
desk,0,False,"Aug 31 – Sep 6, 2025",1756598400,35,4.4601
bookshelf,0,False,"Aug 31 – Sep 6, 2025",1756598400,5,0.6372
dining table,0,True,"Sep 7 – 13, 2025",1757203200,7,0.892
sofa,0,False,"Sep 7 – 13, 2025",1757203200,14,1.784
bed frame,0,False,"Sep 7 – 13, 2025",1757203200,8,1.0195
desk,0,False,"Sep 7 – 13, 2025",1757203200,31,3.9504
bookshelf,0,False,"Sep 7 – 13, 2025",1757203200,4,0.5097
dining table,0,True,"Sep 14 – 20, 2025",1757808000,6,0.7646
sofa,0,False,"Sep 14 – 20, 2025",1757808000,15,1.9115
bed frame,0,False,"Sep 14 – 20, 2025",1757808000,8,1.0195
desk,0,False,"Sep 14 – 20, 2025",1757808000,29,3.6955
bookshelf,0,False,"Sep 14 – 20, 2025",1757808000,3,0.3823
dining table,0,True,"Sep 21 – 27, 2025",1758412800,7,0.892
sofa,0,False,"Sep 21 – 27, 2025",1758412800,15,1.9115
bed frame,0,False,"Sep 21 – 27, 2025",1758412800,8,1.0195
desk,0,False,"Sep 21 – 27, 2025",1758412800,30,3.823
bookshelf,0,False,"Sep 21 – 27, 2025",1758412800,3,0.3823
dining table,0,True,"Sep 28 – Oct 4, 2025",1759017600,7,0.892
sofa,0,False,"Sep 28 – Oct 4, 2025",1759017600,15,1.9115
bed frame,0,False,"Sep 28 – Oct 4, 2025",1759017600,8,1.0195
desk,0,False,"Sep 28 – Oct 4, 2025",1759017600,31,3.9504
bookshelf,0,False,"Sep 28 – Oct 4, 2025",1759017600,3,0.3823
dining table,0,True,"Oct 5 – 11, 2025",1759622400,7,0.892
sofa,0,False,"Oct 5 – 11, 2025",1759622400,16,2.0389
bed frame,0,False,"Oct 5 – 11, 2025",1759622400,8,1.0195
desk,0,False,"Oct 5 – 11, 2025",1759622400,29,3.6955
bookshelf,0,False,"Oct 5 – 11, 2025",1759622400,3,0.3823
dining table,0,True,"Oct 12 – 18, 2025",1760227200,7,0.892
sofa,0,False,"Oct 12 – 18, 2025",1760227200,15,1.9115
bed frame,0,False,"Oct 12 – 18, 2025",1760227200,8,1.0195
desk,0,False,"Oct 12 – 18, 2025",1760227200,27,3.4407
bookshelf,0,False,"Oct 12 – 18, 2025",1760227200,3,0.3823
dining table,0,True,"Oct 19 – 25, 2025",1760832000,7,0.892
sofa,0,False,"Oct 19 – 25, 2025",1760832000,15,1.9115
bed frame,0,False,"Oct 19 – 25, 2025",1760832000,7,0.892
desk,0,False,"Oct 19 – 25, 2025",1760832000,28,3.5681
bookshelf,0,False,"Oct 19 – 25, 2025",1760832000,3,0.3823
dining table,0,True,"Oct 26 – Nov 1, 2025",1761436800,7,0.892
sofa,0,False,"Oct 26 – Nov 1, 2025",1761436800,15,1.9115
bed frame,0,False,"Oct 26 – Nov 1, 2025",1761436800,8,1.0195
desk,0,False,"Oct 26 – Nov 1, 2025",1761436800,28,3.5681
bookshelf,0,False,"Oct 26 – Nov 1, 2025",1761436800,3,0.3823
dining table,0,True,"Nov 2 – 8, 2025",1762041600,8,1.0195
sofa,0,False,"Nov 2 – 8, 2025",1762041600,18,2.2938
bed frame,0,False,"Nov 2 – 8, 2025",1762041600,8,1.0195
desk,0,False,"Nov 2 – 8, 2025",1762041600,33,4.2053
bookshelf,0,False,"Nov 2 – 8, 2025",1762041600,4,0.5097
dining table,0,True,"Nov 9 – 15, 2025",1762646400,9,1.1469
sofa,0,False,"Nov 9 – 15, 2025",1762646400,18,2.2938
bed frame,0,False,"Nov 9 – 15, 2025",1762646400,9,1.1469
desk,0,False,"Nov 9 – 15, 2025",1762646400,34,4.3327
bookshelf,0,False,"Nov 9 – 15, 2025",1762646400,4,0.5097
dining table,0,True,"Nov 16 – 22, 2025",1763251200,8,1.0195
sofa,0,False,"Nov 16 – 22, 2025",1763251200,19,2.4212
bed frame,0,False,"Nov 16 – 22, 2025",1763251200,10,1.2743
desk,0,False,"Nov 16 – 22, 2025",1763251200,34,4.3327
bookshelf,0,False,"Nov 16 – 22, 2025",1763251200,4,0.5097
dining table,0,True,"Nov 23 – 29, 2025",1763856000,9,1.1469
sofa,0,False,"Nov 23 – 29, 2025",1763856000,21,2.6761
bed frame,0,False,"Nov 23 – 29, 2025",1763856000,11,1.4018
desk,0,False,"Nov 23 – 29, 2025",1763856000,34,4.3327
bookshelf,0,False,"Nov 23 – 29, 2025",1763856000,5,0.6372
dining table,0,True,"Nov 30 – Dec 6, 2025",1764460800,7,0.892
sofa,0,False,"Nov 30 – Dec 6, 2025",1764460800,17,2.1663
bed frame,0,False,"Nov 30 – Dec 6, 2025",1764460800,9,1.1469
desk,0,False,"Nov 30 – Dec 6, 2025",1764460800,35,4.4601
bookshelf,0,False,"Nov 30 – Dec 6, 2025",1764460800,5,0.6372
dining table,0,True,"Dec 7 – 13, 2025",1765065600,6,0.7646
sofa,0,False,"Dec 7 – 13, 2025",1765065600,17,2.1663
bed frame,0,False,"Dec 7 – 13, 2025",1765065600,8,1.0195
desk,0,False,"Dec 7 – 13, 2025",1765065600,35,4.4601
bookshelf,0,False,"Dec 7 – 13, 2025",1765065600,4,0.5097
dining table,0,True,"Dec 14 – 20, 2025",1765670400,6,0.7646
sofa,0,False,"Dec 14 – 20, 2025",1765670400,14,1.784
bed frame,0,False,"Dec 14 – 20, 2025",1765670400,8,1.0195
desk,0,False,"Dec 14 – 20, 2025",1765670400,34,4.3327
bookshelf,0,False,"Dec 14 – 20, 2025",1765670400,4,0.5097
dining table,0,True,"Dec 21 – 27, 2025",1766275200,6,0.7646
sofa,0,False,"Dec 21 – 27, 2025",1766275200,16,2.0389
bed frame,0,False,"Dec 21 – 27, 2025",1766275200,9,1.1469
desk,0,False,"Dec 21 – 27, 2025",1766275200,31,3.9504
bookshelf,0,False,"Dec 21 – 27, 2025",1766275200,5,0.6372
dining table,0,True,"Dec 28, 2025 – Jan 3, 2026",1766880000,8,1.0195
sofa,0,False,"Dec 28, 2025 – Jan 3, 2026",1766880000,19,2.4212
bed frame,0,False,"Dec 28, 2025 – Jan 3, 2026",1766880000,11,1.4018
desk,0,False,"Dec 28, 2025 – Jan 3, 2026",1766880000,36,4.5875
bookshelf,0,False,"Dec 28, 2025 – Jan 3, 2026",1766880000,7,0.892
dining table,0,True,"Jan 4 – 10, 2026",1767484800,7,0.892
sofa,0,False,"Jan 4 – 10, 2026",1767484800,17,2.1663
bed frame,0,False,"Jan 4 – 10, 2026",1767484800,9,1.1469
desk,0,False,"Jan 4 – 10, 2026",1767484800,36,4.5875
bookshelf,0,False,"Jan 4 – 10, 2026",1767484800,5,0.6372
dining table,0,True,"Jan 11 – 17, 2026",1768089600,7,0.892
sofa,0,False,"Jan 11 – 17, 2026",1768089600,17,2.1663
bed frame,0,False,"Jan 11 – 17, 2026",1768089600,9,1.1469
desk,0,False,"Jan 11 – 17, 2026",1768089600,38,4.8424
bookshelf,0,False,"Jan 11 – 17, 2026",1768089600,5,0.6372
dining table,0,True,"Jan 18 – 24, 2026",1768694400,7,0.892
sofa,0,False,"Jan 18 – 24, 2026",1768694400,17,2.1663
bed frame,0,False,"Jan 18 – 24, 2026",1768694400,9,1.1469
desk,0,False,"Jan 18 – 24, 2026",1768694400,34,4.3327
bookshelf,0,False,"Jan 18 – 24, 2026",1768694400,5,0.6372
dining table,0,True,"Jan 25 – 31, 2026",1769299200,7,0.892
sofa,0,False,"Jan 25 – 31, 2026",1769299200,15,1.9115
bed frame,0,False,"Jan 25 – 31, 2026",1769299200,8,1.0195
desk,0,False,"Jan 25 – 31, 2026",1769299200,34,4.3327
bookshelf,0,False,"Jan 25 – 31, 2026",1769299200,5,0.6372
dining table,0,True,"Feb 1 – 7, 2026",1769904000,7,0.892
sofa,0,False,"Feb 1 – 7, 2026",1769904000,16,2.0389
bed frame,0,False,"Feb 1 – 7, 2026",1769904000,8,1.0195
desk,0,False,"Feb 1 – 7, 2026",1769904000,35,4.4601
bookshelf,0,False,"Feb 1 – 7, 2026",1769904000,5,0.6372
dining table,0,True,"Feb 8 – 14, 2026",1770508800,9,1.1469
sofa,0,False,"Feb 8 – 14, 2026",1770508800,19,2.4212
bed frame,0,False,"Feb 8 – 14, 2026",1770508800,8,1.0195
desk,0,False,"Feb 8 – 14, 2026",1770508800,38,4.8424
bookshelf,0,False,"Feb 8 – 14, 2026",1770508800,5,0.6372
dining table,0,True,"Feb 15 – 21, 2026",1771113600,10,1.2743
sofa,0,False,"Feb 15 – 21, 2026",1771113600,21,2.6761
bed frame,0,False,"Feb 15 – 21, 2026",1771113600,10,1.2743
desk,0,False,"Feb 15 – 21, 2026",1771113600,38,4.8424
bookshelf,0,False,"Feb 15 – 21, 2026",1771113600,6,0.7646
dining table,0,True,"Feb 22 – 28, 2026",1771718400,8,1.0195
sofa,0,False,"Feb 22 – 28, 2026",1771718400,19,2.4212
bed frame,0,False,"Feb 22 – 28, 2026",1771718400,10,1.2743
desk,0,False,"Feb 22 – 28, 2026",1771718400,36,4.5875
bookshelf,0,False,"Feb 22 – 28, 2026",1771718400,5,0.6372
dining table,0,True,"Mar 1 – 7, 2026",1772323200,7,0.892
sofa,0,False,"Mar 1 – 7, 2026",1772323200,16,2.0389
bed frame,0,False,"Mar 1 – 7, 2026",1772323200,10,1.2743
desk,0,False,"Mar 1 – 7, 2026",1772323200,36,4.5875
bookshelf,0,False,"Mar 1 – 7, 2026",1772323200,4,0.5097
dining table,0,True,"Mar 8 – 14, 2026",1772928000,8,1.0195
sofa,0,False,"Mar 8 – 14, 2026",1772928000,17,2.1663
bed frame,0,False,"Mar 8 – 14, 2026",1772928000,9,1.1469
desk,0,False,"Mar 8 – 14, 2026",1772928000,35,4.4601
bookshelf,0,False,"Mar 8 – 14, 2026",1772928000,4,0.5097
dining table,0,True,"Mar 15 – 21, 2026",1773532800,8,1.0195
sofa,0,False,"Mar 15 – 21, 2026",1773532800,19,2.4212
bed frame,0,False,"Mar 15 – 21, 2026",1773532800,9,1.1469
desk,0,False,"Mar 15 – 21, 2026",1773532800,37,4.715
bookshelf,0,False,"Mar 15 – 21, 2026",1773532800,5,0.6372
dining table,0,True,"Mar 22 – 28, 2026",1774137600,12,1.5292
sofa,0,False,"Mar 22 – 28, 2026",1774137600,33,4.2053
bed frame,0,False,"Mar 22 – 28, 2026",1774137600,12,1.5292
desk,0,False,"Mar 22 – 28, 2026",1774137600,51,6.499
bookshelf,0,False,"Mar 22 – 28, 2026",1774137600,8,1.0195
dining table,0,True,"Mar 29 – Apr 4, 2026",1774742400,21,2.6761
sofa,0,False,"Mar 29 – Apr 4, 2026",1774742400,63,8.0282
bed frame,0,False,"Mar 29 – Apr 4, 2026",1774742400,20,2.5486
desk,0,False,"Mar 29 – Apr 4, 2026",1774742400,79,10.0671
bookshelf,0,False,"Mar 29 – Apr 4, 2026",1774742400,13,1.6566
dining table,0,True,"Apr 5 – 11, 2026",1775347200,26,3.3132
sofa,0,False,"Apr 5 – 11, 2026",1775347200,77,9.8123
bed frame,0,False,"Apr 5 – 11, 2026",1775347200,26,3.3132
desk,0,False,"Apr 5 – 11, 2026",1775347200,92,11.7237
bookshelf,0,False,"Apr 5 – 11, 2026",1775347200,15,1.9115
dining table,0,True,"Apr 12 – 18, 2026",1775952000,28,3.5681
sofa,0,False,"Apr 12 – 18, 2026",1775952000,88,11.214
bed frame,0,False,"Apr 12 – 18, 2026",1775952000,25,3.1858
desk,0,False,"Apr 12 – 18, 2026",1775952000,100,12.7432
bookshelf,0,False,"Apr 12 – 18, 2026",1775952000,17,2.1663
dining table,0,True,"Apr 19 – 25, 2026",1776556800,24,3.0584
sofa,0,False,"Apr 19 – 25, 2026",1776556800,67,8.5379
bed frame,0,False,"Apr 19 – 25, 2026",1776556800,21,2.6761
desk,0,False,"Apr 19 – 25, 2026",1776556800,87,11.0866
bookshelf,0,False,"Apr 19 – 25, 2026",1776556800,14,1.784
dining table,0,True,"Apr 26 – May 2, 2026",1777161600,18,2.2938
sofa,0,False,"Apr 26 – May 2, 2026",1777161600,52,6.6265
bed frame,0,False,"Apr 26 – May 2, 2026",1777161600,18,2.2938
desk,0,False,"Apr 26 – May 2, 2026",1777161600,71,9.0477
bookshelf,0,False,"Apr 26 – May 2, 2026",1777161600,12,1.5292
dining table,0,True,"May 3 – 9, 2026",1777766400,20,2.5486
sofa,0,False,"May 3 – 9, 2026",1777766400,55,7.0088
bed frame,0,False,"May 3 – 9, 2026",1777766400,17,2.1663
desk,0,False,"May 3 – 9, 2026",1777766400,80,10.1946
bookshelf,0,False,"May 3 – 9, 2026",1777766400,12,1.5292
dining table,0,True,"May 10 – 16, 2026",1778371200,22,2.8035
sofa,0,False,"May 10 – 16, 2026",1778371200,61,7.7733
bed frame,0,False,"May 10 – 16, 2026",1778371200,21,2.6761
desk,0,False,"May 10 – 16, 2026",1778371200,85,10.8317
bookshelf,0,False,"May 10 – 16, 2026",1778371200,12,1.5292
dining table,0,True,"May 17 – 23, 2026",1778976000,21,2.6761
sofa,0,False,"May 17 – 23, 2026",1778976000,54,6.8813
bed frame,0,False,"May 17 – 23, 2026",1778976000,20,2.5486
desk,0,False,"May 17 – 23, 2026",1778976000,60,7.6459
bookshelf,0,False,"May 17 – 23, 2026",1778976000,9,1.1469
dining table,0,True,"May 24 – 30, 2026",1779580800,15,1.9115
sofa,0,False,"May 24 – 30, 2026",1779580800,41,5.2247
bed frame,0,False,"May 24 – 30, 2026",1779580800,16,2.0389
desk,0,False,"May 24 – 30, 2026",1779580800,51,6.499
bookshelf,0,False,"May 24 – 30, 2026",1779580800,8,1.0195
dining table,0,True,"May 31 – Jun 6, 2026",1780185600,14,1.784
sofa,0,False,"May 31 – Jun 6, 2026",1780185600,36,4.5875
bed frame,0,False,"May 31 – Jun 6, 2026",1780185600,15,1.9115
desk,0,False,"May 31 – Jun 6, 2026",1780185600,49,6.2442
bookshelf,0,False,"May 31 – Jun 6, 2026",1780185600,8,1.0195
dining table,0,True,"Jun 7 – 13, 2026",1780790400,17,2.1663
sofa,0,False,"Jun 7 – 13, 2026",1780790400,42,5.3521
bed frame,0,False,"Jun 7 – 13, 2026",1780790400,17,2.1663
desk,0,False,"Jun 7 – 13, 2026",1780790400,56,7.1362
bookshelf,0,False,"Jun 7 – 13, 2026",1780790400,9,1.1469
dining table,0,True,"Jun 14 – 20, 2026",1781395200,15,1.9115
sofa,0,False,"Jun 14 – 20, 2026",1781395200,41,5.2247
bed frame,0,False,"Jun 14 – 20, 2026",1781395200,17,2.1663
desk,0,False,"Jun 14 – 20, 2026",1781395200,54,6.8813
bookshelf,0,False,"Jun 14 – 20, 2026",1781395200,9,1.1469
dining table,0,True,"Jun 21 – 27, 2026",1782000000,15,1.9115
sofa,0,False,"Jun 21 – 27, 2026",1782000000,38,4.8424
bed frame,0,False,"Jun 21 – 27, 2026",1782000000,17,2.1663
desk,0,False,"Jun 21 – 27, 2026",1782000000,55,7.0088
bookshelf,0,False,"Jun 21 – 27, 2026",1782000000,10,1.2743
dining table,0,True,"Jun 28 – Jul 4, 2026",1782604800,9,1.1469
sofa,0,False,"Jun 28 – Jul 4, 2026",1782604800,24,3.0584
bed frame,0,False,"Jun 28 – Jul 4, 2026",1782604800,12,1.5292
desk,0,False,"Jun 28 – Jul 4, 2026",1782604800,38,4.8424
bookshelf,0,False,"Jun 28 – Jul 4, 2026",1782604800,6,0.7646
dining table,0,True,"Jul 5 – 11, 2026",1783209600,9,1.1469
sofa,0,False,"Jul 5 – 11, 2026",1783209600,21,2.6761
bed frame,0,False,"Jul 5 – 11, 2026",1783209600,12,1.5292
desk,0,False,"Jul 5 – 11, 2026",1783209600,40,5.0973
bookshelf,0,False,"Jul 5 – 11, 2026",1783209600,6,0.7646
dining table,0,True,"Jul 12 – 18, 2026",1783814400,8,1.0195
sofa,0,False,"Jul 12 – 18, 2026",1783814400,18,2.2938
bed frame,0,False,"Jul 12 – 18, 2026",1783814400,11,1.4018
desk,0,False,"Jul 12 – 18, 2026",1783814400,37,4.715
bookshelf,0,False,"Jul 12 – 18, 2026",1783814400,5,0.6372
dining table,0,True,"Jul 19 – 25, 2026",1784419200,7,0.892
sofa,0,False,"Jul 19 – 25, 2026",1784419200,17,2.1663
bed frame,0,False,"Jul 19 – 25, 2026",1784419200,10,1.2743
desk,0,False,"Jul 19 – 25, 2026",1784419200,38,4.8424
bookshelf,0,False,"Jul 19 – 25, 2026",1784419200,5,0.6372
dining table,0,True,"Jul 26 – Aug 1, 2026",1785024000,8,1.0195
sofa,0,False,"Jul 26 – Aug 1, 2026",1785024000,17,2.1663
bed frame,0,False,"Jul 26 – Aug 1, 2026",1785024000,11,1.4018
desk,0,False,"Jul 26 – Aug 1, 2026",1785024000,36,4.5875
bookshelf,0,False,"Jul 26 – Aug 1, 2026",1785024000,5,0.6372
dining table,0,True,"Aug 2 – 8, 2026",1785628800,7,0.892
sofa,0,False,"Aug 2 – 8, 2026",1785628800,17,2.1663
bed frame,0,False,"Aug 2 – 8, 2026",1785628800,11,1.4018
desk,0,False,"Aug 2 – 8, 2026",1785628800,38,4.8424
bookshelf,0,False,"Aug 2 – 8, 2026",1785628800,5,0.6372
dining table,0,True,"Aug 9 – 15, 2026",1786233600,8,1.0195
sofa,0,False,"Aug 9 – 15, 2026",1786233600,18,2.2938
bed frame,0,False,"Aug 9 – 15, 2026",1786233600,11,1.4018
desk,0,False,"Aug 9 – 15, 2026",1786233600,39,4.9698
bookshelf,0,False,"Aug 9 – 15, 2026",1786233600,5,0.6372
dining table,0,True,"Aug 16 – 22, 2026",1786838400,8,1.0195
sofa,0,False,"Aug 16 – 22, 2026",1786838400,17,2.1663
bed frame,0,False,"Aug 16 – 22, 2026",1786838400,11,1.4018
desk,0,False,"Aug 16 – 22, 2026",1786838400,38,4.8424
bookshelf,0,False,"Aug 16 – 22, 2026",1786838400,5,0.6372
dining table,0,True,"Aug 23 – 29, 2026",1787443200,7,0.892
sofa,0,False,"Aug 23 – 29, 2026",1787443200,16,2.0389
bed frame,0,False,"Aug 23 – 29, 2026",1787443200,10,1.2743
desk,0,False,"Aug 23 – 29, 2026",1787443200,35,4.4601
bookshelf,0,False,"Aug 23 – 29, 2026",1787443200,5,0.6372
dining table,1,True,"Aug 22 – 28, 2021",1629590400,29,1.0425
dresser,1,False,"Aug 22 – 28, 2021",1629590400,32,1.1504
wardrobe,1,False,"Aug 22 – 28, 2021",1629590400,12,0.4314
coffee table,1,False,"Aug 22 – 28, 2021",1629590400,23,0.8268
nightstand,1,False,"Aug 22 – 28, 2021",1629590400,8,0.2876
dining table,1,True,"Aug 29 – Sep 4, 2021",1630195200,28,1.0066
dresser,1,False,"Aug 29 – Sep 4, 2021",1630195200,30,1.0785
wardrobe,1,False,"Aug 29 – Sep 4, 2021",1630195200,10,0.3595
coffee table,1,False,"Aug 29 – Sep 4, 2021",1630195200,23,0.8268
nightstand,1,False,"Aug 29 – Sep 4, 2021",1630195200,8,0.2876
dining table,1,True,"Sep 5 – 11, 2021",1630800000,30,1.0785
dresser,1,False,"Sep 5 – 11, 2021",1630800000,30,1.0785
wardrobe,1,False,"Sep 5 – 11, 2021",1630800000,11,0.3954
coffee table,1,False,"Sep 5 – 11, 2021",1630800000,24,0.8628
nightstand,1,False,"Sep 5 – 11, 2021",1630800000,8,0.2876
dining table,1,True,"Sep 12 – 18, 2021",1631404800,27,0.9706
dresser,1,False,"Sep 12 – 18, 2021",1631404800,28,1.0066
wardrobe,1,False,"Sep 12 – 18, 2021",1631404800,11,0.3954
coffee table,1,False,"Sep 12 – 18, 2021",1631404800,22,0.7909
nightstand,1,False,"Sep 12 – 18, 2021",1631404800,7,0.2516
dining table,1,True,"Sep 19 – 25, 2021",1632009600,26,0.9347
dresser,1,False,"Sep 19 – 25, 2021",1632009600,27,0.9706
wardrobe,1,False,"Sep 19 – 25, 2021",1632009600,10,0.3595
coffee table,1,False,"Sep 19 – 25, 2021",1632009600,24,0.8628
nightstand,1,False,"Sep 19 – 25, 2021",1632009600,8,0.2876
dining table,1,True,"Sep 26 – Oct 2, 2021",1632614400,28,1.0066
dresser,1,False,"Sep 26 – Oct 2, 2021",1632614400,27,0.9706
wardrobe,1,False,"Sep 26 – Oct 2, 2021",1632614400,11,0.3954
coffee table,1,False,"Sep 26 – Oct 2, 2021",1632614400,23,0.8268
nightstand,1,False,"Sep 26 – Oct 2, 2021",1632614400,7,0.2516
dining table,1,True,"Oct 3 – 9, 2021",1633219200,28,1.0066
dresser,1,False,"Oct 3 – 9, 2021",1633219200,28,1.0066
wardrobe,1,False,"Oct 3 – 9, 2021",1633219200,11,0.3954
coffee table,1,False,"Oct 3 – 9, 2021",1633219200,23,0.8268
nightstand,1,False,"Oct 3 – 9, 2021",1633219200,7,0.2516
dining table,1,True,"Oct 10 – 16, 2021",1633824000,28,1.0066
dresser,1,False,"Oct 10 – 16, 2021",1633824000,26,0.9347
wardrobe,1,False,"Oct 10 – 16, 2021",1633824000,11,0.3954
coffee table,1,False,"Oct 10 – 16, 2021",1633824000,22,0.7909
nightstand,1,False,"Oct 10 – 16, 2021",1633824000,7,0.2516
dining table,1,True,"Oct 17 – 23, 2021",1634428800,27,0.9706
dresser,1,False,"Oct 17 – 23, 2021",1634428800,26,0.9347
wardrobe,1,False,"Oct 17 – 23, 2021",1634428800,11,0.3954
coffee table,1,False,"Oct 17 – 23, 2021",1634428800,22,0.7909
nightstand,1,False,"Oct 17 – 23, 2021",1634428800,7,0.2516
dining table,1,True,"Oct 24 – 30, 2021",1635033600,27,0.9706
dresser,1,False,"Oct 24 – 30, 2021",1635033600,25,0.8987
wardrobe,1,False,"Oct 24 – 30, 2021",1635033600,11,0.3954
coffee table,1,False,"Oct 24 – 30, 2021",1635033600,22,0.7909
nightstand,1,False,"Oct 24 – 30, 2021",1635033600,7,0.2516
dining table,1,True,"Oct 31 – Nov 6, 2021",1635638400,29,1.0425
dresser,1,False,"Oct 31 – Nov 6, 2021",1635638400,27,0.9706
wardrobe,1,False,"Oct 31 – Nov 6, 2021",1635638400,11,0.3954
coffee table,1,False,"Oct 31 – Nov 6, 2021",1635638400,23,0.8268
nightstand,1,False,"Oct 31 – Nov 6, 2021",1635638400,7,0.2516
dining table,1,True,"Nov 7 – 13, 2021",1636243200,32,1.1504
dresser,1,False,"Nov 7 – 13, 2021",1636243200,28,1.0066
wardrobe,1,False,"Nov 7 – 13, 2021",1636243200,12,0.4314
coffee table,1,False,"Nov 7 – 13, 2021",1636243200,25,0.8987
nightstand,1,False,"Nov 7 – 13, 2021",1636243200,8,0.2876
dining table,1,True,"Nov 14 – 20, 2021",1636848000,32,1.1504
dresser,1,False,"Nov 14 – 20, 2021",1636848000,29,1.0425
wardrobe,1,False,"Nov 14 – 20, 2021",1636848000,14,0.5033
coffee table,1,False,"Nov 14 – 20, 2021",1636848000,26,0.9347
nightstand,1,False,"Nov 14 – 20, 2021",1636848000,7,0.2516
dining table,1,True,"Nov 21 – 27, 2021",1637452800,34,1.2223
dresser,1,False,"Nov 21 – 27, 2021",1637452800,29,1.0425
wardrobe,1,False,"Nov 21 – 27, 2021",1637452800,12,0.4314
coffee table,1,False,"Nov 21 – 27, 2021",1637452800,28,1.0066
nightstand,1,False,"Nov 21 – 27, 2021",1637452800,8,0.2876
dining table,1,True,"Nov 28 – Dec 4, 2021",1638057600,30,1.0785
dresser,1,False,"Nov 28 – Dec 4, 2021",1638057600,29,1.0425
wardrobe,1,False,"Nov 28 – Dec 4, 2021",1638057600,15,0.5392
coffee table,1,False,"Nov 28 – Dec 4, 2021",1638057600,27,0.9706
nightstand,1,False,"Nov 28 – Dec 4, 2021",1638057600,9,0.3235
dining table,1,True,"Dec 5 – 11, 2021",1638662400,24,0.8628
dresser,1,False,"Dec 5 – 11, 2021",1638662400,26,0.9347
wardrobe,1,False,"Dec 5 – 11, 2021",1638662400,11,0.3954
coffee table,1,False,"Dec 5 – 11, 2021",1638662400,24,0.8628
nightstand,1,False,"Dec 5 – 11, 2021",1638662400,7,0.2516
dining table,1,True,"Dec 12 – 18, 2021",1639267200,22,0.7909
dresser,1,False,"Dec 12 – 18, 2021",1639267200,24,0.8628
wardrobe,1,False,"Dec 12 – 18, 2021",1639267200,11,0.3954
coffee table,1,False,"Dec 12 – 18, 2021",1639267200,21,0.7549
nightstand,1,False,"Dec 12 – 18, 2021",1639267200,7,0.2516
dining table,1,True,"Dec 19 – 25, 2021",1639872000,21,0.7549
dresser,1,False,"Dec 19 – 25, 2021",1639872000,24,0.8628
wardrobe,1,False,"Dec 19 – 25, 2021",1639872000,10,0.3595
coffee table,1,False,"Dec 19 – 25, 2021",1639872000,19,0.683
nightstand,1,False,"Dec 19 – 25, 2021",1639872000,6,0.2157
dining table,1,True,"Dec 26, 2021 – Jan 1, 2022",1640476800,28,1.0066
dresser,1,False,"Dec 26, 2021 – Jan 1, 2022",1640476800,35,1.2582
wardrobe,1,False,"Dec 26, 2021 – Jan 1, 2022",1640476800,21,0.7549
coffee table,1,False,"Dec 26, 2021 – Jan 1, 2022",1640476800,26,0.9347
nightstand,1,False,"Dec 26, 2021 – Jan 1, 2022",1640476800,9,0.3235
dining table,1,True,"Jan 2 – 8, 2022",1641081600,30,1.0785
dresser,1,False,"Jan 2 – 8, 2022",1641081600,35,1.2582
wardrobe,1,False,"Jan 2 – 8, 2022",1641081600,25,0.8987
coffee table,1,False,"Jan 2 – 8, 2022",1641081600,29,1.0425
nightstand,1,False,"Jan 2 – 8, 2022",1641081600,10,0.3595
dining table,1,True,"Jan 9 – 15, 2022",1641686400,28,1.0066
dresser,1,False,"Jan 9 – 15, 2022",1641686400,33,1.1863
wardrobe,1,False,"Jan 9 – 15, 2022",1641686400,13,0.4673
coffee table,1,False,"Jan 9 – 15, 2022",1641686400,27,0.9706
nightstand,1,False,"Jan 9 – 15, 2022",1641686400,10,0.3595
dining table,1,True,"Jan 16 – 22, 2022",1642291200,28,1.0066
dresser,1,False,"Jan 16 – 22, 2022",1642291200,33,1.1863
wardrobe,1,False,"Jan 16 – 22, 2022",1642291200,12,0.4314
coffee table,1,False,"Jan 16 – 22, 2022",1642291200,26,0.9347
nightstand,1,False,"Jan 16 – 22, 2022",1642291200,9,0.3235
dining table,1,True,"Jan 23 – 29, 2022",1642896000,29,1.0425
dresser,1,False,"Jan 23 – 29, 2022",1642896000,33,1.1863
wardrobe,1,False,"Jan 23 – 29, 2022",1642896000,11,0.3954
coffee table,1,False,"Jan 23 – 29, 2022",1642896000,26,0.9347
nightstand,1,False,"Jan 23 – 29, 2022",1642896000,9,0.3235
dining table,1,True,"Jan 30 – Feb 5, 2022",1643500800,28,1.0066
dresser,1,False,"Jan 30 – Feb 5, 2022",1643500800,31,1.1144
wardrobe,1,False,"Jan 30 – Feb 5, 2022",1643500800,14,0.5033
coffee table,1,False,"Jan 30 – Feb 5, 2022",1643500800,25,0.8987
nightstand,1,False,"Jan 30 – Feb 5, 2022",1643500800,9,0.3235
dining table,1,True,"Feb 6 – 12, 2022",1644105600,29,1.0425
dresser,1,False,"Feb 6 – 12, 2022",1644105600,31,1.1144
wardrobe,1,False,"Feb 6 – 12, 2022",1644105600,12,0.4314
coffee table,1,False,"Feb 6 – 12, 2022",1644105600,26,0.9347
nightstand,1,False,"Feb 6 – 12, 2022",1644105600,8,0.2876
dining table,1,True,"Feb 13 – 19, 2022",1644710400,28,1.0066
dresser,1,False,"Feb 13 – 19, 2022",1644710400,31,1.1144
wardrobe,1,False,"Feb 13 – 19, 2022",1644710400,16,0.5752
coffee table,1,False,"Feb 13 – 19, 2022",1644710400,25,0.8987
nightstand,1,False,"Feb 13 – 19, 2022",1644710400,8,0.2876
dining table,1,True,"Feb 20 – 26, 2022",1645315200,31,1.1144
dresser,1,False,"Feb 20 – 26, 2022",1645315200,35,1.2582
wardrobe,1,False,"Feb 20 – 26, 2022",1645315200,14,0.5033
coffee table,1,False,"Feb 20 – 26, 2022",1645315200,27,0.9706
nightstand,1,False,"Feb 20 – 26, 2022",1645315200,9,0.3235
dining table,1,True,"Feb 27 – Mar 5, 2022",1645920000,29,1.0425
dresser,1,False,"Feb 27 – Mar 5, 2022",1645920000,33,1.1863
wardrobe,1,False,"Feb 27 – Mar 5, 2022",1645920000,12,0.4314
coffee table,1,False,"Feb 27 – Mar 5, 2022",1645920000,24,0.8628
nightstand,1,False,"Feb 27 – Mar 5, 2022",1645920000,8,0.2876
dining table,1,True,"Mar 6 – 12, 2022",1646524800,30,1.0785
dresser,1,False,"Mar 6 – 12, 2022",1646524800,32,1.1504
wardrobe,1,False,"Mar 6 – 12, 2022",1646524800,15,0.5392
coffee table,1,False,"Mar 6 – 12, 2022",1646524800,24,0.8628
nightstand,1,False,"Mar 6 – 12, 2022",1646524800,8,0.2876
dining table,1,True,"Mar 13 – 19, 2022",1647129600,30,1.0785
dresser,1,False,"Mar 13 – 19, 2022",1647129600,30,1.0785
wardrobe,1,False,"Mar 13 – 19, 2022",1647129600,12,0.4314
coffee table,1,False,"Mar 13 – 19, 2022",1647129600,24,0.8628
nightstand,1,False,"Mar 13 – 19, 2022",1647129600,9,0.3235
dining table,1,True,"Mar 20 – 26, 2022",1647734400,29,1.0425
dresser,1,False,"Mar 20 – 26, 2022",1647734400,31,1.1144
wardrobe,1,False,"Mar 20 – 26, 2022",1647734400,12,0.4314
coffee table,1,False,"Mar 20 – 26, 2022",1647734400,25,0.8987
nightstand,1,False,"Mar 20 – 26, 2022",1647734400,8,0.2876
dining table,1,True,"Mar 27 – Apr 2, 2022",1648339200,29,1.0425
dresser,1,False,"Mar 27 – Apr 2, 2022",1648339200,31,1.1144
wardrobe,1,False,"Mar 27 – Apr 2, 2022",1648339200,14,0.5033
coffee table,1,False,"Mar 27 – Apr 2, 2022",1648339200,24,0.8628
nightstand,1,False,"Mar 27 – Apr 2, 2022",1648339200,8,0.2876
dining table,1,True,"Apr 3 – 9, 2022",1648944000,28,1.0066
dresser,1,False,"Apr 3 – 9, 2022",1648944000,29,1.0425
wardrobe,1,False,"Apr 3 – 9, 2022",1648944000,16,0.5752
coffee table,1,False,"Apr 3 – 9, 2022",1648944000,23,0.8268
nightstand,1,False,"Apr 3 – 9, 2022",1648944000,7,0.2516
dining table,1,True,"Apr 10 – 16, 2022",1649548800,26,0.9347
dresser,1,False,"Apr 10 – 16, 2022",1649548800,27,0.9706
wardrobe,1,False,"Apr 10 – 16, 2022",1649548800,12,0.4314
coffee table,1,False,"Apr 10 – 16, 2022",1649548800,21,0.7549
nightstand,1,False,"Apr 10 – 16, 2022",1649548800,7,0.2516
dining table,1,True,"Apr 17 – 23, 2022",1650153600,29,1.0425
dresser,1,False,"Apr 17 – 23, 2022",1650153600,28,1.0066
wardrobe,1,False,"Apr 17 – 23, 2022",1650153600,13,0.4673
coffee table,1,False,"Apr 17 – 23, 2022",1650153600,23,0.8268
nightstand,1,False,"Apr 17 – 23, 2022",1650153600,7,0.2516
dining table,1,True,"Apr 24 – 30, 2022",1650758400,29,1.0425
dresser,1,False,"Apr 24 – 30, 2022",1650758400,29,1.0425
wardrobe,1,False,"Apr 24 – 30, 2022",1650758400,13,0.4673
coffee table,1,False,"Apr 24 – 30, 2022",1650758400,23,0.8268
nightstand,1,False,"Apr 24 – 30, 2022",1650758400,7,0.2516
dining table,1,True,"May 1 – 7, 2022",1651363200,26,0.9347
dresser,1,False,"May 1 – 7, 2022",1651363200,28,1.0066
wardrobe,1,False,"May 1 – 7, 2022",1651363200,12,0.4314
coffee table,1,False,"May 1 – 7, 2022",1651363200,22,0.7909
nightstand,1,False,"May 1 – 7, 2022",1651363200,7,0.2516
dining table,1,True,"May 8 – 14, 2022",1651968000,26,0.9347
dresser,1,False,"May 8 – 14, 2022",1651968000,27,0.9706
wardrobe,1,False,"May 8 – 14, 2022",1651968000,12,0.4314
coffee table,1,False,"May 8 – 14, 2022",1651968000,22,0.7909
nightstand,1,False,"May 8 – 14, 2022",1651968000,7,0.2516
dining table,1,True,"May 15 – 21, 2022",1652572800,25,0.8987
dresser,1,False,"May 15 – 21, 2022",1652572800,27,0.9706
wardrobe,1,False,"May 15 – 21, 2022",1652572800,14,0.5033
coffee table,1,False,"May 15 – 21, 2022",1652572800,21,0.7549
nightstand,1,False,"May 15 – 21, 2022",1652572800,7,0.2516
dining table,1,True,"May 22 – 28, 2022",1653177600,26,0.9347
dresser,1,False,"May 22 – 28, 2022",1653177600,29,1.0425
wardrobe,1,False,"May 22 – 28, 2022",1653177600,12,0.4314
coffee table,1,False,"May 22 – 28, 2022",1653177600,20,0.719
nightstand,1,False,"May 22 – 28, 2022",1653177600,7,0.2516
dining table,1,True,"May 29 – Jun 4, 2022",1653782400,27,0.9706
dresser,1,False,"May 29 – Jun 4, 2022",1653782400,29,1.0425
wardrobe,1,False,"May 29 – Jun 4, 2022",1653782400,11,0.3954
coffee table,1,False,"May 29 – Jun 4, 2022",1653782400,23,0.8268
nightstand,1,False,"May 29 – Jun 4, 2022",1653782400,8,0.2876
dining table,1,True,"Jun 5 – 11, 2022",1654387200,26,0.9347
dresser,1,False,"Jun 5 – 11, 2022",1654387200,28,1.0066
wardrobe,1,False,"Jun 5 – 11, 2022",1654387200,10,0.3595
coffee table,1,False,"Jun 5 – 11, 2022",1654387200,21,0.7549
nightstand,1,False,"Jun 5 – 11, 2022",1654387200,7,0.2516
dining table,1,True,"Jun 12 – 18, 2022",1654992000,25,0.8987
dresser,1,False,"Jun 12 – 18, 2022",1654992000,28,1.0066
wardrobe,1,False,"Jun 12 – 18, 2022",1654992000,9,0.3235
coffee table,1,False,"Jun 12 – 18, 2022",1654992000,22,0.7909
nightstand,1,False,"Jun 12 – 18, 2022",1654992000,7,0.2516
dining table,1,True,"Jun 19 – 25, 2022",1655596800,26,0.9347
dresser,1,False,"Jun 19 – 25, 2022",1655596800,29,1.0425
wardrobe,1,False,"Jun 19 – 25, 2022",1655596800,10,0.3595
coffee table,1,False,"Jun 19 – 25, 2022",1655596800,21,0.7549
nightstand,1,False,"Jun 19 – 25, 2022",1655596800,8,0.2876
dining table,1,True,"Jun 26 – Jul 2, 2022",1656201600,26,0.9347
dresser,1,False,"Jun 26 – Jul 2, 2022",1656201600,31,1.1144
wardrobe,1,False,"Jun 26 – Jul 2, 2022",1656201600,10,0.3595
coffee table,1,False,"Jun 26 – Jul 2, 2022",1656201600,21,0.7549
nightstand,1,False,"Jun 26 – Jul 2, 2022",1656201600,7,0.2516
dining table,1,True,"Jul 3 – 9, 2022",1656806400,26,0.9347
dresser,1,False,"Jul 3 – 9, 2022",1656806400,32,1.1504
wardrobe,1,False,"Jul 3 – 9, 2022",1656806400,12,0.4314
coffee table,1,False,"Jul 3 – 9, 2022",1656806400,22,0.7909
nightstand,1,False,"Jul 3 – 9, 2022",1656806400,9,0.3235
dining table,1,True,"Jul 10 – 16, 2022",1657411200,27,0.9706
dresser,1,False,"Jul 10 – 16, 2022",1657411200,32,1.1504
wardrobe,1,False,"Jul 10 – 16, 2022",1657411200,11,0.3954
coffee table,1,False,"Jul 10 – 16, 2022",1657411200,23,0.8268
nightstand,1,False,"Jul 10 – 16, 2022",1657411200,8,0.2876
dining table,1,True,"Jul 17 – 23, 2022",1658016000,27,0.9706
dresser,1,False,"Jul 17 – 23, 2022",1658016000,35,1.2582
wardrobe,1,False,"Jul 17 – 23, 2022",1658016000,11,0.3954
coffee table,1,False,"Jul 17 – 23, 2022",1658016000,23,0.8268
nightstand,1,False,"Jul 17 – 23, 2022",1658016000,8,0.2876
dining table,1,True,"Jul 24 – 30, 2022",1658620800,26,0.9347
dresser,1,False,"Jul 24 – 30, 2022",1658620800,32,1.1504
wardrobe,1,False,"Jul 24 – 30, 2022",1658620800,10,0.3595
coffee table,1,False,"Jul 24 – 30, 2022",1658620800,22,0.7909
nightstand,1,False,"Jul 24 – 30, 2022",1658620800,8,0.2876
dining table,1,True,"Jul 31 – Aug 6, 2022",1659225600,27,0.9706
dresser,1,False,"Jul 31 – Aug 6, 2022",1659225600,32,1.1504
wardrobe,1,False,"Jul 31 – Aug 6, 2022",1659225600,11,0.3954
coffee table,1,False,"Jul 31 – Aug 6, 2022",1659225600,23,0.8268
nightstand,1,False,"Jul 31 – Aug 6, 2022",1659225600,9,0.3235
dining table,1,True,"Aug 7 – 13, 2022",1659830400,28,1.0066
dresser,1,False,"Aug 7 – 13, 2022",1659830400,33,1.1863
wardrobe,1,False,"Aug 7 – 13, 2022",1659830400,12,0.4314
coffee table,1,False,"Aug 7 – 13, 2022",1659830400,24,0.8628
nightstand,1,False,"Aug 7 – 13, 2022",1659830400,9,0.3235
dining table,1,True,"Aug 14 – 20, 2022",1660435200,27,0.9706
dresser,1,False,"Aug 14 – 20, 2022",1660435200,34,1.2223
wardrobe,1,False,"Aug 14 – 20, 2022",1660435200,13,0.4673
coffee table,1,False,"Aug 14 – 20, 2022",1660435200,24,0.8628
nightstand,1,False,"Aug 14 – 20, 2022",1660435200,9,0.3235
dining table,1,True,"Aug 21 – 27, 2022",1661040000,26,0.9347
dresser,1,False,"Aug 21 – 27, 2022",1661040000,32,1.1504
wardrobe,1,False,"Aug 21 – 27, 2022",1661040000,12,0.4314
coffee table,1,False,"Aug 21 – 27, 2022",1661040000,24,0.8628
nightstand,1,False,"Aug 21 – 27, 2022",1661040000,8,0.2876
dining table,1,True,"Aug 28 – Sep 3, 2022",1661644800,26,0.9347
dresser,1,False,"Aug 28 – Sep 3, 2022",1661644800,30,1.0785
wardrobe,1,False,"Aug 28 – Sep 3, 2022",1661644800,13,0.4673
coffee table,1,False,"Aug 28 – Sep 3, 2022",1661644800,23,0.8268
nightstand,1,False,"Aug 28 – Sep 3, 2022",1661644800,8,0.2876
dining table,1,True,"Sep 4 – 10, 2022",1662249600,29,1.0425
dresser,1,False,"Sep 4 – 10, 2022",1662249600,31,1.1144
wardrobe,1,False,"Sep 4 – 10, 2022",1662249600,12,0.4314
coffee table,1,False,"Sep 4 – 10, 2022",1662249600,25,0.8987
nightstand,1,False,"Sep 4 – 10, 2022",1662249600,8,0.2876
dining table,1,True,"Sep 11 – 17, 2022",1662854400,24,0.8628
dresser,1,False,"Sep 11 – 17, 2022",1662854400,27,0.9706
wardrobe,1,False,"Sep 11 – 17, 2022",1662854400,11,0.3954
coffee table,1,False,"Sep 11 – 17, 2022",1662854400,22,0.7909
nightstand,1,False,"Sep 11 – 17, 2022",1662854400,7,0.2516
dining table,1,True,"Sep 18 – 24, 2022",1663459200,24,0.8628
dresser,1,False,"Sep 18 – 24, 2022",1663459200,26,0.9347
wardrobe,1,False,"Sep 18 – 24, 2022",1663459200,12,0.4314
coffee table,1,False,"Sep 18 – 24, 2022",1663459200,21,0.7549
nightstand,1,False,"Sep 18 – 24, 2022",1663459200,7,0.2516
dining table,1,True,"Sep 25 – Oct 1, 2022",1664064000,23,0.8268
dresser,1,False,"Sep 25 – Oct 1, 2022",1664064000,29,1.0425
wardrobe,1,False,"Sep 25 – Oct 1, 2022",1664064000,12,0.4314
coffee table,1,False,"Sep 25 – Oct 1, 2022",1664064000,21,0.7549
nightstand,1,False,"Sep 25 – Oct 1, 2022",1664064000,7,0.2516
dining table,1,True,"Oct 2 – 8, 2022",1664668800,23,0.8268
dresser,1,False,"Oct 2 – 8, 2022",1664668800,30,1.0785
wardrobe,1,False,"Oct 2 – 8, 2022",1664668800,11,0.3954
coffee table,1,False,"Oct 2 – 8, 2022",1664668800,21,0.7549
nightstand,1,False,"Oct 2 – 8, 2022",1664668800,7,0.2516
dining table,1,True,"Oct 9 – 15, 2022",1665273600,25,0.8987
dresser,1,False,"Oct 9 – 15, 2022",1665273600,29,1.0425
wardrobe,1,False,"Oct 9 – 15, 2022",1665273600,12,0.4314
coffee table,1,False,"Oct 9 – 15, 2022",1665273600,22,0.7909
nightstand,1,False,"Oct 9 – 15, 2022",1665273600,7,0.2516
dining table,1,True,"Oct 16 – 22, 2022",1665878400,24,0.8628
dresser,1,False,"Oct 16 – 22, 2022",1665878400,28,1.0066
wardrobe,1,False,"Oct 16 – 22, 2022",1665878400,11,0.3954
coffee table,1,False,"Oct 16 – 22, 2022",1665878400,21,0.7549
nightstand,1,False,"Oct 16 – 22, 2022",1665878400,7,0.2516
dining table,1,True,"Oct 23 – 29, 2022",1666483200,24,0.8628
dresser,1,False,"Oct 23 – 29, 2022",1666483200,26,0.9347
wardrobe,1,False,"Oct 23 – 29, 2022",1666483200,11,0.3954
coffee table,1,False,"Oct 23 – 29, 2022",1666483200,20,0.719
nightstand,1,False,"Oct 23 – 29, 2022",1666483200,6,0.2157
dining table,1,True,"Oct 30 – Nov 5, 2022",1667088000,25,0.8987
dresser,1,False,"Oct 30 – Nov 5, 2022",1667088000,26,0.9347
wardrobe,1,False,"Oct 30 – Nov 5, 2022",1667088000,11,0.3954
coffee table,1,False,"Oct 30 – Nov 5, 2022",1667088000,22,0.7909
nightstand,1,False,"Oct 30 – Nov 5, 2022",1667088000,7,0.2516
dining table,1,True,"Nov 6 – 12, 2022",1667692800,28,1.0066
dresser,1,False,"Nov 6 – 12, 2022",1667692800,26,0.9347
wardrobe,1,False,"Nov 6 – 12, 2022",1667692800,11,0.3954
coffee table,1,False,"Nov 6 – 12, 2022",1667692800,22,0.7909
nightstand,1,False,"Nov 6 – 12, 2022",1667692800,7,0.2516
dining table,1,True,"Nov 13 – 19, 2022",1668297600,27,0.9706
dresser,1,False,"Nov 13 – 19, 2022",1668297600,26,0.9347
wardrobe,1,False,"Nov 13 – 19, 2022",1668297600,14,0.5033
coffee table,1,False,"Nov 13 – 19, 2022",1668297600,23,0.8268
nightstand,1,False,"Nov 13 – 19, 2022",1668297600,7,0.2516
dining table,1,True,"Nov 20 – 26, 2022",1668902400,31,1.1144
dresser,1,False,"Nov 20 – 26, 2022",1668902400,28,1.0066
wardrobe,1,False,"Nov 20 – 26, 2022",1668902400,12,0.4314
coffee table,1,False,"Nov 20 – 26, 2022",1668902400,26,0.9347
nightstand,1,False,"Nov 20 – 26, 2022",1668902400,8,0.2876
dining table,1,True,"Nov 27 – Dec 3, 2022",1669507200,24,0.8628
dresser,1,False,"Nov 27 – Dec 3, 2022",1669507200,26,0.9347
wardrobe,1,False,"Nov 27 – Dec 3, 2022",1669507200,11,0.3954
coffee table,1,False,"Nov 27 – Dec 3, 2022",1669507200,24,0.8628
nightstand,1,False,"Nov 27 – Dec 3, 2022",1669507200,8,0.2876
dining table,1,True,"Dec 4 – 10, 2022",1670112000,21,0.7549
dresser,1,False,"Dec 4 – 10, 2022",1670112000,23,0.8268
wardrobe,1,False,"Dec 4 – 10, 2022",1670112000,11,0.3954
coffee table,1,False,"Dec 4 – 10, 2022",1670112000,21,0.7549
nightstand,1,False,"Dec 4 – 10, 2022",1670112000,7,0.2516
dining table,1,True,"Dec 11 – 17, 2022",1670716800,22,0.7909
dresser,1,False,"Dec 11 – 17, 2022",1670716800,24,0.8628
wardrobe,1,False,"Dec 11 – 17, 2022",1670716800,11,0.3954
coffee table,1,False,"Dec 11 – 17, 2022",1670716800,21,0.7549
nightstand,1,False,"Dec 11 – 17, 2022",1670716800,7,0.2516
dining table,1,True,"Dec 18 – 24, 2022",1671321600,20,0.719
dresser,1,False,"Dec 18 – 24, 2022",1671321600,23,0.8268
wardrobe,1,False,"Dec 18 – 24, 2022",1671321600,11,0.3954
coffee table,1,False,"Dec 18 – 24, 2022",1671321600,19,0.683
nightstand,1,False,"Dec 18 – 24, 2022",1671321600,6,0.2157
dining table,1,True,"Dec 25 – 31, 2022",1671926400,27,0.9706
dresser,1,False,"Dec 25 – 31, 2022",1671926400,31,1.1144
wardrobe,1,False,"Dec 25 – 31, 2022",1671926400,13,0.4673
coffee table,1,False,"Dec 25 – 31, 2022",1671926400,23,0.8268
nightstand,1,False,"Dec 25 – 31, 2022",1671926400,9,0.3235
dining table,1,True,"Jan 1 – 7, 2023",1672531200,26,0.9347
dresser,1,False,"Jan 1 – 7, 2023",1672531200,32,1.1504
wardrobe,1,False,"Jan 1 – 7, 2023",1672531200,13,0.4673
coffee table,1,False,"Jan 1 – 7, 2023",1672531200,22,0.7909
nightstand,1,False,"Jan 1 – 7, 2023",1672531200,9,0.3235
dining table,1,True,"Jan 8 – 14, 2023",1673136000,25,0.8987
dresser,1,False,"Jan 8 – 14, 2023",1673136000,31,1.1144
wardrobe,1,False,"Jan 8 – 14, 2023",1673136000,12,0.4314
coffee table,1,False,"Jan 8 – 14, 2023",1673136000,24,0.8628
nightstand,1,False,"Jan 8 – 14, 2023",1673136000,8,0.2876
dining table,1,True,"Jan 15 – 21, 2023",1673740800,26,0.9347
dresser,1,False,"Jan 15 – 21, 2023",1673740800,32,1.1504
wardrobe,1,False,"Jan 15 – 21, 2023",1673740800,13,0.4673
coffee table,1,False,"Jan 15 – 21, 2023",1673740800,25,0.8987
nightstand,1,False,"Jan 15 – 21, 2023",1673740800,9,0.3235
dining table,1,True,"Jan 22 – 28, 2023",1674345600,25,0.8987
dresser,1,False,"Jan 22 – 28, 2023",1674345600,30,1.0785
wardrobe,1,False,"Jan 22 – 28, 2023",1674345600,11,0.3954
coffee table,1,False,"Jan 22 – 28, 2023",1674345600,22,0.7909
nightstand,1,False,"Jan 22 – 28, 2023",1674345600,8,0.2876
dining table,1,True,"Jan 29 – Feb 4, 2023",1674950400,24,0.8628
dresser,1,False,"Jan 29 – Feb 4, 2023",1674950400,28,1.0066
wardrobe,1,False,"Jan 29 – Feb 4, 2023",1674950400,12,0.4314
coffee table,1,False,"Jan 29 – Feb 4, 2023",1674950400,22,0.7909
nightstand,1,False,"Jan 29 – Feb 4, 2023",1674950400,8,0.2876
dining table,1,True,"Feb 5 – 11, 2023",1675555200,24,0.8628
dresser,1,False,"Feb 5 – 11, 2023",1675555200,28,1.0066
wardrobe,1,False,"Feb 5 – 11, 2023",1675555200,11,0.3954
coffee table,1,False,"Feb 5 – 11, 2023",1675555200,22,0.7909
nightstand,1,False,"Feb 5 – 11, 2023",1675555200,7,0.2516
dining table,1,True,"Feb 12 – 18, 2023",1676160000,22,0.7909
dresser,1,False,"Feb 12 – 18, 2023",1676160000,26,0.9347
wardrobe,1,False,"Feb 12 – 18, 2023",1676160000,13,0.4673
coffee table,1,False,"Feb 12 – 18, 2023",1676160000,21,0.7549
nightstand,1,False,"Feb 12 – 18, 2023",1676160000,8,0.2876
dining table,1,True,"Feb 19 – 25, 2023",1676764800,27,0.9706
dresser,1,False,"Feb 19 – 25, 2023",1676764800,30,1.0785
wardrobe,1,False,"Feb 19 – 25, 2023",1676764800,12,0.4314
coffee table,1,False,"Feb 19 – 25, 2023",1676764800,24,0.8628
nightstand,1,False,"Feb 19 – 25, 2023",1676764800,8,0.2876
dining table,1,True,"Feb 26 – Mar 4, 2023",1677369600,24,0.8628
dresser,1,False,"Feb 26 – Mar 4, 2023",1677369600,29,1.0425
wardrobe,1,False,"Feb 26 – Mar 4, 2023",1677369600,14,0.5033
coffee table,1,False,"Feb 26 – Mar 4, 2023",1677369600,22,0.7909
nightstand,1,False,"Feb 26 – Mar 4, 2023",1677369600,7,0.2516
dining table,1,True,"Mar 5 – 11, 2023",1677974400,24,0.8628
dresser,1,False,"Mar 5 – 11, 2023",1677974400,29,1.0425
wardrobe,1,False,"Mar 5 – 11, 2023",1677974400,13,0.4673
coffee table,1,False,"Mar 5 – 11, 2023",1677974400,21,0.7549
nightstand,1,False,"Mar 5 – 11, 2023",1677974400,7,0.2516
dining table,1,True,"Mar 12 – 18, 2023",1678579200,25,0.8987
dresser,1,False,"Mar 12 – 18, 2023",1678579200,28,1.0066
wardrobe,1,False,"Mar 12 – 18, 2023",1678579200,12,0.4314
coffee table,1,False,"Mar 12 – 18, 2023",1678579200,20,0.719
nightstand,1,False,"Mar 12 – 18, 2023",1678579200,8,0.2876
dining table,1,True,"Mar 19 – 25, 2023",1679184000,25,0.8987
dresser,1,False,"Mar 19 – 25, 2023",1679184000,27,0.9706
wardrobe,1,False,"Mar 19 – 25, 2023",1679184000,12,0.4314
coffee table,1,False,"Mar 19 – 25, 2023",1679184000,21,0.7549
nightstand,1,False,"Mar 19 – 25, 2023",1679184000,8,0.2876
dining table,1,True,"Mar 26 – Apr 1, 2023",1679788800,25,0.8987
dresser,1,False,"Mar 26 – Apr 1, 2023",1679788800,27,0.9706
wardrobe,1,False,"Mar 26 – Apr 1, 2023",1679788800,11,0.3954
coffee table,1,False,"Mar 26 – Apr 1, 2023",1679788800,20,0.719
nightstand,1,False,"Mar 26 – Apr 1, 2023",1679788800,7,0.2516
dining table,1,True,"Apr 2 – 8, 2023",1680393600,23,0.8268
dresser,1,False,"Apr 2 – 8, 2023",1680393600,25,0.8987
wardrobe,1,False,"Apr 2 – 8, 2023",1680393600,12,0.4314
coffee table,1,False,"Apr 2 – 8, 2023",1680393600,21,0.7549
nightstand,1,False,"Apr 2 – 8, 2023",1680393600,7,0.2516
dining table,1,True,"Apr 9 – 15, 2023",1680998400,24,0.8628
dresser,1,False,"Apr 9 – 15, 2023",1680998400,25,0.8987
wardrobe,1,False,"Apr 9 – 15, 2023",1680998400,10,0.3595
coffee table,1,False,"Apr 9 – 15, 2023",1680998400,19,0.683
nightstand,1,False,"Apr 9 – 15, 2023",1680998400,7,0.2516
dining table,1,True,"Apr 16 – 22, 2023",1681603200,24,0.8628
dresser,1,False,"Apr 16 – 22, 2023",1681603200,27,0.9706
wardrobe,1,False,"Apr 16 – 22, 2023",1681603200,11,0.3954
coffee table,1,False,"Apr 16 – 22, 2023",1681603200,20,0.719
nightstand,1,False,"Apr 16 – 22, 2023",1681603200,7,0.2516
dining table,1,True,"Apr 23 – 29, 2023",1682208000,25,0.8987
dresser,1,False,"Apr 23 – 29, 2023",1682208000,27,0.9706
wardrobe,1,False,"Apr 23 – 29, 2023",1682208000,11,0.3954
coffee table,1,False,"Apr 23 – 29, 2023",1682208000,20,0.719
nightstand,1,False,"Apr 23 – 29, 2023",1682208000,7,0.2516
dining table,1,True,"Apr 30 – May 6, 2023",1682812800,23,0.8268
dresser,1,False,"Apr 30 – May 6, 2023",1682812800,27,0.9706
wardrobe,1,False,"Apr 30 – May 6, 2023",1682812800,11,0.3954
coffee table,1,False,"Apr 30 – May 6, 2023",1682812800,19,0.683
nightstand,1,False,"Apr 30 – May 6, 2023",1682812800,7,0.2516
dining table,1,True,"May 7 – 13, 2023",1683417600,23,0.8268
dresser,1,False,"May 7 – 13, 2023",1683417600,27,0.9706
wardrobe,1,False,"May 7 – 13, 2023",1683417600,10,0.3595
coffee table,1,False,"May 7 – 13, 2023",1683417600,19,0.683
nightstand,1,False,"May 7 – 13, 2023",1683417600,6,0.2157
dining table,1,True,"May 14 – 20, 2023",1684022400,23,0.8268
dresser,1,False,"May 14 – 20, 2023",1684022400,27,0.9706
wardrobe,1,False,"May 14 – 20, 2023",1684022400,11,0.3954
coffee table,1,False,"May 14 – 20, 2023",1684022400,19,0.683
nightstand,1,False,"May 14 – 20, 2023",1684022400,6,0.2157
dining table,1,True,"May 21 – 27, 2023",1684627200,25,0.8987
dresser,1,False,"May 21 – 27, 2023",1684627200,28,1.0066
wardrobe,1,False,"May 21 – 27, 2023",1684627200,14,0.5033
coffee table,1,False,"May 21 – 27, 2023",1684627200,21,0.7549
nightstand,1,False,"May 21 – 27, 2023",1684627200,7,0.2516
dining table,1,True,"May 28 – Jun 3, 2023",1685232000,26,0.9347
dresser,1,False,"May 28 – Jun 3, 2023",1685232000,28,1.0066
wardrobe,1,False,"May 28 – Jun 3, 2023",1685232000,12,0.4314
coffee table,1,False,"May 28 – Jun 3, 2023",1685232000,21,0.7549
nightstand,1,False,"May 28 – Jun 3, 2023",1685232000,7,0.2516
dining table,1,True,"Jun 4 – 10, 2023",1685836800,24,0.8628
dresser,1,False,"Jun 4 – 10, 2023",1685836800,28,1.0066
wardrobe,1,False,"Jun 4 – 10, 2023",1685836800,11,0.3954
coffee table,1,False,"Jun 4 – 10, 2023",1685836800,19,0.683
nightstand,1,False,"Jun 4 – 10, 2023",1685836800,7,0.2516
dining table,1,True,"Jun 11 – 17, 2023",1686441600,24,0.8628
dresser,1,False,"Jun 11 – 17, 2023",1686441600,28,1.0066
wardrobe,1,False,"Jun 11 – 17, 2023",1686441600,10,0.3595
coffee table,1,False,"Jun 11 – 17, 2023",1686441600,21,0.7549
nightstand,1,False,"Jun 11 – 17, 2023",1686441600,7,0.2516
dining table,1,True,"Jun 18 – 24, 2023",1687046400,26,0.9347
dresser,1,False,"Jun 18 – 24, 2023",1687046400,29,1.0425
wardrobe,1,False,"Jun 18 – 24, 2023",1687046400,11,0.3954
coffee table,1,False,"Jun 18 – 24, 2023",1687046400,20,0.719
nightstand,1,False,"Jun 18 – 24, 2023",1687046400,8,0.2876
dining table,1,True,"Jun 25 – Jul 1, 2023",1687651200,26,0.9347
dresser,1,False,"Jun 25 – Jul 1, 2023",1687651200,31,1.1144
wardrobe,1,False,"Jun 25 – Jul 1, 2023",1687651200,11,0.3954
coffee table,1,False,"Jun 25 – Jul 1, 2023",1687651200,22,0.7909
nightstand,1,False,"Jun 25 – Jul 1, 2023",1687651200,8,0.2876
dining table,1,True,"Jul 2 – 8, 2023",1688256000,28,1.0066
dresser,1,False,"Jul 2 – 8, 2023",1688256000,32,1.1504
wardrobe,1,False,"Jul 2 – 8, 2023",1688256000,11,0.3954
coffee table,1,False,"Jul 2 – 8, 2023",1688256000,21,0.7549
nightstand,1,False,"Jul 2 – 8, 2023",1688256000,9,0.3235
dining table,1,True,"Jul 9 – 15, 2023",1688860800,24,0.8628
dresser,1,False,"Jul 9 – 15, 2023",1688860800,32,1.1504
wardrobe,1,False,"Jul 9 – 15, 2023",1688860800,11,0.3954
coffee table,1,False,"Jul 9 – 15, 2023",1688860800,21,0.7549
nightstand,1,False,"Jul 9 – 15, 2023",1688860800,8,0.2876
dining table,1,True,"Jul 16 – 22, 2023",1689465600,24,0.8628
dresser,1,False,"Jul 16 – 22, 2023",1689465600,31,1.1144
wardrobe,1,False,"Jul 16 – 22, 2023",1689465600,10,0.3595
coffee table,1,False,"Jul 16 – 22, 2023",1689465600,21,0.7549
nightstand,1,False,"Jul 16 – 22, 2023",1689465600,9,0.3235
dining table,1,True,"Jul 23 – 29, 2023",1690070400,24,0.8628
dresser,1,False,"Jul 23 – 29, 2023",1690070400,32,1.1504
wardrobe,1,False,"Jul 23 – 29, 2023",1690070400,10,0.3595
coffee table,1,False,"Jul 23 – 29, 2023",1690070400,21,0.7549
nightstand,1,False,"Jul 23 – 29, 2023",1690070400,8,0.2876
dining table,1,True,"Jul 30 – Aug 5, 2023",1690675200,24,0.8628
dresser,1,False,"Jul 30 – Aug 5, 2023",1690675200,31,1.1144
wardrobe,1,False,"Jul 30 – Aug 5, 2023",1690675200,10,0.3595
coffee table,1,False,"Jul 30 – Aug 5, 2023",1690675200,20,0.719
nightstand,1,False,"Jul 30 – Aug 5, 2023",1690675200,8,0.2876
dining table,1,True,"Aug 6 – 12, 2023",1691280000,24,0.8628
dresser,1,False,"Aug 6 – 12, 2023",1691280000,32,1.1504
wardrobe,1,False,"Aug 6 – 12, 2023",1691280000,11,0.3954
coffee table,1,False,"Aug 6 – 12, 2023",1691280000,19,0.683
nightstand,1,False,"Aug 6 – 12, 2023",1691280000,8,0.2876
dining table,1,True,"Aug 13 – 19, 2023",1691884800,24,0.8628
dresser,1,False,"Aug 13 – 19, 2023",1691884800,31,1.1144
wardrobe,1,False,"Aug 13 – 19, 2023",1691884800,11,0.3954
coffee table,1,False,"Aug 13 – 19, 2023",1691884800,20,0.719
nightstand,1,False,"Aug 13 – 19, 2023",1691884800,8,0.2876
dining table,1,True,"Aug 20 – 26, 2023",1692489600,24,0.8628
dresser,1,False,"Aug 20 – 26, 2023",1692489600,31,1.1144
wardrobe,1,False,"Aug 20 – 26, 2023",1692489600,11,0.3954
coffee table,1,False,"Aug 20 – 26, 2023",1692489600,21,0.7549
nightstand,1,False,"Aug 20 – 26, 2023",1692489600,8,0.2876
dining table,1,True,"Aug 27 – Sep 2, 2023",1693094400,24,0.8628
dresser,1,False,"Aug 27 – Sep 2, 2023",1693094400,28,1.0066
wardrobe,1,False,"Aug 27 – Sep 2, 2023",1693094400,11,0.3954
coffee table,1,False,"Aug 27 – Sep 2, 2023",1693094400,20,0.719
nightstand,1,False,"Aug 27 – Sep 2, 2023",1693094400,8,0.2876
dining table,1,True,"Sep 3 – 9, 2023",1693699200,28,1.0066
dresser,1,False,"Sep 3 – 9, 2023",1693699200,29,1.0425
wardrobe,1,False,"Sep 3 – 9, 2023",1693699200,11,0.3954
coffee table,1,False,"Sep 3 – 9, 2023",1693699200,21,0.7549
nightstand,1,False,"Sep 3 – 9, 2023",1693699200,8,0.2876
dining table,1,True,"Sep 10 – 16, 2023",1694304000,22,0.7909
dresser,1,False,"Sep 10 – 16, 2023",1694304000,26,0.9347
wardrobe,1,False,"Sep 10 – 16, 2023",1694304000,10,0.3595
coffee table,1,False,"Sep 10 – 16, 2023",1694304000,20,0.719
nightstand,1,False,"Sep 10 – 16, 2023",1694304000,8,0.2876
dining table,1,True,"Sep 17 – 23, 2023",1694908800,23,0.8268
dresser,1,False,"Sep 17 – 23, 2023",1694908800,27,0.9706
wardrobe,1,False,"Sep 17 – 23, 2023",1694908800,10,0.3595
coffee table,1,False,"Sep 17 – 23, 2023",1694908800,20,0.719
nightstand,1,False,"Sep 17 – 23, 2023",1694908800,8,0.2876
dining table,1,True,"Sep 24 – 30, 2023",1695513600,24,0.8628
dresser,1,False,"Sep 24 – 30, 2023",1695513600,26,0.9347
wardrobe,1,False,"Sep 24 – 30, 2023",1695513600,11,0.3954
coffee table,1,False,"Sep 24 – 30, 2023",1695513600,20,0.719
nightstand,1,False,"Sep 24 – 30, 2023",1695513600,8,0.2876
dining table,1,True,"Oct 1 – 7, 2023",1696118400,22,0.7909
dresser,1,False,"Oct 1 – 7, 2023",1696118400,28,1.0066
wardrobe,1,False,"Oct 1 – 7, 2023",1696118400,11,0.3954
coffee table,1,False,"Oct 1 – 7, 2023",1696118400,18,0.6471
nightstand,1,False,"Oct 1 – 7, 2023",1696118400,8,0.2876
dining table,1,True,"Oct 8 – 14, 2023",1696723200,23,0.8268
dresser,1,False,"Oct 8 – 14, 2023",1696723200,26,0.9347
wardrobe,1,False,"Oct 8 – 14, 2023",1696723200,11,0.3954
coffee table,1,False,"Oct 8 – 14, 2023",1696723200,20,0.719
nightstand,1,False,"Oct 8 – 14, 2023",1696723200,8,0.2876
dining table,1,True,"Oct 15 – 21, 2023",1697328000,24,0.8628
dresser,1,False,"Oct 15 – 21, 2023",1697328000,26,0.9347
wardrobe,1,False,"Oct 15 – 21, 2023",1697328000,11,0.3954
coffee table,1,False,"Oct 15 – 21, 2023",1697328000,20,0.719
nightstand,1,False,"Oct 15 – 21, 2023",1697328000,7,0.2516
dining table,1,True,"Oct 22 – 28, 2023",1697932800,23,0.8268
dresser,1,False,"Oct 22 – 28, 2023",1697932800,25,0.8987
wardrobe,1,False,"Oct 22 – 28, 2023",1697932800,10,0.3595
coffee table,1,False,"Oct 22 – 28, 2023",1697932800,20,0.719
nightstand,1,False,"Oct 22 – 28, 2023",1697932800,7,0.2516
dining table,1,True,"Oct 29 – Nov 4, 2023",1698537600,23,0.8268
dresser,1,False,"Oct 29 – Nov 4, 2023",1698537600,25,0.8987
wardrobe,1,False,"Oct 29 – Nov 4, 2023",1698537600,10,0.3595
coffee table,1,False,"Oct 29 – Nov 4, 2023",1698537600,19,0.683
nightstand,1,False,"Oct 29 – Nov 4, 2023",1698537600,7,0.2516
dining table,1,True,"Nov 5 – 11, 2023",1699142400,26,0.9347
dresser,1,False,"Nov 5 – 11, 2023",1699142400,28,1.0066
wardrobe,1,False,"Nov 5 – 11, 2023",1699142400,11,0.3954
coffee table,1,False,"Nov 5 – 11, 2023",1699142400,23,0.8268
nightstand,1,False,"Nov 5 – 11, 2023",1699142400,8,0.2876
dining table,1,True,"Nov 12 – 18, 2023",1699747200,27,0.9706
dresser,1,False,"Nov 12 – 18, 2023",1699747200,28,1.0066
wardrobe,1,False,"Nov 12 – 18, 2023",1699747200,11,0.3954
coffee table,1,False,"Nov 12 – 18, 2023",1699747200,23,0.8268
nightstand,1,False,"Nov 12 – 18, 2023",1699747200,8,0.2876
dining table,1,True,"Nov 19 – 25, 2023",1700352000,33,1.1863
dresser,1,False,"Nov 19 – 25, 2023",1700352000,30,1.0785
wardrobe,1,False,"Nov 19 – 25, 2023",1700352000,12,0.4314
coffee table,1,False,"Nov 19 – 25, 2023",1700352000,27,0.9706
nightstand,1,False,"Nov 19 – 25, 2023",1700352000,9,0.3235
dining table,1,True,"Nov 26 – Dec 2, 2023",1700956800,25,0.8987
dresser,1,False,"Nov 26 – Dec 2, 2023",1700956800,29,1.0425
wardrobe,1,False,"Nov 26 – Dec 2, 2023",1700956800,12,0.4314
coffee table,1,False,"Nov 26 – Dec 2, 2023",1700956800,24,0.8628
nightstand,1,False,"Nov 26 – Dec 2, 2023",1700956800,8,0.2876
dining table,1,True,"Dec 3 – 9, 2023",1701561600,22,0.7909
dresser,1,False,"Dec 3 – 9, 2023",1701561600,26,0.9347
wardrobe,1,False,"Dec 3 – 9, 2023",1701561600,11,0.3954
coffee table,1,False,"Dec 3 – 9, 2023",1701561600,22,0.7909
nightstand,1,False,"Dec 3 – 9, 2023",1701561600,7,0.2516
dining table,1,True,"Dec 10 – 16, 2023",1702166400,21,0.7549
dresser,1,False,"Dec 10 – 16, 2023",1702166400,26,0.9347
wardrobe,1,False,"Dec 10 – 16, 2023",1702166400,12,0.4314
coffee table,1,False,"Dec 10 – 16, 2023",1702166400,21,0.7549
nightstand,1,False,"Dec 10 – 16, 2023",1702166400,7,0.2516
dining table,1,True,"Dec 17 – 23, 2023",1702771200,20,0.719
dresser,1,False,"Dec 17 – 23, 2023",1702771200,25,0.8987
wardrobe,1,False,"Dec 17 – 23, 2023",1702771200,11,0.3954
coffee table,1,False,"Dec 17 – 23, 2023",1702771200,20,0.719
nightstand,1,False,"Dec 17 – 23, 2023",1702771200,8,0.2876
dining table,1,True,"Dec 24 – 30, 2023",1703376000,25,0.8987
dresser,1,False,"Dec 24 – 30, 2023",1703376000,33,1.1863
wardrobe,1,False,"Dec 24 – 30, 2023",1703376000,13,0.4673
coffee table,1,False,"Dec 24 – 30, 2023",1703376000,24,0.8628
nightstand,1,False,"Dec 24 – 30, 2023",1703376000,9,0.3235
dining table,1,True,"Dec 31, 2023 – Jan 6, 2024",1703980800,27,0.9706
dresser,1,False,"Dec 31, 2023 – Jan 6, 2024",1703980800,35,1.2582
wardrobe,1,False,"Dec 31, 2023 – Jan 6, 2024",1703980800,13,0.4673
coffee table,1,False,"Dec 31, 2023 – Jan 6, 2024",1703980800,24,0.8628
nightstand,1,False,"Dec 31, 2023 – Jan 6, 2024",1703980800,10,0.3595
dining table,1,True,"Jan 7 – 13, 2024",1704585600,24,0.8628
dresser,1,False,"Jan 7 – 13, 2024",1704585600,32,1.1504
wardrobe,1,False,"Jan 7 – 13, 2024",1704585600,12,0.4314
coffee table,1,False,"Jan 7 – 13, 2024",1704585600,23,0.8268
nightstand,1,False,"Jan 7 – 13, 2024",1704585600,9,0.3235
dining table,1,True,"Jan 14 – 20, 2024",1705190400,24,0.8628
dresser,1,False,"Jan 14 – 20, 2024",1705190400,31,1.1144
wardrobe,1,False,"Jan 14 – 20, 2024",1705190400,11,0.3954
coffee table,1,False,"Jan 14 – 20, 2024",1705190400,23,0.8268
nightstand,1,False,"Jan 14 – 20, 2024",1705190400,9,0.3235
dining table,1,True,"Jan 21 – 27, 2024",1705795200,25,0.8987
dresser,1,False,"Jan 21 – 27, 2024",1705795200,31,1.1144
wardrobe,1,False,"Jan 21 – 27, 2024",1705795200,12,0.4314
coffee table,1,False,"Jan 21 – 27, 2024",1705795200,21,0.7549
nightstand,1,False,"Jan 21 – 27, 2024",1705795200,8,0.2876
dining table,1,True,"Jan 28 – Feb 3, 2024",1706400000,23,0.8268
dresser,1,False,"Jan 28 – Feb 3, 2024",1706400000,29,1.0425
wardrobe,1,False,"Jan 28 – Feb 3, 2024",1706400000,11,0.3954
coffee table,1,False,"Jan 28 – Feb 3, 2024",1706400000,21,0.7549
nightstand,1,False,"Jan 28 – Feb 3, 2024",1706400000,8,0.2876
dining table,1,True,"Feb 4 – 10, 2024",1707004800,22,0.7909
dresser,1,False,"Feb 4 – 10, 2024",1707004800,29,1.0425
wardrobe,1,False,"Feb 4 – 10, 2024",1707004800,11,0.3954
coffee table,1,False,"Feb 4 – 10, 2024",1707004800,20,0.719
nightstand,1,False,"Feb 4 – 10, 2024",1707004800,8,0.2876
dining table,1,True,"Feb 11 – 17, 2024",1707609600,23,0.8268
dresser,1,False,"Feb 11 – 17, 2024",1707609600,27,0.9706
wardrobe,1,False,"Feb 11 – 17, 2024",1707609600,11,0.3954
coffee table,1,False,"Feb 11 – 17, 2024",1707609600,19,0.683
nightstand,1,False,"Feb 11 – 17, 2024",1707609600,8,0.2876
dining table,1,True,"Feb 18 – 24, 2024",1708214400,25,0.8987
dresser,1,False,"Feb 18 – 24, 2024",1708214400,33,1.1863
wardrobe,1,False,"Feb 18 – 24, 2024",1708214400,12,0.4314
coffee table,1,False,"Feb 18 – 24, 2024",1708214400,22,0.7909
nightstand,1,False,"Feb 18 – 24, 2024",1708214400,9,0.3235
dining table,1,True,"Feb 25 – Mar 2, 2024",1708819200,24,0.8628
dresser,1,False,"Feb 25 – Mar 2, 2024",1708819200,31,1.1144
wardrobe,1,False,"Feb 25 – Mar 2, 2024",1708819200,11,0.3954
coffee table,1,False,"Feb 25 – Mar 2, 2024",1708819200,20,0.719
nightstand,1,False,"Feb 25 – Mar 2, 2024",1708819200,8,0.2876
dining table,1,True,"Mar 3 – 9, 2024",1709424000,24,0.8628
dresser,1,False,"Mar 3 – 9, 2024",1709424000,32,1.1504
wardrobe,1,False,"Mar 3 – 9, 2024",1709424000,14,0.5033
coffee table,1,False,"Mar 3 – 9, 2024",1709424000,20,0.719
nightstand,1,False,"Mar 3 – 9, 2024",1709424000,8,0.2876
dining table,1,True,"Mar 10 – 16, 2024",1710028800,23,0.8268
dresser,1,False,"Mar 10 – 16, 2024",1710028800,30,1.0785
wardrobe,1,False,"Mar 10 – 16, 2024",1710028800,10,0.3595
coffee table,1,False,"Mar 10 – 16, 2024",1710028800,20,0.719
nightstand,1,False,"Mar 10 – 16, 2024",1710028800,8,0.2876
dining table,1,True,"Mar 17 – 23, 2024",1710633600,23,0.8268
dresser,1,False,"Mar 17 – 23, 2024",1710633600,29,1.0425
wardrobe,1,False,"Mar 17 – 23, 2024",1710633600,11,0.3954
coffee table,1,False,"Mar 17 – 23, 2024",1710633600,21,0.7549
nightstand,1,False,"Mar 17 – 23, 2024",1710633600,8,0.2876
dining table,1,True,"Mar 24 – 30, 2024",1711238400,24,0.8628
dresser,1,False,"Mar 24 – 30, 2024",1711238400,30,1.0785
wardrobe,1,False,"Mar 24 – 30, 2024",1711238400,11,0.3954
coffee table,1,False,"Mar 24 – 30, 2024",1711238400,20,0.719
nightstand,1,False,"Mar 24 – 30, 2024",1711238400,8,0.2876
dining table,1,True,"Mar 31 – Apr 6, 2024",1711843200,22,0.7909
dresser,1,False,"Mar 31 – Apr 6, 2024",1711843200,28,1.0066
wardrobe,1,False,"Mar 31 – Apr 6, 2024",1711843200,9,0.3235
coffee table,1,False,"Mar 31 – Apr 6, 2024",1711843200,19,0.683
nightstand,1,False,"Mar 31 – Apr 6, 2024",1711843200,8,0.2876
dining table,1,True,"Apr 7 – 13, 2024",1712448000,23,0.8268
dresser,1,False,"Apr 7 – 13, 2024",1712448000,28,1.0066
wardrobe,1,False,"Apr 7 – 13, 2024",1712448000,13,0.4673
coffee table,1,False,"Apr 7 – 13, 2024",1712448000,19,0.683
nightstand,1,False,"Apr 7 – 13, 2024",1712448000,8,0.2876
dining table,1,True,"Apr 14 – 20, 2024",1713052800,22,0.7909
dresser,1,False,"Apr 14 – 20, 2024",1713052800,29,1.0425
wardrobe,1,False,"Apr 14 – 20, 2024",1713052800,13,0.4673
coffee table,1,False,"Apr 14 – 20, 2024",1713052800,20,0.719
nightstand,1,False,"Apr 14 – 20, 2024",1713052800,7,0.2516
dining table,1,True,"Apr 21 – 27, 2024",1713657600,24,0.8628
dresser,1,False,"Apr 21 – 27, 2024",1713657600,29,1.0425
wardrobe,1,False,"Apr 21 – 27, 2024",1713657600,11,0.3954
coffee table,1,False,"Apr 21 – 27, 2024",1713657600,22,0.7909
nightstand,1,False,"Apr 21 – 27, 2024",1713657600,8,0.2876
dining table,1,True,"Apr 28 – May 4, 2024",1714262400,23,0.8268
dresser,1,False,"Apr 28 – May 4, 2024",1714262400,28,1.0066
wardrobe,1,False,"Apr 28 – May 4, 2024",1714262400,10,0.3595
coffee table,1,False,"Apr 28 – May 4, 2024",1714262400,20,0.719
nightstand,1,False,"Apr 28 – May 4, 2024",1714262400,7,0.2516
dining table,1,True,"May 5 – 11, 2024",1714867200,23,0.8268
dresser,1,False,"May 5 – 11, 2024",1714867200,28,1.0066
wardrobe,1,False,"May 5 – 11, 2024",1714867200,11,0.3954
coffee table,1,False,"May 5 – 11, 2024",1714867200,21,0.7549
nightstand,1,False,"May 5 – 11, 2024",1714867200,8,0.2876
dining table,1,True,"May 12 – 18, 2024",1715472000,23,0.8268
dresser,1,False,"May 12 – 18, 2024",1715472000,28,1.0066
wardrobe,1,False,"May 12 – 18, 2024",1715472000,11,0.3954
coffee table,1,False,"May 12 – 18, 2024",1715472000,22,0.7909
nightstand,1,False,"May 12 – 18, 2024",1715472000,8,0.2876
dining table,1,True,"May 19 – 25, 2024",1716076800,24,0.8628
dresser,1,False,"May 19 – 25, 2024",1716076800,28,1.0066
wardrobe,1,False,"May 19 – 25, 2024",1716076800,12,0.4314
coffee table,1,False,"May 19 – 25, 2024",1716076800,22,0.7909
nightstand,1,False,"May 19 – 25, 2024",1716076800,8,0.2876
dining table,1,True,"May 26 – Jun 1, 2024",1716681600,25,0.8987
dresser,1,False,"May 26 – Jun 1, 2024",1716681600,32,1.1504
wardrobe,1,False,"May 26 – Jun 1, 2024",1716681600,10,0.3595
coffee table,1,False,"May 26 – Jun 1, 2024",1716681600,24,0.8628
nightstand,1,False,"May 26 – Jun 1, 2024",1716681600,9,0.3235
dining table,1,True,"Jun 2 – 8, 2024",1717286400,23,0.8268
dresser,1,False,"Jun 2 – 8, 2024",1717286400,31,1.1144
wardrobe,1,False,"Jun 2 – 8, 2024",1717286400,10,0.3595
coffee table,1,False,"Jun 2 – 8, 2024",1717286400,20,0.719
nightstand,1,False,"Jun 2 – 8, 2024",1717286400,8,0.2876
dining table,1,True,"Jun 9 – 15, 2024",1717891200,23,0.8268
dresser,1,False,"Jun 9 – 15, 2024",1717891200,29,1.0425
wardrobe,1,False,"Jun 9 – 15, 2024",1717891200,9,0.3235
coffee table,1,False,"Jun 9 – 15, 2024",1717891200,20,0.719
nightstand,1,False,"Jun 9 – 15, 2024",1717891200,8,0.2876
dining table,1,True,"Jun 16 – 22, 2024",1718496000,24,0.8628
dresser,1,False,"Jun 16 – 22, 2024",1718496000,30,1.0785
wardrobe,1,False,"Jun 16 – 22, 2024",1718496000,10,0.3595
coffee table,1,False,"Jun 16 – 22, 2024",1718496000,22,0.7909
nightstand,1,False,"Jun 16 – 22, 2024",1718496000,8,0.2876
dining table,1,True,"Jun 23 – 29, 2024",1719100800,24,0.8628
dresser,1,False,"Jun 23 – 29, 2024",1719100800,31,1.1144
wardrobe,1,False,"Jun 23 – 29, 2024",1719100800,10,0.3595
coffee table,1,False,"Jun 23 – 29, 2024",1719100800,21,0.7549
nightstand,1,False,"Jun 23 – 29, 2024",1719100800,9,0.3235
dining table,1,True,"Jun 30 – Jul 6, 2024",1719705600,27,0.9706
dresser,1,False,"Jun 30 – Jul 6, 2024",1719705600,33,1.1863
wardrobe,1,False,"Jun 30 – Jul 6, 2024",1719705600,10,0.3595
coffee table,1,False,"Jun 30 – Jul 6, 2024",1719705600,23,0.8268
nightstand,1,False,"Jun 30 – Jul 6, 2024",1719705600,10,0.3595
dining table,1,True,"Jul 7 – 13, 2024",1720310400,25,0.8987
dresser,1,False,"Jul 7 – 13, 2024",1720310400,33,1.1863
wardrobe,1,False,"Jul 7 – 13, 2024",1720310400,10,0.3595
coffee table,1,False,"Jul 7 – 13, 2024",1720310400,22,0.7909
nightstand,1,False,"Jul 7 – 13, 2024",1720310400,10,0.3595
dining table,1,True,"Jul 14 – 20, 2024",1720915200,23,0.8268
dresser,1,False,"Jul 14 – 20, 2024",1720915200,32,1.1504
wardrobe,1,False,"Jul 14 – 20, 2024",1720915200,16,0.5752
coffee table,1,False,"Jul 14 – 20, 2024",1720915200,21,0.7549
nightstand,1,False,"Jul 14 – 20, 2024",1720915200,9,0.3235
dining table,1,True,"Jul 21 – 27, 2024",1721520000,24,0.8628
dresser,1,False,"Jul 21 – 27, 2024",1721520000,35,1.2582
wardrobe,1,False,"Jul 21 – 27, 2024",1721520000,11,0.3954
coffee table,1,False,"Jul 21 – 27, 2024",1721520000,22,0.7909
nightstand,1,False,"Jul 21 – 27, 2024",1721520000,9,0.3235
dining table,1,True,"Jul 28 – Aug 3, 2024",1722124800,25,0.8987
dresser,1,False,"Jul 28 – Aug 3, 2024",1722124800,32,1.1504
wardrobe,1,False,"Jul 28 – Aug 3, 2024",1722124800,11,0.3954
coffee table,1,False,"Jul 28 – Aug 3, 2024",1722124800,22,0.7909
nightstand,1,False,"Jul 28 – Aug 3, 2024",1722124800,9,0.3235
dining table,1,True,"Aug 4 – 10, 2024",1722729600,25,0.8987
dresser,1,False,"Aug 4 – 10, 2024",1722729600,35,1.2582
wardrobe,1,False,"Aug 4 – 10, 2024",1722729600,11,0.3954
coffee table,1,False,"Aug 4 – 10, 2024",1722729600,23,0.8268
nightstand,1,False,"Aug 4 – 10, 2024",1722729600,9,0.3235
dining table,1,True,"Aug 11 – 17, 2024",1723334400,26,0.9347
dresser,1,False,"Aug 11 – 17, 2024",1723334400,35,1.2582
wardrobe,1,False,"Aug 11 – 17, 2024",1723334400,11,0.3954
coffee table,1,False,"Aug 11 – 17, 2024",1723334400,23,0.8268
nightstand,1,False,"Aug 11 – 17, 2024",1723334400,10,0.3595
dining table,1,True,"Aug 18 – 24, 2024",1723939200,26,0.9347
dresser,1,False,"Aug 18 – 24, 2024",1723939200,36,1.2942
wardrobe,1,False,"Aug 18 – 24, 2024",1723939200,12,0.4314
coffee table,1,False,"Aug 18 – 24, 2024",1723939200,23,0.8268
nightstand,1,False,"Aug 18 – 24, 2024",1723939200,9,0.3235
dining table,1,True,"Aug 25 – 31, 2024",1724544000,25,0.8987
dresser,1,False,"Aug 25 – 31, 2024",1724544000,32,1.1504
wardrobe,1,False,"Aug 25 – 31, 2024",1724544000,11,0.3954
coffee table,1,False,"Aug 25 – 31, 2024",1724544000,22,0.7909
nightstand,1,False,"Aug 25 – 31, 2024",1724544000,9,0.3235
dining table,1,True,"Sep 1 – 7, 2024",1725148800,27,0.9706
dresser,1,False,"Sep 1 – 7, 2024",1725148800,32,1.1504
wardrobe,1,False,"Sep 1 – 7, 2024",1725148800,11,0.3954
coffee table,1,False,"Sep 1 – 7, 2024",1725148800,23,0.8268
nightstand,1,False,"Sep 1 – 7, 2024",1725148800,9,0.3235
dining table,1,True,"Sep 8 – 14, 2024",1725753600,24,0.8628
dresser,1,False,"Sep 8 – 14, 2024",1725753600,28,1.0066
wardrobe,1,False,"Sep 8 – 14, 2024",1725753600,11,0.3954
coffee table,1,False,"Sep 8 – 14, 2024",1725753600,20,0.719
nightstand,1,False,"Sep 8 – 14, 2024",1725753600,8,0.2876
dining table,1,True,"Sep 15 – 21, 2024",1726358400,23,0.8268
dresser,1,False,"Sep 15 – 21, 2024",1726358400,28,1.0066
wardrobe,1,False,"Sep 15 – 21, 2024",1726358400,10,0.3595
coffee table,1,False,"Sep 15 – 21, 2024",1726358400,20,0.719
nightstand,1,False,"Sep 15 – 21, 2024",1726358400,8,0.2876
dining table,1,True,"Sep 22 – 28, 2024",1726963200,23,0.8268
dresser,1,False,"Sep 22 – 28, 2024",1726963200,28,1.0066
wardrobe,1,False,"Sep 22 – 28, 2024",1726963200,10,0.3595
coffee table,1,False,"Sep 22 – 28, 2024",1726963200,20,0.719
nightstand,1,False,"Sep 22 – 28, 2024",1726963200,8,0.2876
dining table,1,True,"Sep 29 – Oct 5, 2024",1727568000,22,0.7909
dresser,1,False,"Sep 29 – Oct 5, 2024",1727568000,28,1.0066
wardrobe,1,False,"Sep 29 – Oct 5, 2024",1727568000,11,0.3954
coffee table,1,False,"Sep 29 – Oct 5, 2024",1727568000,20,0.719
nightstand,1,False,"Sep 29 – Oct 5, 2024",1727568000,8,0.2876
dining table,1,True,"Oct 6 – 12, 2024",1728172800,23,0.8268
dresser,1,False,"Oct 6 – 12, 2024",1728172800,27,0.9706
wardrobe,1,False,"Oct 6 – 12, 2024",1728172800,10,0.3595
coffee table,1,False,"Oct 6 – 12, 2024",1728172800,20,0.719
nightstand,1,False,"Oct 6 – 12, 2024",1728172800,7,0.2516
dining table,1,True,"Oct 13 – 19, 2024",1728777600,24,0.8628
dresser,1,False,"Oct 13 – 19, 2024",1728777600,28,1.0066
wardrobe,1,False,"Oct 13 – 19, 2024",1728777600,10,0.3595
coffee table,1,False,"Oct 13 – 19, 2024",1728777600,20,0.719
nightstand,1,False,"Oct 13 – 19, 2024",1728777600,7,0.2516
dining table,1,True,"Oct 20 – 26, 2024",1729382400,23,0.8268
dresser,1,False,"Oct 20 – 26, 2024",1729382400,27,0.9706
wardrobe,1,False,"Oct 20 – 26, 2024",1729382400,10,0.3595
coffee table,1,False,"Oct 20 – 26, 2024",1729382400,21,0.7549
nightstand,1,False,"Oct 20 – 26, 2024",1729382400,7,0.2516
dining table,1,True,"Oct 27 – Nov 2, 2024",1729987200,23,0.8268
dresser,1,False,"Oct 27 – Nov 2, 2024",1729987200,27,0.9706
wardrobe,1,False,"Oct 27 – Nov 2, 2024",1729987200,11,0.3954
coffee table,1,False,"Oct 27 – Nov 2, 2024",1729987200,20,0.719
nightstand,1,False,"Oct 27 – Nov 2, 2024",1729987200,7,0.2516
dining table,1,True,"Nov 3 – 9, 2024",1730592000,25,0.8987
dresser,1,False,"Nov 3 – 9, 2024",1730592000,27,0.9706
wardrobe,1,False,"Nov 3 – 9, 2024",1730592000,10,0.3595
coffee table,1,False,"Nov 3 – 9, 2024",1730592000,20,0.719
nightstand,1,False,"Nov 3 – 9, 2024",1730592000,7,0.2516
dining table,1,True,"Nov 10 – 16, 2024",1731196800,28,1.0066
dresser,1,False,"Nov 10 – 16, 2024",1731196800,29,1.0425
wardrobe,1,False,"Nov 10 – 16, 2024",1731196800,11,0.3954
coffee table,1,False,"Nov 10 – 16, 2024",1731196800,23,0.8268
nightstand,1,False,"Nov 10 – 16, 2024",1731196800,8,0.2876
dining table,1,True,"Nov 17 – 23, 2024",1731801600,30,1.0785
dresser,1,False,"Nov 17 – 23, 2024",1731801600,30,1.0785
wardrobe,1,False,"Nov 17 – 23, 2024",1731801600,11,0.3954
coffee table,1,False,"Nov 17 – 23, 2024",1731801600,24,0.8628
nightstand,1,False,"Nov 17 – 23, 2024",1731801600,8,0.2876
dining table,1,True,"Nov 24 – 30, 2024",1732406400,32,1.1504
dresser,1,False,"Nov 24 – 30, 2024",1732406400,33,1.1863
wardrobe,1,False,"Nov 24 – 30, 2024",1732406400,12,0.4314
coffee table,1,False,"Nov 24 – 30, 2024",1732406400,28,1.0066
nightstand,1,False,"Nov 24 – 30, 2024",1732406400,10,0.3595
dining table,1,True,"Dec 1 – 7, 2024",1733011200,24,0.8628
dresser,1,False,"Dec 1 – 7, 2024",1733011200,28,1.0066
wardrobe,1,False,"Dec 1 – 7, 2024",1733011200,12,0.4314
coffee table,1,False,"Dec 1 – 7, 2024",1733011200,24,0.8628
nightstand,1,False,"Dec 1 – 7, 2024",1733011200,8,0.2876
dining table,1,True,"Dec 8 – 14, 2024",1733616000,21,0.7549
dresser,1,False,"Dec 8 – 14, 2024",1733616000,27,0.9706
wardrobe,1,False,"Dec 8 – 14, 2024",1733616000,12,0.4314
coffee table,1,False,"Dec 8 – 14, 2024",1733616000,22,0.7909
nightstand,1,False,"Dec 8 – 14, 2024",1733616000,8,0.2876
dining table,1,True,"Dec 15 – 21, 2024",1734220800,20,0.719
dresser,1,False,"Dec 15 – 21, 2024",1734220800,25,0.8987
wardrobe,1,False,"Dec 15 – 21, 2024",1734220800,15,0.5392
coffee table,1,False,"Dec 15 – 21, 2024",1734220800,21,0.7549
nightstand,1,False,"Dec 15 – 21, 2024",1734220800,8,0.2876
dining table,1,True,"Dec 22 – 28, 2024",1734825600,25,0.8987
dresser,1,False,"Dec 22 – 28, 2024",1734825600,32,1.1504
wardrobe,1,False,"Dec 22 – 28, 2024",1734825600,14,0.5033
coffee table,1,False,"Dec 22 – 28, 2024",1734825600,22,0.7909
nightstand,1,False,"Dec 22 – 28, 2024",1734825600,11,0.3954
dining table,1,True,"Dec 29, 2024 – Jan 4, 2025",1735430400,30,1.0785
dresser,1,False,"Dec 29, 2024 – Jan 4, 2025",1735430400,39,1.402
wardrobe,1,False,"Dec 29, 2024 – Jan 4, 2025",1735430400,14,0.5033
coffee table,1,False,"Dec 29, 2024 – Jan 4, 2025",1735430400,27,0.9706
nightstand,1,False,"Dec 29, 2024 – Jan 4, 2025",1735430400,11,0.3954
dining table,1,True,"Jan 5 – 11, 2025",1736035200,24,0.8628
dresser,1,False,"Jan 5 – 11, 2025",1736035200,35,1.2582
wardrobe,1,False,"Jan 5 – 11, 2025",1736035200,13,0.4673
coffee table,1,False,"Jan 5 – 11, 2025",1736035200,24,0.8628
nightstand,1,False,"Jan 5 – 11, 2025",1736035200,9,0.3235
dining table,1,True,"Jan 12 – 18, 2025",1736640000,24,0.8628
dresser,1,False,"Jan 12 – 18, 2025",1736640000,32,1.1504
wardrobe,1,False,"Jan 12 – 18, 2025",1736640000,12,0.4314
coffee table,1,False,"Jan 12 – 18, 2025",1736640000,23,0.8268
nightstand,1,False,"Jan 12 – 18, 2025",1736640000,9,0.3235
dining table,1,True,"Jan 19 – 25, 2025",1737244800,26,0.9347
dresser,1,False,"Jan 19 – 25, 2025",1737244800,34,1.2223
wardrobe,1,False,"Jan 19 – 25, 2025",1737244800,13,0.4673
coffee table,1,False,"Jan 19 – 25, 2025",1737244800,22,0.7909
nightstand,1,False,"Jan 19 – 25, 2025",1737244800,9,0.3235
dining table,1,True,"Jan 26 – Feb 1, 2025",1737849600,23,0.8268
dresser,1,False,"Jan 26 – Feb 1, 2025",1737849600,30,1.0785
wardrobe,1,False,"Jan 26 – Feb 1, 2025",1737849600,12,0.4314
coffee table,1,False,"Jan 26 – Feb 1, 2025",1737849600,21,0.7549
nightstand,1,False,"Jan 26 – Feb 1, 2025",1737849600,8,0.2876
dining table,1,True,"Feb 2 – 8, 2025",1738454400,23,0.8268
dresser,1,False,"Feb 2 – 8, 2025",1738454400,29,1.0425
wardrobe,1,False,"Feb 2 – 8, 2025",1738454400,14,0.5033
coffee table,1,False,"Feb 2 – 8, 2025",1738454400,20,0.719
nightstand,1,False,"Feb 2 – 8, 2025",1738454400,9,0.3235
dining table,1,True,"Feb 9 – 15, 2025",1739059200,22,0.7909
dresser,1,False,"Feb 9 – 15, 2025",1739059200,27,0.9706
wardrobe,1,False,"Feb 9 – 15, 2025",1739059200,11,0.3954
coffee table,1,False,"Feb 9 – 15, 2025",1739059200,19,0.683
nightstand,1,False,"Feb 9 – 15, 2025",1739059200,8,0.2876
dining table,1,True,"Feb 16 – 22, 2025",1739664000,25,0.8987
dresser,1,False,"Feb 16 – 22, 2025",1739664000,32,1.1504
wardrobe,1,False,"Feb 16 – 22, 2025",1739664000,13,0.4673
coffee table,1,False,"Feb 16 – 22, 2025",1739664000,22,0.7909
nightstand,1,False,"Feb 16 – 22, 2025",1739664000,9,0.3235
dining table,1,True,"Feb 23 – Mar 1, 2025",1740268800,25,0.8987
dresser,1,False,"Feb 23 – Mar 1, 2025",1740268800,33,1.1863
wardrobe,1,False,"Feb 23 – Mar 1, 2025",1740268800,13,0.4673
coffee table,1,False,"Feb 23 – Mar 1, 2025",1740268800,21,0.7549
nightstand,1,False,"Feb 23 – Mar 1, 2025",1740268800,8,0.2876
dining table,1,True,"Mar 2 – 8, 2025",1740873600,24,0.8628
dresser,1,False,"Mar 2 – 8, 2025",1740873600,31,1.1144
wardrobe,1,False,"Mar 2 – 8, 2025",1740873600,13,0.4673
coffee table,1,False,"Mar 2 – 8, 2025",1740873600,20,0.719
nightstand,1,False,"Mar 2 – 8, 2025",1740873600,8,0.2876
dining table,1,True,"Mar 9 – 15, 2025",1741478400,25,0.8987
dresser,1,False,"Mar 9 – 15, 2025",1741478400,32,1.1504
wardrobe,1,False,"Mar 9 – 15, 2025",1741478400,12,0.4314
coffee table,1,False,"Mar 9 – 15, 2025",1741478400,20,0.719
nightstand,1,False,"Mar 9 – 15, 2025",1741478400,8,0.2876
dining table,1,True,"Mar 16 – 22, 2025",1742083200,25,0.8987
dresser,1,False,"Mar 16 – 22, 2025",1742083200,31,1.1144
wardrobe,1,False,"Mar 16 – 22, 2025",1742083200,12,0.4314
coffee table,1,False,"Mar 16 – 22, 2025",1742083200,21,0.7549
nightstand,1,False,"Mar 16 – 22, 2025",1742083200,8,0.2876
dining table,1,True,"Mar 23 – 29, 2025",1742688000,23,0.8268
dresser,1,False,"Mar 23 – 29, 2025",1742688000,30,1.0785
wardrobe,1,False,"Mar 23 – 29, 2025",1742688000,12,0.4314
coffee table,1,False,"Mar 23 – 29, 2025",1742688000,19,0.683
nightstand,1,False,"Mar 23 – 29, 2025",1742688000,8,0.2876
dining table,1,True,"Mar 30 – Apr 5, 2025",1743292800,24,0.8628
dresser,1,False,"Mar 30 – Apr 5, 2025",1743292800,29,1.0425
wardrobe,1,False,"Mar 30 – Apr 5, 2025",1743292800,10,0.3595
coffee table,1,False,"Mar 30 – Apr 5, 2025",1743292800,20,0.719
nightstand,1,False,"Mar 30 – Apr 5, 2025",1743292800,8,0.2876
dining table,1,True,"Apr 6 – 12, 2025",1743897600,23,0.8268
dresser,1,False,"Apr 6 – 12, 2025",1743897600,28,1.0066
wardrobe,1,False,"Apr 6 – 12, 2025",1743897600,11,0.3954
coffee table,1,False,"Apr 6 – 12, 2025",1743897600,19,0.683
nightstand,1,False,"Apr 6 – 12, 2025",1743897600,8,0.2876
dining table,1,True,"Apr 13 – 19, 2025",1744502400,24,0.8628
dresser,1,False,"Apr 13 – 19, 2025",1744502400,28,1.0066
wardrobe,1,False,"Apr 13 – 19, 2025",1744502400,11,0.3954
coffee table,1,False,"Apr 13 – 19, 2025",1744502400,19,0.683
nightstand,1,False,"Apr 13 – 19, 2025",1744502400,8,0.2876
dining table,1,True,"Apr 20 – 26, 2025",1745107200,24,0.8628
dresser,1,False,"Apr 20 – 26, 2025",1745107200,28,1.0066
wardrobe,1,False,"Apr 20 – 26, 2025",1745107200,12,0.4314
coffee table,1,False,"Apr 20 – 26, 2025",1745107200,19,0.683
nightstand,1,False,"Apr 20 – 26, 2025",1745107200,8,0.2876
dining table,1,True,"Apr 27 – May 3, 2025",1745712000,25,0.8987
dresser,1,False,"Apr 27 – May 3, 2025",1745712000,30,1.0785
wardrobe,1,False,"Apr 27 – May 3, 2025",1745712000,11,0.3954
coffee table,1,False,"Apr 27 – May 3, 2025",1745712000,20,0.719
nightstand,1,False,"Apr 27 – May 3, 2025",1745712000,8,0.2876
dining table,1,True,"May 4 – 10, 2025",1746316800,25,0.8987
dresser,1,False,"May 4 – 10, 2025",1746316800,29,1.0425
wardrobe,1,False,"May 4 – 10, 2025",1746316800,12,0.4314
coffee table,1,False,"May 4 – 10, 2025",1746316800,20,0.719
nightstand,1,False,"May 4 – 10, 2025",1746316800,8,0.2876
dining table,1,True,"May 11 – 17, 2025",1746921600,25,0.8987
dresser,1,False,"May 11 – 17, 2025",1746921600,28,1.0066
wardrobe,1,False,"May 11 – 17, 2025",1746921600,11,0.3954
coffee table,1,False,"May 11 – 17, 2025",1746921600,19,0.683
nightstand,1,False,"May 11 – 17, 2025",1746921600,8,0.2876
dining table,1,True,"May 18 – 24, 2025",1747526400,24,0.8628
dresser,1,False,"May 18 – 24, 2025",1747526400,30,1.0785
wardrobe,1,False,"May 18 – 24, 2025",1747526400,12,0.4314
coffee table,1,False,"May 18 – 24, 2025",1747526400,19,0.683
nightstand,1,False,"May 18 – 24, 2025",1747526400,8,0.2876
dining table,1,True,"May 25 – 31, 2025",1748131200,26,0.9347
dresser,1,False,"May 25 – 31, 2025",1748131200,33,1.1863
wardrobe,1,False,"May 25 – 31, 2025",1748131200,12,0.4314
coffee table,1,False,"May 25 – 31, 2025",1748131200,22,0.7909
nightstand,1,False,"May 25 – 31, 2025",1748131200,9,0.3235
dining table,1,True,"Jun 1 – 7, 2025",1748736000,24,0.8628
dresser,1,False,"Jun 1 – 7, 2025",1748736000,31,1.1144
wardrobe,1,False,"Jun 1 – 7, 2025",1748736000,11,0.3954
coffee table,1,False,"Jun 1 – 7, 2025",1748736000,19,0.683
nightstand,1,False,"Jun 1 – 7, 2025",1748736000,8,0.2876
dining table,1,True,"Jun 8 – 14, 2025",1749340800,23,0.8268
dresser,1,False,"Jun 8 – 14, 2025",1749340800,31,1.1144
wardrobe,1,False,"Jun 8 – 14, 2025",1749340800,10,0.3595
coffee table,1,False,"Jun 8 – 14, 2025",1749340800,19,0.683
nightstand,1,False,"Jun 8 – 14, 2025",1749340800,8,0.2876
dining table,1,True,"Jun 15 – 21, 2025",1749945600,25,0.8987
dresser,1,False,"Jun 15 – 21, 2025",1749945600,29,1.0425
wardrobe,1,False,"Jun 15 – 21, 2025",1749945600,12,0.4314
coffee table,1,False,"Jun 15 – 21, 2025",1749945600,20,0.719
nightstand,1,False,"Jun 15 – 21, 2025",1749945600,8,0.2876
dining table,1,True,"Jun 22 – 28, 2025",1750550400,24,0.8628
dresser,1,False,"Jun 22 – 28, 2025",1750550400,31,1.1144
wardrobe,1,False,"Jun 22 – 28, 2025",1750550400,12,0.4314
coffee table,1,False,"Jun 22 – 28, 2025",1750550400,20,0.719
nightstand,1,False,"Jun 22 – 28, 2025",1750550400,9,0.3235
dining table,1,True,"Jun 29 – Jul 5, 2025",1751155200,26,0.9347
dresser,1,False,"Jun 29 – Jul 5, 2025",1751155200,33,1.1863
wardrobe,1,False,"Jun 29 – Jul 5, 2025",1751155200,11,0.3954
coffee table,1,False,"Jun 29 – Jul 5, 2025",1751155200,21,0.7549
nightstand,1,False,"Jun 29 – Jul 5, 2025",1751155200,10,0.3595
dining table,1,True,"Jul 6 – 12, 2025",1751760000,28,1.0066
dresser,1,False,"Jul 6 – 12, 2025",1751760000,36,1.2942
wardrobe,1,False,"Jul 6 – 12, 2025",1751760000,12,0.4314
coffee table,1,False,"Jul 6 – 12, 2025",1751760000,22,0.7909
nightstand,1,False,"Jul 6 – 12, 2025",1751760000,10,0.3595
dining table,1,True,"Jul 13 – 19, 2025",1752364800,28,1.0066
dresser,1,False,"Jul 13 – 19, 2025",1752364800,34,1.2223
wardrobe,1,False,"Jul 13 – 19, 2025",1752364800,12,0.4314
coffee table,1,False,"Jul 13 – 19, 2025",1752364800,24,0.8628
nightstand,1,False,"Jul 13 – 19, 2025",1752364800,10,0.3595
dining table,1,True,"Jul 20 – 26, 2025",1752969600,27,0.9706
dresser,1,False,"Jul 20 – 26, 2025",1752969600,36,1.2942
wardrobe,1,False,"Jul 20 – 26, 2025",1752969600,14,0.5033
coffee table,1,False,"Jul 20 – 26, 2025",1752969600,22,0.7909
nightstand,1,False,"Jul 20 – 26, 2025",1752969600,10,0.3595
dining table,1,True,"Jul 27 – Aug 2, 2025",1753574400,27,0.9706
dresser,1,False,"Jul 27 – Aug 2, 2025",1753574400,36,1.2942
wardrobe,1,False,"Jul 27 – Aug 2, 2025",1753574400,17,0.6111
coffee table,1,False,"Jul 27 – Aug 2, 2025",1753574400,24,0.8628
nightstand,1,False,"Jul 27 – Aug 2, 2025",1753574400,10,0.3595
dining table,1,True,"Aug 3 – 9, 2025",1754179200,27,0.9706
dresser,1,False,"Aug 3 – 9, 2025",1754179200,36,1.2942
wardrobe,1,False,"Aug 3 – 9, 2025",1754179200,13,0.4673
coffee table,1,False,"Aug 3 – 9, 2025",1754179200,23,0.8268
nightstand,1,False,"Aug 3 – 9, 2025",1754179200,11,0.3954
dining table,1,True,"Aug 10 – 16, 2025",1754784000,26,0.9347
dresser,1,False,"Aug 10 – 16, 2025",1754784000,36,1.2942
wardrobe,1,False,"Aug 10 – 16, 2025",1754784000,11,0.3954
coffee table,1,False,"Aug 10 – 16, 2025",1754784000,22,0.7909
nightstand,1,False,"Aug 10 – 16, 2025",1754784000,9,0.3235
dining table,1,True,"Aug 17 – 23, 2025",1755388800,25,0.8987
dresser,1,False,"Aug 17 – 23, 2025",1755388800,35,1.2582
wardrobe,1,False,"Aug 17 – 23, 2025",1755388800,12,0.4314
coffee table,1,False,"Aug 17 – 23, 2025",1755388800,22,0.7909
nightstand,1,False,"Aug 17 – 23, 2025",1755388800,10,0.3595
dining table,1,True,"Aug 24 – 30, 2025",1755993600,27,0.9706
dresser,1,False,"Aug 24 – 30, 2025",1755993600,33,1.1863
wardrobe,1,False,"Aug 24 – 30, 2025",1755993600,11,0.3954
coffee table,1,False,"Aug 24 – 30, 2025",1755993600,23,0.8268
nightstand,1,False,"Aug 24 – 30, 2025",1755993600,9,0.3235
dining table,1,True,"Aug 31 – Sep 6, 2025",1756598400,28,1.0066
dresser,1,False,"Aug 31 – Sep 6, 2025",1756598400,34,1.2223
wardrobe,1,False,"Aug 31 – Sep 6, 2025",1756598400,13,0.4673
coffee table,1,False,"Aug 31 – Sep 6, 2025",1756598400,24,0.8628
nightstand,1,False,"Aug 31 – Sep 6, 2025",1756598400,9,0.3235
dining table,1,True,"Sep 7 – 13, 2025",1757203200,24,0.8628
dresser,1,False,"Sep 7 – 13, 2025",1757203200,28,1.0066
wardrobe,1,False,"Sep 7 – 13, 2025",1757203200,12,0.4314
coffee table,1,False,"Sep 7 – 13, 2025",1757203200,19,0.683
nightstand,1,False,"Sep 7 – 13, 2025",1757203200,8,0.2876
dining table,1,True,"Sep 14 – 20, 2025",1757808000,23,0.8268
dresser,1,False,"Sep 14 – 20, 2025",1757808000,28,1.0066
wardrobe,1,False,"Sep 14 – 20, 2025",1757808000,12,0.4314
coffee table,1,False,"Sep 14 – 20, 2025",1757808000,19,0.683
nightstand,1,False,"Sep 14 – 20, 2025",1757808000,8,0.2876
dining table,1,True,"Sep 21 – 27, 2025",1758412800,25,0.8987
dresser,1,False,"Sep 21 – 27, 2025",1758412800,28,1.0066
wardrobe,1,False,"Sep 21 – 27, 2025",1758412800,12,0.4314
coffee table,1,False,"Sep 21 – 27, 2025",1758412800,20,0.719
nightstand,1,False,"Sep 21 – 27, 2025",1758412800,8,0.2876
dining table,1,True,"Sep 28 – Oct 4, 2025",1759017600,24,0.8628
dresser,1,False,"Sep 28 – Oct 4, 2025",1759017600,29,1.0425
wardrobe,1,False,"Sep 28 – Oct 4, 2025",1759017600,11,0.3954
coffee table,1,False,"Sep 28 – Oct 4, 2025",1759017600,19,0.683
nightstand,1,False,"Sep 28 – Oct 4, 2025",1759017600,8,0.2876
dining table,1,True,"Oct 5 – 11, 2025",1759622400,23,0.8268
dresser,1,False,"Oct 5 – 11, 2025",1759622400,28,1.0066
wardrobe,1,False,"Oct 5 – 11, 2025",1759622400,13,0.4673
coffee table,1,False,"Oct 5 – 11, 2025",1759622400,20,0.719
nightstand,1,False,"Oct 5 – 11, 2025",1759622400,8,0.2876
dining table,1,True,"Oct 12 – 18, 2025",1760227200,24,0.8628
dresser,1,False,"Oct 12 – 18, 2025",1760227200,29,1.0425
wardrobe,1,False,"Oct 12 – 18, 2025",1760227200,11,0.3954
coffee table,1,False,"Oct 12 – 18, 2025",1760227200,20,0.719
nightstand,1,False,"Oct 12 – 18, 2025",1760227200,8,0.2876
dining table,1,True,"Oct 19 – 25, 2025",1760832000,24,0.8628
dresser,1,False,"Oct 19 – 25, 2025",1760832000,27,0.9706
wardrobe,1,False,"Oct 19 – 25, 2025",1760832000,13,0.4673
coffee table,1,False,"Oct 19 – 25, 2025",1760832000,20,0.719
nightstand,1,False,"Oct 19 – 25, 2025",1760832000,7,0.2516
dining table,1,True,"Oct 26 – Nov 1, 2025",1761436800,24,0.8628
dresser,1,False,"Oct 26 – Nov 1, 2025",1761436800,27,0.9706
wardrobe,1,False,"Oct 26 – Nov 1, 2025",1761436800,14,0.5033
coffee table,1,False,"Oct 26 – Nov 1, 2025",1761436800,20,0.719
nightstand,1,False,"Oct 26 – Nov 1, 2025",1761436800,8,0.2876
dining table,1,True,"Nov 2 – 8, 2025",1762041600,28,1.0066
dresser,1,False,"Nov 2 – 8, 2025",1762041600,30,1.0785
wardrobe,1,False,"Nov 2 – 8, 2025",1762041600,16,0.5752
coffee table,1,False,"Nov 2 – 8, 2025",1762041600,24,0.8628
nightstand,1,False,"Nov 2 – 8, 2025",1762041600,9,0.3235
dining table,1,True,"Nov 9 – 15, 2025",1762646400,30,1.0785
dresser,1,False,"Nov 9 – 15, 2025",1762646400,31,1.1144
wardrobe,1,False,"Nov 9 – 15, 2025",1762646400,19,0.683
coffee table,1,False,"Nov 9 – 15, 2025",1762646400,27,0.9706
nightstand,1,False,"Nov 9 – 15, 2025",1762646400,9,0.3235
dining table,1,True,"Nov 16 – 22, 2025",1763251200,29,1.0425
dresser,1,False,"Nov 16 – 22, 2025",1763251200,30,1.0785
wardrobe,1,False,"Nov 16 – 22, 2025",1763251200,16,0.5752
coffee table,1,False,"Nov 16 – 22, 2025",1763251200,26,0.9347
nightstand,1,False,"Nov 16 – 22, 2025",1763251200,9,0.3235
dining table,1,True,"Nov 23 – 29, 2025",1763856000,34,1.2223
dresser,1,False,"Nov 23 – 29, 2025",1763856000,32,1.1504
wardrobe,1,False,"Nov 23 – 29, 2025",1763856000,17,0.6111
coffee table,1,False,"Nov 23 – 29, 2025",1763856000,27,0.9706
nightstand,1,False,"Nov 23 – 29, 2025",1763856000,10,0.3595
dining table,1,True,"Nov 30 – Dec 6, 2025",1764460800,26,0.9347
dresser,1,False,"Nov 30 – Dec 6, 2025",1764460800,30,1.0785
wardrobe,1,False,"Nov 30 – Dec 6, 2025",1764460800,17,0.6111
coffee table,1,False,"Nov 30 – Dec 6, 2025",1764460800,25,0.8987
nightstand,1,False,"Nov 30 – Dec 6, 2025",1764460800,9,0.3235
dining table,1,True,"Dec 7 – 13, 2025",1765065600,22,0.7909
dresser,1,False,"Dec 7 – 13, 2025",1765065600,28,1.0066
wardrobe,1,False,"Dec 7 – 13, 2025",1765065600,18,0.6471
coffee table,1,False,"Dec 7 – 13, 2025",1765065600,22,0.7909
nightstand,1,False,"Dec 7 – 13, 2025",1765065600,8,0.2876
dining table,1,True,"Dec 14 – 20, 2025",1765670400,20,0.719
dresser,1,False,"Dec 14 – 20, 2025",1765670400,25,0.8987
wardrobe,1,False,"Dec 14 – 20, 2025",1765670400,17,0.6111
coffee table,1,False,"Dec 14 – 20, 2025",1765670400,23,0.8268
nightstand,1,False,"Dec 14 – 20, 2025",1765670400,7,0.2516
dining table,1,True,"Dec 21 – 27, 2025",1766275200,23,0.8268
dresser,1,False,"Dec 21 – 27, 2025",1766275200,30,1.0785
wardrobe,1,False,"Dec 21 – 27, 2025",1766275200,19,0.683
coffee table,1,False,"Dec 21 – 27, 2025",1766275200,20,0.719
nightstand,1,False,"Dec 21 – 27, 2025",1766275200,9,0.3235
dining table,1,True,"Dec 28, 2025 – Jan 3, 2026",1766880000,30,1.0785
dresser,1,False,"Dec 28, 2025 – Jan 3, 2026",1766880000,43,1.5458
wardrobe,1,False,"Dec 28, 2025 – Jan 3, 2026",1766880000,21,0.7549
coffee table,1,False,"Dec 28, 2025 – Jan 3, 2026",1766880000,27,0.9706
nightstand,1,False,"Dec 28, 2025 – Jan 3, 2026",1766880000,11,0.3954
dining table,1,True,"Jan 4 – 10, 2026",1767484800,26,0.9347
dresser,1,False,"Jan 4 – 10, 2026",1767484800,34,1.2223
wardrobe,1,False,"Jan 4 – 10, 2026",1767484800,19,0.683
coffee table,1,False,"Jan 4 – 10, 2026",1767484800,23,0.8268
nightstand,1,False,"Jan 4 – 10, 2026",1767484800,9,0.3235
dining table,1,True,"Jan 11 – 17, 2026",1768089600,25,0.8987
dresser,1,False,"Jan 11 – 17, 2026",1768089600,32,1.1504
wardrobe,1,False,"Jan 11 – 17, 2026",1768089600,19,0.683
coffee table,1,False,"Jan 11 – 17, 2026",1768089600,23,0.8268
nightstand,1,False,"Jan 11 – 17, 2026",1768089600,9,0.3235
dining table,1,True,"Jan 18 – 24, 2026",1768694400,24,0.8628
dresser,1,False,"Jan 18 – 24, 2026",1768694400,33,1.1863
wardrobe,1,False,"Jan 18 – 24, 2026",1768694400,19,0.683
coffee table,1,False,"Jan 18 – 24, 2026",1768694400,24,0.8628
nightstand,1,False,"Jan 18 – 24, 2026",1768694400,8,0.2876
dining table,1,True,"Jan 25 – 31, 2026",1769299200,24,0.8628
dresser,1,False,"Jan 25 – 31, 2026",1769299200,31,1.1144
wardrobe,1,False,"Jan 25 – 31, 2026",1769299200,18,0.6471
coffee table,1,False,"Jan 25 – 31, 2026",1769299200,22,0.7909
nightstand,1,False,"Jan 25 – 31, 2026",1769299200,8,0.2876
dining table,1,True,"Feb 1 – 7, 2026",1769904000,24,0.8628
dresser,1,False,"Feb 1 – 7, 2026",1769904000,30,1.0785
wardrobe,1,False,"Feb 1 – 7, 2026",1769904000,21,0.7549
coffee table,1,False,"Feb 1 – 7, 2026",1769904000,23,0.8268
nightstand,1,False,"Feb 1 – 7, 2026",1769904000,8,0.2876
dining table,1,True,"Feb 8 – 14, 2026",1770508800,31,1.1144
dresser,1,False,"Feb 8 – 14, 2026",1770508800,31,1.1144
wardrobe,1,False,"Feb 8 – 14, 2026",1770508800,24,0.8628
coffee table,1,False,"Feb 8 – 14, 2026",1770508800,29,1.0425
nightstand,1,False,"Feb 8 – 14, 2026",1770508800,9,0.3235
dining table,1,True,"Feb 15 – 21, 2026",1771113600,34,1.2223
dresser,1,False,"Feb 15 – 21, 2026",1771113600,36,1.2942
wardrobe,1,False,"Feb 15 – 21, 2026",1771113600,24,0.8628
coffee table,1,False,"Feb 15 – 21, 2026",1771113600,31,1.1144
nightstand,1,False,"Feb 15 – 21, 2026",1771113600,10,0.3595
dining table,1,True,"Feb 22 – 28, 2026",1771718400,30,1.0785
dresser,1,False,"Feb 22 – 28, 2026",1771718400,33,1.1863
wardrobe,1,False,"Feb 22 – 28, 2026",1771718400,21,0.7549
coffee table,1,False,"Feb 22 – 28, 2026",1771718400,26,0.9347
nightstand,1,False,"Feb 22 – 28, 2026",1771718400,9,0.3235
dining table,1,True,"Mar 1 – 7, 2026",1772323200,26,0.9347
dresser,1,False,"Mar 1 – 7, 2026",1772323200,32,1.1504
wardrobe,1,False,"Mar 1 – 7, 2026",1772323200,20,0.719
coffee table,1,False,"Mar 1 – 7, 2026",1772323200,23,0.8268
nightstand,1,False,"Mar 1 – 7, 2026",1772323200,9,0.3235
dining table,1,True,"Mar 8 – 14, 2026",1772928000,28,1.0066
dresser,1,False,"Mar 8 – 14, 2026",1772928000,33,1.1863
wardrobe,1,False,"Mar 8 – 14, 2026",1772928000,17,0.6111
coffee table,1,False,"Mar 8 – 14, 2026",1772928000,24,0.8628
nightstand,1,False,"Mar 8 – 14, 2026",1772928000,9,0.3235
dining table,1,True,"Mar 15 – 21, 2026",1773532800,30,1.0785
dresser,1,False,"Mar 15 – 21, 2026",1773532800,31,1.1144
wardrobe,1,False,"Mar 15 – 21, 2026",1773532800,17,0.6111
coffee table,1,False,"Mar 15 – 21, 2026",1773532800,27,0.9706
nightstand,1,False,"Mar 15 – 21, 2026",1773532800,9,0.3235
dining table,1,True,"Mar 22 – 28, 2026",1774137600,44,1.5818
dresser,1,False,"Mar 22 – 28, 2026",1774137600,37,1.3301
wardrobe,1,False,"Mar 22 – 28, 2026",1774137600,18,0.6471
coffee table,1,False,"Mar 22 – 28, 2026",1774137600,40,1.438
nightstand,1,False,"Mar 22 – 28, 2026",1774137600,12,0.4314
dining table,1,True,"Mar 29 – Apr 4, 2026",1774742400,74,2.6603
dresser,1,False,"Mar 29 – Apr 4, 2026",1774742400,56,2.0132
wardrobe,1,False,"Mar 29 – Apr 4, 2026",1774742400,21,0.7549
coffee table,1,False,"Mar 29 – Apr 4, 2026",1774742400,70,2.5165
nightstand,1,False,"Mar 29 – Apr 4, 2026",1774742400,24,0.8628
dining table,1,True,"Apr 5 – 11, 2026",1775347200,94,3.3793
dresser,1,False,"Apr 5 – 11, 2026",1775347200,63,2.2648
wardrobe,1,False,"Apr 5 – 11, 2026",1775347200,26,0.9347
coffee table,1,False,"Apr 5 – 11, 2026",1775347200,91,3.2714
nightstand,1,False,"Apr 5 – 11, 2026",1775347200,32,1.1504
dining table,1,True,"Apr 12 – 18, 2026",1775952000,98,3.5231
dresser,1,False,"Apr 12 – 18, 2026",1775952000,65,2.3367
wardrobe,1,False,"Apr 12 – 18, 2026",1775952000,25,0.8987
coffee table,1,False,"Apr 12 – 18, 2026",1775952000,100,3.595
nightstand,1,False,"Apr 12 – 18, 2026",1775952000,33,1.1863
dining table,1,True,"Apr 19 – 25, 2026",1776556800,87,3.1276
dresser,1,False,"Apr 19 – 25, 2026",1776556800,51,1.8334
wardrobe,1,False,"Apr 19 – 25, 2026",1776556800,23,0.8268
coffee table,1,False,"Apr 19 – 25, 2026",1776556800,75,2.6962
nightstand,1,False,"Apr 19 – 25, 2026",1776556800,25,0.8987
dining table,1,True,"Apr 26 – May 2, 2026",1777161600,63,2.2648
dresser,1,False,"Apr 26 – May 2, 2026",1777161600,44,1.5818
wardrobe,1,False,"Apr 26 – May 2, 2026",1777161600,19,0.683
coffee table,1,False,"Apr 26 – May 2, 2026",1777161600,62,2.2289
nightstand,1,False,"Apr 26 – May 2, 2026",1777161600,20,0.719
dining table,1,True,"May 3 – 9, 2026",1777766400,70,2.5165
dresser,1,False,"May 3 – 9, 2026",1777766400,43,1.5458
wardrobe,1,False,"May 3 – 9, 2026",1777766400,20,0.719
coffee table,1,False,"May 3 – 9, 2026",1777766400,58,2.0851
nightstand,1,False,"May 3 – 9, 2026",1777766400,19,0.683
dining table,1,True,"May 10 – 16, 2026",1778371200,80,2.876
dresser,1,False,"May 10 – 16, 2026",1778371200,51,1.8334
wardrobe,1,False,"May 10 – 16, 2026",1778371200,24,0.8628
coffee table,1,False,"May 10 – 16, 2026",1778371200,74,2.6603
nightstand,1,False,"May 10 – 16, 2026",1778371200,25,0.8987
dining table,1,True,"May 17 – 23, 2026",1778976000,76,2.7322
dresser,1,False,"May 17 – 23, 2026",1778976000,60,2.157
wardrobe,1,False,"May 17 – 23, 2026",1778976000,23,0.8268
coffee table,1,False,"May 17 – 23, 2026",1778976000,73,2.6243
nightstand,1,False,"May 17 – 23, 2026",1778976000,29,1.0425
dining table,1,True,"May 24 – 30, 2026",1779580800,54,1.9413
dresser,1,False,"May 24 – 30, 2026",1779580800,50,1.7975
wardrobe,1,False,"May 24 – 30, 2026",1779580800,21,0.7549
coffee table,1,False,"May 24 – 30, 2026",1779580800,51,1.8334
nightstand,1,False,"May 24 – 30, 2026",1779580800,20,0.719
dining table,1,True,"May 31 – Jun 6, 2026",1780185600,51,1.8334
dresser,1,False,"May 31 – Jun 6, 2026",1780185600,49,1.7615
wardrobe,1,False,"May 31 – Jun 6, 2026",1780185600,19,0.683
coffee table,1,False,"May 31 – Jun 6, 2026",1780185600,47,1.6896
nightstand,1,False,"May 31 – Jun 6, 2026",1780185600,20,0.719
dining table,1,True,"Jun 7 – 13, 2026",1780790400,59,2.121
dresser,1,False,"Jun 7 – 13, 2026",1780790400,54,1.9413
wardrobe,1,False,"Jun 7 – 13, 2026",1780790400,22,0.7909
coffee table,1,False,"Jun 7 – 13, 2026",1780790400,56,2.0132
nightstand,1,False,"Jun 7 – 13, 2026",1780790400,23,0.8268
dining table,1,True,"Jun 14 – 20, 2026",1781395200,53,1.9053
dresser,1,False,"Jun 14 – 20, 2026",1781395200,54,1.9413
wardrobe,1,False,"Jun 14 – 20, 2026",1781395200,23,0.8268
coffee table,1,False,"Jun 14 – 20, 2026",1781395200,52,1.8694
nightstand,1,False,"Jun 14 – 20, 2026",1781395200,23,0.8268
dining table,1,True,"Jun 21 – 27, 2026",1782000000,53,1.9053
dresser,1,False,"Jun 21 – 27, 2026",1782000000,56,2.0132
wardrobe,1,False,"Jun 21 – 27, 2026",1782000000,23,0.8268
coffee table,1,False,"Jun 21 – 27, 2026",1782000000,51,1.8334
nightstand,1,False,"Jun 21 – 27, 2026",1782000000,23,0.8268
dining table,1,True,"Jun 28 – Jul 4, 2026",1782604800,33,1.1863
dresser,1,False,"Jun 28 – Jul 4, 2026",1782604800,38,1.3661
wardrobe,1,False,"Jun 28 – Jul 4, 2026",1782604800,16,0.5752
coffee table,1,False,"Jun 28 – Jul 4, 2026",1782604800,30,1.0785
nightstand,1,False,"Jun 28 – Jul 4, 2026",1782604800,12,0.4314
dining table,1,True,"Jul 5 – 11, 2026",1783209600,32,1.1504
dresser,1,False,"Jul 5 – 11, 2026",1783209600,40,1.438
wardrobe,1,False,"Jul 5 – 11, 2026",1783209600,18,0.6471
coffee table,1,False,"Jul 5 – 11, 2026",1783209600,28,1.0066
nightstand,1,False,"Jul 5 – 11, 2026",1783209600,12,0.4314
dining table,1,True,"Jul 12 – 18, 2026",1783814400,27,0.9706
dresser,1,False,"Jul 12 – 18, 2026",1783814400,37,1.3301
wardrobe,1,False,"Jul 12 – 18, 2026",1783814400,17,0.6111
coffee table,1,False,"Jul 12 – 18, 2026",1783814400,23,0.8268
nightstand,1,False,"Jul 12 – 18, 2026",1783814400,11,0.3954
dining table,1,True,"Jul 19 – 25, 2026",1784419200,26,0.9347
dresser,1,False,"Jul 19 – 25, 2026",1784419200,37,1.3301
wardrobe,1,False,"Jul 19 – 25, 2026",1784419200,16,0.5752
coffee table,1,False,"Jul 19 – 25, 2026",1784419200,23,0.8268
nightstand,1,False,"Jul 19 – 25, 2026",1784419200,11,0.3954
dining table,1,True,"Jul 26 – Aug 1, 2026",1785024000,27,0.9706
dresser,1,False,"Jul 26 – Aug 1, 2026",1785024000,37,1.3301
wardrobe,1,False,"Jul 26 – Aug 1, 2026",1785024000,16,0.5752
coffee table,1,False,"Jul 26 – Aug 1, 2026",1785024000,25,0.8987
nightstand,1,False,"Jul 26 – Aug 1, 2026",1785024000,10,0.3595
dining table,1,True,"Aug 2 – 8, 2026",1785628800,26,0.9347
dresser,1,False,"Aug 2 – 8, 2026",1785628800,39,1.402
wardrobe,1,False,"Aug 2 – 8, 2026",1785628800,15,0.5392
coffee table,1,False,"Aug 2 – 8, 2026",1785628800,25,0.8987
nightstand,1,False,"Aug 2 – 8, 2026",1785628800,9,0.3235
dining table,1,True,"Aug 9 – 15, 2026",1786233600,28,1.0066
dresser,1,False,"Aug 9 – 15, 2026",1786233600,41,1.4739
wardrobe,1,False,"Aug 9 – 15, 2026",1786233600,15,0.5392
coffee table,1,False,"Aug 9 – 15, 2026",1786233600,25,0.8987
nightstand,1,False,"Aug 9 – 15, 2026",1786233600,11,0.3954
dining table,1,True,"Aug 16 – 22, 2026",1786838400,28,1.0066
dresser,1,False,"Aug 16 – 22, 2026",1786838400,38,1.3661
wardrobe,1,False,"Aug 16 – 22, 2026",1786838400,15,0.5392
coffee table,1,False,"Aug 16 – 22, 2026",1786838400,25,0.8987
nightstand,1,False,"Aug 16 – 22, 2026",1786838400,11,0.3954
dining table,1,True,"Aug 23 – 29, 2026",1787443200,26,0.9347
dresser,1,False,"Aug 23 – 29, 2026",1787443200,34,1.2223
wardrobe,1,False,"Aug 23 – 29, 2026",1787443200,14,0.5033
coffee table,1,False,"Aug 23 – 29, 2026",1787443200,23,0.8268
nightstand,1,False,"Aug 23 – 29, 2026",1787443200,10,0.3595
dining table,2,True,"Aug 22 – 28, 2021",1629590400,29,1.0223
tv stand,2,False,"Aug 22 – 28, 2021",1629590400,19,0.6698
kitchen cabinets,2,False,"Aug 22 – 28, 2021",1629590400,20,0.7051
closet organizer,2,False,"Aug 22 – 28, 2021",1629590400,4,0.141
custom sofa,2,False,"Aug 22 – 28, 2021",1629590400,0,0.0
dining table,2,True,"Aug 29 – Sep 4, 2021",1630195200,28,0.9871
tv stand,2,False,"Aug 29 – Sep 4, 2021",1630195200,19,0.6698
kitchen cabinets,2,False,"Aug 29 – Sep 4, 2021",1630195200,20,0.7051
closet organizer,2,False,"Aug 29 – Sep 4, 2021",1630195200,4,0.141
custom sofa,2,False,"Aug 29 – Sep 4, 2021",1630195200,0,0.0
dining table,2,True,"Sep 5 – 11, 2021",1630800000,31,1.0928
tv stand,2,False,"Sep 5 – 11, 2021",1630800000,20,0.7051
kitchen cabinets,2,False,"Sep 5 – 11, 2021",1630800000,21,0.7403
closet organizer,2,False,"Sep 5 – 11, 2021",1630800000,4,0.141
custom sofa,2,False,"Sep 5 – 11, 2021",1630800000,0,0.0
dining table,2,True,"Sep 12 – 18, 2021",1631404800,27,0.9518
tv stand,2,False,"Sep 12 – 18, 2021",1631404800,18,0.6346
kitchen cabinets,2,False,"Sep 12 – 18, 2021",1631404800,20,0.7051
closet organizer,2,False,"Sep 12 – 18, 2021",1631404800,4,0.141
custom sofa,2,False,"Sep 12 – 18, 2021",1631404800,0,0.0
dining table,2,True,"Sep 19 – 25, 2021",1632009600,27,0.9518
tv stand,2,False,"Sep 19 – 25, 2021",1632009600,19,0.6698
kitchen cabinets,2,False,"Sep 19 – 25, 2021",1632009600,20,0.7051
closet organizer,2,False,"Sep 19 – 25, 2021",1632009600,4,0.141
custom sofa,2,False,"Sep 19 – 25, 2021",1632009600,0,0.0
dining table,2,True,"Sep 26 – Oct 2, 2021",1632614400,29,1.0223
tv stand,2,False,"Sep 26 – Oct 2, 2021",1632614400,18,0.6346
kitchen cabinets,2,False,"Sep 26 – Oct 2, 2021",1632614400,20,0.7051
closet organizer,2,False,"Sep 26 – Oct 2, 2021",1632614400,3,0.1058
custom sofa,2,False,"Sep 26 – Oct 2, 2021",1632614400,0,0.0
dining table,2,True,"Oct 3 – 9, 2021",1633219200,28,0.9871
tv stand,2,False,"Oct 3 – 9, 2021",1633219200,18,0.6346
kitchen cabinets,2,False,"Oct 3 – 9, 2021",1633219200,20,0.7051
closet organizer,2,False,"Oct 3 – 9, 2021",1633219200,3,0.1058
custom sofa,2,False,"Oct 3 – 9, 2021",1633219200,0,0.0
dining table,2,True,"Oct 10 – 16, 2021",1633824000,29,1.0223
tv stand,2,False,"Oct 10 – 16, 2021",1633824000,19,0.6698
kitchen cabinets,2,False,"Oct 10 – 16, 2021",1633824000,20,0.7051
closet organizer,2,False,"Oct 10 – 16, 2021",1633824000,3,0.1058
custom sofa,2,False,"Oct 10 – 16, 2021",1633824000,0,0.0
dining table,2,True,"Oct 17 – 23, 2021",1634428800,28,0.9871
tv stand,2,False,"Oct 17 – 23, 2021",1634428800,19,0.6698
kitchen cabinets,2,False,"Oct 17 – 23, 2021",1634428800,20,0.7051
closet organizer,2,False,"Oct 17 – 23, 2021",1634428800,3,0.1058
custom sofa,2,False,"Oct 17 – 23, 2021",1634428800,0,0.0
dining table,2,True,"Oct 24 – 30, 2021",1635033600,27,0.9518
tv stand,2,False,"Oct 24 – 30, 2021",1635033600,20,0.7051
kitchen cabinets,2,False,"Oct 24 – 30, 2021",1635033600,20,0.7051
closet organizer,2,False,"Oct 24 – 30, 2021",1635033600,3,0.1058
custom sofa,2,False,"Oct 24 – 30, 2021",1635033600,0,0.0
dining table,2,True,"Oct 31 – Nov 6, 2021",1635638400,29,1.0223
tv stand,2,False,"Oct 31 – Nov 6, 2021",1635638400,22,0.7756
kitchen cabinets,2,False,"Oct 31 – Nov 6, 2021",1635638400,19,0.6698
closet organizer,2,False,"Oct 31 – Nov 6, 2021",1635638400,3,0.1058
custom sofa,2,False,"Oct 31 – Nov 6, 2021",1635638400,0,0.0
dining table,2,True,"Nov 7 – 13, 2021",1636243200,32,1.1281
tv stand,2,False,"Nov 7 – 13, 2021",1636243200,24,0.8461
kitchen cabinets,2,False,"Nov 7 – 13, 2021",1636243200,20,0.7051
closet organizer,2,False,"Nov 7 – 13, 2021",1636243200,3,0.1058
custom sofa,2,False,"Nov 7 – 13, 2021",1636243200,0,0.0
dining table,2,True,"Nov 14 – 20, 2021",1636848000,32,1.1281
tv stand,2,False,"Nov 14 – 20, 2021",1636848000,24,0.8461
kitchen cabinets,2,False,"Nov 14 – 20, 2021",1636848000,20,0.7051
closet organizer,2,False,"Nov 14 – 20, 2021",1636848000,3,0.1058
custom sofa,2,False,"Nov 14 – 20, 2021",1636848000,0,0.0
dining table,2,True,"Nov 21 – 27, 2021",1637452800,34,1.1986
tv stand,2,False,"Nov 21 – 27, 2021",1637452800,33,1.1633
kitchen cabinets,2,False,"Nov 21 – 27, 2021",1637452800,18,0.6346
closet organizer,2,False,"Nov 21 – 27, 2021",1637452800,4,0.141
custom sofa,2,False,"Nov 21 – 27, 2021",1637452800,0,0.0
dining table,2,True,"Nov 28 – Dec 4, 2021",1638057600,30,1.0576
tv stand,2,False,"Nov 28 – Dec 4, 2021",1638057600,29,1.0223
kitchen cabinets,2,False,"Nov 28 – Dec 4, 2021",1638057600,18,0.6346
closet organizer,2,False,"Nov 28 – Dec 4, 2021",1638057600,4,0.141
custom sofa,2,False,"Nov 28 – Dec 4, 2021",1638057600,0,0.0
dining table,2,True,"Dec 5 – 11, 2021",1638662400,25,0.8813
tv stand,2,False,"Dec 5 – 11, 2021",1638662400,23,0.8108
kitchen cabinets,2,False,"Dec 5 – 11, 2021",1638662400,17,0.5993
closet organizer,2,False,"Dec 5 – 11, 2021",1638662400,3,0.1058
custom sofa,2,False,"Dec 5 – 11, 2021",1638662400,0,0.0
dining table,2,True,"Dec 12 – 18, 2021",1639267200,23,0.8108
tv stand,2,False,"Dec 12 – 18, 2021",1639267200,20,0.7051
kitchen cabinets,2,False,"Dec 12 – 18, 2021",1639267200,16,0.564
closet organizer,2,False,"Dec 12 – 18, 2021",1639267200,3,0.1058
custom sofa,2,False,"Dec 12 – 18, 2021",1639267200,0,0.0
dining table,2,True,"Dec 19 – 25, 2021",1639872000,22,0.7756
tv stand,2,False,"Dec 19 – 25, 2021",1639872000,21,0.7403
kitchen cabinets,2,False,"Dec 19 – 25, 2021",1639872000,13,0.4583
closet organizer,2,False,"Dec 19 – 25, 2021",1639872000,3,0.1058
custom sofa,2,False,"Dec 19 – 25, 2021",1639872000,0,0.0
dining table,2,True,"Dec 26, 2021 – Jan 1, 2022",1640476800,29,1.0223
tv stand,2,False,"Dec 26, 2021 – Jan 1, 2022",1640476800,25,0.8813
kitchen cabinets,2,False,"Dec 26, 2021 – Jan 1, 2022",1640476800,21,0.7403
closet organizer,2,False,"Dec 26, 2021 – Jan 1, 2022",1640476800,6,0.2115
custom sofa,2,False,"Dec 26, 2021 – Jan 1, 2022",1640476800,0,0.0
dining table,2,True,"Jan 2 – 8, 2022",1641081600,30,1.0576
tv stand,2,False,"Jan 2 – 8, 2022",1641081600,23,0.8108
kitchen cabinets,2,False,"Jan 2 – 8, 2022",1641081600,23,0.8108
closet organizer,2,False,"Jan 2 – 8, 2022",1641081600,5,0.1763
custom sofa,2,False,"Jan 2 – 8, 2022",1641081600,0,0.0
dining table,2,True,"Jan 9 – 15, 2022",1641686400,29,1.0223
tv stand,2,False,"Jan 9 – 15, 2022",1641686400,21,0.7403
kitchen cabinets,2,False,"Jan 9 – 15, 2022",1641686400,24,0.8461
closet organizer,2,False,"Jan 9 – 15, 2022",1641686400,5,0.1763
custom sofa,2,False,"Jan 9 – 15, 2022",1641686400,0,0.0
dining table,2,True,"Jan 16 – 22, 2022",1642291200,29,1.0223
tv stand,2,False,"Jan 16 – 22, 2022",1642291200,19,0.6698
kitchen cabinets,2,False,"Jan 16 – 22, 2022",1642291200,25,0.8813
closet organizer,2,False,"Jan 16 – 22, 2022",1642291200,4,0.141
custom sofa,2,False,"Jan 16 – 22, 2022",1642291200,0,0.0
dining table,2,True,"Jan 23 – 29, 2022",1642896000,29,1.0223
tv stand,2,False,"Jan 23 – 29, 2022",1642896000,19,0.6698
kitchen cabinets,2,False,"Jan 23 – 29, 2022",1642896000,24,0.8461
closet organizer,2,False,"Jan 23 – 29, 2022",1642896000,4,0.141
custom sofa,2,False,"Jan 23 – 29, 2022",1642896000,0,0.0
dining table,2,True,"Jan 30 – Feb 5, 2022",1643500800,29,1.0223
tv stand,2,False,"Jan 30 – Feb 5, 2022",1643500800,21,0.7403
kitchen cabinets,2,False,"Jan 30 – Feb 5, 2022",1643500800,25,0.8813
closet organizer,2,False,"Jan 30 – Feb 5, 2022",1643500800,4,0.141
custom sofa,2,False,"Jan 30 – Feb 5, 2022",1643500800,0,0.0
dining table,2,True,"Feb 6 – 12, 2022",1644105600,29,1.0223
tv stand,2,False,"Feb 6 – 12, 2022",1644105600,19,0.6698
kitchen cabinets,2,False,"Feb 6 – 12, 2022",1644105600,24,0.8461
closet organizer,2,False,"Feb 6 – 12, 2022",1644105600,4,0.141
custom sofa,2,False,"Feb 6 – 12, 2022",1644105600,0,0.0
dining table,2,True,"Feb 13 – 19, 2022",1644710400,29,1.0223
tv stand,2,False,"Feb 13 – 19, 2022",1644710400,18,0.6346
kitchen cabinets,2,False,"Feb 13 – 19, 2022",1644710400,23,0.8108
closet organizer,2,False,"Feb 13 – 19, 2022",1644710400,4,0.141
custom sofa,2,False,"Feb 13 – 19, 2022",1644710400,0,0.0
dining table,2,True,"Feb 20 – 26, 2022",1645315200,32,1.1281
tv stand,2,False,"Feb 20 – 26, 2022",1645315200,21,0.7403
kitchen cabinets,2,False,"Feb 20 – 26, 2022",1645315200,25,0.8813
closet organizer,2,False,"Feb 20 – 26, 2022",1645315200,4,0.141
custom sofa,2,False,"Feb 20 – 26, 2022",1645315200,0,0.0
dining table,2,True,"Feb 27 – Mar 5, 2022",1645920000,30,1.0576
tv stand,2,False,"Feb 27 – Mar 5, 2022",1645920000,18,0.6346
kitchen cabinets,2,False,"Feb 27 – Mar 5, 2022",1645920000,24,0.8461
closet organizer,2,False,"Feb 27 – Mar 5, 2022",1645920000,3,0.1058
custom sofa,2,False,"Feb 27 – Mar 5, 2022",1645920000,0,0.0
dining table,2,True,"Mar 6 – 12, 2022",1646524800,31,1.0928
tv stand,2,False,"Mar 6 – 12, 2022",1646524800,18,0.6346
kitchen cabinets,2,False,"Mar 6 – 12, 2022",1646524800,23,0.8108
closet organizer,2,False,"Mar 6 – 12, 2022",1646524800,4,0.141
custom sofa,2,False,"Mar 6 – 12, 2022",1646524800,0,0.0
dining table,2,True,"Mar 13 – 19, 2022",1647129600,31,1.0928
tv stand,2,False,"Mar 13 – 19, 2022",1647129600,18,0.6346
kitchen cabinets,2,False,"Mar 13 – 19, 2022",1647129600,22,0.7756
closet organizer,2,False,"Mar 13 – 19, 2022",1647129600,3,0.1058
custom sofa,2,False,"Mar 13 – 19, 2022",1647129600,0,0.0
dining table,2,True,"Mar 20 – 26, 2022",1647734400,30,1.0576
tv stand,2,False,"Mar 20 – 26, 2022",1647734400,17,0.5993
kitchen cabinets,2,False,"Mar 20 – 26, 2022",1647734400,23,0.8108
closet organizer,2,False,"Mar 20 – 26, 2022",1647734400,4,0.141
custom sofa,2,False,"Mar 20 – 26, 2022",1647734400,0,0.0
dining table,2,True,"Mar 27 – Apr 2, 2022",1648339200,29,1.0223
tv stand,2,False,"Mar 27 – Apr 2, 2022",1648339200,17,0.5993
kitchen cabinets,2,False,"Mar 27 – Apr 2, 2022",1648339200,22,0.7756
closet organizer,2,False,"Mar 27 – Apr 2, 2022",1648339200,4,0.141
custom sofa,2,False,"Mar 27 – Apr 2, 2022",1648339200,0,0.0
dining table,2,True,"Apr 3 – 9, 2022",1648944000,28,0.9871
tv stand,2,False,"Apr 3 – 9, 2022",1648944000,16,0.564
kitchen cabinets,2,False,"Apr 3 – 9, 2022",1648944000,21,0.7403
closet organizer,2,False,"Apr 3 – 9, 2022",1648944000,4,0.141
custom sofa,2,False,"Apr 3 – 9, 2022",1648944000,0,0.0
dining table,2,True,"Apr 10 – 16, 2022",1649548800,27,0.9518
tv stand,2,False,"Apr 10 – 16, 2022",1649548800,16,0.564
kitchen cabinets,2,False,"Apr 10 – 16, 2022",1649548800,19,0.6698
closet organizer,2,False,"Apr 10 – 16, 2022",1649548800,3,0.1058
custom sofa,2,False,"Apr 10 – 16, 2022",1649548800,0,0.0
dining table,2,True,"Apr 17 – 23, 2022",1650153600,29,1.0223
tv stand,2,False,"Apr 17 – 23, 2022",1650153600,15,0.5288
kitchen cabinets,2,False,"Apr 17 – 23, 2022",1650153600,19,0.6698
closet organizer,2,False,"Apr 17 – 23, 2022",1650153600,3,0.1058
custom sofa,2,False,"Apr 17 – 23, 2022",1650153600,0,0.0
dining table,2,True,"Apr 24 – 30, 2022",1650758400,29,1.0223
tv stand,2,False,"Apr 24 – 30, 2022",1650758400,15,0.5288
kitchen cabinets,2,False,"Apr 24 – 30, 2022",1650758400,19,0.6698
closet organizer,2,False,"Apr 24 – 30, 2022",1650758400,3,0.1058
custom sofa,2,False,"Apr 24 – 30, 2022",1650758400,0,0.0
dining table,2,True,"May 1 – 7, 2022",1651363200,27,0.9518
tv stand,2,False,"May 1 – 7, 2022",1651363200,15,0.5288
kitchen cabinets,2,False,"May 1 – 7, 2022",1651363200,18,0.6346
closet organizer,2,False,"May 1 – 7, 2022",1651363200,3,0.1058
custom sofa,2,False,"May 1 – 7, 2022",1651363200,0,0.0
dining table,2,True,"May 8 – 14, 2022",1651968000,27,0.9518
tv stand,2,False,"May 8 – 14, 2022",1651968000,14,0.4935
kitchen cabinets,2,False,"May 8 – 14, 2022",1651968000,17,0.5993
closet organizer,2,False,"May 8 – 14, 2022",1651968000,3,0.1058
custom sofa,2,False,"May 8 – 14, 2022",1651968000,0,0.0
dining table,2,True,"May 15 – 21, 2022",1652572800,26,0.9166
tv stand,2,False,"May 15 – 21, 2022",1652572800,15,0.5288
kitchen cabinets,2,False,"May 15 – 21, 2022",1652572800,17,0.5993
closet organizer,2,False,"May 15 – 21, 2022",1652572800,3,0.1058
custom sofa,2,False,"May 15 – 21, 2022",1652572800,0,0.0
dining table,2,True,"May 22 – 28, 2022",1653177600,26,0.9166
tv stand,2,False,"May 22 – 28, 2022",1653177600,16,0.564
kitchen cabinets,2,False,"May 22 – 28, 2022",1653177600,17,0.5993
closet organizer,2,False,"May 22 – 28, 2022",1653177600,3,0.1058
custom sofa,2,False,"May 22 – 28, 2022",1653177600,0,0.0
dining table,2,True,"May 29 – Jun 4, 2022",1653782400,28,0.9871
tv stand,2,False,"May 29 – Jun 4, 2022",1653782400,15,0.5288
kitchen cabinets,2,False,"May 29 – Jun 4, 2022",1653782400,16,0.564
closet organizer,2,False,"May 29 – Jun 4, 2022",1653782400,3,0.1058
custom sofa,2,False,"May 29 – Jun 4, 2022",1653782400,0,0.0
dining table,2,True,"Jun 5 – 11, 2022",1654387200,26,0.9166
tv stand,2,False,"Jun 5 – 11, 2022",1654387200,16,0.564
kitchen cabinets,2,False,"Jun 5 – 11, 2022",1654387200,17,0.5993
closet organizer,2,False,"Jun 5 – 11, 2022",1654387200,3,0.1058
custom sofa,2,False,"Jun 5 – 11, 2022",1654387200,0,0.0
dining table,2,True,"Jun 12 – 18, 2022",1654992000,25,0.8813
tv stand,2,False,"Jun 12 – 18, 2022",1654992000,15,0.5288
kitchen cabinets,2,False,"Jun 12 – 18, 2022",1654992000,17,0.5993
closet organizer,2,False,"Jun 12 – 18, 2022",1654992000,3,0.1058
custom sofa,2,False,"Jun 12 – 18, 2022",1654992000,0,0.0
dining table,2,True,"Jun 19 – 25, 2022",1655596800,26,0.9166
tv stand,2,False,"Jun 19 – 25, 2022",1655596800,15,0.5288
kitchen cabinets,2,False,"Jun 19 – 25, 2022",1655596800,17,0.5993
closet organizer,2,False,"Jun 19 – 25, 2022",1655596800,4,0.141
custom sofa,2,False,"Jun 19 – 25, 2022",1655596800,0,0.0
dining table,2,True,"Jun 26 – Jul 2, 2022",1656201600,27,0.9518
tv stand,2,False,"Jun 26 – Jul 2, 2022",1656201600,16,0.564
kitchen cabinets,2,False,"Jun 26 – Jul 2, 2022",1656201600,18,0.6346
closet organizer,2,False,"Jun 26 – Jul 2, 2022",1656201600,4,0.141
custom sofa,2,False,"Jun 26 – Jul 2, 2022",1656201600,0,0.0
dining table,2,True,"Jul 3 – 9, 2022",1656806400,26,0.9166
tv stand,2,False,"Jul 3 – 9, 2022",1656806400,17,0.5993
kitchen cabinets,2,False,"Jul 3 – 9, 2022",1656806400,19,0.6698
closet organizer,2,False,"Jul 3 – 9, 2022",1656806400,4,0.141
custom sofa,2,False,"Jul 3 – 9, 2022",1656806400,0,0.0
dining table,2,True,"Jul 10 – 16, 2022",1657411200,27,0.9518
tv stand,2,False,"Jul 10 – 16, 2022",1657411200,18,0.6346
kitchen cabinets,2,False,"Jul 10 – 16, 2022",1657411200,19,0.6698
closet organizer,2,False,"Jul 10 – 16, 2022",1657411200,4,0.141
custom sofa,2,False,"Jul 10 – 16, 2022",1657411200,0,0.0
dining table,2,True,"Jul 17 – 23, 2022",1658016000,28,0.9871
tv stand,2,False,"Jul 17 – 23, 2022",1658016000,18,0.6346
kitchen cabinets,2,False,"Jul 17 – 23, 2022",1658016000,20,0.7051
closet organizer,2,False,"Jul 17 – 23, 2022",1658016000,4,0.141
custom sofa,2,False,"Jul 17 – 23, 2022",1658016000,0,0.0
dining table,2,True,"Jul 24 – 30, 2022",1658620800,27,0.9518
tv stand,2,False,"Jul 24 – 30, 2022",1658620800,17,0.5993
kitchen cabinets,2,False,"Jul 24 – 30, 2022",1658620800,20,0.7051
closet organizer,2,False,"Jul 24 – 30, 2022",1658620800,4,0.141
custom sofa,2,False,"Jul 24 – 30, 2022",1658620800,0,0.0
dining table,2,True,"Jul 31 – Aug 6, 2022",1659225600,28,0.9871
tv stand,2,False,"Jul 31 – Aug 6, 2022",1659225600,16,0.564
kitchen cabinets,2,False,"Jul 31 – Aug 6, 2022",1659225600,19,0.6698
closet organizer,2,False,"Jul 31 – Aug 6, 2022",1659225600,4,0.141
custom sofa,2,False,"Jul 31 – Aug 6, 2022",1659225600,0,0.0
dining table,2,True,"Aug 7 – 13, 2022",1659830400,29,1.0223
tv stand,2,False,"Aug 7 – 13, 2022",1659830400,17,0.5993
kitchen cabinets,2,False,"Aug 7 – 13, 2022",1659830400,19,0.6698
closet organizer,2,False,"Aug 7 – 13, 2022",1659830400,4,0.141
custom sofa,2,False,"Aug 7 – 13, 2022",1659830400,0,0.0
dining table,2,True,"Aug 14 – 20, 2022",1660435200,27,0.9518
tv stand,2,False,"Aug 14 – 20, 2022",1660435200,18,0.6346
kitchen cabinets,2,False,"Aug 14 – 20, 2022",1660435200,19,0.6698
closet organizer,2,False,"Aug 14 – 20, 2022",1660435200,4,0.141
custom sofa,2,False,"Aug 14 – 20, 2022",1660435200,0,0.0
dining table,2,True,"Aug 21 – 27, 2022",1661040000,27,0.9518
tv stand,2,False,"Aug 21 – 27, 2022",1661040000,17,0.5993
kitchen cabinets,2,False,"Aug 21 – 27, 2022",1661040000,20,0.7051
closet organizer,2,False,"Aug 21 – 27, 2022",1661040000,4,0.141
custom sofa,2,False,"Aug 21 – 27, 2022",1661040000,0,0.0
dining table,2,True,"Aug 28 – Sep 3, 2022",1661644800,27,0.9518
tv stand,2,False,"Aug 28 – Sep 3, 2022",1661644800,17,0.5993
kitchen cabinets,2,False,"Aug 28 – Sep 3, 2022",1661644800,18,0.6346
closet organizer,2,False,"Aug 28 – Sep 3, 2022",1661644800,3,0.1058
custom sofa,2,False,"Aug 28 – Sep 3, 2022",1661644800,0,0.0
dining table,2,True,"Sep 4 – 10, 2022",1662249600,29,1.0223
tv stand,2,False,"Sep 4 – 10, 2022",1662249600,18,0.6346
kitchen cabinets,2,False,"Sep 4 – 10, 2022",1662249600,19,0.6698
closet organizer,2,False,"Sep 4 – 10, 2022",1662249600,4,0.141
custom sofa,2,False,"Sep 4 – 10, 2022",1662249600,0,0.0
dining table,2,True,"Sep 11 – 17, 2022",1662854400,25,0.8813
tv stand,2,False,"Sep 11 – 17, 2022",1662854400,16,0.564
kitchen cabinets,2,False,"Sep 11 – 17, 2022",1662854400,17,0.5993
closet organizer,2,False,"Sep 11 – 17, 2022",1662854400,3,0.1058
custom sofa,2,False,"Sep 11 – 17, 2022",1662854400,0,0.0
dining table,2,True,"Sep 18 – 24, 2022",1663459200,24,0.8461
tv stand,2,False,"Sep 18 – 24, 2022",1663459200,16,0.564
kitchen cabinets,2,False,"Sep 18 – 24, 2022",1663459200,16,0.564
closet organizer,2,False,"Sep 18 – 24, 2022",1663459200,3,0.1058
custom sofa,2,False,"Sep 18 – 24, 2022",1663459200,0,0.0
dining table,2,True,"Sep 25 – Oct 1, 2022",1664064000,23,0.8108
tv stand,2,False,"Sep 25 – Oct 1, 2022",1664064000,15,0.5288
kitchen cabinets,2,False,"Sep 25 – Oct 1, 2022",1664064000,16,0.564
closet organizer,2,False,"Sep 25 – Oct 1, 2022",1664064000,3,0.1058
custom sofa,2,False,"Sep 25 – Oct 1, 2022",1664064000,0,0.0
dining table,2,True,"Oct 2 – 8, 2022",1664668800,23,0.8108
tv stand,2,False,"Oct 2 – 8, 2022",1664668800,16,0.564
kitchen cabinets,2,False,"Oct 2 – 8, 2022",1664668800,17,0.5993
closet organizer,2,False,"Oct 2 – 8, 2022",1664668800,3,0.1058
custom sofa,2,False,"Oct 2 – 8, 2022",1664668800,0,0.0
dining table,2,True,"Oct 9 – 15, 2022",1665273600,25,0.8813
tv stand,2,False,"Oct 9 – 15, 2022",1665273600,17,0.5993
kitchen cabinets,2,False,"Oct 9 – 15, 2022",1665273600,17,0.5993
closet organizer,2,False,"Oct 9 – 15, 2022",1665273600,3,0.1058
custom sofa,2,False,"Oct 9 – 15, 2022",1665273600,0,0.0
dining table,2,True,"Oct 16 – 22, 2022",1665878400,25,0.8813
tv stand,2,False,"Oct 16 – 22, 2022",1665878400,17,0.5993
kitchen cabinets,2,False,"Oct 16 – 22, 2022",1665878400,17,0.5993
closet organizer,2,False,"Oct 16 – 22, 2022",1665878400,3,0.1058
custom sofa,2,False,"Oct 16 – 22, 2022",1665878400,0,0.0
dining table,2,True,"Oct 23 – 29, 2022",1666483200,25,0.8813
tv stand,2,False,"Oct 23 – 29, 2022",1666483200,17,0.5993
kitchen cabinets,2,False,"Oct 23 – 29, 2022",1666483200,16,0.564
closet organizer,2,False,"Oct 23 – 29, 2022",1666483200,3,0.1058
custom sofa,2,False,"Oct 23 – 29, 2022",1666483200,0,0.0
dining table,2,True,"Oct 30 – Nov 5, 2022",1667088000,25,0.8813
tv stand,2,False,"Oct 30 – Nov 5, 2022",1667088000,17,0.5993
kitchen cabinets,2,False,"Oct 30 – Nov 5, 2022",1667088000,17,0.5993
closet organizer,2,False,"Oct 30 – Nov 5, 2022",1667088000,3,0.1058
custom sofa,2,False,"Oct 30 – Nov 5, 2022",1667088000,0,0.0
dining table,2,True,"Nov 6 – 12, 2022",1667692800,28,0.9871
tv stand,2,False,"Nov 6 – 12, 2022",1667692800,19,0.6698
kitchen cabinets,2,False,"Nov 6 – 12, 2022",1667692800,17,0.5993
closet organizer,2,False,"Nov 6 – 12, 2022",1667692800,3,0.1058
custom sofa,2,False,"Nov 6 – 12, 2022",1667692800,0,0.0
dining table,2,True,"Nov 13 – 19, 2022",1668297600,27,0.9518
tv stand,2,False,"Nov 13 – 19, 2022",1668297600,23,0.8108
kitchen cabinets,2,False,"Nov 13 – 19, 2022",1668297600,16,0.564
closet organizer,2,False,"Nov 13 – 19, 2022",1668297600,3,0.1058
custom sofa,2,False,"Nov 13 – 19, 2022",1668297600,0,0.0
dining table,2,True,"Nov 20 – 26, 2022",1668902400,32,1.1281
tv stand,2,False,"Nov 20 – 26, 2022",1668902400,29,1.0223
kitchen cabinets,2,False,"Nov 20 – 26, 2022",1668902400,16,0.564
closet organizer,2,False,"Nov 20 – 26, 2022",1668902400,3,0.1058
custom sofa,2,False,"Nov 20 – 26, 2022",1668902400,0,0.0
dining table,2,True,"Nov 27 – Dec 3, 2022",1669507200,25,0.8813
tv stand,2,False,"Nov 27 – Dec 3, 2022",1669507200,24,0.8461
kitchen cabinets,2,False,"Nov 27 – Dec 3, 2022",1669507200,15,0.5288
closet organizer,2,False,"Nov 27 – Dec 3, 2022",1669507200,3,0.1058
custom sofa,2,False,"Nov 27 – Dec 3, 2022",1669507200,0,0.0
dining table,2,True,"Dec 4 – 10, 2022",1670112000,22,0.7756
tv stand,2,False,"Dec 4 – 10, 2022",1670112000,19,0.6698
kitchen cabinets,2,False,"Dec 4 – 10, 2022",1670112000,14,0.4935
closet organizer,2,False,"Dec 4 – 10, 2022",1670112000,3,0.1058
custom sofa,2,False,"Dec 4 – 10, 2022",1670112000,0,0.0
dining table,2,True,"Dec 11 – 17, 2022",1670716800,22,0.7756
tv stand,2,False,"Dec 11 – 17, 2022",1670716800,18,0.6346
kitchen cabinets,2,False,"Dec 11 – 17, 2022",1670716800,14,0.4935
closet organizer,2,False,"Dec 11 – 17, 2022",1670716800,3,0.1058
custom sofa,2,False,"Dec 11 – 17, 2022",1670716800,0,0.0
dining table,2,True,"Dec 18 – 24, 2022",1671321600,20,0.7051
tv stand,2,False,"Dec 18 – 24, 2022",1671321600,17,0.5993
kitchen cabinets,2,False,"Dec 18 – 24, 2022",1671321600,12,0.423
closet organizer,2,False,"Dec 18 – 24, 2022",1671321600,3,0.1058
custom sofa,2,False,"Dec 18 – 24, 2022",1671321600,0,0.0
dining table,2,True,"Dec 25 – 31, 2022",1671926400,28,0.9871
tv stand,2,False,"Dec 25 – 31, 2022",1671926400,23,0.8108
kitchen cabinets,2,False,"Dec 25 – 31, 2022",1671926400,17,0.5993
closet organizer,2,False,"Dec 25 – 31, 2022",1671926400,5,0.1763
custom sofa,2,False,"Dec 25 – 31, 2022",1671926400,0,0.0
dining table,2,True,"Jan 1 – 7, 2023",1672531200,26,0.9166
tv stand,2,False,"Jan 1 – 7, 2023",1672531200,18,0.6346
kitchen cabinets,2,False,"Jan 1 – 7, 2023",1672531200,18,0.6346
closet organizer,2,False,"Jan 1 – 7, 2023",1672531200,5,0.1763
custom sofa,2,False,"Jan 1 – 7, 2023",1672531200,0,0.0
dining table,2,True,"Jan 8 – 14, 2023",1673136000,25,0.8813
tv stand,2,False,"Jan 8 – 14, 2023",1673136000,18,0.6346
kitchen cabinets,2,False,"Jan 8 – 14, 2023",1673136000,19,0.6698
closet organizer,2,False,"Jan 8 – 14, 2023",1673136000,4,0.141
custom sofa,2,False,"Jan 8 – 14, 2023",1673136000,0,0.0
dining table,2,True,"Jan 15 – 21, 2023",1673740800,26,0.9166
tv stand,2,False,"Jan 15 – 21, 2023",1673740800,18,0.6346
kitchen cabinets,2,False,"Jan 15 – 21, 2023",1673740800,20,0.7051
closet organizer,2,False,"Jan 15 – 21, 2023",1673740800,4,0.141
custom sofa,2,False,"Jan 15 – 21, 2023",1673740800,0,0.0
dining table,2,True,"Jan 22 – 28, 2023",1674345600,26,0.9166
tv stand,2,False,"Jan 22 – 28, 2023",1674345600,16,0.564
kitchen cabinets,2,False,"Jan 22 – 28, 2023",1674345600,20,0.7051
closet organizer,2,False,"Jan 22 – 28, 2023",1674345600,4,0.141
custom sofa,2,False,"Jan 22 – 28, 2023",1674345600,0,0.0
dining table,2,True,"Jan 29 – Feb 4, 2023",1674950400,25,0.8813
tv stand,2,False,"Jan 29 – Feb 4, 2023",1674950400,16,0.564
kitchen cabinets,2,False,"Jan 29 – Feb 4, 2023",1674950400,20,0.7051
closet organizer,2,False,"Jan 29 – Feb 4, 2023",1674950400,4,0.141
custom sofa,2,False,"Jan 29 – Feb 4, 2023",1674950400,0,0.0
dining table,2,True,"Feb 5 – 11, 2023",1675555200,25,0.8813
tv stand,2,False,"Feb 5 – 11, 2023",1675555200,16,0.564
kitchen cabinets,2,False,"Feb 5 – 11, 2023",1675555200,18,0.6346
closet organizer,2,False,"Feb 5 – 11, 2023",1675555200,3,0.1058
custom sofa,2,False,"Feb 5 – 11, 2023",1675555200,0,0.0
dining table,2,True,"Feb 12 – 18, 2023",1676160000,22,0.7756
tv stand,2,False,"Feb 12 – 18, 2023",1676160000,14,0.4935
kitchen cabinets,2,False,"Feb 12 – 18, 2023",1676160000,18,0.6346
closet organizer,2,False,"Feb 12 – 18, 2023",1676160000,3,0.1058
custom sofa,2,False,"Feb 12 – 18, 2023",1676160000,0,0.0
dining table,2,True,"Feb 19 – 25, 2023",1676764800,27,0.9518
tv stand,2,False,"Feb 19 – 25, 2023",1676764800,17,0.5993
kitchen cabinets,2,False,"Feb 19 – 25, 2023",1676764800,19,0.6698
closet organizer,2,False,"Feb 19 – 25, 2023",1676764800,4,0.141
custom sofa,2,False,"Feb 19 – 25, 2023",1676764800,0,0.0
dining table,2,True,"Feb 26 – Mar 4, 2023",1677369600,24,0.8461
tv stand,2,False,"Feb 26 – Mar 4, 2023",1677369600,15,0.5288
kitchen cabinets,2,False,"Feb 26 – Mar 4, 2023",1677369600,19,0.6698
closet organizer,2,False,"Feb 26 – Mar 4, 2023",1677369600,3,0.1058
custom sofa,2,False,"Feb 26 – Mar 4, 2023",1677369600,0,0.0
dining table,2,True,"Mar 5 – 11, 2023",1677974400,25,0.8813
tv stand,2,False,"Mar 5 – 11, 2023",1677974400,15,0.5288
kitchen cabinets,2,False,"Mar 5 – 11, 2023",1677974400,19,0.6698
closet organizer,2,False,"Mar 5 – 11, 2023",1677974400,3,0.1058
custom sofa,2,False,"Mar 5 – 11, 2023",1677974400,0,0.0
dining table,2,True,"Mar 12 – 18, 2023",1678579200,26,0.9166
tv stand,2,False,"Mar 12 – 18, 2023",1678579200,15,0.5288
kitchen cabinets,2,False,"Mar 12 – 18, 2023",1678579200,18,0.6346
closet organizer,2,False,"Mar 12 – 18, 2023",1678579200,3,0.1058
custom sofa,2,False,"Mar 12 – 18, 2023",1678579200,0,0.0
dining table,2,True,"Mar 19 – 25, 2023",1679184000,26,0.9166
tv stand,2,False,"Mar 19 – 25, 2023",1679184000,15,0.5288
kitchen cabinets,2,False,"Mar 19 – 25, 2023",1679184000,18,0.6346
closet organizer,2,False,"Mar 19 – 25, 2023",1679184000,3,0.1058
custom sofa,2,False,"Mar 19 – 25, 2023",1679184000,0,0.0
dining table,2,True,"Mar 26 – Apr 1, 2023",1679788800,25,0.8813
tv stand,2,False,"Mar 26 – Apr 1, 2023",1679788800,14,0.4935
kitchen cabinets,2,False,"Mar 26 – Apr 1, 2023",1679788800,18,0.6346
closet organizer,2,False,"Mar 26 – Apr 1, 2023",1679788800,3,0.1058
custom sofa,2,False,"Mar 26 – Apr 1, 2023",1679788800,0,0.0
dining table,2,True,"Apr 2 – 8, 2023",1680393600,23,0.8108
tv stand,2,False,"Apr 2 – 8, 2023",1680393600,14,0.4935
kitchen cabinets,2,False,"Apr 2 – 8, 2023",1680393600,16,0.564
closet organizer,2,False,"Apr 2 – 8, 2023",1680393600,3,0.1058
custom sofa,2,False,"Apr 2 – 8, 2023",1680393600,0,0.0
dining table,2,True,"Apr 9 – 15, 2023",1680998400,24,0.8461
tv stand,2,False,"Apr 9 – 15, 2023",1680998400,12,0.423
kitchen cabinets,2,False,"Apr 9 – 15, 2023",1680998400,15,0.5288
closet organizer,2,False,"Apr 9 – 15, 2023",1680998400,3,0.1058
custom sofa,2,False,"Apr 9 – 15, 2023",1680998400,0,0.0
dining table,2,True,"Apr 16 – 22, 2023",1681603200,25,0.8813
tv stand,2,False,"Apr 16 – 22, 2023",1681603200,12,0.423
kitchen cabinets,2,False,"Apr 16 – 22, 2023",1681603200,17,0.5993
closet organizer,2,False,"Apr 16 – 22, 2023",1681603200,3,0.1058
custom sofa,2,False,"Apr 16 – 22, 2023",1681603200,0,0.0
dining table,2,True,"Apr 23 – 29, 2023",1682208000,25,0.8813
tv stand,2,False,"Apr 23 – 29, 2023",1682208000,13,0.4583
kitchen cabinets,2,False,"Apr 23 – 29, 2023",1682208000,16,0.564
closet organizer,2,False,"Apr 23 – 29, 2023",1682208000,3,0.1058
custom sofa,2,False,"Apr 23 – 29, 2023",1682208000,0,0.0
dining table,2,True,"Apr 30 – May 6, 2023",1682812800,24,0.8461
tv stand,2,False,"Apr 30 – May 6, 2023",1682812800,12,0.423
kitchen cabinets,2,False,"Apr 30 – May 6, 2023",1682812800,16,0.564
closet organizer,2,False,"Apr 30 – May 6, 2023",1682812800,3,0.1058
custom sofa,2,False,"Apr 30 – May 6, 2023",1682812800,0,0.0
dining table,2,True,"May 7 – 13, 2023",1683417600,24,0.8461
tv stand,2,False,"May 7 – 13, 2023",1683417600,12,0.423
kitchen cabinets,2,False,"May 7 – 13, 2023",1683417600,15,0.5288
closet organizer,2,False,"May 7 – 13, 2023",1683417600,2,0.0705
custom sofa,2,False,"May 7 – 13, 2023",1683417600,0,0.0
dining table,2,True,"May 14 – 20, 2023",1684022400,24,0.8461
tv stand,2,False,"May 14 – 20, 2023",1684022400,12,0.423
kitchen cabinets,2,False,"May 14 – 20, 2023",1684022400,14,0.4935
closet organizer,2,False,"May 14 – 20, 2023",1684022400,3,0.1058
custom sofa,2,False,"May 14 – 20, 2023",1684022400,0,0.0
dining table,2,True,"May 21 – 27, 2023",1684627200,25,0.8813
tv stand,2,False,"May 21 – 27, 2023",1684627200,12,0.423
kitchen cabinets,2,False,"May 21 – 27, 2023",1684627200,15,0.5288
closet organizer,2,False,"May 21 – 27, 2023",1684627200,3,0.1058
custom sofa,2,False,"May 21 – 27, 2023",1684627200,0,0.0
dining table,2,True,"May 28 – Jun 3, 2023",1685232000,27,0.9518
tv stand,2,False,"May 28 – Jun 3, 2023",1685232000,14,0.4935
kitchen cabinets,2,False,"May 28 – Jun 3, 2023",1685232000,16,0.564
closet organizer,2,False,"May 28 – Jun 3, 2023",1685232000,3,0.1058
custom sofa,2,False,"May 28 – Jun 3, 2023",1685232000,0,0.0
dining table,2,True,"Jun 4 – 10, 2023",1685836800,24,0.8461
tv stand,2,False,"Jun 4 – 10, 2023",1685836800,13,0.4583
kitchen cabinets,2,False,"Jun 4 – 10, 2023",1685836800,16,0.564
closet organizer,2,False,"Jun 4 – 10, 2023",1685836800,3,0.1058
custom sofa,2,False,"Jun 4 – 10, 2023",1685836800,0,0.0
dining table,2,True,"Jun 11 – 17, 2023",1686441600,24,0.8461
tv stand,2,False,"Jun 11 – 17, 2023",1686441600,14,0.4935
kitchen cabinets,2,False,"Jun 11 – 17, 2023",1686441600,17,0.5993
closet organizer,2,False,"Jun 11 – 17, 2023",1686441600,3,0.1058
custom sofa,2,False,"Jun 11 – 17, 2023",1686441600,0,0.0
dining table,2,True,"Jun 18 – 24, 2023",1687046400,27,0.9518
tv stand,2,False,"Jun 18 – 24, 2023",1687046400,15,0.5288
kitchen cabinets,2,False,"Jun 18 – 24, 2023",1687046400,17,0.5993
closet organizer,2,False,"Jun 18 – 24, 2023",1687046400,3,0.1058
custom sofa,2,False,"Jun 18 – 24, 2023",1687046400,0,0.0
dining table,2,True,"Jun 25 – Jul 1, 2023",1687651200,26,0.9166
tv stand,2,False,"Jun 25 – Jul 1, 2023",1687651200,15,0.5288
kitchen cabinets,2,False,"Jun 25 – Jul 1, 2023",1687651200,17,0.5993
closet organizer,2,False,"Jun 25 – Jul 1, 2023",1687651200,3,0.1058
custom sofa,2,False,"Jun 25 – Jul 1, 2023",1687651200,0,0.0
dining table,2,True,"Jul 2 – 8, 2023",1688256000,28,0.9871
tv stand,2,False,"Jul 2 – 8, 2023",1688256000,16,0.564
kitchen cabinets,2,False,"Jul 2 – 8, 2023",1688256000,18,0.6346
closet organizer,2,False,"Jul 2 – 8, 2023",1688256000,4,0.141
custom sofa,2,False,"Jul 2 – 8, 2023",1688256000,0,0.0
dining table,2,True,"Jul 9 – 15, 2023",1688860800,25,0.8813
tv stand,2,False,"Jul 9 – 15, 2023",1688860800,15,0.5288
kitchen cabinets,2,False,"Jul 9 – 15, 2023",1688860800,16,0.564
closet organizer,2,False,"Jul 9 – 15, 2023",1688860800,3,0.1058
custom sofa,2,False,"Jul 9 – 15, 2023",1688860800,0,0.0
dining table,2,True,"Jul 16 – 22, 2023",1689465600,25,0.8813
tv stand,2,False,"Jul 16 – 22, 2023",1689465600,14,0.4935
kitchen cabinets,2,False,"Jul 16 – 22, 2023",1689465600,16,0.564
closet organizer,2,False,"Jul 16 – 22, 2023",1689465600,3,0.1058
custom sofa,2,False,"Jul 16 – 22, 2023",1689465600,0,0.0
dining table,2,True,"Jul 23 – 29, 2023",1690070400,25,0.8813
tv stand,2,False,"Jul 23 – 29, 2023",1690070400,15,0.5288
kitchen cabinets,2,False,"Jul 23 – 29, 2023",1690070400,17,0.5993
closet organizer,2,False,"Jul 23 – 29, 2023",1690070400,3,0.1058
custom sofa,2,False,"Jul 23 – 29, 2023",1690070400,0,0.0
dining table,2,True,"Jul 30 – Aug 5, 2023",1690675200,25,0.8813
tv stand,2,False,"Jul 30 – Aug 5, 2023",1690675200,14,0.4935
kitchen cabinets,2,False,"Jul 30 – Aug 5, 2023",1690675200,16,0.564
closet organizer,2,False,"Jul 30 – Aug 5, 2023",1690675200,3,0.1058
custom sofa,2,False,"Jul 30 – Aug 5, 2023",1690675200,0,0.0
dining table,2,True,"Aug 6 – 12, 2023",1691280000,24,0.8461
tv stand,2,False,"Aug 6 – 12, 2023",1691280000,15,0.5288
kitchen cabinets,2,False,"Aug 6 – 12, 2023",1691280000,17,0.5993
closet organizer,2,False,"Aug 6 – 12, 2023",1691280000,3,0.1058
custom sofa,2,False,"Aug 6 – 12, 2023",1691280000,0,0.0
dining table,2,True,"Aug 13 – 19, 2023",1691884800,24,0.8461
tv stand,2,False,"Aug 13 – 19, 2023",1691884800,16,0.564
kitchen cabinets,2,False,"Aug 13 – 19, 2023",1691884800,16,0.564
closet organizer,2,False,"Aug 13 – 19, 2023",1691884800,3,0.1058
custom sofa,2,False,"Aug 13 – 19, 2023",1691884800,0,0.0
dining table,2,True,"Aug 20 – 26, 2023",1692489600,25,0.8813
tv stand,2,False,"Aug 20 – 26, 2023",1692489600,15,0.5288
kitchen cabinets,2,False,"Aug 20 – 26, 2023",1692489600,17,0.5993
closet organizer,2,False,"Aug 20 – 26, 2023",1692489600,3,0.1058
custom sofa,2,False,"Aug 20 – 26, 2023",1692489600,0,0.0
dining table,2,True,"Aug 27 – Sep 2, 2023",1693094400,25,0.8813
tv stand,2,False,"Aug 27 – Sep 2, 2023",1693094400,15,0.5288
kitchen cabinets,2,False,"Aug 27 – Sep 2, 2023",1693094400,16,0.564
closet organizer,2,False,"Aug 27 – Sep 2, 2023",1693094400,3,0.1058
custom sofa,2,False,"Aug 27 – Sep 2, 2023",1693094400,0,0.0
dining table,2,True,"Sep 3 – 9, 2023",1693699200,29,1.0223
tv stand,2,False,"Sep 3 – 9, 2023",1693699200,16,0.564
kitchen cabinets,2,False,"Sep 3 – 9, 2023",1693699200,16,0.564
closet organizer,2,False,"Sep 3 – 9, 2023",1693699200,3,0.1058
custom sofa,2,False,"Sep 3 – 9, 2023",1693699200,0,0.0
dining table,2,True,"Sep 10 – 16, 2023",1694304000,22,0.7756
tv stand,2,False,"Sep 10 – 16, 2023",1694304000,14,0.4935
kitchen cabinets,2,False,"Sep 10 – 16, 2023",1694304000,15,0.5288
closet organizer,2,False,"Sep 10 – 16, 2023",1694304000,3,0.1058
custom sofa,2,False,"Sep 10 – 16, 2023",1694304000,0,0.0
dining table,2,True,"Sep 17 – 23, 2023",1694908800,23,0.8108
tv stand,2,False,"Sep 17 – 23, 2023",1694908800,15,0.5288
kitchen cabinets,2,False,"Sep 17 – 23, 2023",1694908800,15,0.5288
closet organizer,2,False,"Sep 17 – 23, 2023",1694908800,3,0.1058
custom sofa,2,False,"Sep 17 – 23, 2023",1694908800,0,0.0
dining table,2,True,"Sep 24 – 30, 2023",1695513600,24,0.8461
tv stand,2,False,"Sep 24 – 30, 2023",1695513600,14,0.4935
kitchen cabinets,2,False,"Sep 24 – 30, 2023",1695513600,15,0.5288
closet organizer,2,False,"Sep 24 – 30, 2023",1695513600,3,0.1058
custom sofa,2,False,"Sep 24 – 30, 2023",1695513600,0,0.0
dining table,2,True,"Oct 1 – 7, 2023",1696118400,23,0.8108
tv stand,2,False,"Oct 1 – 7, 2023",1696118400,14,0.4935
kitchen cabinets,2,False,"Oct 1 – 7, 2023",1696118400,15,0.5288
closet organizer,2,False,"Oct 1 – 7, 2023",1696118400,3,0.1058
custom sofa,2,False,"Oct 1 – 7, 2023",1696118400,0,0.0
dining table,2,True,"Oct 8 – 14, 2023",1696723200,23,0.8108
tv stand,2,False,"Oct 8 – 14, 2023",1696723200,16,0.564
kitchen cabinets,2,False,"Oct 8 – 14, 2023",1696723200,15,0.5288
closet organizer,2,False,"Oct 8 – 14, 2023",1696723200,3,0.1058
custom sofa,2,False,"Oct 8 – 14, 2023",1696723200,0,0.0
dining table,2,True,"Oct 15 – 21, 2023",1697328000,24,0.8461
tv stand,2,False,"Oct 15 – 21, 2023",1697328000,15,0.5288
kitchen cabinets,2,False,"Oct 15 – 21, 2023",1697328000,15,0.5288
closet organizer,2,False,"Oct 15 – 21, 2023",1697328000,3,0.1058
custom sofa,2,False,"Oct 15 – 21, 2023",1697328000,0,0.0
dining table,2,True,"Oct 22 – 28, 2023",1697932800,24,0.8461
tv stand,2,False,"Oct 22 – 28, 2023",1697932800,15,0.5288
kitchen cabinets,2,False,"Oct 22 – 28, 2023",1697932800,14,0.4935
closet organizer,2,False,"Oct 22 – 28, 2023",1697932800,3,0.1058
custom sofa,2,False,"Oct 22 – 28, 2023",1697932800,0,0.0
dining table,2,True,"Oct 29 – Nov 4, 2023",1698537600,24,0.8461
tv stand,2,False,"Oct 29 – Nov 4, 2023",1698537600,16,0.564
kitchen cabinets,2,False,"Oct 29 – Nov 4, 2023",1698537600,15,0.5288
closet organizer,2,False,"Oct 29 – Nov 4, 2023",1698537600,3,0.1058
custom sofa,2,False,"Oct 29 – Nov 4, 2023",1698537600,0,0.0
dining table,2,True,"Nov 5 – 11, 2023",1699142400,27,0.9518
tv stand,2,False,"Nov 5 – 11, 2023",1699142400,19,0.6698
kitchen cabinets,2,False,"Nov 5 – 11, 2023",1699142400,16,0.564
closet organizer,2,False,"Nov 5 – 11, 2023",1699142400,3,0.1058
custom sofa,2,False,"Nov 5 – 11, 2023",1699142400,0,0.0
dining table,2,True,"Nov 12 – 18, 2023",1699747200,28,0.9871
tv stand,2,False,"Nov 12 – 18, 2023",1699747200,20,0.7051
kitchen cabinets,2,False,"Nov 12 – 18, 2023",1699747200,16,0.564
closet organizer,2,False,"Nov 12 – 18, 2023",1699747200,3,0.1058
custom sofa,2,False,"Nov 12 – 18, 2023",1699747200,0,0.0
dining table,2,True,"Nov 19 – 25, 2023",1700352000,34,1.1986
tv stand,2,False,"Nov 19 – 25, 2023",1700352000,29,1.0223
kitchen cabinets,2,False,"Nov 19 – 25, 2023",1700352000,15,0.5288
closet organizer,2,False,"Nov 19 – 25, 2023",1700352000,3,0.1058
custom sofa,2,False,"Nov 19 – 25, 2023",1700352000,0,0.0
dining table,2,True,"Nov 26 – Dec 2, 2023",1700956800,25,0.8813
tv stand,2,False,"Nov 26 – Dec 2, 2023",1700956800,24,0.8461
kitchen cabinets,2,False,"Nov 26 – Dec 2, 2023",1700956800,16,0.564
closet organizer,2,False,"Nov 26 – Dec 2, 2023",1700956800,3,0.1058
custom sofa,2,False,"Nov 26 – Dec 2, 2023",1700956800,0,0.0
dining table,2,True,"Dec 3 – 9, 2023",1701561600,23,0.8108
tv stand,2,False,"Dec 3 – 9, 2023",1701561600,19,0.6698
kitchen cabinets,2,False,"Dec 3 – 9, 2023",1701561600,15,0.5288
closet organizer,2,False,"Dec 3 – 9, 2023",1701561600,3,0.1058
custom sofa,2,False,"Dec 3 – 9, 2023",1701561600,0,0.0
dining table,2,True,"Dec 10 – 16, 2023",1702166400,22,0.7756
tv stand,2,False,"Dec 10 – 16, 2023",1702166400,18,0.6346
kitchen cabinets,2,False,"Dec 10 – 16, 2023",1702166400,14,0.4935
closet organizer,2,False,"Dec 10 – 16, 2023",1702166400,3,0.1058
custom sofa,2,False,"Dec 10 – 16, 2023",1702166400,0,0.0
dining table,2,True,"Dec 17 – 23, 2023",1702771200,21,0.7403
tv stand,2,False,"Dec 17 – 23, 2023",1702771200,17,0.5993
kitchen cabinets,2,False,"Dec 17 – 23, 2023",1702771200,12,0.423
closet organizer,2,False,"Dec 17 – 23, 2023",1702771200,3,0.1058
custom sofa,2,False,"Dec 17 – 23, 2023",1702771200,0,0.0
dining table,2,True,"Dec 24 – 30, 2023",1703376000,25,0.8813
tv stand,2,False,"Dec 24 – 30, 2023",1703376000,23,0.8108
kitchen cabinets,2,False,"Dec 24 – 30, 2023",1703376000,16,0.564
closet organizer,2,False,"Dec 24 – 30, 2023",1703376000,4,0.141
custom sofa,2,False,"Dec 24 – 30, 2023",1703376000,0,0.0
dining table,2,True,"Dec 31, 2023 – Jan 6, 2024",1703980800,28,0.9871
tv stand,2,False,"Dec 31, 2023 – Jan 6, 2024",1703980800,20,0.7051
kitchen cabinets,2,False,"Dec 31, 2023 – Jan 6, 2024",1703980800,19,0.6698
closet organizer,2,False,"Dec 31, 2023 – Jan 6, 2024",1703980800,4,0.141
custom sofa,2,False,"Dec 31, 2023 – Jan 6, 2024",1703980800,0,0.0
dining table,2,True,"Jan 7 – 13, 2024",1704585600,24,0.8461
tv stand,2,False,"Jan 7 – 13, 2024",1704585600,17,0.5993
kitchen cabinets,2,False,"Jan 7 – 13, 2024",1704585600,19,0.6698
closet organizer,2,False,"Jan 7 – 13, 2024",1704585600,3,0.1058
custom sofa,2,False,"Jan 7 – 13, 2024",1704585600,0,0.0
dining table,2,True,"Jan 14 – 20, 2024",1705190400,25,0.8813
tv stand,2,False,"Jan 14 – 20, 2024",1705190400,17,0.5993
kitchen cabinets,2,False,"Jan 14 – 20, 2024",1705190400,19,0.6698
closet organizer,2,False,"Jan 14 – 20, 2024",1705190400,3,0.1058
custom sofa,2,False,"Jan 14 – 20, 2024",1705190400,0,0.0
dining table,2,True,"Jan 21 – 27, 2024",1705795200,25,0.8813
tv stand,2,False,"Jan 21 – 27, 2024",1705795200,15,0.5288
kitchen cabinets,2,False,"Jan 21 – 27, 2024",1705795200,19,0.6698
closet organizer,2,False,"Jan 21 – 27, 2024",1705795200,3,0.1058
custom sofa,2,False,"Jan 21 – 27, 2024",1705795200,0,0.0
dining table,2,True,"Jan 28 – Feb 3, 2024",1706400000,24,0.8461
tv stand,2,False,"Jan 28 – Feb 3, 2024",1706400000,15,0.5288
kitchen cabinets,2,False,"Jan 28 – Feb 3, 2024",1706400000,18,0.6346
closet organizer,2,False,"Jan 28 – Feb 3, 2024",1706400000,3,0.1058
custom sofa,2,False,"Jan 28 – Feb 3, 2024",1706400000,0,0.0
dining table,2,True,"Feb 4 – 10, 2024",1707004800,23,0.8108
tv stand,2,False,"Feb 4 – 10, 2024",1707004800,15,0.5288
kitchen cabinets,2,False,"Feb 4 – 10, 2024",1707004800,18,0.6346
closet organizer,2,False,"Feb 4 – 10, 2024",1707004800,3,0.1058
custom sofa,2,False,"Feb 4 – 10, 2024",1707004800,0,0.0
dining table,2,True,"Feb 11 – 17, 2024",1707609600,23,0.8108
tv stand,2,False,"Feb 11 – 17, 2024",1707609600,13,0.4583
kitchen cabinets,2,False,"Feb 11 – 17, 2024",1707609600,17,0.5993
closet organizer,2,False,"Feb 11 – 17, 2024",1707609600,2,0.0705
custom sofa,2,False,"Feb 11 – 17, 2024",1707609600,0,0.0
dining table,2,True,"Feb 18 – 24, 2024",1708214400,26,0.9166
tv stand,2,False,"Feb 18 – 24, 2024",1708214400,16,0.564
kitchen cabinets,2,False,"Feb 18 – 24, 2024",1708214400,19,0.6698
closet organizer,2,False,"Feb 18 – 24, 2024",1708214400,3,0.1058
custom sofa,2,False,"Feb 18 – 24, 2024",1708214400,0,0.0
dining table,2,True,"Feb 25 – Mar 2, 2024",1708819200,24,0.8461
tv stand,2,False,"Feb 25 – Mar 2, 2024",1708819200,15,0.5288
kitchen cabinets,2,False,"Feb 25 – Mar 2, 2024",1708819200,17,0.5993
closet organizer,2,False,"Feb 25 – Mar 2, 2024",1708819200,3,0.1058
custom sofa,2,False,"Feb 25 – Mar 2, 2024",1708819200,0,0.0
dining table,2,True,"Mar 3 – 9, 2024",1709424000,24,0.8461
tv stand,2,False,"Mar 3 – 9, 2024",1709424000,14,0.4935
kitchen cabinets,2,False,"Mar 3 – 9, 2024",1709424000,17,0.5993
closet organizer,2,False,"Mar 3 – 9, 2024",1709424000,3,0.1058
custom sofa,2,False,"Mar 3 – 9, 2024",1709424000,0,0.0
dining table,2,True,"Mar 10 – 16, 2024",1710028800,24,0.8461
tv stand,2,False,"Mar 10 – 16, 2024",1710028800,13,0.4583
kitchen cabinets,2,False,"Mar 10 – 16, 2024",1710028800,17,0.5993
closet organizer,2,False,"Mar 10 – 16, 2024",1710028800,2,0.0705
custom sofa,2,False,"Mar 10 – 16, 2024",1710028800,0,0.0
dining table,2,True,"Mar 17 – 23, 2024",1710633600,24,0.8461
tv stand,2,False,"Mar 17 – 23, 2024",1710633600,14,0.4935
kitchen cabinets,2,False,"Mar 17 – 23, 2024",1710633600,16,0.564
closet organizer,2,False,"Mar 17 – 23, 2024",1710633600,3,0.1058
custom sofa,2,False,"Mar 17 – 23, 2024",1710633600,0,0.0
dining table,2,True,"Mar 24 – 30, 2024",1711238400,24,0.8461
tv stand,2,False,"Mar 24 – 30, 2024",1711238400,14,0.4935
kitchen cabinets,2,False,"Mar 24 – 30, 2024",1711238400,16,0.564
closet organizer,2,False,"Mar 24 – 30, 2024",1711238400,3,0.1058
custom sofa,2,False,"Mar 24 – 30, 2024",1711238400,0,0.0
dining table,2,True,"Mar 31 – Apr 6, 2024",1711843200,22,0.7756
tv stand,2,False,"Mar 31 – Apr 6, 2024",1711843200,12,0.423
kitchen cabinets,2,False,"Mar 31 – Apr 6, 2024",1711843200,17,0.5993
closet organizer,2,False,"Mar 31 – Apr 6, 2024",1711843200,3,0.1058
custom sofa,2,False,"Mar 31 – Apr 6, 2024",1711843200,0,0.0
dining table,2,True,"Apr 7 – 13, 2024",1712448000,23,0.8108
tv stand,2,False,"Apr 7 – 13, 2024",1712448000,12,0.423
kitchen cabinets,2,False,"Apr 7 – 13, 2024",1712448000,14,0.4935
closet organizer,2,False,"Apr 7 – 13, 2024",1712448000,2,0.0705
custom sofa,2,False,"Apr 7 – 13, 2024",1712448000,0,0.0
dining table,2,True,"Apr 14 – 20, 2024",1713052800,22,0.7756
tv stand,2,False,"Apr 14 – 20, 2024",1713052800,12,0.423
kitchen cabinets,2,False,"Apr 14 – 20, 2024",1713052800,14,0.4935
closet organizer,2,False,"Apr 14 – 20, 2024",1713052800,3,0.1058
custom sofa,2,False,"Apr 14 – 20, 2024",1713052800,0,0.0
dining table,2,True,"Apr 21 – 27, 2024",1713657600,25,0.8813
tv stand,2,False,"Apr 21 – 27, 2024",1713657600,13,0.4583
kitchen cabinets,2,False,"Apr 21 – 27, 2024",1713657600,15,0.5288
closet organizer,2,False,"Apr 21 – 27, 2024",1713657600,3,0.1058
custom sofa,2,False,"Apr 21 – 27, 2024",1713657600,0,0.0
dining table,2,True,"Apr 28 – May 4, 2024",1714262400,24,0.8461
tv stand,2,False,"Apr 28 – May 4, 2024",1714262400,12,0.423
kitchen cabinets,2,False,"Apr 28 – May 4, 2024",1714262400,14,0.4935
closet organizer,2,False,"Apr 28 – May 4, 2024",1714262400,3,0.1058
custom sofa,2,False,"Apr 28 – May 4, 2024",1714262400,0,0.0
dining table,2,True,"May 5 – 11, 2024",1714867200,23,0.8108
tv stand,2,False,"May 5 – 11, 2024",1714867200,12,0.423
kitchen cabinets,2,False,"May 5 – 11, 2024",1714867200,12,0.423
closet organizer,2,False,"May 5 – 11, 2024",1714867200,2,0.0705
custom sofa,2,False,"May 5 – 11, 2024",1714867200,0,0.0
dining table,2,True,"May 12 – 18, 2024",1715472000,23,0.8108
tv stand,2,False,"May 12 – 18, 2024",1715472000,12,0.423
kitchen cabinets,2,False,"May 12 – 18, 2024",1715472000,13,0.4583
closet organizer,2,False,"May 12 – 18, 2024",1715472000,2,0.0705
custom sofa,2,False,"May 12 – 18, 2024",1715472000,0,0.0
dining table,2,True,"May 19 – 25, 2024",1716076800,24,0.8461
tv stand,2,False,"May 19 – 25, 2024",1716076800,12,0.423
kitchen cabinets,2,False,"May 19 – 25, 2024",1716076800,13,0.4583
closet organizer,2,False,"May 19 – 25, 2024",1716076800,2,0.0705
custom sofa,2,False,"May 19 – 25, 2024",1716076800,0,0.0
dining table,2,True,"May 26 – Jun 1, 2024",1716681600,26,0.9166
tv stand,2,False,"May 26 – Jun 1, 2024",1716681600,14,0.4935
kitchen cabinets,2,False,"May 26 – Jun 1, 2024",1716681600,14,0.4935
closet organizer,2,False,"May 26 – Jun 1, 2024",1716681600,3,0.1058
custom sofa,2,False,"May 26 – Jun 1, 2024",1716681600,0,0.0
dining table,2,True,"Jun 2 – 8, 2024",1717286400,23,0.8108
tv stand,2,False,"Jun 2 – 8, 2024",1717286400,14,0.4935
kitchen cabinets,2,False,"Jun 2 – 8, 2024",1717286400,14,0.4935
closet organizer,2,False,"Jun 2 – 8, 2024",1717286400,3,0.1058
custom sofa,2,False,"Jun 2 – 8, 2024",1717286400,0,0.0
dining table,2,True,"Jun 9 – 15, 2024",1717891200,24,0.8461
tv stand,2,False,"Jun 9 – 15, 2024",1717891200,13,0.4583
kitchen cabinets,2,False,"Jun 9 – 15, 2024",1717891200,14,0.4935
closet organizer,2,False,"Jun 9 – 15, 2024",1717891200,3,0.1058
custom sofa,2,False,"Jun 9 – 15, 2024",1717891200,0,0.0
dining table,2,True,"Jun 16 – 22, 2024",1718496000,25,0.8813
tv stand,2,False,"Jun 16 – 22, 2024",1718496000,12,0.423
kitchen cabinets,2,False,"Jun 16 – 22, 2024",1718496000,14,0.4935
closet organizer,2,False,"Jun 16 – 22, 2024",1718496000,3,0.1058
custom sofa,2,False,"Jun 16 – 22, 2024",1718496000,0,0.0
dining table,2,True,"Jun 23 – 29, 2024",1719100800,25,0.8813
tv stand,2,False,"Jun 23 – 29, 2024",1719100800,13,0.4583
kitchen cabinets,2,False,"Jun 23 – 29, 2024",1719100800,14,0.4935
closet organizer,2,False,"Jun 23 – 29, 2024",1719100800,3,0.1058
custom sofa,2,False,"Jun 23 – 29, 2024",1719100800,0,0.0
dining table,2,True,"Jun 30 – Jul 6, 2024",1719705600,28,0.9871
tv stand,2,False,"Jun 30 – Jul 6, 2024",1719705600,15,0.5288
kitchen cabinets,2,False,"Jun 30 – Jul 6, 2024",1719705600,15,0.5288
closet organizer,2,False,"Jun 30 – Jul 6, 2024",1719705600,3,0.1058
custom sofa,2,False,"Jun 30 – Jul 6, 2024",1719705600,0,0.0
dining table,2,True,"Jul 7 – 13, 2024",1720310400,25,0.8813
tv stand,2,False,"Jul 7 – 13, 2024",1720310400,13,0.4583
kitchen cabinets,2,False,"Jul 7 – 13, 2024",1720310400,15,0.5288
closet organizer,2,False,"Jul 7 – 13, 2024",1720310400,3,0.1058
custom sofa,2,False,"Jul 7 – 13, 2024",1720310400,0,0.0
dining table,2,True,"Jul 14 – 20, 2024",1720915200,23,0.8108
tv stand,2,False,"Jul 14 – 20, 2024",1720915200,16,0.564
kitchen cabinets,2,False,"Jul 14 – 20, 2024",1720915200,14,0.4935
closet organizer,2,False,"Jul 14 – 20, 2024",1720915200,3,0.1058
custom sofa,2,False,"Jul 14 – 20, 2024",1720915200,0,0.0
dining table,2,True,"Jul 21 – 27, 2024",1721520000,25,0.8813
tv stand,2,False,"Jul 21 – 27, 2024",1721520000,16,0.564
kitchen cabinets,2,False,"Jul 21 – 27, 2024",1721520000,15,0.5288
closet organizer,2,False,"Jul 21 – 27, 2024",1721520000,3,0.1058
custom sofa,2,False,"Jul 21 – 27, 2024",1721520000,0,0.0
dining table,2,True,"Jul 28 – Aug 3, 2024",1722124800,26,0.9166
tv stand,2,False,"Jul 28 – Aug 3, 2024",1722124800,16,0.564
kitchen cabinets,2,False,"Jul 28 – Aug 3, 2024",1722124800,14,0.4935
closet organizer,2,False,"Jul 28 – Aug 3, 2024",1722124800,3,0.1058
custom sofa,2,False,"Jul 28 – Aug 3, 2024",1722124800,0,0.0
dining table,2,True,"Aug 4 – 10, 2024",1722729600,26,0.9166
tv stand,2,False,"Aug 4 – 10, 2024",1722729600,17,0.5993
kitchen cabinets,2,False,"Aug 4 – 10, 2024",1722729600,15,0.5288
closet organizer,2,False,"Aug 4 – 10, 2024",1722729600,3,0.1058
custom sofa,2,False,"Aug 4 – 10, 2024",1722729600,0,0.0
dining table,2,True,"Aug 11 – 17, 2024",1723334400,27,0.9518
tv stand,2,False,"Aug 11 – 17, 2024",1723334400,17,0.5993
kitchen cabinets,2,False,"Aug 11 – 17, 2024",1723334400,16,0.564
closet organizer,2,False,"Aug 11 – 17, 2024",1723334400,3,0.1058
custom sofa,2,False,"Aug 11 – 17, 2024",1723334400,0,0.0
dining table,2,True,"Aug 18 – 24, 2024",1723939200,27,0.9518
tv stand,2,False,"Aug 18 – 24, 2024",1723939200,17,0.5993
kitchen cabinets,2,False,"Aug 18 – 24, 2024",1723939200,15,0.5288
closet organizer,2,False,"Aug 18 – 24, 2024",1723939200,3,0.1058
custom sofa,2,False,"Aug 18 – 24, 2024",1723939200,0,0.0
dining table,2,True,"Aug 25 – 31, 2024",1724544000,25,0.8813
tv stand,2,False,"Aug 25 – 31, 2024",1724544000,16,0.564
kitchen cabinets,2,False,"Aug 25 – 31, 2024",1724544000,14,0.4935
closet organizer,2,False,"Aug 25 – 31, 2024",1724544000,3,0.1058
custom sofa,2,False,"Aug 25 – 31, 2024",1724544000,0,0.0
dining table,2,True,"Sep 1 – 7, 2024",1725148800,27,0.9518
tv stand,2,False,"Sep 1 – 7, 2024",1725148800,18,0.6346
kitchen cabinets,2,False,"Sep 1 – 7, 2024",1725148800,15,0.5288
closet organizer,2,False,"Sep 1 – 7, 2024",1725148800,3,0.1058
custom sofa,2,False,"Sep 1 – 7, 2024",1725148800,0,0.0
dining table,2,True,"Sep 8 – 14, 2024",1725753600,24,0.8461
tv stand,2,False,"Sep 8 – 14, 2024",1725753600,15,0.5288
kitchen cabinets,2,False,"Sep 8 – 14, 2024",1725753600,14,0.4935
closet organizer,2,False,"Sep 8 – 14, 2024",1725753600,3,0.1058
custom sofa,2,False,"Sep 8 – 14, 2024",1725753600,0,0.0
dining table,2,True,"Sep 15 – 21, 2024",1726358400,23,0.8108
tv stand,2,False,"Sep 15 – 21, 2024",1726358400,15,0.5288
kitchen cabinets,2,False,"Sep 15 – 21, 2024",1726358400,14,0.4935
closet organizer,2,False,"Sep 15 – 21, 2024",1726358400,3,0.1058
custom sofa,2,False,"Sep 15 – 21, 2024",1726358400,0,0.0
dining table,2,True,"Sep 22 – 28, 2024",1726963200,23,0.8108
tv stand,2,False,"Sep 22 – 28, 2024",1726963200,14,0.4935
kitchen cabinets,2,False,"Sep 22 – 28, 2024",1726963200,15,0.5288
closet organizer,2,False,"Sep 22 – 28, 2024",1726963200,3,0.1058
custom sofa,2,False,"Sep 22 – 28, 2024",1726963200,0,0.0
dining table,2,True,"Sep 29 – Oct 5, 2024",1727568000,23,0.8108
tv stand,2,False,"Sep 29 – Oct 5, 2024",1727568000,14,0.4935
kitchen cabinets,2,False,"Sep 29 – Oct 5, 2024",1727568000,14,0.4935
closet organizer,2,False,"Sep 29 – Oct 5, 2024",1727568000,2,0.0705
custom sofa,2,False,"Sep 29 – Oct 5, 2024",1727568000,0,0.0
dining table,2,True,"Oct 6 – 12, 2024",1728172800,23,0.8108
tv stand,2,False,"Oct 6 – 12, 2024",1728172800,14,0.4935
kitchen cabinets,2,False,"Oct 6 – 12, 2024",1728172800,13,0.4583
closet organizer,2,False,"Oct 6 – 12, 2024",1728172800,3,0.1058
custom sofa,2,False,"Oct 6 – 12, 2024",1728172800,0,0.0
dining table,2,True,"Oct 13 – 19, 2024",1728777600,24,0.8461
tv stand,2,False,"Oct 13 – 19, 2024",1728777600,15,0.5288
kitchen cabinets,2,False,"Oct 13 – 19, 2024",1728777600,14,0.4935
closet organizer,2,False,"Oct 13 – 19, 2024",1728777600,2,0.0705
custom sofa,2,False,"Oct 13 – 19, 2024",1728777600,0,0.0
dining table,2,True,"Oct 20 – 26, 2024",1729382400,24,0.8461
tv stand,2,False,"Oct 20 – 26, 2024",1729382400,14,0.4935
kitchen cabinets,2,False,"Oct 20 – 26, 2024",1729382400,14,0.4935
closet organizer,2,False,"Oct 20 – 26, 2024",1729382400,3,0.1058
custom sofa,2,False,"Oct 20 – 26, 2024",1729382400,0,0.0
dining table,2,True,"Oct 27 – Nov 2, 2024",1729987200,24,0.8461
tv stand,2,False,"Oct 27 – Nov 2, 2024",1729987200,14,0.4935
kitchen cabinets,2,False,"Oct 27 – Nov 2, 2024",1729987200,14,0.4935
closet organizer,2,False,"Oct 27 – Nov 2, 2024",1729987200,3,0.1058
custom sofa,2,False,"Oct 27 – Nov 2, 2024",1729987200,0,0.0
dining table,2,True,"Nov 3 – 9, 2024",1730592000,25,0.8813
tv stand,2,False,"Nov 3 – 9, 2024",1730592000,16,0.564
kitchen cabinets,2,False,"Nov 3 – 9, 2024",1730592000,14,0.4935
closet organizer,2,False,"Nov 3 – 9, 2024",1730592000,3,0.1058
custom sofa,2,False,"Nov 3 – 9, 2024",1730592000,0,0.0
dining table,2,True,"Nov 10 – 16, 2024",1731196800,28,0.9871
tv stand,2,False,"Nov 10 – 16, 2024",1731196800,19,0.6698
kitchen cabinets,2,False,"Nov 10 – 16, 2024",1731196800,16,0.564
closet organizer,2,False,"Nov 10 – 16, 2024",1731196800,3,0.1058
custom sofa,2,False,"Nov 10 – 16, 2024",1731196800,0,0.0
dining table,2,True,"Nov 17 – 23, 2024",1731801600,30,1.0576
tv stand,2,False,"Nov 17 – 23, 2024",1731801600,21,0.7403
kitchen cabinets,2,False,"Nov 17 – 23, 2024",1731801600,15,0.5288
closet organizer,2,False,"Nov 17 – 23, 2024",1731801600,3,0.1058
custom sofa,2,False,"Nov 17 – 23, 2024",1731801600,0,0.0
dining table,2,True,"Nov 24 – 30, 2024",1732406400,32,1.1281
tv stand,2,False,"Nov 24 – 30, 2024",1732406400,27,0.9518
kitchen cabinets,2,False,"Nov 24 – 30, 2024",1732406400,15,0.5288
closet organizer,2,False,"Nov 24 – 30, 2024",1732406400,3,0.1058
custom sofa,2,False,"Nov 24 – 30, 2024",1732406400,0,0.0
dining table,2,True,"Dec 1 – 7, 2024",1733011200,24,0.8461
tv stand,2,False,"Dec 1 – 7, 2024",1733011200,22,0.7756
kitchen cabinets,2,False,"Dec 1 – 7, 2024",1733011200,14,0.4935
closet organizer,2,False,"Dec 1 – 7, 2024",1733011200,3,0.1058
custom sofa,2,False,"Dec 1 – 7, 2024",1733011200,0,0.0
dining table,2,True,"Dec 8 – 14, 2024",1733616000,22,0.7756
tv stand,2,False,"Dec 8 – 14, 2024",1733616000,17,0.5993
kitchen cabinets,2,False,"Dec 8 – 14, 2024",1733616000,12,0.423
closet organizer,2,False,"Dec 8 – 14, 2024",1733616000,3,0.1058
custom sofa,2,False,"Dec 8 – 14, 2024",1733616000,0,0.0
dining table,2,True,"Dec 15 – 21, 2024",1734220800,21,0.7403
tv stand,2,False,"Dec 15 – 21, 2024",1734220800,17,0.5993
kitchen cabinets,2,False,"Dec 15 – 21, 2024",1734220800,13,0.4583
closet organizer,2,False,"Dec 15 – 21, 2024",1734220800,3,0.1058
custom sofa,2,False,"Dec 15 – 21, 2024",1734220800,0,0.0
dining table,2,True,"Dec 22 – 28, 2024",1734825600,25,0.8813
tv stand,2,False,"Dec 22 – 28, 2024",1734825600,21,0.7403
kitchen cabinets,2,False,"Dec 22 – 28, 2024",1734825600,13,0.4583
closet organizer,2,False,"Dec 22 – 28, 2024",1734825600,4,0.141
custom sofa,2,False,"Dec 22 – 28, 2024",1734825600,0,0.0
dining table,2,True,"Dec 29, 2024 – Jan 4, 2025",1735430400,30,1.0576
tv stand,2,False,"Dec 29, 2024 – Jan 4, 2025",1735430400,22,0.7756
kitchen cabinets,2,False,"Dec 29, 2024 – Jan 4, 2025",1735430400,20,0.7051
closet organizer,2,False,"Dec 29, 2024 – Jan 4, 2025",1735430400,5,0.1763
custom sofa,2,False,"Dec 29, 2024 – Jan 4, 2025",1735430400,0,0.0
dining table,2,True,"Jan 5 – 11, 2025",1736035200,25,0.8813
tv stand,2,False,"Jan 5 – 11, 2025",1736035200,18,0.6346
kitchen cabinets,2,False,"Jan 5 – 11, 2025",1736035200,17,0.5993
closet organizer,2,False,"Jan 5 – 11, 2025",1736035200,4,0.141
custom sofa,2,False,"Jan 5 – 11, 2025",1736035200,0,0.0
dining table,2,True,"Jan 12 – 18, 2025",1736640000,25,0.8813
tv stand,2,False,"Jan 12 – 18, 2025",1736640000,17,0.5993
kitchen cabinets,2,False,"Jan 12 – 18, 2025",1736640000,18,0.6346
closet organizer,2,False,"Jan 12 – 18, 2025",1736640000,3,0.1058
custom sofa,2,False,"Jan 12 – 18, 2025",1736640000,0,0.0
dining table,2,True,"Jan 19 – 25, 2025",1737244800,26,0.9166
tv stand,2,False,"Jan 19 – 25, 2025",1737244800,16,0.564
kitchen cabinets,2,False,"Jan 19 – 25, 2025",1737244800,19,0.6698
closet organizer,2,False,"Jan 19 – 25, 2025",1737244800,3,0.1058
custom sofa,2,False,"Jan 19 – 25, 2025",1737244800,0,0.0
dining table,2,True,"Jan 26 – Feb 1, 2025",1737849600,23,0.8108
tv stand,2,False,"Jan 26 – Feb 1, 2025",1737849600,15,0.5288
kitchen cabinets,2,False,"Jan 26 – Feb 1, 2025",1737849600,19,0.6698
closet organizer,2,False,"Jan 26 – Feb 1, 2025",1737849600,3,0.1058
custom sofa,2,False,"Jan 26 – Feb 1, 2025",1737849600,0,0.0
dining table,2,True,"Feb 2 – 8, 2025",1738454400,24,0.8461
tv stand,2,False,"Feb 2 – 8, 2025",1738454400,15,0.5288
kitchen cabinets,2,False,"Feb 2 – 8, 2025",1738454400,17,0.5993
closet organizer,2,False,"Feb 2 – 8, 2025",1738454400,3,0.1058
custom sofa,2,False,"Feb 2 – 8, 2025",1738454400,0,0.0
dining table,2,True,"Feb 9 – 15, 2025",1739059200,22,0.7756
tv stand,2,False,"Feb 9 – 15, 2025",1739059200,14,0.4935
kitchen cabinets,2,False,"Feb 9 – 15, 2025",1739059200,16,0.564
closet organizer,2,False,"Feb 9 – 15, 2025",1739059200,2,0.0705
custom sofa,2,False,"Feb 9 – 15, 2025",1739059200,0,0.0
dining table,2,True,"Feb 16 – 22, 2025",1739664000,25,0.8813
tv stand,2,False,"Feb 16 – 22, 2025",1739664000,16,0.564
kitchen cabinets,2,False,"Feb 16 – 22, 2025",1739664000,18,0.6346
closet organizer,2,False,"Feb 16 – 22, 2025",1739664000,3,0.1058
custom sofa,2,False,"Feb 16 – 22, 2025",1739664000,0,0.0
dining table,2,True,"Feb 23 – Mar 1, 2025",1740268800,25,0.8813
tv stand,2,False,"Feb 23 – Mar 1, 2025",1740268800,15,0.5288
kitchen cabinets,2,False,"Feb 23 – Mar 1, 2025",1740268800,17,0.5993
closet organizer,2,False,"Feb 23 – Mar 1, 2025",1740268800,3,0.1058
custom sofa,2,False,"Feb 23 – Mar 1, 2025",1740268800,0,0.0
dining table,2,True,"Mar 2 – 8, 2025",1740873600,25,0.8813
tv stand,2,False,"Mar 2 – 8, 2025",1740873600,14,0.4935
kitchen cabinets,2,False,"Mar 2 – 8, 2025",1740873600,17,0.5993
closet organizer,2,False,"Mar 2 – 8, 2025",1740873600,3,0.1058
custom sofa,2,False,"Mar 2 – 8, 2025",1740873600,0,0.0
dining table,2,True,"Mar 9 – 15, 2025",1741478400,26,0.9166
tv stand,2,False,"Mar 9 – 15, 2025",1741478400,14,0.4935
kitchen cabinets,2,False,"Mar 9 – 15, 2025",1741478400,17,0.5993
closet organizer,2,False,"Mar 9 – 15, 2025",1741478400,3,0.1058
custom sofa,2,False,"Mar 9 – 15, 2025",1741478400,0,0.0
dining table,2,True,"Mar 16 – 22, 2025",1742083200,25,0.8813
tv stand,2,False,"Mar 16 – 22, 2025",1742083200,14,0.4935
kitchen cabinets,2,False,"Mar 16 – 22, 2025",1742083200,17,0.5993
closet organizer,2,False,"Mar 16 – 22, 2025",1742083200,3,0.1058
custom sofa,2,False,"Mar 16 – 22, 2025",1742083200,0,0.0
dining table,2,True,"Mar 23 – 29, 2025",1742688000,24,0.8461
tv stand,2,False,"Mar 23 – 29, 2025",1742688000,13,0.4583
kitchen cabinets,2,False,"Mar 23 – 29, 2025",1742688000,17,0.5993
closet organizer,2,False,"Mar 23 – 29, 2025",1742688000,3,0.1058
custom sofa,2,False,"Mar 23 – 29, 2025",1742688000,0,0.0
dining table,2,True,"Mar 30 – Apr 5, 2025",1743292800,24,0.8461
tv stand,2,False,"Mar 30 – Apr 5, 2025",1743292800,12,0.423
kitchen cabinets,2,False,"Mar 30 – Apr 5, 2025",1743292800,16,0.564
closet organizer,2,False,"Mar 30 – Apr 5, 2025",1743292800,3,0.1058
custom sofa,2,False,"Mar 30 – Apr 5, 2025",1743292800,0,0.0
dining table,2,True,"Apr 6 – 12, 2025",1743897600,24,0.8461
tv stand,2,False,"Apr 6 – 12, 2025",1743897600,12,0.423
kitchen cabinets,2,False,"Apr 6 – 12, 2025",1743897600,16,0.564
closet organizer,2,False,"Apr 6 – 12, 2025",1743897600,2,0.0705
custom sofa,2,False,"Apr 6 – 12, 2025",1743897600,0,0.0
dining table,2,True,"Apr 13 – 19, 2025",1744502400,24,0.8461
tv stand,2,False,"Apr 13 – 19, 2025",1744502400,13,0.4583
kitchen cabinets,2,False,"Apr 13 – 19, 2025",1744502400,14,0.4935
closet organizer,2,False,"Apr 13 – 19, 2025",1744502400,3,0.1058
custom sofa,2,False,"Apr 13 – 19, 2025",1744502400,0,0.0
dining table,2,True,"Apr 20 – 26, 2025",1745107200,25,0.8813
tv stand,2,False,"Apr 20 – 26, 2025",1745107200,12,0.423
kitchen cabinets,2,False,"Apr 20 – 26, 2025",1745107200,15,0.5288
closet organizer,2,False,"Apr 20 – 26, 2025",1745107200,3,0.1058
custom sofa,2,False,"Apr 20 – 26, 2025",1745107200,0,0.0
dining table,2,True,"Apr 27 – May 3, 2025",1745712000,25,0.8813
tv stand,2,False,"Apr 27 – May 3, 2025",1745712000,12,0.423
kitchen cabinets,2,False,"Apr 27 – May 3, 2025",1745712000,15,0.5288
closet organizer,2,False,"Apr 27 – May 3, 2025",1745712000,3,0.1058
custom sofa,2,False,"Apr 27 – May 3, 2025",1745712000,0,0.0
dining table,2,True,"May 4 – 10, 2025",1746316800,25,0.8813
tv stand,2,False,"May 4 – 10, 2025",1746316800,13,0.4583
kitchen cabinets,2,False,"May 4 – 10, 2025",1746316800,15,0.5288
closet organizer,2,False,"May 4 – 10, 2025",1746316800,2,0.0705
custom sofa,2,False,"May 4 – 10, 2025",1746316800,0,0.0
dining table,2,True,"May 11 – 17, 2025",1746921600,25,0.8813
tv stand,2,False,"May 11 – 17, 2025",1746921600,12,0.423
kitchen cabinets,2,False,"May 11 – 17, 2025",1746921600,14,0.4935
closet organizer,2,False,"May 11 – 17, 2025",1746921600,2,0.0705
custom sofa,2,False,"May 11 – 17, 2025",1746921600,0,0.0
dining table,2,True,"May 18 – 24, 2025",1747526400,25,0.8813
tv stand,2,False,"May 18 – 24, 2025",1747526400,13,0.4583
kitchen cabinets,2,False,"May 18 – 24, 2025",1747526400,15,0.5288
closet organizer,2,False,"May 18 – 24, 2025",1747526400,3,0.1058
custom sofa,2,False,"May 18 – 24, 2025",1747526400,0,0.0
dining table,2,True,"May 25 – 31, 2025",1748131200,27,0.9518
tv stand,2,False,"May 25 – 31, 2025",1748131200,14,0.4935
kitchen cabinets,2,False,"May 25 – 31, 2025",1748131200,14,0.4935
closet organizer,2,False,"May 25 – 31, 2025",1748131200,3,0.1058
custom sofa,2,False,"May 25 – 31, 2025",1748131200,0,0.0
dining table,2,True,"Jun 1 – 7, 2025",1748736000,24,0.8461
tv stand,2,False,"Jun 1 – 7, 2025",1748736000,14,0.4935
kitchen cabinets,2,False,"Jun 1 – 7, 2025",1748736000,14,0.4935
closet organizer,2,False,"Jun 1 – 7, 2025",1748736000,3,0.1058
custom sofa,2,False,"Jun 1 – 7, 2025",1748736000,0,0.0
dining table,2,True,"Jun 8 – 14, 2025",1749340800,24,0.8461
tv stand,2,False,"Jun 8 – 14, 2025",1749340800,13,0.4583
kitchen cabinets,2,False,"Jun 8 – 14, 2025",1749340800,14,0.4935
closet organizer,2,False,"Jun 8 – 14, 2025",1749340800,3,0.1058
custom sofa,2,False,"Jun 8 – 14, 2025",1749340800,0,0.0
dining table,2,True,"Jun 15 – 21, 2025",1749945600,26,0.9166
tv stand,2,False,"Jun 15 – 21, 2025",1749945600,14,0.4935
kitchen cabinets,2,False,"Jun 15 – 21, 2025",1749945600,15,0.5288
closet organizer,2,False,"Jun 15 – 21, 2025",1749945600,3,0.1058
custom sofa,2,False,"Jun 15 – 21, 2025",1749945600,0,0.0
dining table,2,True,"Jun 22 – 28, 2025",1750550400,25,0.8813
tv stand,2,False,"Jun 22 – 28, 2025",1750550400,13,0.4583
kitchen cabinets,2,False,"Jun 22 – 28, 2025",1750550400,15,0.5288
closet organizer,2,False,"Jun 22 – 28, 2025",1750550400,3,0.1058
custom sofa,2,False,"Jun 22 – 28, 2025",1750550400,0,0.0
dining table,2,True,"Jun 29 – Jul 5, 2025",1751155200,27,0.9518
tv stand,2,False,"Jun 29 – Jul 5, 2025",1751155200,14,0.4935
kitchen cabinets,2,False,"Jun 29 – Jul 5, 2025",1751155200,16,0.564
closet organizer,2,False,"Jun 29 – Jul 5, 2025",1751155200,3,0.1058
custom sofa,2,False,"Jun 29 – Jul 5, 2025",1751155200,0,0.0
dining table,2,True,"Jul 6 – 12, 2025",1751760000,28,0.9871
tv stand,2,False,"Jul 6 – 12, 2025",1751760000,20,0.7051
kitchen cabinets,2,False,"Jul 6 – 12, 2025",1751760000,18,0.6346
closet organizer,2,False,"Jul 6 – 12, 2025",1751760000,3,0.1058
custom sofa,2,False,"Jul 6 – 12, 2025",1751760000,0,0.0
dining table,2,True,"Jul 13 – 19, 2025",1752364800,29,1.0223
tv stand,2,False,"Jul 13 – 19, 2025",1752364800,16,0.564
kitchen cabinets,2,False,"Jul 13 – 19, 2025",1752364800,17,0.5993
closet organizer,2,False,"Jul 13 – 19, 2025",1752364800,3,0.1058
custom sofa,2,False,"Jul 13 – 19, 2025",1752364800,0,0.0
dining table,2,True,"Jul 20 – 26, 2025",1752969600,27,0.9518
tv stand,2,False,"Jul 20 – 26, 2025",1752969600,18,0.6346
kitchen cabinets,2,False,"Jul 20 – 26, 2025",1752969600,18,0.6346
closet organizer,2,False,"Jul 20 – 26, 2025",1752969600,3,0.1058
custom sofa,2,False,"Jul 20 – 26, 2025",1752969600,0,0.0
dining table,2,True,"Jul 27 – Aug 2, 2025",1753574400,28,0.9871
tv stand,2,False,"Jul 27 – Aug 2, 2025",1753574400,18,0.6346
kitchen cabinets,2,False,"Jul 27 – Aug 2, 2025",1753574400,16,0.564
closet organizer,2,False,"Jul 27 – Aug 2, 2025",1753574400,3,0.1058
custom sofa,2,False,"Jul 27 – Aug 2, 2025",1753574400,0,0.0
dining table,2,True,"Aug 3 – 9, 2025",1754179200,28,0.9871
tv stand,2,False,"Aug 3 – 9, 2025",1754179200,18,0.6346
kitchen cabinets,2,False,"Aug 3 – 9, 2025",1754179200,17,0.5993
closet organizer,2,False,"Aug 3 – 9, 2025",1754179200,3,0.1058
custom sofa,2,False,"Aug 3 – 9, 2025",1754179200,0,0.0
dining table,2,True,"Aug 10 – 16, 2025",1754784000,27,0.9518
tv stand,2,False,"Aug 10 – 16, 2025",1754784000,17,0.5993
kitchen cabinets,2,False,"Aug 10 – 16, 2025",1754784000,17,0.5993
closet organizer,2,False,"Aug 10 – 16, 2025",1754784000,3,0.1058
custom sofa,2,False,"Aug 10 – 16, 2025",1754784000,0,0.0
dining table,2,True,"Aug 17 – 23, 2025",1755388800,26,0.9166
tv stand,2,False,"Aug 17 – 23, 2025",1755388800,16,0.564
kitchen cabinets,2,False,"Aug 17 – 23, 2025",1755388800,16,0.564
closet organizer,2,False,"Aug 17 – 23, 2025",1755388800,3,0.1058
custom sofa,2,False,"Aug 17 – 23, 2025",1755388800,0,0.0
dining table,2,True,"Aug 24 – 30, 2025",1755993600,27,0.9518
tv stand,2,False,"Aug 24 – 30, 2025",1755993600,16,0.564
kitchen cabinets,2,False,"Aug 24 – 30, 2025",1755993600,17,0.5993
closet organizer,2,False,"Aug 24 – 30, 2025",1755993600,3,0.1058
custom sofa,2,False,"Aug 24 – 30, 2025",1755993600,0,0.0
dining table,2,True,"Aug 31 – Sep 6, 2025",1756598400,29,1.0223
tv stand,2,False,"Aug 31 – Sep 6, 2025",1756598400,18,0.6346
kitchen cabinets,2,False,"Aug 31 – Sep 6, 2025",1756598400,17,0.5993
closet organizer,2,False,"Aug 31 – Sep 6, 2025",1756598400,3,0.1058
custom sofa,2,False,"Aug 31 – Sep 6, 2025",1756598400,0,0.0
dining table,2,True,"Sep 7 – 13, 2025",1757203200,24,0.8461
tv stand,2,False,"Sep 7 – 13, 2025",1757203200,14,0.4935
kitchen cabinets,2,False,"Sep 7 – 13, 2025",1757203200,14,0.4935
closet organizer,2,False,"Sep 7 – 13, 2025",1757203200,3,0.1058
custom sofa,2,False,"Sep 7 – 13, 2025",1757203200,0,0.0
dining table,2,True,"Sep 14 – 20, 2025",1757808000,23,0.8108
tv stand,2,False,"Sep 14 – 20, 2025",1757808000,15,0.5288
kitchen cabinets,2,False,"Sep 14 – 20, 2025",1757808000,14,0.4935
closet organizer,2,False,"Sep 14 – 20, 2025",1757808000,3,0.1058
custom sofa,2,False,"Sep 14 – 20, 2025",1757808000,0,0.0
dining table,2,True,"Sep 21 – 27, 2025",1758412800,25,0.8813
tv stand,2,False,"Sep 21 – 27, 2025",1758412800,14,0.4935
kitchen cabinets,2,False,"Sep 21 – 27, 2025",1758412800,16,0.564
closet organizer,2,False,"Sep 21 – 27, 2025",1758412800,3,0.1058
custom sofa,2,False,"Sep 21 – 27, 2025",1758412800,0,0.0
dining table,2,True,"Sep 28 – Oct 4, 2025",1759017600,24,0.8461
tv stand,2,False,"Sep 28 – Oct 4, 2025",1759017600,14,0.4935
kitchen cabinets,2,False,"Sep 28 – Oct 4, 2025",1759017600,15,0.5288
closet organizer,2,False,"Sep 28 – Oct 4, 2025",1759017600,3,0.1058
custom sofa,2,False,"Sep 28 – Oct 4, 2025",1759017600,0,0.0
dining table,2,True,"Oct 5 – 11, 2025",1759622400,24,0.8461
tv stand,2,False,"Oct 5 – 11, 2025",1759622400,14,0.4935
kitchen cabinets,2,False,"Oct 5 – 11, 2025",1759622400,15,0.5288
closet organizer,2,False,"Oct 5 – 11, 2025",1759622400,2,0.0705
custom sofa,2,False,"Oct 5 – 11, 2025",1759622400,0,0.0
dining table,2,True,"Oct 12 – 18, 2025",1760227200,24,0.8461
tv stand,2,False,"Oct 12 – 18, 2025",1760227200,15,0.5288
kitchen cabinets,2,False,"Oct 12 – 18, 2025",1760227200,15,0.5288
closet organizer,2,False,"Oct 12 – 18, 2025",1760227200,3,0.1058
custom sofa,2,False,"Oct 12 – 18, 2025",1760227200,0,0.0
dining table,2,True,"Oct 19 – 25, 2025",1760832000,24,0.8461
tv stand,2,False,"Oct 19 – 25, 2025",1760832000,14,0.4935
kitchen cabinets,2,False,"Oct 19 – 25, 2025",1760832000,16,0.564
closet organizer,2,False,"Oct 19 – 25, 2025",1760832000,2,0.0705
custom sofa,2,False,"Oct 19 – 25, 2025",1760832000,0,0.0
dining table,2,True,"Oct 26 – Nov 1, 2025",1761436800,25,0.8813
tv stand,2,False,"Oct 26 – Nov 1, 2025",1761436800,15,0.5288
kitchen cabinets,2,False,"Oct 26 – Nov 1, 2025",1761436800,15,0.5288
closet organizer,2,False,"Oct 26 – Nov 1, 2025",1761436800,3,0.1058
custom sofa,2,False,"Oct 26 – Nov 1, 2025",1761436800,0,0.0
dining table,2,True,"Nov 2 – 8, 2025",1762041600,29,1.0223
tv stand,2,False,"Nov 2 – 8, 2025",1762041600,18,0.6346
kitchen cabinets,2,False,"Nov 2 – 8, 2025",1762041600,17,0.5993
closet organizer,2,False,"Nov 2 – 8, 2025",1762041600,3,0.1058
custom sofa,2,False,"Nov 2 – 8, 2025",1762041600,0,0.0
dining table,2,True,"Nov 9 – 15, 2025",1762646400,31,1.0928
tv stand,2,False,"Nov 9 – 15, 2025",1762646400,20,0.7051
kitchen cabinets,2,False,"Nov 9 – 15, 2025",1762646400,18,0.6346
closet organizer,2,False,"Nov 9 – 15, 2025",1762646400,3,0.1058
custom sofa,2,False,"Nov 9 – 15, 2025",1762646400,0,0.0
dining table,2,True,"Nov 16 – 22, 2025",1763251200,29,1.0223
tv stand,2,False,"Nov 16 – 22, 2025",1763251200,21,0.7403
kitchen cabinets,2,False,"Nov 16 – 22, 2025",1763251200,17,0.5993
closet organizer,2,False,"Nov 16 – 22, 2025",1763251200,3,0.1058
custom sofa,2,False,"Nov 16 – 22, 2025",1763251200,0,0.0
dining table,2,True,"Nov 23 – 29, 2025",1763856000,34,1.1986
tv stand,2,False,"Nov 23 – 29, 2025",1763856000,28,0.9871
kitchen cabinets,2,False,"Nov 23 – 29, 2025",1763856000,16,0.564
closet organizer,2,False,"Nov 23 – 29, 2025",1763856000,3,0.1058
custom sofa,2,False,"Nov 23 – 29, 2025",1763856000,0,0.0
dining table,2,True,"Nov 30 – Dec 6, 2025",1764460800,26,0.9166
tv stand,2,False,"Nov 30 – Dec 6, 2025",1764460800,24,0.8461
kitchen cabinets,2,False,"Nov 30 – Dec 6, 2025",1764460800,16,0.564
closet organizer,2,False,"Nov 30 – Dec 6, 2025",1764460800,3,0.1058
custom sofa,2,False,"Nov 30 – Dec 6, 2025",1764460800,0,0.0
dining table,2,True,"Dec 7 – 13, 2025",1765065600,23,0.8108
tv stand,2,False,"Dec 7 – 13, 2025",1765065600,17,0.5993
kitchen cabinets,2,False,"Dec 7 – 13, 2025",1765065600,14,0.4935
closet organizer,2,False,"Dec 7 – 13, 2025",1765065600,3,0.1058
custom sofa,2,False,"Dec 7 – 13, 2025",1765065600,0,0.0
dining table,2,True,"Dec 14 – 20, 2025",1765670400,20,0.7051
tv stand,2,False,"Dec 14 – 20, 2025",1765670400,18,0.6346
kitchen cabinets,2,False,"Dec 14 – 20, 2025",1765670400,13,0.4583
closet organizer,2,False,"Dec 14 – 20, 2025",1765670400,2,0.0705
custom sofa,2,False,"Dec 14 – 20, 2025",1765670400,0,0.0
dining table,2,True,"Dec 21 – 27, 2025",1766275200,23,0.8108
tv stand,2,False,"Dec 21 – 27, 2025",1766275200,21,0.7403
kitchen cabinets,2,False,"Dec 21 – 27, 2025",1766275200,13,0.4583
closet organizer,2,False,"Dec 21 – 27, 2025",1766275200,3,0.1058
custom sofa,2,False,"Dec 21 – 27, 2025",1766275200,0,0.0
dining table,2,True,"Dec 28, 2025 – Jan 3, 2026",1766880000,31,1.0928
tv stand,2,False,"Dec 28, 2025 – Jan 3, 2026",1766880000,22,0.7756
kitchen cabinets,2,False,"Dec 28, 2025 – Jan 3, 2026",1766880000,20,0.7051
closet organizer,2,False,"Dec 28, 2025 – Jan 3, 2026",1766880000,5,0.1763
custom sofa,2,False,"Dec 28, 2025 – Jan 3, 2026",1766880000,0,0.0
dining table,2,True,"Jan 4 – 10, 2026",1767484800,26,0.9166
tv stand,2,False,"Jan 4 – 10, 2026",1767484800,18,0.6346
kitchen cabinets,2,False,"Jan 4 – 10, 2026",1767484800,19,0.6698
closet organizer,2,False,"Jan 4 – 10, 2026",1767484800,3,0.1058
custom sofa,2,False,"Jan 4 – 10, 2026",1767484800,0,0.0
dining table,2,True,"Jan 11 – 17, 2026",1768089600,25,0.8813
tv stand,2,False,"Jan 11 – 17, 2026",1768089600,17,0.5993
kitchen cabinets,2,False,"Jan 11 – 17, 2026",1768089600,19,0.6698
closet organizer,2,False,"Jan 11 – 17, 2026",1768089600,3,0.1058
custom sofa,2,False,"Jan 11 – 17, 2026",1768089600,0,0.0
dining table,2,True,"Jan 18 – 24, 2026",1768694400,25,0.8813
tv stand,2,False,"Jan 18 – 24, 2026",1768694400,17,0.5993
kitchen cabinets,2,False,"Jan 18 – 24, 2026",1768694400,19,0.6698
closet organizer,2,False,"Jan 18 – 24, 2026",1768694400,3,0.1058
custom sofa,2,False,"Jan 18 – 24, 2026",1768694400,0,0.0
dining table,2,True,"Jan 25 – 31, 2026",1769299200,24,0.8461
tv stand,2,False,"Jan 25 – 31, 2026",1769299200,16,0.564
kitchen cabinets,2,False,"Jan 25 – 31, 2026",1769299200,18,0.6346
closet organizer,2,False,"Jan 25 – 31, 2026",1769299200,3,0.1058
custom sofa,2,False,"Jan 25 – 31, 2026",1769299200,0,0.0
dining table,2,True,"Feb 1 – 7, 2026",1769904000,25,0.8813
tv stand,2,False,"Feb 1 – 7, 2026",1769904000,16,0.564
kitchen cabinets,2,False,"Feb 1 – 7, 2026",1769904000,20,0.7051
closet organizer,2,False,"Feb 1 – 7, 2026",1769904000,3,0.1058
custom sofa,2,False,"Feb 1 – 7, 2026",1769904000,0,0.0
dining table,2,True,"Feb 8 – 14, 2026",1770508800,32,1.1281
tv stand,2,False,"Feb 8 – 14, 2026",1770508800,16,0.564
kitchen cabinets,2,False,"Feb 8 – 14, 2026",1770508800,20,0.7051
closet organizer,2,False,"Feb 8 – 14, 2026",1770508800,3,0.1058
custom sofa,2,False,"Feb 8 – 14, 2026",1770508800,1,0.0353
dining table,2,True,"Feb 15 – 21, 2026",1771113600,35,1.2339
tv stand,2,False,"Feb 15 – 21, 2026",1771113600,17,0.5993
kitchen cabinets,2,False,"Feb 15 – 21, 2026",1771113600,22,0.7756
closet organizer,2,False,"Feb 15 – 21, 2026",1771113600,3,0.1058
custom sofa,2,False,"Feb 15 – 21, 2026",1771113600,1,0.0353
dining table,2,True,"Feb 22 – 28, 2026",1771718400,30,1.0576
tv stand,2,False,"Feb 22 – 28, 2026",1771718400,17,0.5993
kitchen cabinets,2,False,"Feb 22 – 28, 2026",1771718400,20,0.7051
closet organizer,2,False,"Feb 22 – 28, 2026",1771718400,3,0.1058
custom sofa,2,False,"Feb 22 – 28, 2026",1771718400,1,0.0353
dining table,2,True,"Mar 1 – 7, 2026",1772323200,27,0.9518
tv stand,2,False,"Mar 1 – 7, 2026",1772323200,17,0.5993
kitchen cabinets,2,False,"Mar 1 – 7, 2026",1772323200,19,0.6698
closet organizer,2,False,"Mar 1 – 7, 2026",1772323200,3,0.1058
custom sofa,2,False,"Mar 1 – 7, 2026",1772323200,0,0.0
dining table,2,True,"Mar 8 – 14, 2026",1772928000,28,0.9871
tv stand,2,False,"Mar 8 – 14, 2026",1772928000,16,0.564
kitchen cabinets,2,False,"Mar 8 – 14, 2026",1772928000,19,0.6698
closet organizer,2,False,"Mar 8 – 14, 2026",1772928000,3,0.1058
custom sofa,2,False,"Mar 8 – 14, 2026",1772928000,0,0.0
dining table,2,True,"Mar 15 – 21, 2026",1773532800,30,1.0576
tv stand,2,False,"Mar 15 – 21, 2026",1773532800,17,0.5993
kitchen cabinets,2,False,"Mar 15 – 21, 2026",1773532800,18,0.6346
closet organizer,2,False,"Mar 15 – 21, 2026",1773532800,3,0.1058
custom sofa,2,False,"Mar 15 – 21, 2026",1773532800,1,0.0353
dining table,2,True,"Mar 22 – 28, 2026",1774137600,45,1.5864
tv stand,2,False,"Mar 22 – 28, 2026",1774137600,23,0.8108
kitchen cabinets,2,False,"Mar 22 – 28, 2026",1774137600,19,0.6698
closet organizer,2,False,"Mar 22 – 28, 2026",1774137600,3,0.1058
custom sofa,2,False,"Mar 22 – 28, 2026",1774137600,3,0.1058
dining table,2,True,"Mar 29 – Apr 4, 2026",1774742400,75,2.644
tv stand,2,False,"Mar 29 – Apr 4, 2026",1774742400,39,1.3749
kitchen cabinets,2,False,"Mar 29 – Apr 4, 2026",1774742400,21,0.7403
closet organizer,2,False,"Mar 29 – Apr 4, 2026",1774742400,5,0.1763
custom sofa,2,False,"Mar 29 – Apr 4, 2026",1774742400,9,0.3173
dining table,2,True,"Apr 5 – 11, 2026",1775347200,96,3.3843
tv stand,2,False,"Apr 5 – 11, 2026",1775347200,48,1.6921
kitchen cabinets,2,False,"Apr 5 – 11, 2026",1775347200,21,0.7403
closet organizer,2,False,"Apr 5 – 11, 2026",1775347200,6,0.2115
custom sofa,2,False,"Apr 5 – 11, 2026",1775347200,12,0.423
dining table,2,True,"Apr 12 – 18, 2026",1775952000,100,3.5253
tv stand,2,False,"Apr 12 – 18, 2026",1775952000,50,1.7626
kitchen cabinets,2,False,"Apr 12 – 18, 2026",1775952000,19,0.6698
closet organizer,2,False,"Apr 12 – 18, 2026",1775952000,7,0.2468
custom sofa,2,False,"Apr 12 – 18, 2026",1775952000,14,0.4935
dining table,2,True,"Apr 19 – 25, 2026",1776556800,89,3.1375
tv stand,2,False,"Apr 19 – 25, 2026",1776556800,40,1.4101
kitchen cabinets,2,False,"Apr 19 – 25, 2026",1776556800,19,0.6698
closet organizer,2,False,"Apr 19 – 25, 2026",1776556800,6,0.2115
custom sofa,2,False,"Apr 19 – 25, 2026",1776556800,10,0.3525
dining table,2,True,"Apr 26 – May 2, 2026",1777161600,65,2.2914
tv stand,2,False,"Apr 26 – May 2, 2026",1777161600,32,1.1281
kitchen cabinets,2,False,"Apr 26 – May 2, 2026",1777161600,18,0.6346
closet organizer,2,False,"Apr 26 – May 2, 2026",1777161600,5,0.1763
custom sofa,2,False,"Apr 26 – May 2, 2026",1777161600,8,0.282
dining table,2,True,"May 3 – 9, 2026",1777766400,72,2.5382
tv stand,2,False,"May 3 – 9, 2026",1777766400,29,1.0223
kitchen cabinets,2,False,"May 3 – 9, 2026",1777766400,19,0.6698
closet organizer,2,False,"May 3 – 9, 2026",1777766400,5,0.1763
custom sofa,2,False,"May 3 – 9, 2026",1777766400,7,0.2468
dining table,2,True,"May 10 – 16, 2026",1778371200,82,2.8907
tv stand,2,False,"May 10 – 16, 2026",1778371200,41,1.4454
kitchen cabinets,2,False,"May 10 – 16, 2026",1778371200,19,0.6698
closet organizer,2,False,"May 10 – 16, 2026",1778371200,5,0.1763
custom sofa,2,False,"May 10 – 16, 2026",1778371200,10,0.3525
dining table,2,True,"May 17 – 23, 2026",1778976000,77,2.7145
tv stand,2,False,"May 17 – 23, 2026",1778976000,47,1.6569
kitchen cabinets,2,False,"May 17 – 23, 2026",1778976000,20,0.7051
closet organizer,2,False,"May 17 – 23, 2026",1778976000,5,0.1763
custom sofa,2,False,"May 17 – 23, 2026",1778976000,10,0.3525
dining table,2,True,"May 24 – 30, 2026",1779580800,55,1.9389
tv stand,2,False,"May 24 – 30, 2026",1779580800,33,1.1633
kitchen cabinets,2,False,"May 24 – 30, 2026",1779580800,19,0.6698
closet organizer,2,False,"May 24 – 30, 2026",1779580800,4,0.141
custom sofa,2,False,"May 24 – 30, 2026",1779580800,6,0.2115
dining table,2,True,"May 31 – Jun 6, 2026",1780185600,52,1.8332
tv stand,2,False,"May 31 – Jun 6, 2026",1780185600,32,1.1281
kitchen cabinets,2,False,"May 31 – Jun 6, 2026",1780185600,19,0.6698
closet organizer,2,False,"May 31 – Jun 6, 2026",1780185600,4,0.141
custom sofa,2,False,"May 31 – Jun 6, 2026",1780185600,5,0.1763
dining table,2,True,"Jun 7 – 13, 2026",1780790400,60,2.1152
tv stand,2,False,"Jun 7 – 13, 2026",1780790400,41,1.4454
kitchen cabinets,2,False,"Jun 7 – 13, 2026",1780790400,19,0.6698
closet organizer,2,False,"Jun 7 – 13, 2026",1780790400,5,0.1763
custom sofa,2,False,"Jun 7 – 13, 2026",1780790400,7,0.2468
dining table,2,True,"Jun 14 – 20, 2026",1781395200,54,1.9037
tv stand,2,False,"Jun 14 – 20, 2026",1781395200,38,1.3396
kitchen cabinets,2,False,"Jun 14 – 20, 2026",1781395200,20,0.7051
closet organizer,2,False,"Jun 14 – 20, 2026",1781395200,4,0.141
custom sofa,2,False,"Jun 14 – 20, 2026",1781395200,6,0.2115
dining table,2,True,"Jun 21 – 27, 2026",1782000000,54,1.9037
tv stand,2,False,"Jun 21 – 27, 2026",1782000000,39,1.3749
kitchen cabinets,2,False,"Jun 21 – 27, 2026",1782000000,21,0.7403
closet organizer,2,False,"Jun 21 – 27, 2026",1782000000,4,0.141
custom sofa,2,False,"Jun 21 – 27, 2026",1782000000,5,0.1763
dining table,2,True,"Jun 28 – Jul 4, 2026",1782604800,34,1.1986
tv stand,2,False,"Jun 28 – Jul 4, 2026",1782604800,22,0.7756
kitchen cabinets,2,False,"Jun 28 – Jul 4, 2026",1782604800,18,0.6346
closet organizer,2,False,"Jun 28 – Jul 4, 2026",1782604800,3,0.1058
custom sofa,2,False,"Jun 28 – Jul 4, 2026",1782604800,2,0.0705
dining table,2,True,"Jul 5 – 11, 2026",1783209600,33,1.1633
tv stand,2,False,"Jul 5 – 11, 2026",1783209600,20,0.7051
kitchen cabinets,2,False,"Jul 5 – 11, 2026",1783209600,18,0.6346
closet organizer,2,False,"Jul 5 – 11, 2026",1783209600,3,0.1058
custom sofa,2,False,"Jul 5 – 11, 2026",1783209600,1,0.0353
dining table,2,True,"Jul 12 – 18, 2026",1783814400,27,0.9518
tv stand,2,False,"Jul 12 – 18, 2026",1783814400,17,0.5993
kitchen cabinets,2,False,"Jul 12 – 18, 2026",1783814400,17,0.5993
closet organizer,2,False,"Jul 12 – 18, 2026",1783814400,3,0.1058
custom sofa,2,False,"Jul 12 – 18, 2026",1783814400,0,0.0
dining table,2,True,"Jul 19 – 25, 2026",1784419200,26,0.9166
tv stand,2,False,"Jul 19 – 25, 2026",1784419200,16,0.564
kitchen cabinets,2,False,"Jul 19 – 25, 2026",1784419200,17,0.5993
closet organizer,2,False,"Jul 19 – 25, 2026",1784419200,3,0.1058
custom sofa,2,False,"Jul 19 – 25, 2026",1784419200,0,0.0
dining table,2,True,"Jul 26 – Aug 1, 2026",1785024000,28,0.9871
tv stand,2,False,"Jul 26 – Aug 1, 2026",1785024000,18,0.6346
kitchen cabinets,2,False,"Jul 26 – Aug 1, 2026",1785024000,18,0.6346
closet organizer,2,False,"Jul 26 – Aug 1, 2026",1785024000,3,0.1058
custom sofa,2,False,"Jul 26 – Aug 1, 2026",1785024000,0,0.0
dining table,2,True,"Aug 2 – 8, 2026",1785628800,26,0.9166
tv stand,2,False,"Aug 2 – 8, 2026",1785628800,17,0.5993
kitchen cabinets,2,False,"Aug 2 – 8, 2026",1785628800,17,0.5993
closet organizer,2,False,"Aug 2 – 8, 2026",1785628800,3,0.1058
custom sofa,2,False,"Aug 2 – 8, 2026",1785628800,0,0.0
dining table,2,True,"Aug 9 – 15, 2026",1786233600,28,0.9871
tv stand,2,False,"Aug 9 – 15, 2026",1786233600,17,0.5993
kitchen cabinets,2,False,"Aug 9 – 15, 2026",1786233600,17,0.5993
closet organizer,2,False,"Aug 9 – 15, 2026",1786233600,3,0.1058
custom sofa,2,False,"Aug 9 – 15, 2026",1786233600,0,0.0
dining table,2,True,"Aug 16 – 22, 2026",1786838400,28,0.9871
tv stand,2,False,"Aug 16 – 22, 2026",1786838400,19,0.6698
kitchen cabinets,2,False,"Aug 16 – 22, 2026",1786838400,17,0.5993
closet organizer,2,False,"Aug 16 – 22, 2026",1786838400,3,0.1058
custom sofa,2,False,"Aug 16 – 22, 2026",1786838400,0,0.0
dining table,2,True,"Aug 23 – 29, 2026",1787443200,27,0.9518
tv stand,2,False,"Aug 23 – 29, 2026",1787443200,17,0.5993
kitchen cabinets,2,False,"Aug 23 – 29, 2026",1787443200,15,0.5288
closet organizer,2,False,"Aug 23 – 29, 2026",1787443200,3,0.1058
custom sofa,2,False,"Aug 23 – 29, 2026",1787443200,0,0.0
dining table,3,True,"Aug 22 – 28, 2021",1629590400,29,1.0225
custom bed frame,3,False,"Aug 22 – 28, 2021",1629590400,0,0.0
custom desk,3,False,"Aug 22 – 28, 2021",1629590400,0,0.0
custom bookshelf,3,False,"Aug 22 – 28, 2021",1629590400,0,0.0
custom dresser,3,False,"Aug 22 – 28, 2021",1629590400,0,0.0
dining table,3,True,"Aug 29 – Sep 4, 2021",1630195200,28,0.9872
custom bed frame,3,False,"Aug 29 – Sep 4, 2021",1630195200,0,0.0
custom desk,3,False,"Aug 29 – Sep 4, 2021",1630195200,0,0.0
custom bookshelf,3,False,"Aug 29 – Sep 4, 2021",1630195200,0,0.0
custom dresser,3,False,"Aug 29 – Sep 4, 2021",1630195200,0,0.0
dining table,3,True,"Sep 5 – 11, 2021",1630800000,31,1.093
custom bed frame,3,False,"Sep 5 – 11, 2021",1630800000,0,0.0
custom desk,3,False,"Sep 5 – 11, 2021",1630800000,0,0.0
custom bookshelf,3,False,"Sep 5 – 11, 2021",1630800000,0,0.0
custom dresser,3,False,"Sep 5 – 11, 2021",1630800000,0,0.0
dining table,3,True,"Sep 12 – 18, 2021",1631404800,27,0.952
custom bed frame,3,False,"Sep 12 – 18, 2021",1631404800,0,0.0
custom desk,3,False,"Sep 12 – 18, 2021",1631404800,0,0.0
custom bookshelf,3,False,"Sep 12 – 18, 2021",1631404800,0,0.0
custom dresser,3,False,"Sep 12 – 18, 2021",1631404800,0,0.0
dining table,3,True,"Sep 19 – 25, 2021",1632009600,27,0.952
custom bed frame,3,False,"Sep 19 – 25, 2021",1632009600,0,0.0
custom desk,3,False,"Sep 19 – 25, 2021",1632009600,0,0.0
custom bookshelf,3,False,"Sep 19 – 25, 2021",1632009600,0,0.0
custom dresser,3,False,"Sep 19 – 25, 2021",1632009600,0,0.0
dining table,3,True,"Sep 26 – Oct 2, 2021",1632614400,29,1.0225
custom bed frame,3,False,"Sep 26 – Oct 2, 2021",1632614400,0,0.0
custom desk,3,False,"Sep 26 – Oct 2, 2021",1632614400,0,0.0
custom bookshelf,3,False,"Sep 26 – Oct 2, 2021",1632614400,0,0.0
custom dresser,3,False,"Sep 26 – Oct 2, 2021",1632614400,0,0.0
dining table,3,True,"Oct 3 – 9, 2021",1633219200,28,0.9872
custom bed frame,3,False,"Oct 3 – 9, 2021",1633219200,0,0.0
custom desk,3,False,"Oct 3 – 9, 2021",1633219200,0,0.0
custom bookshelf,3,False,"Oct 3 – 9, 2021",1633219200,0,0.0
custom dresser,3,False,"Oct 3 – 9, 2021",1633219200,0,0.0
dining table,3,True,"Oct 10 – 16, 2021",1633824000,29,1.0225
custom bed frame,3,False,"Oct 10 – 16, 2021",1633824000,0,0.0
custom desk,3,False,"Oct 10 – 16, 2021",1633824000,0,0.0
custom bookshelf,3,False,"Oct 10 – 16, 2021",1633824000,0,0.0
custom dresser,3,False,"Oct 10 – 16, 2021",1633824000,0,0.0
dining table,3,True,"Oct 17 – 23, 2021",1634428800,28,0.9872
custom bed frame,3,False,"Oct 17 – 23, 2021",1634428800,0,0.0
custom desk,3,False,"Oct 17 – 23, 2021",1634428800,0,0.0
custom bookshelf,3,False,"Oct 17 – 23, 2021",1634428800,0,0.0
custom dresser,3,False,"Oct 17 – 23, 2021",1634428800,0,0.0
dining table,3,True,"Oct 24 – 30, 2021",1635033600,27,0.952
custom bed frame,3,False,"Oct 24 – 30, 2021",1635033600,0,0.0
custom desk,3,False,"Oct 24 – 30, 2021",1635033600,0,0.0
custom bookshelf,3,False,"Oct 24 – 30, 2021",1635033600,0,0.0
custom dresser,3,False,"Oct 24 – 30, 2021",1635033600,0,0.0
dining table,3,True,"Oct 31 – Nov 6, 2021",1635638400,29,1.0225
custom bed frame,3,False,"Oct 31 – Nov 6, 2021",1635638400,0,0.0
custom desk,3,False,"Oct 31 – Nov 6, 2021",1635638400,0,0.0
custom bookshelf,3,False,"Oct 31 – Nov 6, 2021",1635638400,0,0.0
custom dresser,3,False,"Oct 31 – Nov 6, 2021",1635638400,0,0.0
dining table,3,True,"Nov 7 – 13, 2021",1636243200,32,1.1282
custom bed frame,3,False,"Nov 7 – 13, 2021",1636243200,0,0.0
custom desk,3,False,"Nov 7 – 13, 2021",1636243200,0,0.0
custom bookshelf,3,False,"Nov 7 – 13, 2021",1636243200,0,0.0
custom dresser,3,False,"Nov 7 – 13, 2021",1636243200,0,0.0
dining table,3,True,"Nov 14 – 20, 2021",1636848000,32,1.1282
custom bed frame,3,False,"Nov 14 – 20, 2021",1636848000,0,0.0
custom desk,3,False,"Nov 14 – 20, 2021",1636848000,1,0.0353
custom bookshelf,3,False,"Nov 14 – 20, 2021",1636848000,0,0.0
custom dresser,3,False,"Nov 14 – 20, 2021",1636848000,0,0.0
dining table,3,True,"Nov 21 – 27, 2021",1637452800,34,1.1988
custom bed frame,3,False,"Nov 21 – 27, 2021",1637452800,0,0.0
custom desk,3,False,"Nov 21 – 27, 2021",1637452800,0,0.0
custom bookshelf,3,False,"Nov 21 – 27, 2021",1637452800,0,0.0
custom dresser,3,False,"Nov 21 – 27, 2021",1637452800,0,0.0
dining table,3,True,"Nov 28 – Dec 4, 2021",1638057600,30,1.0577
custom bed frame,3,False,"Nov 28 – Dec 4, 2021",1638057600,0,0.0
custom desk,3,False,"Nov 28 – Dec 4, 2021",1638057600,0,0.0
custom bookshelf,3,False,"Nov 28 – Dec 4, 2021",1638057600,0,0.0
custom dresser,3,False,"Nov 28 – Dec 4, 2021",1638057600,0,0.0
dining table,3,True,"Dec 5 – 11, 2021",1638662400,25,0.8814
custom bed frame,3,False,"Dec 5 – 11, 2021",1638662400,0,0.0
custom desk,3,False,"Dec 5 – 11, 2021",1638662400,1,0.0353
custom bookshelf,3,False,"Dec 5 – 11, 2021",1638662400,0,0.0
custom dresser,3,False,"Dec 5 – 11, 2021",1638662400,0,0.0
dining table,3,True,"Dec 12 – 18, 2021",1639267200,23,0.8109
custom bed frame,3,False,"Dec 12 – 18, 2021",1639267200,0,0.0
custom desk,3,False,"Dec 12 – 18, 2021",1639267200,0,0.0
custom bookshelf,3,False,"Dec 12 – 18, 2021",1639267200,0,0.0
custom dresser,3,False,"Dec 12 – 18, 2021",1639267200,0,0.0
dining table,3,True,"Dec 19 – 25, 2021",1639872000,22,0.7757
custom bed frame,3,False,"Dec 19 – 25, 2021",1639872000,0,0.0
custom desk,3,False,"Dec 19 – 25, 2021",1639872000,0,0.0
custom bookshelf,3,False,"Dec 19 – 25, 2021",1639872000,0,0.0
custom dresser,3,False,"Dec 19 – 25, 2021",1639872000,0,0.0
dining table,3,True,"Dec 26, 2021 – Jan 1, 2022",1640476800,29,1.0225
custom bed frame,3,False,"Dec 26, 2021 – Jan 1, 2022",1640476800,0,0.0
custom desk,3,False,"Dec 26, 2021 – Jan 1, 2022",1640476800,0,0.0
custom bookshelf,3,False,"Dec 26, 2021 – Jan 1, 2022",1640476800,0,0.0
custom dresser,3,False,"Dec 26, 2021 – Jan 1, 2022",1640476800,0,0.0
dining table,3,True,"Jan 2 – 8, 2022",1641081600,30,1.0577
custom bed frame,3,False,"Jan 2 – 8, 2022",1641081600,0,0.0
custom desk,3,False,"Jan 2 – 8, 2022",1641081600,1,0.0353
custom bookshelf,3,False,"Jan 2 – 8, 2022",1641081600,0,0.0
custom dresser,3,False,"Jan 2 – 8, 2022",1641081600,0,0.0
dining table,3,True,"Jan 9 – 15, 2022",1641686400,29,1.0225
custom bed frame,3,False,"Jan 9 – 15, 2022",1641686400,0,0.0
custom desk,3,False,"Jan 9 – 15, 2022",1641686400,0,0.0
custom bookshelf,3,False,"Jan 9 – 15, 2022",1641686400,0,0.0
custom dresser,3,False,"Jan 9 – 15, 2022",1641686400,0,0.0
dining table,3,True,"Jan 16 – 22, 2022",1642291200,29,1.0225
custom bed frame,3,False,"Jan 16 – 22, 2022",1642291200,0,0.0
custom desk,3,False,"Jan 16 – 22, 2022",1642291200,0,0.0
custom bookshelf,3,False,"Jan 16 – 22, 2022",1642291200,0,0.0
custom dresser,3,False,"Jan 16 – 22, 2022",1642291200,0,0.0
dining table,3,True,"Jan 23 – 29, 2022",1642896000,29,1.0225
custom bed frame,3,False,"Jan 23 – 29, 2022",1642896000,0,0.0
custom desk,3,False,"Jan 23 – 29, 2022",1642896000,1,0.0353
custom bookshelf,3,False,"Jan 23 – 29, 2022",1642896000,0,0.0
custom dresser,3,False,"Jan 23 – 29, 2022",1642896000,0,0.0
dining table,3,True,"Jan 30 – Feb 5, 2022",1643500800,29,1.0225
custom bed frame,3,False,"Jan 30 – Feb 5, 2022",1643500800,0,0.0
custom desk,3,False,"Jan 30 – Feb 5, 2022",1643500800,0,0.0
custom bookshelf,3,False,"Jan 30 – Feb 5, 2022",1643500800,0,0.0
custom dresser,3,False,"Jan 30 – Feb 5, 2022",1643500800,0,0.0
dining table,3,True,"Feb 6 – 12, 2022",1644105600,29,1.0225
custom bed frame,3,False,"Feb 6 – 12, 2022",1644105600,0,0.0
custom desk,3,False,"Feb 6 – 12, 2022",1644105600,1,0.0353
custom bookshelf,3,False,"Feb 6 – 12, 2022",1644105600,0,0.0
custom dresser,3,False,"Feb 6 – 12, 2022",1644105600,0,0.0
dining table,3,True,"Feb 13 – 19, 2022",1644710400,29,1.0225
custom bed frame,3,False,"Feb 13 – 19, 2022",1644710400,0,0.0
custom desk,3,False,"Feb 13 – 19, 2022",1644710400,0,0.0
custom bookshelf,3,False,"Feb 13 – 19, 2022",1644710400,0,0.0
custom dresser,3,False,"Feb 13 – 19, 2022",1644710400,0,0.0
dining table,3,True,"Feb 20 – 26, 2022",1645315200,32,1.1282
custom bed frame,3,False,"Feb 20 – 26, 2022",1645315200,0,0.0
custom desk,3,False,"Feb 20 – 26, 2022",1645315200,0,0.0
custom bookshelf,3,False,"Feb 20 – 26, 2022",1645315200,0,0.0
custom dresser,3,False,"Feb 20 – 26, 2022",1645315200,0,0.0
dining table,3,True,"Feb 27 – Mar 5, 2022",1645920000,30,1.0577
custom bed frame,3,False,"Feb 27 – Mar 5, 2022",1645920000,0,0.0
custom desk,3,False,"Feb 27 – Mar 5, 2022",1645920000,1,0.0353
custom bookshelf,3,False,"Feb 27 – Mar 5, 2022",1645920000,0,0.0
custom dresser,3,False,"Feb 27 – Mar 5, 2022",1645920000,0,0.0
dining table,3,True,"Mar 6 – 12, 2022",1646524800,31,1.093
custom bed frame,3,False,"Mar 6 – 12, 2022",1646524800,0,0.0
custom desk,3,False,"Mar 6 – 12, 2022",1646524800,1,0.0353
custom bookshelf,3,False,"Mar 6 – 12, 2022",1646524800,0,0.0
custom dresser,3,False,"Mar 6 – 12, 2022",1646524800,0,0.0
dining table,3,True,"Mar 13 – 19, 2022",1647129600,31,1.093
custom bed frame,3,False,"Mar 13 – 19, 2022",1647129600,0,0.0
custom desk,3,False,"Mar 13 – 19, 2022",1647129600,0,0.0
custom bookshelf,3,False,"Mar 13 – 19, 2022",1647129600,0,0.0
custom dresser,3,False,"Mar 13 – 19, 2022",1647129600,0,0.0
dining table,3,True,"Mar 20 – 26, 2022",1647734400,30,1.0577
custom bed frame,3,False,"Mar 20 – 26, 2022",1647734400,0,0.0
custom desk,3,False,"Mar 20 – 26, 2022",1647734400,0,0.0
custom bookshelf,3,False,"Mar 20 – 26, 2022",1647734400,0,0.0
custom dresser,3,False,"Mar 20 – 26, 2022",1647734400,0,0.0
dining table,3,True,"Mar 27 – Apr 2, 2022",1648339200,29,1.0225
custom bed frame,3,False,"Mar 27 – Apr 2, 2022",1648339200,0,0.0
custom desk,3,False,"Mar 27 – Apr 2, 2022",1648339200,1,0.0353
custom bookshelf,3,False,"Mar 27 – Apr 2, 2022",1648339200,0,0.0
custom dresser,3,False,"Mar 27 – Apr 2, 2022",1648339200,0,0.0
dining table,3,True,"Apr 3 – 9, 2022",1648944000,28,0.9872
custom bed frame,3,False,"Apr 3 – 9, 2022",1648944000,0,0.0
custom desk,3,False,"Apr 3 – 9, 2022",1648944000,0,0.0
custom bookshelf,3,False,"Apr 3 – 9, 2022",1648944000,0,0.0
custom dresser,3,False,"Apr 3 – 9, 2022",1648944000,0,0.0
dining table,3,True,"Apr 10 – 16, 2022",1649548800,27,0.952
custom bed frame,3,False,"Apr 10 – 16, 2022",1649548800,0,0.0
custom desk,3,False,"Apr 10 – 16, 2022",1649548800,0,0.0
custom bookshelf,3,False,"Apr 10 – 16, 2022",1649548800,0,0.0
custom dresser,3,False,"Apr 10 – 16, 2022",1649548800,0,0.0
dining table,3,True,"Apr 17 – 23, 2022",1650153600,29,1.0225
custom bed frame,3,False,"Apr 17 – 23, 2022",1650153600,0,0.0
custom desk,3,False,"Apr 17 – 23, 2022",1650153600,0,0.0
custom bookshelf,3,False,"Apr 17 – 23, 2022",1650153600,0,0.0
custom dresser,3,False,"Apr 17 – 23, 2022",1650153600,0,0.0
dining table,3,True,"Apr 24 – 30, 2022",1650758400,29,1.0225
custom bed frame,3,False,"Apr 24 – 30, 2022",1650758400,0,0.0
custom desk,3,False,"Apr 24 – 30, 2022",1650758400,1,0.0353
custom bookshelf,3,False,"Apr 24 – 30, 2022",1650758400,0,0.0
custom dresser,3,False,"Apr 24 – 30, 2022",1650758400,0,0.0
dining table,3,True,"May 1 – 7, 2022",1651363200,27,0.952
custom bed frame,3,False,"May 1 – 7, 2022",1651363200,0,0.0
custom desk,3,False,"May 1 – 7, 2022",1651363200,0,0.0
custom bookshelf,3,False,"May 1 – 7, 2022",1651363200,0,0.0
custom dresser,3,False,"May 1 – 7, 2022",1651363200,0,0.0
dining table,3,True,"May 8 – 14, 2022",1651968000,27,0.952
custom bed frame,3,False,"May 8 – 14, 2022",1651968000,0,0.0
custom desk,3,False,"May 8 – 14, 2022",1651968000,0,0.0
custom bookshelf,3,False,"May 8 – 14, 2022",1651968000,0,0.0
custom dresser,3,False,"May 8 – 14, 2022",1651968000,0,0.0
dining table,3,True,"May 15 – 21, 2022",1652572800,26,0.9167
custom bed frame,3,False,"May 15 – 21, 2022",1652572800,0,0.0
custom desk,3,False,"May 15 – 21, 2022",1652572800,0,0.0
custom bookshelf,3,False,"May 15 – 21, 2022",1652572800,0,0.0
custom dresser,3,False,"May 15 – 21, 2022",1652572800,0,0.0
dining table,3,True,"May 22 – 28, 2022",1653177600,26,0.9167
custom bed frame,3,False,"May 22 – 28, 2022",1653177600,0,0.0
custom desk,3,False,"May 22 – 28, 2022",1653177600,0,0.0
custom bookshelf,3,False,"May 22 – 28, 2022",1653177600,0,0.0
custom dresser,3,False,"May 22 – 28, 2022",1653177600,0,0.0
dining table,3,True,"May 29 – Jun 4, 2022",1653782400,28,0.9872
custom bed frame,3,False,"May 29 – Jun 4, 2022",1653782400,0,0.0
custom desk,3,False,"May 29 – Jun 4, 2022",1653782400,0,0.0
custom bookshelf,3,False,"May 29 – Jun 4, 2022",1653782400,0,0.0
custom dresser,3,False,"May 29 – Jun 4, 2022",1653782400,0,0.0
dining table,3,True,"Jun 5 – 11, 2022",1654387200,26,0.9167
custom bed frame,3,False,"Jun 5 – 11, 2022",1654387200,0,0.0
custom desk,3,False,"Jun 5 – 11, 2022",1654387200,0,0.0
custom bookshelf,3,False,"Jun 5 – 11, 2022",1654387200,0,0.0
custom dresser,3,False,"Jun 5 – 11, 2022",1654387200,0,0.0
dining table,3,True,"Jun 12 – 18, 2022",1654992000,25,0.8814
custom bed frame,3,False,"Jun 12 – 18, 2022",1654992000,0,0.0
custom desk,3,False,"Jun 12 – 18, 2022",1654992000,0,0.0
custom bookshelf,3,False,"Jun 12 – 18, 2022",1654992000,0,0.0
custom dresser,3,False,"Jun 12 – 18, 2022",1654992000,0,0.0
dining table,3,True,"Jun 19 – 25, 2022",1655596800,26,0.9167
custom bed frame,3,False,"Jun 19 – 25, 2022",1655596800,0,0.0
custom desk,3,False,"Jun 19 – 25, 2022",1655596800,0,0.0
custom bookshelf,3,False,"Jun 19 – 25, 2022",1655596800,0,0.0
custom dresser,3,False,"Jun 19 – 25, 2022",1655596800,0,0.0
dining table,3,True,"Jun 26 – Jul 2, 2022",1656201600,27,0.952
custom bed frame,3,False,"Jun 26 – Jul 2, 2022",1656201600,0,0.0
custom desk,3,False,"Jun 26 – Jul 2, 2022",1656201600,0,0.0
custom bookshelf,3,False,"Jun 26 – Jul 2, 2022",1656201600,0,0.0
custom dresser,3,False,"Jun 26 – Jul 2, 2022",1656201600,0,0.0
dining table,3,True,"Jul 3 – 9, 2022",1656806400,26,0.9167
custom bed frame,3,False,"Jul 3 – 9, 2022",1656806400,0,0.0
custom desk,3,False,"Jul 3 – 9, 2022",1656806400,0,0.0
custom bookshelf,3,False,"Jul 3 – 9, 2022",1656806400,0,0.0
custom dresser,3,False,"Jul 3 – 9, 2022",1656806400,0,0.0
dining table,3,True,"Jul 10 – 16, 2022",1657411200,27,0.952
custom bed frame,3,False,"Jul 10 – 16, 2022",1657411200,0,0.0
custom desk,3,False,"Jul 10 – 16, 2022",1657411200,0,0.0
custom bookshelf,3,False,"Jul 10 – 16, 2022",1657411200,0,0.0
custom dresser,3,False,"Jul 10 – 16, 2022",1657411200,0,0.0
dining table,3,True,"Jul 17 – 23, 2022",1658016000,28,0.9872
custom bed frame,3,False,"Jul 17 – 23, 2022",1658016000,0,0.0
custom desk,3,False,"Jul 17 – 23, 2022",1658016000,1,0.0353
custom bookshelf,3,False,"Jul 17 – 23, 2022",1658016000,0,0.0
custom dresser,3,False,"Jul 17 – 23, 2022",1658016000,0,0.0
dining table,3,True,"Jul 24 – 30, 2022",1658620800,27,0.952
custom bed frame,3,False,"Jul 24 – 30, 2022",1658620800,0,0.0
custom desk,3,False,"Jul 24 – 30, 2022",1658620800,0,0.0
custom bookshelf,3,False,"Jul 24 – 30, 2022",1658620800,0,0.0
custom dresser,3,False,"Jul 24 – 30, 2022",1658620800,0,0.0
dining table,3,True,"Jul 31 – Aug 6, 2022",1659225600,28,0.9872
custom bed frame,3,False,"Jul 31 – Aug 6, 2022",1659225600,0,0.0
custom desk,3,False,"Jul 31 – Aug 6, 2022",1659225600,1,0.0353
custom bookshelf,3,False,"Jul 31 – Aug 6, 2022",1659225600,0,0.0
custom dresser,3,False,"Jul 31 – Aug 6, 2022",1659225600,0,0.0
dining table,3,True,"Aug 7 – 13, 2022",1659830400,29,1.0225
custom bed frame,3,False,"Aug 7 – 13, 2022",1659830400,0,0.0
custom desk,3,False,"Aug 7 – 13, 2022",1659830400,1,0.0353
custom bookshelf,3,False,"Aug 7 – 13, 2022",1659830400,0,0.0
custom dresser,3,False,"Aug 7 – 13, 2022",1659830400,0,0.0
dining table,3,True,"Aug 14 – 20, 2022",1660435200,27,0.952
custom bed frame,3,False,"Aug 14 – 20, 2022",1660435200,0,0.0
custom desk,3,False,"Aug 14 – 20, 2022",1660435200,1,0.0353
custom bookshelf,3,False,"Aug 14 – 20, 2022",1660435200,0,0.0
custom dresser,3,False,"Aug 14 – 20, 2022",1660435200,0,0.0
dining table,3,True,"Aug 21 – 27, 2022",1661040000,27,0.952
custom bed frame,3,False,"Aug 21 – 27, 2022",1661040000,0,0.0
custom desk,3,False,"Aug 21 – 27, 2022",1661040000,0,0.0
custom bookshelf,3,False,"Aug 21 – 27, 2022",1661040000,0,0.0
custom dresser,3,False,"Aug 21 – 27, 2022",1661040000,0,0.0
dining table,3,True,"Aug 28 – Sep 3, 2022",1661644800,27,0.952
custom bed frame,3,False,"Aug 28 – Sep 3, 2022",1661644800,0,0.0
custom desk,3,False,"Aug 28 – Sep 3, 2022",1661644800,0,0.0
custom bookshelf,3,False,"Aug 28 – Sep 3, 2022",1661644800,0,0.0
custom dresser,3,False,"Aug 28 – Sep 3, 2022",1661644800,0,0.0
dining table,3,True,"Sep 4 – 10, 2022",1662249600,29,1.0225
custom bed frame,3,False,"Sep 4 – 10, 2022",1662249600,0,0.0
custom desk,3,False,"Sep 4 – 10, 2022",1662249600,0,0.0
custom bookshelf,3,False,"Sep 4 – 10, 2022",1662249600,0,0.0
custom dresser,3,False,"Sep 4 – 10, 2022",1662249600,0,0.0
dining table,3,True,"Sep 11 – 17, 2022",1662854400,25,0.8814
custom bed frame,3,False,"Sep 11 – 17, 2022",1662854400,0,0.0
custom desk,3,False,"Sep 11 – 17, 2022",1662854400,0,0.0
custom bookshelf,3,False,"Sep 11 – 17, 2022",1662854400,0,0.0
custom dresser,3,False,"Sep 11 – 17, 2022",1662854400,0,0.0
dining table,3,True,"Sep 18 – 24, 2022",1663459200,24,0.8462
custom bed frame,3,False,"Sep 18 – 24, 2022",1663459200,0,0.0
custom desk,3,False,"Sep 18 – 24, 2022",1663459200,0,0.0
custom bookshelf,3,False,"Sep 18 – 24, 2022",1663459200,0,0.0
custom dresser,3,False,"Sep 18 – 24, 2022",1663459200,0,0.0
dining table,3,True,"Sep 25 – Oct 1, 2022",1664064000,23,0.8109
custom bed frame,3,False,"Sep 25 – Oct 1, 2022",1664064000,0,0.0
custom desk,3,False,"Sep 25 – Oct 1, 2022",1664064000,0,0.0
custom bookshelf,3,False,"Sep 25 – Oct 1, 2022",1664064000,0,0.0
custom dresser,3,False,"Sep 25 – Oct 1, 2022",1664064000,0,0.0
dining table,3,True,"Oct 2 – 8, 2022",1664668800,23,0.8109
custom bed frame,3,False,"Oct 2 – 8, 2022",1664668800,0,0.0
custom desk,3,False,"Oct 2 – 8, 2022",1664668800,0,0.0
custom bookshelf,3,False,"Oct 2 – 8, 2022",1664668800,0,0.0
custom dresser,3,False,"Oct 2 – 8, 2022",1664668800,0,0.0
dining table,3,True,"Oct 9 – 15, 2022",1665273600,25,0.8814
custom bed frame,3,False,"Oct 9 – 15, 2022",1665273600,0,0.0
custom desk,3,False,"Oct 9 – 15, 2022",1665273600,0,0.0
custom bookshelf,3,False,"Oct 9 – 15, 2022",1665273600,0,0.0
custom dresser,3,False,"Oct 9 – 15, 2022",1665273600,0,0.0
dining table,3,True,"Oct 16 – 22, 2022",1665878400,25,0.8814
custom bed frame,3,False,"Oct 16 – 22, 2022",1665878400,0,0.0
custom desk,3,False,"Oct 16 – 22, 2022",1665878400,0,0.0
custom bookshelf,3,False,"Oct 16 – 22, 2022",1665878400,0,0.0
custom dresser,3,False,"Oct 16 – 22, 2022",1665878400,0,0.0
dining table,3,True,"Oct 23 – 29, 2022",1666483200,25,0.8814
custom bed frame,3,False,"Oct 23 – 29, 2022",1666483200,0,0.0
custom desk,3,False,"Oct 23 – 29, 2022",1666483200,0,0.0
custom bookshelf,3,False,"Oct 23 – 29, 2022",1666483200,0,0.0
custom dresser,3,False,"Oct 23 – 29, 2022",1666483200,0,0.0
dining table,3,True,"Oct 30 – Nov 5, 2022",1667088000,25,0.8814
custom bed frame,3,False,"Oct 30 – Nov 5, 2022",1667088000,0,0.0
custom desk,3,False,"Oct 30 – Nov 5, 2022",1667088000,0,0.0
custom bookshelf,3,False,"Oct 30 – Nov 5, 2022",1667088000,0,0.0
custom dresser,3,False,"Oct 30 – Nov 5, 2022",1667088000,0,0.0
dining table,3,True,"Nov 6 – 12, 2022",1667692800,28,0.9872
custom bed frame,3,False,"Nov 6 – 12, 2022",1667692800,0,0.0
custom desk,3,False,"Nov 6 – 12, 2022",1667692800,0,0.0
custom bookshelf,3,False,"Nov 6 – 12, 2022",1667692800,0,0.0
custom dresser,3,False,"Nov 6 – 12, 2022",1667692800,0,0.0
dining table,3,True,"Nov 13 – 19, 2022",1668297600,27,0.952
custom bed frame,3,False,"Nov 13 – 19, 2022",1668297600,0,0.0
custom desk,3,False,"Nov 13 – 19, 2022",1668297600,0,0.0
custom bookshelf,3,False,"Nov 13 – 19, 2022",1668297600,0,0.0
custom dresser,3,False,"Nov 13 – 19, 2022",1668297600,0,0.0
dining table,3,True,"Nov 20 – 26, 2022",1668902400,32,1.1282
custom bed frame,3,False,"Nov 20 – 26, 2022",1668902400,0,0.0
custom desk,3,False,"Nov 20 – 26, 2022",1668902400,0,0.0
custom bookshelf,3,False,"Nov 20 – 26, 2022",1668902400,0,0.0
custom dresser,3,False,"Nov 20 – 26, 2022",1668902400,0,0.0
dining table,3,True,"Nov 27 – Dec 3, 2022",1669507200,25,0.8814
custom bed frame,3,False,"Nov 27 – Dec 3, 2022",1669507200,0,0.0
custom desk,3,False,"Nov 27 – Dec 3, 2022",1669507200,1,0.0353
custom bookshelf,3,False,"Nov 27 – Dec 3, 2022",1669507200,0,0.0
custom dresser,3,False,"Nov 27 – Dec 3, 2022",1669507200,0,0.0
dining table,3,True,"Dec 4 – 10, 2022",1670112000,22,0.7757
custom bed frame,3,False,"Dec 4 – 10, 2022",1670112000,0,0.0
custom desk,3,False,"Dec 4 – 10, 2022",1670112000,1,0.0353
custom bookshelf,3,False,"Dec 4 – 10, 2022",1670112000,0,0.0
custom dresser,3,False,"Dec 4 – 10, 2022",1670112000,0,0.0
dining table,3,True,"Dec 11 – 17, 2022",1670716800,22,0.7757
custom bed frame,3,False,"Dec 11 – 17, 2022",1670716800,0,0.0
custom desk,3,False,"Dec 11 – 17, 2022",1670716800,1,0.0353
custom bookshelf,3,False,"Dec 11 – 17, 2022",1670716800,0,0.0
custom dresser,3,False,"Dec 11 – 17, 2022",1670716800,0,0.0
dining table,3,True,"Dec 18 – 24, 2022",1671321600,20,0.7052
custom bed frame,3,False,"Dec 18 – 24, 2022",1671321600,0,0.0
custom desk,3,False,"Dec 18 – 24, 2022",1671321600,0,0.0
custom bookshelf,3,False,"Dec 18 – 24, 2022",1671321600,0,0.0
custom dresser,3,False,"Dec 18 – 24, 2022",1671321600,0,0.0
dining table,3,True,"Dec 25 – 31, 2022",1671926400,28,0.9872
custom bed frame,3,False,"Dec 25 – 31, 2022",1671926400,0,0.0
custom desk,3,False,"Dec 25 – 31, 2022",1671926400,0,0.0
custom bookshelf,3,False,"Dec 25 – 31, 2022",1671926400,0,0.0
custom dresser,3,False,"Dec 25 – 31, 2022",1671926400,0,0.0
dining table,3,True,"Jan 1 – 7, 2023",1672531200,26,0.9167
custom bed frame,3,False,"Jan 1 – 7, 2023",1672531200,0,0.0
custom desk,3,False,"Jan 1 – 7, 2023",1672531200,0,0.0
custom bookshelf,3,False,"Jan 1 – 7, 2023",1672531200,0,0.0
custom dresser,3,False,"Jan 1 – 7, 2023",1672531200,0,0.0
dining table,3,True,"Jan 8 – 14, 2023",1673136000,25,0.8814
custom bed frame,3,False,"Jan 8 – 14, 2023",1673136000,0,0.0
custom desk,3,False,"Jan 8 – 14, 2023",1673136000,0,0.0
custom bookshelf,3,False,"Jan 8 – 14, 2023",1673136000,0,0.0
custom dresser,3,False,"Jan 8 – 14, 2023",1673136000,0,0.0
dining table,3,True,"Jan 15 – 21, 2023",1673740800,26,0.9167
custom bed frame,3,False,"Jan 15 – 21, 2023",1673740800,0,0.0
custom desk,3,False,"Jan 15 – 21, 2023",1673740800,0,0.0
custom bookshelf,3,False,"Jan 15 – 21, 2023",1673740800,0,0.0
custom dresser,3,False,"Jan 15 – 21, 2023",1673740800,0,0.0
dining table,3,True,"Jan 22 – 28, 2023",1674345600,26,0.9167
custom bed frame,3,False,"Jan 22 – 28, 2023",1674345600,0,0.0
custom desk,3,False,"Jan 22 – 28, 2023",1674345600,0,0.0
custom bookshelf,3,False,"Jan 22 – 28, 2023",1674345600,0,0.0
custom dresser,3,False,"Jan 22 – 28, 2023",1674345600,0,0.0
dining table,3,True,"Jan 29 – Feb 4, 2023",1674950400,25,0.8814
custom bed frame,3,False,"Jan 29 – Feb 4, 2023",1674950400,0,0.0
custom desk,3,False,"Jan 29 – Feb 4, 2023",1674950400,0,0.0
custom bookshelf,3,False,"Jan 29 – Feb 4, 2023",1674950400,0,0.0
custom dresser,3,False,"Jan 29 – Feb 4, 2023",1674950400,0,0.0
dining table,3,True,"Feb 5 – 11, 2023",1675555200,25,0.8814
custom bed frame,3,False,"Feb 5 – 11, 2023",1675555200,0,0.0
custom desk,3,False,"Feb 5 – 11, 2023",1675555200,0,0.0
custom bookshelf,3,False,"Feb 5 – 11, 2023",1675555200,0,0.0
custom dresser,3,False,"Feb 5 – 11, 2023",1675555200,0,0.0
dining table,3,True,"Feb 12 – 18, 2023",1676160000,22,0.7757
custom bed frame,3,False,"Feb 12 – 18, 2023",1676160000,0,0.0
custom desk,3,False,"Feb 12 – 18, 2023",1676160000,0,0.0
custom bookshelf,3,False,"Feb 12 – 18, 2023",1676160000,0,0.0
custom dresser,3,False,"Feb 12 – 18, 2023",1676160000,0,0.0
dining table,3,True,"Feb 19 – 25, 2023",1676764800,27,0.952
custom bed frame,3,False,"Feb 19 – 25, 2023",1676764800,0,0.0
custom desk,3,False,"Feb 19 – 25, 2023",1676764800,0,0.0
custom bookshelf,3,False,"Feb 19 – 25, 2023",1676764800,0,0.0
custom dresser,3,False,"Feb 19 – 25, 2023",1676764800,0,0.0
dining table,3,True,"Feb 26 – Mar 4, 2023",1677369600,24,0.8462
custom bed frame,3,False,"Feb 26 – Mar 4, 2023",1677369600,0,0.0
custom desk,3,False,"Feb 26 – Mar 4, 2023",1677369600,0,0.0
custom bookshelf,3,False,"Feb 26 – Mar 4, 2023",1677369600,0,0.0
custom dresser,3,False,"Feb 26 – Mar 4, 2023",1677369600,0,0.0
dining table,3,True,"Mar 5 – 11, 2023",1677974400,25,0.8814
custom bed frame,3,False,"Mar 5 – 11, 2023",1677974400,0,0.0
custom desk,3,False,"Mar 5 – 11, 2023",1677974400,0,0.0
custom bookshelf,3,False,"Mar 5 – 11, 2023",1677974400,0,0.0
custom dresser,3,False,"Mar 5 – 11, 2023",1677974400,0,0.0
dining table,3,True,"Mar 12 – 18, 2023",1678579200,26,0.9167
custom bed frame,3,False,"Mar 12 – 18, 2023",1678579200,0,0.0
custom desk,3,False,"Mar 12 – 18, 2023",1678579200,0,0.0
custom bookshelf,3,False,"Mar 12 – 18, 2023",1678579200,0,0.0
custom dresser,3,False,"Mar 12 – 18, 2023",1678579200,0,0.0
dining table,3,True,"Mar 19 – 25, 2023",1679184000,26,0.9167
custom bed frame,3,False,"Mar 19 – 25, 2023",1679184000,0,0.0
custom desk,3,False,"Mar 19 – 25, 2023",1679184000,0,0.0
custom bookshelf,3,False,"Mar 19 – 25, 2023",1679184000,0,0.0
custom dresser,3,False,"Mar 19 – 25, 2023",1679184000,0,0.0
dining table,3,True,"Mar 26 – Apr 1, 2023",1679788800,25,0.8814
custom bed frame,3,False,"Mar 26 – Apr 1, 2023",1679788800,0,0.0
custom desk,3,False,"Mar 26 – Apr 1, 2023",1679788800,0,0.0
custom bookshelf,3,False,"Mar 26 – Apr 1, 2023",1679788800,0,0.0
custom dresser,3,False,"Mar 26 – Apr 1, 2023",1679788800,0,0.0
dining table,3,True,"Apr 2 – 8, 2023",1680393600,23,0.8109
custom bed frame,3,False,"Apr 2 – 8, 2023",1680393600,0,0.0
custom desk,3,False,"Apr 2 – 8, 2023",1680393600,0,0.0
custom bookshelf,3,False,"Apr 2 – 8, 2023",1680393600,0,0.0
custom dresser,3,False,"Apr 2 – 8, 2023",1680393600,0,0.0
dining table,3,True,"Apr 9 – 15, 2023",1680998400,24,0.8462
custom bed frame,3,False,"Apr 9 – 15, 2023",1680998400,0,0.0
custom desk,3,False,"Apr 9 – 15, 2023",1680998400,0,0.0
custom bookshelf,3,False,"Apr 9 – 15, 2023",1680998400,0,0.0
custom dresser,3,False,"Apr 9 – 15, 2023",1680998400,0,0.0
dining table,3,True,"Apr 16 – 22, 2023",1681603200,25,0.8814
custom bed frame,3,False,"Apr 16 – 22, 2023",1681603200,0,0.0
custom desk,3,False,"Apr 16 – 22, 2023",1681603200,0,0.0
custom bookshelf,3,False,"Apr 16 – 22, 2023",1681603200,0,0.0
custom dresser,3,False,"Apr 16 – 22, 2023",1681603200,0,0.0
dining table,3,True,"Apr 23 – 29, 2023",1682208000,25,0.8814
custom bed frame,3,False,"Apr 23 – 29, 2023",1682208000,0,0.0
custom desk,3,False,"Apr 23 – 29, 2023",1682208000,0,0.0
custom bookshelf,3,False,"Apr 23 – 29, 2023",1682208000,0,0.0
custom dresser,3,False,"Apr 23 – 29, 2023",1682208000,0,0.0
dining table,3,True,"Apr 30 – May 6, 2023",1682812800,24,0.8462
custom bed frame,3,False,"Apr 30 – May 6, 2023",1682812800,0,0.0
custom desk,3,False,"Apr 30 – May 6, 2023",1682812800,0,0.0
custom bookshelf,3,False,"Apr 30 – May 6, 2023",1682812800,0,0.0
custom dresser,3,False,"Apr 30 – May 6, 2023",1682812800,0,0.0
dining table,3,True,"May 7 – 13, 2023",1683417600,24,0.8462
custom bed frame,3,False,"May 7 – 13, 2023",1683417600,0,0.0
custom desk,3,False,"May 7 – 13, 2023",1683417600,0,0.0
custom bookshelf,3,False,"May 7 – 13, 2023",1683417600,0,0.0
custom dresser,3,False,"May 7 – 13, 2023",1683417600,0,0.0
dining table,3,True,"May 14 – 20, 2023",1684022400,24,0.8462
custom bed frame,3,False,"May 14 – 20, 2023",1684022400,0,0.0
custom desk,3,False,"May 14 – 20, 2023",1684022400,0,0.0
custom bookshelf,3,False,"May 14 – 20, 2023",1684022400,0,0.0
custom dresser,3,False,"May 14 – 20, 2023",1684022400,0,0.0
dining table,3,True,"May 21 – 27, 2023",1684627200,25,0.8814
custom bed frame,3,False,"May 21 – 27, 2023",1684627200,0,0.0
custom desk,3,False,"May 21 – 27, 2023",1684627200,0,0.0
custom bookshelf,3,False,"May 21 – 27, 2023",1684627200,0,0.0
custom dresser,3,False,"May 21 – 27, 2023",1684627200,0,0.0
dining table,3,True,"May 28 – Jun 3, 2023",1685232000,27,0.952
custom bed frame,3,False,"May 28 – Jun 3, 2023",1685232000,0,0.0
custom desk,3,False,"May 28 – Jun 3, 2023",1685232000,0,0.0
custom bookshelf,3,False,"May 28 – Jun 3, 2023",1685232000,0,0.0
custom dresser,3,False,"May 28 – Jun 3, 2023",1685232000,0,0.0
dining table,3,True,"Jun 4 – 10, 2023",1685836800,24,0.8462
custom bed frame,3,False,"Jun 4 – 10, 2023",1685836800,0,0.0
custom desk,3,False,"Jun 4 – 10, 2023",1685836800,0,0.0
custom bookshelf,3,False,"Jun 4 – 10, 2023",1685836800,0,0.0
custom dresser,3,False,"Jun 4 – 10, 2023",1685836800,0,0.0
dining table,3,True,"Jun 11 – 17, 2023",1686441600,24,0.8462
custom bed frame,3,False,"Jun 11 – 17, 2023",1686441600,0,0.0
custom desk,3,False,"Jun 11 – 17, 2023",1686441600,0,0.0
custom bookshelf,3,False,"Jun 11 – 17, 2023",1686441600,0,0.0
custom dresser,3,False,"Jun 11 – 17, 2023",1686441600,0,0.0
dining table,3,True,"Jun 18 – 24, 2023",1687046400,27,0.952
custom bed frame,3,False,"Jun 18 – 24, 2023",1687046400,0,0.0
custom desk,3,False,"Jun 18 – 24, 2023",1687046400,0,0.0
custom bookshelf,3,False,"Jun 18 – 24, 2023",1687046400,0,0.0
custom dresser,3,False,"Jun 18 – 24, 2023",1687046400,0,0.0
dining table,3,True,"Jun 25 – Jul 1, 2023",1687651200,26,0.9167
custom bed frame,3,False,"Jun 25 – Jul 1, 2023",1687651200,0,0.0
custom desk,3,False,"Jun 25 – Jul 1, 2023",1687651200,0,0.0
custom bookshelf,3,False,"Jun 25 – Jul 1, 2023",1687651200,0,0.0
custom dresser,3,False,"Jun 25 – Jul 1, 2023",1687651200,0,0.0
dining table,3,True,"Jul 2 – 8, 2023",1688256000,28,0.9872
custom bed frame,3,False,"Jul 2 – 8, 2023",1688256000,0,0.0
custom desk,3,False,"Jul 2 – 8, 2023",1688256000,0,0.0
custom bookshelf,3,False,"Jul 2 – 8, 2023",1688256000,0,0.0
custom dresser,3,False,"Jul 2 – 8, 2023",1688256000,0,0.0
dining table,3,True,"Jul 9 – 15, 2023",1688860800,25,0.8814
custom bed frame,3,False,"Jul 9 – 15, 2023",1688860800,0,0.0
custom desk,3,False,"Jul 9 – 15, 2023",1688860800,0,0.0
custom bookshelf,3,False,"Jul 9 – 15, 2023",1688860800,0,0.0
custom dresser,3,False,"Jul 9 – 15, 2023",1688860800,0,0.0
dining table,3,True,"Jul 16 – 22, 2023",1689465600,25,0.8814
custom bed frame,3,False,"Jul 16 – 22, 2023",1689465600,0,0.0
custom desk,3,False,"Jul 16 – 22, 2023",1689465600,0,0.0
custom bookshelf,3,False,"Jul 16 – 22, 2023",1689465600,0,0.0
custom dresser,3,False,"Jul 16 – 22, 2023",1689465600,0,0.0
dining table,3,True,"Jul 23 – 29, 2023",1690070400,25,0.8814
custom bed frame,3,False,"Jul 23 – 29, 2023",1690070400,0,0.0
custom desk,3,False,"Jul 23 – 29, 2023",1690070400,0,0.0
custom bookshelf,3,False,"Jul 23 – 29, 2023",1690070400,0,0.0
custom dresser,3,False,"Jul 23 – 29, 2023",1690070400,0,0.0
dining table,3,True,"Jul 30 – Aug 5, 2023",1690675200,25,0.8814
custom bed frame,3,False,"Jul 30 – Aug 5, 2023",1690675200,0,0.0
custom desk,3,False,"Jul 30 – Aug 5, 2023",1690675200,0,0.0
custom bookshelf,3,False,"Jul 30 – Aug 5, 2023",1690675200,0,0.0
custom dresser,3,False,"Jul 30 – Aug 5, 2023",1690675200,0,0.0
dining table,3,True,"Aug 6 – 12, 2023",1691280000,24,0.8462
custom bed frame,3,False,"Aug 6 – 12, 2023",1691280000,0,0.0
custom desk,3,False,"Aug 6 – 12, 2023",1691280000,0,0.0
custom bookshelf,3,False,"Aug 6 – 12, 2023",1691280000,0,0.0
custom dresser,3,False,"Aug 6 – 12, 2023",1691280000,0,0.0
dining table,3,True,"Aug 13 – 19, 2023",1691884800,24,0.8462
custom bed frame,3,False,"Aug 13 – 19, 2023",1691884800,0,0.0
custom desk,3,False,"Aug 13 – 19, 2023",1691884800,0,0.0
custom bookshelf,3,False,"Aug 13 – 19, 2023",1691884800,0,0.0
custom dresser,3,False,"Aug 13 – 19, 2023",1691884800,0,0.0
dining table,3,True,"Aug 20 – 26, 2023",1692489600,25,0.8814
custom bed frame,3,False,"Aug 20 – 26, 2023",1692489600,0,0.0
custom desk,3,False,"Aug 20 – 26, 2023",1692489600,0,0.0
custom bookshelf,3,False,"Aug 20 – 26, 2023",1692489600,0,0.0
custom dresser,3,False,"Aug 20 – 26, 2023",1692489600,0,0.0
dining table,3,True,"Aug 27 – Sep 2, 2023",1693094400,25,0.8814
custom bed frame,3,False,"Aug 27 – Sep 2, 2023",1693094400,0,0.0
custom desk,3,False,"Aug 27 – Sep 2, 2023",1693094400,0,0.0
custom bookshelf,3,False,"Aug 27 – Sep 2, 2023",1693094400,0,0.0
custom dresser,3,False,"Aug 27 – Sep 2, 2023",1693094400,0,0.0
dining table,3,True,"Sep 3 – 9, 2023",1693699200,29,1.0225
custom bed frame,3,False,"Sep 3 – 9, 2023",1693699200,0,0.0
custom desk,3,False,"Sep 3 – 9, 2023",1693699200,0,0.0
custom bookshelf,3,False,"Sep 3 – 9, 2023",1693699200,0,0.0
custom dresser,3,False,"Sep 3 – 9, 2023",1693699200,0,0.0
dining table,3,True,"Sep 10 – 16, 2023",1694304000,22,0.7757
custom bed frame,3,False,"Sep 10 – 16, 2023",1694304000,0,0.0
custom desk,3,False,"Sep 10 – 16, 2023",1694304000,0,0.0
custom bookshelf,3,False,"Sep 10 – 16, 2023",1694304000,0,0.0
custom dresser,3,False,"Sep 10 – 16, 2023",1694304000,0,0.0
dining table,3,True,"Sep 17 – 23, 2023",1694908800,23,0.8109
custom bed frame,3,False,"Sep 17 – 23, 2023",1694908800,0,0.0
custom desk,3,False,"Sep 17 – 23, 2023",1694908800,0,0.0
custom bookshelf,3,False,"Sep 17 – 23, 2023",1694908800,0,0.0
custom dresser,3,False,"Sep 17 – 23, 2023",1694908800,0,0.0
dining table,3,True,"Sep 24 – 30, 2023",1695513600,24,0.8462
custom bed frame,3,False,"Sep 24 – 30, 2023",1695513600,0,0.0
custom desk,3,False,"Sep 24 – 30, 2023",1695513600,0,0.0
custom bookshelf,3,False,"Sep 24 – 30, 2023",1695513600,0,0.0
custom dresser,3,False,"Sep 24 – 30, 2023",1695513600,0,0.0
dining table,3,True,"Oct 1 – 7, 2023",1696118400,23,0.8109
custom bed frame,3,False,"Oct 1 – 7, 2023",1696118400,0,0.0
custom desk,3,False,"Oct 1 – 7, 2023",1696118400,0,0.0
custom bookshelf,3,False,"Oct 1 – 7, 2023",1696118400,0,0.0
custom dresser,3,False,"Oct 1 – 7, 2023",1696118400,0,0.0
dining table,3,True,"Oct 8 – 14, 2023",1696723200,23,0.8109
custom bed frame,3,False,"Oct 8 – 14, 2023",1696723200,0,0.0
custom desk,3,False,"Oct 8 – 14, 2023",1696723200,0,0.0
custom bookshelf,3,False,"Oct 8 – 14, 2023",1696723200,0,0.0
custom dresser,3,False,"Oct 8 – 14, 2023",1696723200,0,0.0
dining table,3,True,"Oct 15 – 21, 2023",1697328000,24,0.8462
custom bed frame,3,False,"Oct 15 – 21, 2023",1697328000,0,0.0
custom desk,3,False,"Oct 15 – 21, 2023",1697328000,0,0.0
custom bookshelf,3,False,"Oct 15 – 21, 2023",1697328000,0,0.0
custom dresser,3,False,"Oct 15 – 21, 2023",1697328000,0,0.0
dining table,3,True,"Oct 22 – 28, 2023",1697932800,24,0.8462
custom bed frame,3,False,"Oct 22 – 28, 2023",1697932800,0,0.0
custom desk,3,False,"Oct 22 – 28, 2023",1697932800,0,0.0
custom bookshelf,3,False,"Oct 22 – 28, 2023",1697932800,0,0.0
custom dresser,3,False,"Oct 22 – 28, 2023",1697932800,0,0.0
dining table,3,True,"Oct 29 – Nov 4, 2023",1698537600,24,0.8462
custom bed frame,3,False,"Oct 29 – Nov 4, 2023",1698537600,0,0.0
custom desk,3,False,"Oct 29 – Nov 4, 2023",1698537600,0,0.0
custom bookshelf,3,False,"Oct 29 – Nov 4, 2023",1698537600,0,0.0
custom dresser,3,False,"Oct 29 – Nov 4, 2023",1698537600,0,0.0
dining table,3,True,"Nov 5 – 11, 2023",1699142400,27,0.952
custom bed frame,3,False,"Nov 5 – 11, 2023",1699142400,0,0.0
custom desk,3,False,"Nov 5 – 11, 2023",1699142400,0,0.0
custom bookshelf,3,False,"Nov 5 – 11, 2023",1699142400,0,0.0
custom dresser,3,False,"Nov 5 – 11, 2023",1699142400,0,0.0
dining table,3,True,"Nov 12 – 18, 2023",1699747200,28,0.9872
custom bed frame,3,False,"Nov 12 – 18, 2023",1699747200,0,0.0
custom desk,3,False,"Nov 12 – 18, 2023",1699747200,0,0.0
custom bookshelf,3,False,"Nov 12 – 18, 2023",1699747200,0,0.0
custom dresser,3,False,"Nov 12 – 18, 2023",1699747200,0,0.0
dining table,3,True,"Nov 19 – 25, 2023",1700352000,34,1.1988
custom bed frame,3,False,"Nov 19 – 25, 2023",1700352000,0,0.0
custom desk,3,False,"Nov 19 – 25, 2023",1700352000,1,0.0353
custom bookshelf,3,False,"Nov 19 – 25, 2023",1700352000,0,0.0
custom dresser,3,False,"Nov 19 – 25, 2023",1700352000,0,0.0
dining table,3,True,"Nov 26 – Dec 2, 2023",1700956800,25,0.8814
custom bed frame,3,False,"Nov 26 – Dec 2, 2023",1700956800,0,0.0
custom desk,3,False,"Nov 26 – Dec 2, 2023",1700956800,1,0.0353
custom bookshelf,3,False,"Nov 26 – Dec 2, 2023",1700956800,0,0.0
custom dresser,3,False,"Nov 26 – Dec 2, 2023",1700956800,0,0.0
dining table,3,True,"Dec 3 – 9, 2023",1701561600,23,0.8109
custom bed frame,3,False,"Dec 3 – 9, 2023",1701561600,0,0.0
custom desk,3,False,"Dec 3 – 9, 2023",1701561600,1,0.0353
custom bookshelf,3,False,"Dec 3 – 9, 2023",1701561600,0,0.0
custom dresser,3,False,"Dec 3 – 9, 2023",1701561600,0,0.0
dining table,3,True,"Dec 10 – 16, 2023",1702166400,22,0.7757
custom bed frame,3,False,"Dec 10 – 16, 2023",1702166400,0,0.0
custom desk,3,False,"Dec 10 – 16, 2023",1702166400,1,0.0353
custom bookshelf,3,False,"Dec 10 – 16, 2023",1702166400,0,0.0
custom dresser,3,False,"Dec 10 – 16, 2023",1702166400,0,0.0
dining table,3,True,"Dec 17 – 23, 2023",1702771200,21,0.7404
custom bed frame,3,False,"Dec 17 – 23, 2023",1702771200,0,0.0
custom desk,3,False,"Dec 17 – 23, 2023",1702771200,0,0.0
custom bookshelf,3,False,"Dec 17 – 23, 2023",1702771200,0,0.0
custom dresser,3,False,"Dec 17 – 23, 2023",1702771200,0,0.0
dining table,3,True,"Dec 24 – 30, 2023",1703376000,25,0.8814
custom bed frame,3,False,"Dec 24 – 30, 2023",1703376000,0,0.0
custom desk,3,False,"Dec 24 – 30, 2023",1703376000,0,0.0
custom bookshelf,3,False,"Dec 24 – 30, 2023",1703376000,0,0.0
custom dresser,3,False,"Dec 24 – 30, 2023",1703376000,0,0.0
dining table,3,True,"Dec 31, 2023 – Jan 6, 2024",1703980800,28,0.9872
custom bed frame,3,False,"Dec 31, 2023 – Jan 6, 2024",1703980800,0,0.0
custom desk,3,False,"Dec 31, 2023 – Jan 6, 2024",1703980800,0,0.0
custom bookshelf,3,False,"Dec 31, 2023 – Jan 6, 2024",1703980800,0,0.0
custom dresser,3,False,"Dec 31, 2023 – Jan 6, 2024",1703980800,0,0.0
dining table,3,True,"Jan 7 – 13, 2024",1704585600,24,0.8462
custom bed frame,3,False,"Jan 7 – 13, 2024",1704585600,0,0.0
custom desk,3,False,"Jan 7 – 13, 2024",1704585600,0,0.0
custom bookshelf,3,False,"Jan 7 – 13, 2024",1704585600,0,0.0
custom dresser,3,False,"Jan 7 – 13, 2024",1704585600,0,0.0
dining table,3,True,"Jan 14 – 20, 2024",1705190400,25,0.8814
custom bed frame,3,False,"Jan 14 – 20, 2024",1705190400,0,0.0
custom desk,3,False,"Jan 14 – 20, 2024",1705190400,0,0.0
custom bookshelf,3,False,"Jan 14 – 20, 2024",1705190400,0,0.0
custom dresser,3,False,"Jan 14 – 20, 2024",1705190400,0,0.0
dining table,3,True,"Jan 21 – 27, 2024",1705795200,25,0.8814
custom bed frame,3,False,"Jan 21 – 27, 2024",1705795200,0,0.0
custom desk,3,False,"Jan 21 – 27, 2024",1705795200,0,0.0
custom bookshelf,3,False,"Jan 21 – 27, 2024",1705795200,0,0.0
custom dresser,3,False,"Jan 21 – 27, 2024",1705795200,0,0.0
dining table,3,True,"Jan 28 – Feb 3, 2024",1706400000,24,0.8462
custom bed frame,3,False,"Jan 28 – Feb 3, 2024",1706400000,0,0.0
custom desk,3,False,"Jan 28 – Feb 3, 2024",1706400000,1,0.0353
custom bookshelf,3,False,"Jan 28 – Feb 3, 2024",1706400000,0,0.0
custom dresser,3,False,"Jan 28 – Feb 3, 2024",1706400000,0,0.0
dining table,3,True,"Feb 4 – 10, 2024",1707004800,23,0.8109
custom bed frame,3,False,"Feb 4 – 10, 2024",1707004800,0,0.0
custom desk,3,False,"Feb 4 – 10, 2024",1707004800,0,0.0
custom bookshelf,3,False,"Feb 4 – 10, 2024",1707004800,0,0.0
custom dresser,3,False,"Feb 4 – 10, 2024",1707004800,0,0.0
dining table,3,True,"Feb 11 – 17, 2024",1707609600,23,0.8109
custom bed frame,3,False,"Feb 11 – 17, 2024",1707609600,0,0.0
custom desk,3,False,"Feb 11 – 17, 2024",1707609600,0,0.0
custom bookshelf,3,False,"Feb 11 – 17, 2024",1707609600,0,0.0
custom dresser,3,False,"Feb 11 – 17, 2024",1707609600,0,0.0
dining table,3,True,"Feb 18 – 24, 2024",1708214400,26,0.9167
custom bed frame,3,False,"Feb 18 – 24, 2024",1708214400,0,0.0
custom desk,3,False,"Feb 18 – 24, 2024",1708214400,0,0.0
custom bookshelf,3,False,"Feb 18 – 24, 2024",1708214400,0,0.0
custom dresser,3,False,"Feb 18 – 24, 2024",1708214400,0,0.0
dining table,3,True,"Feb 25 – Mar 2, 2024",1708819200,24,0.8462
custom bed frame,3,False,"Feb 25 – Mar 2, 2024",1708819200,0,0.0
custom desk,3,False,"Feb 25 – Mar 2, 2024",1708819200,0,0.0
custom bookshelf,3,False,"Feb 25 – Mar 2, 2024",1708819200,0,0.0
custom dresser,3,False,"Feb 25 – Mar 2, 2024",1708819200,0,0.0
dining table,3,True,"Mar 3 – 9, 2024",1709424000,24,0.8462
custom bed frame,3,False,"Mar 3 – 9, 2024",1709424000,0,0.0
custom desk,3,False,"Mar 3 – 9, 2024",1709424000,0,0.0
custom bookshelf,3,False,"Mar 3 – 9, 2024",1709424000,0,0.0
custom dresser,3,False,"Mar 3 – 9, 2024",1709424000,0,0.0
dining table,3,True,"Mar 10 – 16, 2024",1710028800,24,0.8462
custom bed frame,3,False,"Mar 10 – 16, 2024",1710028800,0,0.0
custom desk,3,False,"Mar 10 – 16, 2024",1710028800,0,0.0
custom bookshelf,3,False,"Mar 10 – 16, 2024",1710028800,0,0.0
custom dresser,3,False,"Mar 10 – 16, 2024",1710028800,0,0.0
dining table,3,True,"Mar 17 – 23, 2024",1710633600,24,0.8462
custom bed frame,3,False,"Mar 17 – 23, 2024",1710633600,0,0.0
custom desk,3,False,"Mar 17 – 23, 2024",1710633600,0,0.0
custom bookshelf,3,False,"Mar 17 – 23, 2024",1710633600,0,0.0
custom dresser,3,False,"Mar 17 – 23, 2024",1710633600,0,0.0
dining table,3,True,"Mar 24 – 30, 2024",1711238400,24,0.8462
custom bed frame,3,False,"Mar 24 – 30, 2024",1711238400,0,0.0
custom desk,3,False,"Mar 24 – 30, 2024",1711238400,0,0.0
custom bookshelf,3,False,"Mar 24 – 30, 2024",1711238400,0,0.0
custom dresser,3,False,"Mar 24 – 30, 2024",1711238400,0,0.0
dining table,3,True,"Mar 31 – Apr 6, 2024",1711843200,22,0.7757
custom bed frame,3,False,"Mar 31 – Apr 6, 2024",1711843200,0,0.0
custom desk,3,False,"Mar 31 – Apr 6, 2024",1711843200,0,0.0
custom bookshelf,3,False,"Mar 31 – Apr 6, 2024",1711843200,0,0.0
custom dresser,3,False,"Mar 31 – Apr 6, 2024",1711843200,0,0.0
dining table,3,True,"Apr 7 – 13, 2024",1712448000,23,0.8109
custom bed frame,3,False,"Apr 7 – 13, 2024",1712448000,0,0.0
custom desk,3,False,"Apr 7 – 13, 2024",1712448000,0,0.0
custom bookshelf,3,False,"Apr 7 – 13, 2024",1712448000,0,0.0
custom dresser,3,False,"Apr 7 – 13, 2024",1712448000,0,0.0
dining table,3,True,"Apr 14 – 20, 2024",1713052800,22,0.7757
custom bed frame,3,False,"Apr 14 – 20, 2024",1713052800,0,0.0
custom desk,3,False,"Apr 14 – 20, 2024",1713052800,0,0.0
custom bookshelf,3,False,"Apr 14 – 20, 2024",1713052800,0,0.0
custom dresser,3,False,"Apr 14 – 20, 2024",1713052800,0,0.0
dining table,3,True,"Apr 21 – 27, 2024",1713657600,25,0.8814
custom bed frame,3,False,"Apr 21 – 27, 2024",1713657600,0,0.0
custom desk,3,False,"Apr 21 – 27, 2024",1713657600,0,0.0
custom bookshelf,3,False,"Apr 21 – 27, 2024",1713657600,0,0.0
custom dresser,3,False,"Apr 21 – 27, 2024",1713657600,0,0.0
dining table,3,True,"Apr 28 – May 4, 2024",1714262400,24,0.8462
custom bed frame,3,False,"Apr 28 – May 4, 2024",1714262400,0,0.0
custom desk,3,False,"Apr 28 – May 4, 2024",1714262400,0,0.0
custom bookshelf,3,False,"Apr 28 – May 4, 2024",1714262400,0,0.0
custom dresser,3,False,"Apr 28 – May 4, 2024",1714262400,0,0.0
dining table,3,True,"May 5 – 11, 2024",1714867200,23,0.8109
custom bed frame,3,False,"May 5 – 11, 2024",1714867200,0,0.0
custom desk,3,False,"May 5 – 11, 2024",1714867200,0,0.0
custom bookshelf,3,False,"May 5 – 11, 2024",1714867200,0,0.0
custom dresser,3,False,"May 5 – 11, 2024",1714867200,0,0.0
dining table,3,True,"May 12 – 18, 2024",1715472000,23,0.8109
custom bed frame,3,False,"May 12 – 18, 2024",1715472000,0,0.0
custom desk,3,False,"May 12 – 18, 2024",1715472000,0,0.0
custom bookshelf,3,False,"May 12 – 18, 2024",1715472000,0,0.0
custom dresser,3,False,"May 12 – 18, 2024",1715472000,0,0.0
dining table,3,True,"May 19 – 25, 2024",1716076800,24,0.8462
custom bed frame,3,False,"May 19 – 25, 2024",1716076800,0,0.0
custom desk,3,False,"May 19 – 25, 2024",1716076800,0,0.0
custom bookshelf,3,False,"May 19 – 25, 2024",1716076800,0,0.0
custom dresser,3,False,"May 19 – 25, 2024",1716076800,0,0.0
dining table,3,True,"May 26 – Jun 1, 2024",1716681600,26,0.9167
custom bed frame,3,False,"May 26 – Jun 1, 2024",1716681600,0,0.0
custom desk,3,False,"May 26 – Jun 1, 2024",1716681600,0,0.0
custom bookshelf,3,False,"May 26 – Jun 1, 2024",1716681600,0,0.0
custom dresser,3,False,"May 26 – Jun 1, 2024",1716681600,0,0.0
dining table,3,True,"Jun 2 – 8, 2024",1717286400,23,0.8109
custom bed frame,3,False,"Jun 2 – 8, 2024",1717286400,0,0.0
custom desk,3,False,"Jun 2 – 8, 2024",1717286400,0,0.0
custom bookshelf,3,False,"Jun 2 – 8, 2024",1717286400,0,0.0
custom dresser,3,False,"Jun 2 – 8, 2024",1717286400,0,0.0
dining table,3,True,"Jun 9 – 15, 2024",1717891200,24,0.8462
custom bed frame,3,False,"Jun 9 – 15, 2024",1717891200,0,0.0
custom desk,3,False,"Jun 9 – 15, 2024",1717891200,0,0.0
custom bookshelf,3,False,"Jun 9 – 15, 2024",1717891200,0,0.0
custom dresser,3,False,"Jun 9 – 15, 2024",1717891200,0,0.0
dining table,3,True,"Jun 16 – 22, 2024",1718496000,25,0.8814
custom bed frame,3,False,"Jun 16 – 22, 2024",1718496000,0,0.0
custom desk,3,False,"Jun 16 – 22, 2024",1718496000,0,0.0
custom bookshelf,3,False,"Jun 16 – 22, 2024",1718496000,0,0.0
custom dresser,3,False,"Jun 16 – 22, 2024",1718496000,0,0.0
dining table,3,True,"Jun 23 – 29, 2024",1719100800,25,0.8814
custom bed frame,3,False,"Jun 23 – 29, 2024",1719100800,0,0.0
custom desk,3,False,"Jun 23 – 29, 2024",1719100800,0,0.0
custom bookshelf,3,False,"Jun 23 – 29, 2024",1719100800,0,0.0
custom dresser,3,False,"Jun 23 – 29, 2024",1719100800,0,0.0
dining table,3,True,"Jun 30 – Jul 6, 2024",1719705600,28,0.9872
custom bed frame,3,False,"Jun 30 – Jul 6, 2024",1719705600,0,0.0
custom desk,3,False,"Jun 30 – Jul 6, 2024",1719705600,0,0.0
custom bookshelf,3,False,"Jun 30 – Jul 6, 2024",1719705600,0,0.0
custom dresser,3,False,"Jun 30 – Jul 6, 2024",1719705600,0,0.0
dining table,3,True,"Jul 7 – 13, 2024",1720310400,25,0.8814
custom bed frame,3,False,"Jul 7 – 13, 2024",1720310400,0,0.0
custom desk,3,False,"Jul 7 – 13, 2024",1720310400,0,0.0
custom bookshelf,3,False,"Jul 7 – 13, 2024",1720310400,0,0.0
custom dresser,3,False,"Jul 7 – 13, 2024",1720310400,0,0.0
dining table,3,True,"Jul 14 – 20, 2024",1720915200,23,0.8109
custom bed frame,3,False,"Jul 14 – 20, 2024",1720915200,0,0.0
custom desk,3,False,"Jul 14 – 20, 2024",1720915200,0,0.0
custom bookshelf,3,False,"Jul 14 – 20, 2024",1720915200,0,0.0
custom dresser,3,False,"Jul 14 – 20, 2024",1720915200,0,0.0
dining table,3,True,"Jul 21 – 27, 2024",1721520000,25,0.8814
custom bed frame,3,False,"Jul 21 – 27, 2024",1721520000,0,0.0
custom desk,3,False,"Jul 21 – 27, 2024",1721520000,0,0.0
custom bookshelf,3,False,"Jul 21 – 27, 2024",1721520000,0,0.0
custom dresser,3,False,"Jul 21 – 27, 2024",1721520000,0,0.0
dining table,3,True,"Jul 28 – Aug 3, 2024",1722124800,26,0.9167
custom bed frame,3,False,"Jul 28 – Aug 3, 2024",1722124800,0,0.0
custom desk,3,False,"Jul 28 – Aug 3, 2024",1722124800,0,0.0
custom bookshelf,3,False,"Jul 28 – Aug 3, 2024",1722124800,0,0.0
custom dresser,3,False,"Jul 28 – Aug 3, 2024",1722124800,0,0.0
dining table,3,True,"Aug 4 – 10, 2024",1722729600,26,0.9167
custom bed frame,3,False,"Aug 4 – 10, 2024",1722729600,0,0.0
custom desk,3,False,"Aug 4 – 10, 2024",1722729600,0,0.0
custom bookshelf,3,False,"Aug 4 – 10, 2024",1722729600,0,0.0
custom dresser,3,False,"Aug 4 – 10, 2024",1722729600,0,0.0
dining table,3,True,"Aug 11 – 17, 2024",1723334400,27,0.952
custom bed frame,3,False,"Aug 11 – 17, 2024",1723334400,0,0.0
custom desk,3,False,"Aug 11 – 17, 2024",1723334400,0,0.0
custom bookshelf,3,False,"Aug 11 – 17, 2024",1723334400,0,0.0
custom dresser,3,False,"Aug 11 – 17, 2024",1723334400,0,0.0
dining table,3,True,"Aug 18 – 24, 2024",1723939200,27,0.952
custom bed frame,3,False,"Aug 18 – 24, 2024",1723939200,0,0.0
custom desk,3,False,"Aug 18 – 24, 2024",1723939200,0,0.0
custom bookshelf,3,False,"Aug 18 – 24, 2024",1723939200,0,0.0
custom dresser,3,False,"Aug 18 – 24, 2024",1723939200,0,0.0
dining table,3,True,"Aug 25 – 31, 2024",1724544000,25,0.8814
custom bed frame,3,False,"Aug 25 – 31, 2024",1724544000,0,0.0
custom desk,3,False,"Aug 25 – 31, 2024",1724544000,0,0.0
custom bookshelf,3,False,"Aug 25 – 31, 2024",1724544000,0,0.0
custom dresser,3,False,"Aug 25 – 31, 2024",1724544000,0,0.0
dining table,3,True,"Sep 1 – 7, 2024",1725148800,27,0.952
custom bed frame,3,False,"Sep 1 – 7, 2024",1725148800,0,0.0
custom desk,3,False,"Sep 1 – 7, 2024",1725148800,0,0.0
custom bookshelf,3,False,"Sep 1 – 7, 2024",1725148800,0,0.0
custom dresser,3,False,"Sep 1 – 7, 2024",1725148800,0,0.0
dining table,3,True,"Sep 8 – 14, 2024",1725753600,24,0.8462
custom bed frame,3,False,"Sep 8 – 14, 2024",1725753600,0,0.0
custom desk,3,False,"Sep 8 – 14, 2024",1725753600,0,0.0
custom bookshelf,3,False,"Sep 8 – 14, 2024",1725753600,0,0.0
custom dresser,3,False,"Sep 8 – 14, 2024",1725753600,0,0.0
dining table,3,True,"Sep 15 – 21, 2024",1726358400,23,0.8109
custom bed frame,3,False,"Sep 15 – 21, 2024",1726358400,0,0.0
custom desk,3,False,"Sep 15 – 21, 2024",1726358400,0,0.0
custom bookshelf,3,False,"Sep 15 – 21, 2024",1726358400,0,0.0
custom dresser,3,False,"Sep 15 – 21, 2024",1726358400,0,0.0
dining table,3,True,"Sep 22 – 28, 2024",1726963200,23,0.8109
custom bed frame,3,False,"Sep 22 – 28, 2024",1726963200,0,0.0
custom desk,3,False,"Sep 22 – 28, 2024",1726963200,0,0.0
custom bookshelf,3,False,"Sep 22 – 28, 2024",1726963200,0,0.0
custom dresser,3,False,"Sep 22 – 28, 2024",1726963200,0,0.0
dining table,3,True,"Sep 29 – Oct 5, 2024",1727568000,23,0.8109
custom bed frame,3,False,"Sep 29 – Oct 5, 2024",1727568000,0,0.0
custom desk,3,False,"Sep 29 – Oct 5, 2024",1727568000,0,0.0
custom bookshelf,3,False,"Sep 29 – Oct 5, 2024",1727568000,0,0.0
custom dresser,3,False,"Sep 29 – Oct 5, 2024",1727568000,0,0.0
dining table,3,True,"Oct 6 – 12, 2024",1728172800,23,0.8109
custom bed frame,3,False,"Oct 6 – 12, 2024",1728172800,0,0.0
custom desk,3,False,"Oct 6 – 12, 2024",1728172800,0,0.0
custom bookshelf,3,False,"Oct 6 – 12, 2024",1728172800,0,0.0
custom dresser,3,False,"Oct 6 – 12, 2024",1728172800,0,0.0
dining table,3,True,"Oct 13 – 19, 2024",1728777600,24,0.8462
custom bed frame,3,False,"Oct 13 – 19, 2024",1728777600,0,0.0
custom desk,3,False,"Oct 13 – 19, 2024",1728777600,0,0.0
custom bookshelf,3,False,"Oct 13 – 19, 2024",1728777600,0,0.0
custom dresser,3,False,"Oct 13 – 19, 2024",1728777600,0,0.0
dining table,3,True,"Oct 20 – 26, 2024",1729382400,24,0.8462
custom bed frame,3,False,"Oct 20 – 26, 2024",1729382400,0,0.0
custom desk,3,False,"Oct 20 – 26, 2024",1729382400,0,0.0
custom bookshelf,3,False,"Oct 20 – 26, 2024",1729382400,0,0.0
custom dresser,3,False,"Oct 20 – 26, 2024",1729382400,0,0.0
dining table,3,True,"Oct 27 – Nov 2, 2024",1729987200,24,0.8462
custom bed frame,3,False,"Oct 27 – Nov 2, 2024",1729987200,0,0.0
custom desk,3,False,"Oct 27 – Nov 2, 2024",1729987200,0,0.0
custom bookshelf,3,False,"Oct 27 – Nov 2, 2024",1729987200,0,0.0
custom dresser,3,False,"Oct 27 – Nov 2, 2024",1729987200,0,0.0
dining table,3,True,"Nov 3 – 9, 2024",1730592000,25,0.8814
custom bed frame,3,False,"Nov 3 – 9, 2024",1730592000,0,0.0
custom desk,3,False,"Nov 3 – 9, 2024",1730592000,0,0.0
custom bookshelf,3,False,"Nov 3 – 9, 2024",1730592000,0,0.0
custom dresser,3,False,"Nov 3 – 9, 2024",1730592000,0,0.0
dining table,3,True,"Nov 10 – 16, 2024",1731196800,28,0.9872
custom bed frame,3,False,"Nov 10 – 16, 2024",1731196800,0,0.0
custom desk,3,False,"Nov 10 – 16, 2024",1731196800,0,0.0
custom bookshelf,3,False,"Nov 10 – 16, 2024",1731196800,0,0.0
custom dresser,3,False,"Nov 10 – 16, 2024",1731196800,0,0.0
dining table,3,True,"Nov 17 – 23, 2024",1731801600,30,1.0577
custom bed frame,3,False,"Nov 17 – 23, 2024",1731801600,0,0.0
custom desk,3,False,"Nov 17 – 23, 2024",1731801600,1,0.0353
custom bookshelf,3,False,"Nov 17 – 23, 2024",1731801600,0,0.0
custom dresser,3,False,"Nov 17 – 23, 2024",1731801600,0,0.0
dining table,3,True,"Nov 24 – 30, 2024",1732406400,32,1.1282
custom bed frame,3,False,"Nov 24 – 30, 2024",1732406400,0,0.0
custom desk,3,False,"Nov 24 – 30, 2024",1732406400,1,0.0353
custom bookshelf,3,False,"Nov 24 – 30, 2024",1732406400,0,0.0
custom dresser,3,False,"Nov 24 – 30, 2024",1732406400,0,0.0
dining table,3,True,"Dec 1 – 7, 2024",1733011200,24,0.8462
custom bed frame,3,False,"Dec 1 – 7, 2024",1733011200,0,0.0
custom desk,3,False,"Dec 1 – 7, 2024",1733011200,1,0.0353
custom bookshelf,3,False,"Dec 1 – 7, 2024",1733011200,0,0.0
custom dresser,3,False,"Dec 1 – 7, 2024",1733011200,0,0.0
dining table,3,True,"Dec 8 – 14, 2024",1733616000,22,0.7757
custom bed frame,3,False,"Dec 8 – 14, 2024",1733616000,0,0.0
custom desk,3,False,"Dec 8 – 14, 2024",1733616000,1,0.0353
custom bookshelf,3,False,"Dec 8 – 14, 2024",1733616000,0,0.0
custom dresser,3,False,"Dec 8 – 14, 2024",1733616000,0,0.0
dining table,3,True,"Dec 15 – 21, 2024",1734220800,21,0.7404
custom bed frame,3,False,"Dec 15 – 21, 2024",1734220800,0,0.0
custom desk,3,False,"Dec 15 – 21, 2024",1734220800,1,0.0353
custom bookshelf,3,False,"Dec 15 – 21, 2024",1734220800,0,0.0
custom dresser,3,False,"Dec 15 – 21, 2024",1734220800,0,0.0
dining table,3,True,"Dec 22 – 28, 2024",1734825600,25,0.8814
custom bed frame,3,False,"Dec 22 – 28, 2024",1734825600,0,0.0
custom desk,3,False,"Dec 22 – 28, 2024",1734825600,0,0.0
custom bookshelf,3,False,"Dec 22 – 28, 2024",1734825600,0,0.0
custom dresser,3,False,"Dec 22 – 28, 2024",1734825600,0,0.0
dining table,3,True,"Dec 29, 2024 – Jan 4, 2025",1735430400,30,1.0577
custom bed frame,3,False,"Dec 29, 2024 – Jan 4, 2025",1735430400,0,0.0
custom desk,3,False,"Dec 29, 2024 – Jan 4, 2025",1735430400,1,0.0353
custom bookshelf,3,False,"Dec 29, 2024 – Jan 4, 2025",1735430400,0,0.0
custom dresser,3,False,"Dec 29, 2024 – Jan 4, 2025",1735430400,0,0.0
dining table,3,True,"Jan 5 – 11, 2025",1736035200,25,0.8814
custom bed frame,3,False,"Jan 5 – 11, 2025",1736035200,0,0.0
custom desk,3,False,"Jan 5 – 11, 2025",1736035200,1,0.0353
custom bookshelf,3,False,"Jan 5 – 11, 2025",1736035200,0,0.0
custom dresser,3,False,"Jan 5 – 11, 2025",1736035200,0,0.0
dining table,3,True,"Jan 12 – 18, 2025",1736640000,25,0.8814
custom bed frame,3,False,"Jan 12 – 18, 2025",1736640000,0,0.0
custom desk,3,False,"Jan 12 – 18, 2025",1736640000,1,0.0353
custom bookshelf,3,False,"Jan 12 – 18, 2025",1736640000,0,0.0
custom dresser,3,False,"Jan 12 – 18, 2025",1736640000,0,0.0
dining table,3,True,"Jan 19 – 25, 2025",1737244800,26,0.9167
custom bed frame,3,False,"Jan 19 – 25, 2025",1737244800,0,0.0
custom desk,3,False,"Jan 19 – 25, 2025",1737244800,0,0.0
custom bookshelf,3,False,"Jan 19 – 25, 2025",1737244800,0,0.0
custom dresser,3,False,"Jan 19 – 25, 2025",1737244800,0,0.0
dining table,3,True,"Jan 26 – Feb 1, 2025",1737849600,23,0.8109
custom bed frame,3,False,"Jan 26 – Feb 1, 2025",1737849600,0,0.0
custom desk,3,False,"Jan 26 – Feb 1, 2025",1737849600,1,0.0353
custom bookshelf,3,False,"Jan 26 – Feb 1, 2025",1737849600,0,0.0
custom dresser,3,False,"Jan 26 – Feb 1, 2025",1737849600,0,0.0
dining table,3,True,"Feb 2 – 8, 2025",1738454400,24,0.8462
custom bed frame,3,False,"Feb 2 – 8, 2025",1738454400,0,0.0
custom desk,3,False,"Feb 2 – 8, 2025",1738454400,0,0.0
custom bookshelf,3,False,"Feb 2 – 8, 2025",1738454400,0,0.0
custom dresser,3,False,"Feb 2 – 8, 2025",1738454400,0,0.0
dining table,3,True,"Feb 9 – 15, 2025",1739059200,22,0.7757
custom bed frame,3,False,"Feb 9 – 15, 2025",1739059200,0,0.0
custom desk,3,False,"Feb 9 – 15, 2025",1739059200,0,0.0
custom bookshelf,3,False,"Feb 9 – 15, 2025",1739059200,0,0.0
custom dresser,3,False,"Feb 9 – 15, 2025",1739059200,0,0.0
dining table,3,True,"Feb 16 – 22, 2025",1739664000,25,0.8814
custom bed frame,3,False,"Feb 16 – 22, 2025",1739664000,0,0.0
custom desk,3,False,"Feb 16 – 22, 2025",1739664000,0,0.0
custom bookshelf,3,False,"Feb 16 – 22, 2025",1739664000,0,0.0
custom dresser,3,False,"Feb 16 – 22, 2025",1739664000,0,0.0
dining table,3,True,"Feb 23 – Mar 1, 2025",1740268800,25,0.8814
custom bed frame,3,False,"Feb 23 – Mar 1, 2025",1740268800,0,0.0
custom desk,3,False,"Feb 23 – Mar 1, 2025",1740268800,0,0.0
custom bookshelf,3,False,"Feb 23 – Mar 1, 2025",1740268800,0,0.0
custom dresser,3,False,"Feb 23 – Mar 1, 2025",1740268800,0,0.0
dining table,3,True,"Mar 2 – 8, 2025",1740873600,25,0.8814
custom bed frame,3,False,"Mar 2 – 8, 2025",1740873600,0,0.0
custom desk,3,False,"Mar 2 – 8, 2025",1740873600,0,0.0
custom bookshelf,3,False,"Mar 2 – 8, 2025",1740873600,0,0.0
custom dresser,3,False,"Mar 2 – 8, 2025",1740873600,0,0.0
dining table,3,True,"Mar 9 – 15, 2025",1741478400,26,0.9167
custom bed frame,3,False,"Mar 9 – 15, 2025",1741478400,0,0.0
custom desk,3,False,"Mar 9 – 15, 2025",1741478400,0,0.0
custom bookshelf,3,False,"Mar 9 – 15, 2025",1741478400,0,0.0
custom dresser,3,False,"Mar 9 – 15, 2025",1741478400,0,0.0
dining table,3,True,"Mar 16 – 22, 2025",1742083200,25,0.8814
custom bed frame,3,False,"Mar 16 – 22, 2025",1742083200,0,0.0
custom desk,3,False,"Mar 16 – 22, 2025",1742083200,0,0.0
custom bookshelf,3,False,"Mar 16 – 22, 2025",1742083200,0,0.0
custom dresser,3,False,"Mar 16 – 22, 2025",1742083200,0,0.0
dining table,3,True,"Mar 23 – 29, 2025",1742688000,24,0.8462
custom bed frame,3,False,"Mar 23 – 29, 2025",1742688000,0,0.0
custom desk,3,False,"Mar 23 – 29, 2025",1742688000,0,0.0
custom bookshelf,3,False,"Mar 23 – 29, 2025",1742688000,0,0.0
custom dresser,3,False,"Mar 23 – 29, 2025",1742688000,0,0.0
dining table,3,True,"Mar 30 – Apr 5, 2025",1743292800,24,0.8462
custom bed frame,3,False,"Mar 30 – Apr 5, 2025",1743292800,0,0.0
custom desk,3,False,"Mar 30 – Apr 5, 2025",1743292800,0,0.0
custom bookshelf,3,False,"Mar 30 – Apr 5, 2025",1743292800,0,0.0
custom dresser,3,False,"Mar 30 – Apr 5, 2025",1743292800,0,0.0
dining table,3,True,"Apr 6 – 12, 2025",1743897600,24,0.8462
custom bed frame,3,False,"Apr 6 – 12, 2025",1743897600,0,0.0
custom desk,3,False,"Apr 6 – 12, 2025",1743897600,0,0.0
custom bookshelf,3,False,"Apr 6 – 12, 2025",1743897600,0,0.0
custom dresser,3,False,"Apr 6 – 12, 2025",1743897600,0,0.0
dining table,3,True,"Apr 13 – 19, 2025",1744502400,24,0.8462
custom bed frame,3,False,"Apr 13 – 19, 2025",1744502400,0,0.0
custom desk,3,False,"Apr 13 – 19, 2025",1744502400,0,0.0
custom bookshelf,3,False,"Apr 13 – 19, 2025",1744502400,0,0.0
custom dresser,3,False,"Apr 13 – 19, 2025",1744502400,0,0.0
dining table,3,True,"Apr 20 – 26, 2025",1745107200,25,0.8814
custom bed frame,3,False,"Apr 20 – 26, 2025",1745107200,0,0.0
custom desk,3,False,"Apr 20 – 26, 2025",1745107200,0,0.0
custom bookshelf,3,False,"Apr 20 – 26, 2025",1745107200,0,0.0
custom dresser,3,False,"Apr 20 – 26, 2025",1745107200,0,0.0
dining table,3,True,"Apr 27 – May 3, 2025",1745712000,25,0.8814
custom bed frame,3,False,"Apr 27 – May 3, 2025",1745712000,0,0.0
custom desk,3,False,"Apr 27 – May 3, 2025",1745712000,0,0.0
custom bookshelf,3,False,"Apr 27 – May 3, 2025",1745712000,0,0.0
custom dresser,3,False,"Apr 27 – May 3, 2025",1745712000,0,0.0
dining table,3,True,"May 4 – 10, 2025",1746316800,25,0.8814
custom bed frame,3,False,"May 4 – 10, 2025",1746316800,0,0.0
custom desk,3,False,"May 4 – 10, 2025",1746316800,1,0.0353
custom bookshelf,3,False,"May 4 – 10, 2025",1746316800,0,0.0
custom dresser,3,False,"May 4 – 10, 2025",1746316800,0,0.0
dining table,3,True,"May 11 – 17, 2025",1746921600,25,0.8814
custom bed frame,3,False,"May 11 – 17, 2025",1746921600,0,0.0
custom desk,3,False,"May 11 – 17, 2025",1746921600,0,0.0
custom bookshelf,3,False,"May 11 – 17, 2025",1746921600,0,0.0
custom dresser,3,False,"May 11 – 17, 2025",1746921600,0,0.0
dining table,3,True,"May 18 – 24, 2025",1747526400,25,0.8814
custom bed frame,3,False,"May 18 – 24, 2025",1747526400,0,0.0
custom desk,3,False,"May 18 – 24, 2025",1747526400,0,0.0
custom bookshelf,3,False,"May 18 – 24, 2025",1747526400,0,0.0
custom dresser,3,False,"May 18 – 24, 2025",1747526400,0,0.0
dining table,3,True,"May 25 – 31, 2025",1748131200,27,0.952
custom bed frame,3,False,"May 25 – 31, 2025",1748131200,0,0.0
custom desk,3,False,"May 25 – 31, 2025",1748131200,0,0.0
custom bookshelf,3,False,"May 25 – 31, 2025",1748131200,0,0.0
custom dresser,3,False,"May 25 – 31, 2025",1748131200,0,0.0
dining table,3,True,"Jun 1 – 7, 2025",1748736000,24,0.8462
custom bed frame,3,False,"Jun 1 – 7, 2025",1748736000,0,0.0
custom desk,3,False,"Jun 1 – 7, 2025",1748736000,1,0.0353
custom bookshelf,3,False,"Jun 1 – 7, 2025",1748736000,0,0.0
custom dresser,3,False,"Jun 1 – 7, 2025",1748736000,0,0.0
dining table,3,True,"Jun 8 – 14, 2025",1749340800,24,0.8462
custom bed frame,3,False,"Jun 8 – 14, 2025",1749340800,0,0.0
custom desk,3,False,"Jun 8 – 14, 2025",1749340800,1,0.0353
custom bookshelf,3,False,"Jun 8 – 14, 2025",1749340800,0,0.0
custom dresser,3,False,"Jun 8 – 14, 2025",1749340800,0,0.0
dining table,3,True,"Jun 15 – 21, 2025",1749945600,26,0.9167
custom bed frame,3,False,"Jun 15 – 21, 2025",1749945600,0,0.0
custom desk,3,False,"Jun 15 – 21, 2025",1749945600,1,0.0353
custom bookshelf,3,False,"Jun 15 – 21, 2025",1749945600,0,0.0
custom dresser,3,False,"Jun 15 – 21, 2025",1749945600,0,0.0
dining table,3,True,"Jun 22 – 28, 2025",1750550400,25,0.8814
custom bed frame,3,False,"Jun 22 – 28, 2025",1750550400,0,0.0
custom desk,3,False,"Jun 22 – 28, 2025",1750550400,0,0.0
custom bookshelf,3,False,"Jun 22 – 28, 2025",1750550400,0,0.0
custom dresser,3,False,"Jun 22 – 28, 2025",1750550400,0,0.0
dining table,3,True,"Jun 29 – Jul 5, 2025",1751155200,27,0.952
custom bed frame,3,False,"Jun 29 – Jul 5, 2025",1751155200,0,0.0
custom desk,3,False,"Jun 29 – Jul 5, 2025",1751155200,0,0.0
custom bookshelf,3,False,"Jun 29 – Jul 5, 2025",1751155200,0,0.0
custom dresser,3,False,"Jun 29 – Jul 5, 2025",1751155200,0,0.0
dining table,3,True,"Jul 6 – 12, 2025",1751760000,28,0.9872
custom bed frame,3,False,"Jul 6 – 12, 2025",1751760000,0,0.0
custom desk,3,False,"Jul 6 – 12, 2025",1751760000,1,0.0353
custom bookshelf,3,False,"Jul 6 – 12, 2025",1751760000,0,0.0
custom dresser,3,False,"Jul 6 – 12, 2025",1751760000,0,0.0
dining table,3,True,"Jul 13 – 19, 2025",1752364800,29,1.0225
custom bed frame,3,False,"Jul 13 – 19, 2025",1752364800,0,0.0
custom desk,3,False,"Jul 13 – 19, 2025",1752364800,1,0.0353
custom bookshelf,3,False,"Jul 13 – 19, 2025",1752364800,0,0.0
custom dresser,3,False,"Jul 13 – 19, 2025",1752364800,0,0.0
dining table,3,True,"Jul 20 – 26, 2025",1752969600,27,0.952
custom bed frame,3,False,"Jul 20 – 26, 2025",1752969600,0,0.0
custom desk,3,False,"Jul 20 – 26, 2025",1752969600,1,0.0353
custom bookshelf,3,False,"Jul 20 – 26, 2025",1752969600,0,0.0
custom dresser,3,False,"Jul 20 – 26, 2025",1752969600,0,0.0
dining table,3,True,"Jul 27 – Aug 2, 2025",1753574400,28,0.9872
custom bed frame,3,False,"Jul 27 – Aug 2, 2025",1753574400,0,0.0
custom desk,3,False,"Jul 27 – Aug 2, 2025",1753574400,1,0.0353
custom bookshelf,3,False,"Jul 27 – Aug 2, 2025",1753574400,0,0.0
custom dresser,3,False,"Jul 27 – Aug 2, 2025",1753574400,0,0.0
dining table,3,True,"Aug 3 – 9, 2025",1754179200,28,0.9872
custom bed frame,3,False,"Aug 3 – 9, 2025",1754179200,0,0.0
custom desk,3,False,"Aug 3 – 9, 2025",1754179200,1,0.0353
custom bookshelf,3,False,"Aug 3 – 9, 2025",1754179200,0,0.0
custom dresser,3,False,"Aug 3 – 9, 2025",1754179200,0,0.0
dining table,3,True,"Aug 10 – 16, 2025",1754784000,27,0.952
custom bed frame,3,False,"Aug 10 – 16, 2025",1754784000,0,0.0
custom desk,3,False,"Aug 10 – 16, 2025",1754784000,1,0.0353
custom bookshelf,3,False,"Aug 10 – 16, 2025",1754784000,0,0.0
custom dresser,3,False,"Aug 10 – 16, 2025",1754784000,0,0.0
dining table,3,True,"Aug 17 – 23, 2025",1755388800,26,0.9167
custom bed frame,3,False,"Aug 17 – 23, 2025",1755388800,0,0.0
custom desk,3,False,"Aug 17 – 23, 2025",1755388800,1,0.0353
custom bookshelf,3,False,"Aug 17 – 23, 2025",1755388800,0,0.0
custom dresser,3,False,"Aug 17 – 23, 2025",1755388800,0,0.0
dining table,3,True,"Aug 24 – 30, 2025",1755993600,27,0.952
custom bed frame,3,False,"Aug 24 – 30, 2025",1755993600,0,0.0
custom desk,3,False,"Aug 24 – 30, 2025",1755993600,1,0.0353
custom bookshelf,3,False,"Aug 24 – 30, 2025",1755993600,0,0.0
custom dresser,3,False,"Aug 24 – 30, 2025",1755993600,0,0.0
dining table,3,True,"Aug 31 – Sep 6, 2025",1756598400,29,1.0225
custom bed frame,3,False,"Aug 31 – Sep 6, 2025",1756598400,0,0.0
custom desk,3,False,"Aug 31 – Sep 6, 2025",1756598400,1,0.0353
custom bookshelf,3,False,"Aug 31 – Sep 6, 2025",1756598400,0,0.0
custom dresser,3,False,"Aug 31 – Sep 6, 2025",1756598400,0,0.0
dining table,3,True,"Sep 7 – 13, 2025",1757203200,24,0.8462
custom bed frame,3,False,"Sep 7 – 13, 2025",1757203200,0,0.0
custom desk,3,False,"Sep 7 – 13, 2025",1757203200,0,0.0
custom bookshelf,3,False,"Sep 7 – 13, 2025",1757203200,0,0.0
custom dresser,3,False,"Sep 7 – 13, 2025",1757203200,0,0.0
dining table,3,True,"Sep 14 – 20, 2025",1757808000,23,0.8109
custom bed frame,3,False,"Sep 14 – 20, 2025",1757808000,0,0.0
custom desk,3,False,"Sep 14 – 20, 2025",1757808000,1,0.0353
custom bookshelf,3,False,"Sep 14 – 20, 2025",1757808000,0,0.0
custom dresser,3,False,"Sep 14 – 20, 2025",1757808000,0,0.0
dining table,3,True,"Sep 21 – 27, 2025",1758412800,25,0.8814
custom bed frame,3,False,"Sep 21 – 27, 2025",1758412800,0,0.0
custom desk,3,False,"Sep 21 – 27, 2025",1758412800,1,0.0353
custom bookshelf,3,False,"Sep 21 – 27, 2025",1758412800,0,0.0
custom dresser,3,False,"Sep 21 – 27, 2025",1758412800,0,0.0
dining table,3,True,"Sep 28 – Oct 4, 2025",1759017600,24,0.8462
custom bed frame,3,False,"Sep 28 – Oct 4, 2025",1759017600,0,0.0
custom desk,3,False,"Sep 28 – Oct 4, 2025",1759017600,1,0.0353
custom bookshelf,3,False,"Sep 28 – Oct 4, 2025",1759017600,0,0.0
custom dresser,3,False,"Sep 28 – Oct 4, 2025",1759017600,0,0.0
dining table,3,True,"Oct 5 – 11, 2025",1759622400,24,0.8462
custom bed frame,3,False,"Oct 5 – 11, 2025",1759622400,0,0.0
custom desk,3,False,"Oct 5 – 11, 2025",1759622400,0,0.0
custom bookshelf,3,False,"Oct 5 – 11, 2025",1759622400,0,0.0
custom dresser,3,False,"Oct 5 – 11, 2025",1759622400,0,0.0
dining table,3,True,"Oct 12 – 18, 2025",1760227200,24,0.8462
custom bed frame,3,False,"Oct 12 – 18, 2025",1760227200,0,0.0
custom desk,3,False,"Oct 12 – 18, 2025",1760227200,1,0.0353
custom bookshelf,3,False,"Oct 12 – 18, 2025",1760227200,0,0.0
custom dresser,3,False,"Oct 12 – 18, 2025",1760227200,0,0.0
dining table,3,True,"Oct 19 – 25, 2025",1760832000,24,0.8462
custom bed frame,3,False,"Oct 19 – 25, 2025",1760832000,0,0.0
custom desk,3,False,"Oct 19 – 25, 2025",1760832000,1,0.0353
custom bookshelf,3,False,"Oct 19 – 25, 2025",1760832000,0,0.0
custom dresser,3,False,"Oct 19 – 25, 2025",1760832000,0,0.0
dining table,3,True,"Oct 26 – Nov 1, 2025",1761436800,25,0.8814
custom bed frame,3,False,"Oct 26 – Nov 1, 2025",1761436800,0,0.0
custom desk,3,False,"Oct 26 – Nov 1, 2025",1761436800,1,0.0353
custom bookshelf,3,False,"Oct 26 – Nov 1, 2025",1761436800,0,0.0
custom dresser,3,False,"Oct 26 – Nov 1, 2025",1761436800,0,0.0
dining table,3,True,"Nov 2 – 8, 2025",1762041600,29,1.0225
custom bed frame,3,False,"Nov 2 – 8, 2025",1762041600,0,0.0
custom desk,3,False,"Nov 2 – 8, 2025",1762041600,1,0.0353
custom bookshelf,3,False,"Nov 2 – 8, 2025",1762041600,0,0.0
custom dresser,3,False,"Nov 2 – 8, 2025",1762041600,0,0.0
dining table,3,True,"Nov 9 – 15, 2025",1762646400,31,1.093
custom bed frame,3,False,"Nov 9 – 15, 2025",1762646400,0,0.0
custom desk,3,False,"Nov 9 – 15, 2025",1762646400,1,0.0353
custom bookshelf,3,False,"Nov 9 – 15, 2025",1762646400,0,0.0
custom dresser,3,False,"Nov 9 – 15, 2025",1762646400,0,0.0
dining table,3,True,"Nov 16 – 22, 2025",1763251200,29,1.0225
custom bed frame,3,False,"Nov 16 – 22, 2025",1763251200,0,0.0
custom desk,3,False,"Nov 16 – 22, 2025",1763251200,1,0.0353
custom bookshelf,3,False,"Nov 16 – 22, 2025",1763251200,0,0.0
custom dresser,3,False,"Nov 16 – 22, 2025",1763251200,0,0.0
dining table,3,True,"Nov 23 – 29, 2025",1763856000,34,1.1988
custom bed frame,3,False,"Nov 23 – 29, 2025",1763856000,0,0.0
custom desk,3,False,"Nov 23 – 29, 2025",1763856000,1,0.0353
custom bookshelf,3,False,"Nov 23 – 29, 2025",1763856000,0,0.0
custom dresser,3,False,"Nov 23 – 29, 2025",1763856000,0,0.0
dining table,3,True,"Nov 30 – Dec 6, 2025",1764460800,26,0.9167
custom bed frame,3,False,"Nov 30 – Dec 6, 2025",1764460800,0,0.0
custom desk,3,False,"Nov 30 – Dec 6, 2025",1764460800,1,0.0353
custom bookshelf,3,False,"Nov 30 – Dec 6, 2025",1764460800,0,0.0
custom dresser,3,False,"Nov 30 – Dec 6, 2025",1764460800,0,0.0
dining table,3,True,"Dec 7 – 13, 2025",1765065600,23,0.8109
custom bed frame,3,False,"Dec 7 – 13, 2025",1765065600,0,0.0
custom desk,3,False,"Dec 7 – 13, 2025",1765065600,1,0.0353
custom bookshelf,3,False,"Dec 7 – 13, 2025",1765065600,0,0.0
custom dresser,3,False,"Dec 7 – 13, 2025",1765065600,0,0.0
dining table,3,True,"Dec 14 – 20, 2025",1765670400,20,0.7052
custom bed frame,3,False,"Dec 14 – 20, 2025",1765670400,0,0.0
custom desk,3,False,"Dec 14 – 20, 2025",1765670400,1,0.0353
custom bookshelf,3,False,"Dec 14 – 20, 2025",1765670400,0,0.0
custom dresser,3,False,"Dec 14 – 20, 2025",1765670400,0,0.0
dining table,3,True,"Dec 21 – 27, 2025",1766275200,23,0.8109
custom bed frame,3,False,"Dec 21 – 27, 2025",1766275200,0,0.0
custom desk,3,False,"Dec 21 – 27, 2025",1766275200,1,0.0353
custom bookshelf,3,False,"Dec 21 – 27, 2025",1766275200,0,0.0
custom dresser,3,False,"Dec 21 – 27, 2025",1766275200,0,0.0
dining table,3,True,"Dec 28, 2025 – Jan 3, 2026",1766880000,31,1.093
custom bed frame,3,False,"Dec 28, 2025 – Jan 3, 2026",1766880000,0,0.0
custom desk,3,False,"Dec 28, 2025 – Jan 3, 2026",1766880000,1,0.0353
custom bookshelf,3,False,"Dec 28, 2025 – Jan 3, 2026",1766880000,0,0.0
custom dresser,3,False,"Dec 28, 2025 – Jan 3, 2026",1766880000,0,0.0
dining table,3,True,"Jan 4 – 10, 2026",1767484800,26,0.9167
custom bed frame,3,False,"Jan 4 – 10, 2026",1767484800,0,0.0
custom desk,3,False,"Jan 4 – 10, 2026",1767484800,1,0.0353
custom bookshelf,3,False,"Jan 4 – 10, 2026",1767484800,0,0.0
custom dresser,3,False,"Jan 4 – 10, 2026",1767484800,0,0.0
dining table,3,True,"Jan 11 – 17, 2026",1768089600,25,0.8814
custom bed frame,3,False,"Jan 11 – 17, 2026",1768089600,0,0.0
custom desk,3,False,"Jan 11 – 17, 2026",1768089600,1,0.0353
custom bookshelf,3,False,"Jan 11 – 17, 2026",1768089600,0,0.0
custom dresser,3,False,"Jan 11 – 17, 2026",1768089600,0,0.0
dining table,3,True,"Jan 18 – 24, 2026",1768694400,25,0.8814
custom bed frame,3,False,"Jan 18 – 24, 2026",1768694400,0,0.0
custom desk,3,False,"Jan 18 – 24, 2026",1768694400,1,0.0353
custom bookshelf,3,False,"Jan 18 – 24, 2026",1768694400,0,0.0
custom dresser,3,False,"Jan 18 – 24, 2026",1768694400,0,0.0
dining table,3,True,"Jan 25 – 31, 2026",1769299200,24,0.8462
custom bed frame,3,False,"Jan 25 – 31, 2026",1769299200,0,0.0
custom desk,3,False,"Jan 25 – 31, 2026",1769299200,1,0.0353
custom bookshelf,3,False,"Jan 25 – 31, 2026",1769299200,0,0.0
custom dresser,3,False,"Jan 25 – 31, 2026",1769299200,0,0.0
dining table,3,True,"Feb 1 – 7, 2026",1769904000,25,0.8814
custom bed frame,3,False,"Feb 1 – 7, 2026",1769904000,0,0.0
custom desk,3,False,"Feb 1 – 7, 2026",1769904000,1,0.0353
custom bookshelf,3,False,"Feb 1 – 7, 2026",1769904000,0,0.0
custom dresser,3,False,"Feb 1 – 7, 2026",1769904000,0,0.0
dining table,3,True,"Feb 8 – 14, 2026",1770508800,32,1.1282
custom bed frame,3,False,"Feb 8 – 14, 2026",1770508800,0,0.0
custom desk,3,False,"Feb 8 – 14, 2026",1770508800,2,0.0705
custom bookshelf,3,False,"Feb 8 – 14, 2026",1770508800,0,0.0
custom dresser,3,False,"Feb 8 – 14, 2026",1770508800,0,0.0
dining table,3,True,"Feb 15 – 21, 2026",1771113600,35,1.234
custom bed frame,3,False,"Feb 15 – 21, 2026",1771113600,0,0.0
custom desk,3,False,"Feb 15 – 21, 2026",1771113600,2,0.0705
custom bookshelf,3,False,"Feb 15 – 21, 2026",1771113600,0,0.0
custom dresser,3,False,"Feb 15 – 21, 2026",1771113600,0,0.0
dining table,3,True,"Feb 22 – 28, 2026",1771718400,30,1.0577
custom bed frame,3,False,"Feb 22 – 28, 2026",1771718400,0,0.0
custom desk,3,False,"Feb 22 – 28, 2026",1771718400,1,0.0353
custom bookshelf,3,False,"Feb 22 – 28, 2026",1771718400,0,0.0
custom dresser,3,False,"Feb 22 – 28, 2026",1771718400,0,0.0
dining table,3,True,"Mar 1 – 7, 2026",1772323200,27,0.952
custom bed frame,3,False,"Mar 1 – 7, 2026",1772323200,0,0.0
custom desk,3,False,"Mar 1 – 7, 2026",1772323200,1,0.0353
custom bookshelf,3,False,"Mar 1 – 7, 2026",1772323200,0,0.0
custom dresser,3,False,"Mar 1 – 7, 2026",1772323200,0,0.0
dining table,3,True,"Mar 8 – 14, 2026",1772928000,28,0.9872
custom bed frame,3,False,"Mar 8 – 14, 2026",1772928000,0,0.0
custom desk,3,False,"Mar 8 – 14, 2026",1772928000,1,0.0353
custom bookshelf,3,False,"Mar 8 – 14, 2026",1772928000,0,0.0
custom dresser,3,False,"Mar 8 – 14, 2026",1772928000,0,0.0
dining table,3,True,"Mar 15 – 21, 2026",1773532800,30,1.0577
custom bed frame,3,False,"Mar 15 – 21, 2026",1773532800,0,0.0
custom desk,3,False,"Mar 15 – 21, 2026",1773532800,1,0.0353
custom bookshelf,3,False,"Mar 15 – 21, 2026",1773532800,0,0.0
custom dresser,3,False,"Mar 15 – 21, 2026",1773532800,0,0.0
dining table,3,True,"Mar 22 – 28, 2026",1774137600,45,1.5866
custom bed frame,3,False,"Mar 22 – 28, 2026",1774137600,1,0.0353
custom desk,3,False,"Mar 22 – 28, 2026",1774137600,3,0.1058
custom bookshelf,3,False,"Mar 22 – 28, 2026",1774137600,1,0.0353
custom dresser,3,False,"Mar 22 – 28, 2026",1774137600,0,0.0
dining table,3,True,"Mar 29 – Apr 4, 2026",1774742400,75,2.6443
custom bed frame,3,False,"Mar 29 – Apr 4, 2026",1774742400,2,0.0705
custom desk,3,False,"Mar 29 – Apr 4, 2026",1774742400,9,0.3173
custom bookshelf,3,False,"Mar 29 – Apr 4, 2026",1774742400,1,0.0353
custom dresser,3,False,"Mar 29 – Apr 4, 2026",1774742400,1,0.0353
dining table,3,True,"Apr 5 – 11, 2026",1775347200,96,3.3847
custom bed frame,3,False,"Apr 5 – 11, 2026",1775347200,3,0.1058
custom desk,3,False,"Apr 5 – 11, 2026",1775347200,13,0.4584
custom bookshelf,3,False,"Apr 5 – 11, 2026",1775347200,2,0.0705
custom dresser,3,False,"Apr 5 – 11, 2026",1775347200,2,0.0705
dining table,3,True,"Apr 12 – 18, 2026",1775952000,100,3.5258
custom bed frame,3,False,"Apr 12 – 18, 2026",1775952000,4,0.141
custom desk,3,False,"Apr 12 – 18, 2026",1775952000,14,0.4936
custom bookshelf,3,False,"Apr 12 – 18, 2026",1775952000,2,0.0705
custom dresser,3,False,"Apr 12 – 18, 2026",1775952000,2,0.0705
dining table,3,True,"Apr 19 – 25, 2026",1776556800,89,3.1379
custom bed frame,3,False,"Apr 19 – 25, 2026",1776556800,3,0.1058
custom desk,3,False,"Apr 19 – 25, 2026",1776556800,9,0.3173
custom bookshelf,3,False,"Apr 19 – 25, 2026",1776556800,2,0.0705
custom dresser,3,False,"Apr 19 – 25, 2026",1776556800,1,0.0353
dining table,3,True,"Apr 26 – May 2, 2026",1777161600,65,2.2918
custom bed frame,3,False,"Apr 26 – May 2, 2026",1777161600,2,0.0705
custom desk,3,False,"Apr 26 – May 2, 2026",1777161600,8,0.2821
custom bookshelf,3,False,"Apr 26 – May 2, 2026",1777161600,1,0.0353
custom dresser,3,False,"Apr 26 – May 2, 2026",1777161600,1,0.0353
dining table,3,True,"May 3 – 9, 2026",1777766400,72,2.5386
custom bed frame,3,False,"May 3 – 9, 2026",1777766400,1,0.0353
custom desk,3,False,"May 3 – 9, 2026",1777766400,8,0.2821
custom bookshelf,3,False,"May 3 – 9, 2026",1777766400,1,0.0353
custom dresser,3,False,"May 3 – 9, 2026",1777766400,1,0.0353
dining table,3,True,"May 10 – 16, 2026",1778371200,82,2.8911
custom bed frame,3,False,"May 10 – 16, 2026",1778371200,3,0.1058
custom desk,3,False,"May 10 – 16, 2026",1778371200,10,0.3526
custom bookshelf,3,False,"May 10 – 16, 2026",1778371200,2,0.0705
custom dresser,3,False,"May 10 – 16, 2026",1778371200,1,0.0353
dining table,3,True,"May 17 – 23, 2026",1778976000,77,2.7148
custom bed frame,3,False,"May 17 – 23, 2026",1778976000,3,0.1058
custom desk,3,False,"May 17 – 23, 2026",1778976000,9,0.3173
custom bookshelf,3,False,"May 17 – 23, 2026",1778976000,1,0.0353
custom dresser,3,False,"May 17 – 23, 2026",1778976000,2,0.0705
dining table,3,True,"May 24 – 30, 2026",1779580800,55,1.9392
custom bed frame,3,False,"May 24 – 30, 2026",1779580800,1,0.0353
custom desk,3,False,"May 24 – 30, 2026",1779580800,4,0.141
custom bookshelf,3,False,"May 24 – 30, 2026",1779580800,1,0.0353
custom dresser,3,False,"May 24 – 30, 2026",1779580800,1,0.0353
dining table,3,True,"May 31 – Jun 6, 2026",1780185600,52,1.8334
custom bed frame,3,False,"May 31 – Jun 6, 2026",1780185600,1,0.0353
custom desk,3,False,"May 31 – Jun 6, 2026",1780185600,5,0.1763
custom bookshelf,3,False,"May 31 – Jun 6, 2026",1780185600,1,0.0353
custom dresser,3,False,"May 31 – Jun 6, 2026",1780185600,1,0.0353
dining table,3,True,"Jun 7 – 13, 2026",1780790400,60,2.1155
custom bed frame,3,False,"Jun 7 – 13, 2026",1780790400,2,0.0705
custom desk,3,False,"Jun 7 – 13, 2026",1780790400,6,0.2115
custom bookshelf,3,False,"Jun 7 – 13, 2026",1780790400,1,0.0353
custom dresser,3,False,"Jun 7 – 13, 2026",1780790400,2,0.0705
dining table,3,True,"Jun 14 – 20, 2026",1781395200,54,1.9039
custom bed frame,3,False,"Jun 14 – 20, 2026",1781395200,2,0.0705
custom desk,3,False,"Jun 14 – 20, 2026",1781395200,5,0.1763
custom bookshelf,3,False,"Jun 14 – 20, 2026",1781395200,1,0.0353
custom dresser,3,False,"Jun 14 – 20, 2026",1781395200,1,0.0353
dining table,3,True,"Jun 21 – 27, 2026",1782000000,54,1.9039
custom bed frame,3,False,"Jun 21 – 27, 2026",1782000000,2,0.0705
custom desk,3,False,"Jun 21 – 27, 2026",1782000000,5,0.1763
custom bookshelf,3,False,"Jun 21 – 27, 2026",1782000000,1,0.0353
custom dresser,3,False,"Jun 21 – 27, 2026",1782000000,1,0.0353
dining table,3,True,"Jun 28 – Jul 4, 2026",1782604800,34,1.1988
custom bed frame,3,False,"Jun 28 – Jul 4, 2026",1782604800,1,0.0353
custom desk,3,False,"Jun 28 – Jul 4, 2026",1782604800,2,0.0705
custom bookshelf,3,False,"Jun 28 – Jul 4, 2026",1782604800,0,0.0
custom dresser,3,False,"Jun 28 – Jul 4, 2026",1782604800,0,0.0
dining table,3,True,"Jul 5 – 11, 2026",1783209600,33,1.1635
custom bed frame,3,False,"Jul 5 – 11, 2026",1783209600,0,0.0
custom desk,3,False,"Jul 5 – 11, 2026",1783209600,2,0.0705
custom bookshelf,3,False,"Jul 5 – 11, 2026",1783209600,0,0.0
custom dresser,3,False,"Jul 5 – 11, 2026",1783209600,0,0.0
dining table,3,True,"Jul 12 – 18, 2026",1783814400,27,0.952
custom bed frame,3,False,"Jul 12 – 18, 2026",1783814400,0,0.0
custom desk,3,False,"Jul 12 – 18, 2026",1783814400,1,0.0353
custom bookshelf,3,False,"Jul 12 – 18, 2026",1783814400,0,0.0
custom dresser,3,False,"Jul 12 – 18, 2026",1783814400,0,0.0
dining table,3,True,"Jul 19 – 25, 2026",1784419200,26,0.9167
custom bed frame,3,False,"Jul 19 – 25, 2026",1784419200,0,0.0
custom desk,3,False,"Jul 19 – 25, 2026",1784419200,1,0.0353
custom bookshelf,3,False,"Jul 19 – 25, 2026",1784419200,0,0.0
custom dresser,3,False,"Jul 19 – 25, 2026",1784419200,0,0.0
dining table,3,True,"Jul 26 – Aug 1, 2026",1785024000,28,0.9872
custom bed frame,3,False,"Jul 26 – Aug 1, 2026",1785024000,0,0.0
custom desk,3,False,"Jul 26 – Aug 1, 2026",1785024000,1,0.0353
custom bookshelf,3,False,"Jul 26 – Aug 1, 2026",1785024000,0,0.0
custom dresser,3,False,"Jul 26 – Aug 1, 2026",1785024000,0,0.0
dining table,3,True,"Aug 2 – 8, 2026",1785628800,26,0.9167
custom bed frame,3,False,"Aug 2 – 8, 2026",1785628800,0,0.0
custom desk,3,False,"Aug 2 – 8, 2026",1785628800,1,0.0353
custom bookshelf,3,False,"Aug 2 – 8, 2026",1785628800,0,0.0
custom dresser,3,False,"Aug 2 – 8, 2026",1785628800,0,0.0
dining table,3,True,"Aug 9 – 15, 2026",1786233600,28,0.9872
custom bed frame,3,False,"Aug 9 – 15, 2026",1786233600,0,0.0
custom desk,3,False,"Aug 9 – 15, 2026",1786233600,1,0.0353
custom bookshelf,3,False,"Aug 9 – 15, 2026",1786233600,0,0.0
custom dresser,3,False,"Aug 9 – 15, 2026",1786233600,0,0.0
dining table,3,True,"Aug 16 – 22, 2026",1786838400,28,0.9872
custom bed frame,3,False,"Aug 16 – 22, 2026",1786838400,0,0.0
custom desk,3,False,"Aug 16 – 22, 2026",1786838400,1,0.0353
custom bookshelf,3,False,"Aug 16 – 22, 2026",1786838400,0,0.0
custom dresser,3,False,"Aug 16 – 22, 2026",1786838400,0,0.0
dining table,3,True,"Aug 23 – 29, 2026",1787443200,26,0.9167
custom bed frame,3,False,"Aug 23 – 29, 2026",1787443200,0,0.0
custom desk,3,False,"Aug 23 – 29, 2026",1787443200,1,0.0353
custom bookshelf,3,False,"Aug 23 – 29, 2026",1787443200,0,0.0
custom dresser,3,False,"Aug 23 – 29, 2026",1787443200,0,0.0
dining table,4,True,"Aug 22 – 28, 2021",1629590400,29,1.0225
custom wardrobe,4,False,"Aug 22 – 28, 2021",1629590400,0,0.0
custom coffee table,4,False,"Aug 22 – 28, 2021",1629590400,0,0.0
custom nightstand,4,False,"Aug 22 – 28, 2021",1629590400,0,0.0
custom tv stand,4,False,"Aug 22 – 28, 2021",1629590400,0,0.0
dining table,4,True,"Aug 29 – Sep 4, 2021",1630195200,28,0.9872
custom wardrobe,4,False,"Aug 29 – Sep 4, 2021",1630195200,0,0.0
custom coffee table,4,False,"Aug 29 – Sep 4, 2021",1630195200,0,0.0
custom nightstand,4,False,"Aug 29 – Sep 4, 2021",1630195200,0,0.0
custom tv stand,4,False,"Aug 29 – Sep 4, 2021",1630195200,0,0.0
dining table,4,True,"Sep 5 – 11, 2021",1630800000,31,1.093
custom wardrobe,4,False,"Sep 5 – 11, 2021",1630800000,0,0.0
custom coffee table,4,False,"Sep 5 – 11, 2021",1630800000,0,0.0
custom nightstand,4,False,"Sep 5 – 11, 2021",1630800000,0,0.0
custom tv stand,4,False,"Sep 5 – 11, 2021",1630800000,0,0.0
dining table,4,True,"Sep 12 – 18, 2021",1631404800,27,0.952
custom wardrobe,4,False,"Sep 12 – 18, 2021",1631404800,0,0.0
custom coffee table,4,False,"Sep 12 – 18, 2021",1631404800,0,0.0
custom nightstand,4,False,"Sep 12 – 18, 2021",1631404800,0,0.0
custom tv stand,4,False,"Sep 12 – 18, 2021",1631404800,0,0.0
dining table,4,True,"Sep 19 – 25, 2021",1632009600,27,0.952
custom wardrobe,4,False,"Sep 19 – 25, 2021",1632009600,0,0.0
custom coffee table,4,False,"Sep 19 – 25, 2021",1632009600,0,0.0
custom nightstand,4,False,"Sep 19 – 25, 2021",1632009600,0,0.0
custom tv stand,4,False,"Sep 19 – 25, 2021",1632009600,0,0.0
dining table,4,True,"Sep 26 – Oct 2, 2021",1632614400,29,1.0225
custom wardrobe,4,False,"Sep 26 – Oct 2, 2021",1632614400,0,0.0
custom coffee table,4,False,"Sep 26 – Oct 2, 2021",1632614400,0,0.0
custom nightstand,4,False,"Sep 26 – Oct 2, 2021",1632614400,0,0.0
custom tv stand,4,False,"Sep 26 – Oct 2, 2021",1632614400,0,0.0
dining table,4,True,"Oct 3 – 9, 2021",1633219200,28,0.9872
custom wardrobe,4,False,"Oct 3 – 9, 2021",1633219200,0,0.0
custom coffee table,4,False,"Oct 3 – 9, 2021",1633219200,0,0.0
custom nightstand,4,False,"Oct 3 – 9, 2021",1633219200,0,0.0
custom tv stand,4,False,"Oct 3 – 9, 2021",1633219200,0,0.0
dining table,4,True,"Oct 10 – 16, 2021",1633824000,29,1.0225
custom wardrobe,4,False,"Oct 10 – 16, 2021",1633824000,0,0.0
custom coffee table,4,False,"Oct 10 – 16, 2021",1633824000,0,0.0
custom nightstand,4,False,"Oct 10 – 16, 2021",1633824000,0,0.0
custom tv stand,4,False,"Oct 10 – 16, 2021",1633824000,0,0.0
dining table,4,True,"Oct 17 – 23, 2021",1634428800,28,0.9872
custom wardrobe,4,False,"Oct 17 – 23, 2021",1634428800,0,0.0
custom coffee table,4,False,"Oct 17 – 23, 2021",1634428800,0,0.0
custom nightstand,4,False,"Oct 17 – 23, 2021",1634428800,0,0.0
custom tv stand,4,False,"Oct 17 – 23, 2021",1634428800,0,0.0
dining table,4,True,"Oct 24 – 30, 2021",1635033600,27,0.952
custom wardrobe,4,False,"Oct 24 – 30, 2021",1635033600,0,0.0
custom coffee table,4,False,"Oct 24 – 30, 2021",1635033600,0,0.0
custom nightstand,4,False,"Oct 24 – 30, 2021",1635033600,0,0.0
custom tv stand,4,False,"Oct 24 – 30, 2021",1635033600,0,0.0
dining table,4,True,"Oct 31 – Nov 6, 2021",1635638400,29,1.0225
custom wardrobe,4,False,"Oct 31 – Nov 6, 2021",1635638400,0,0.0
custom coffee table,4,False,"Oct 31 – Nov 6, 2021",1635638400,0,0.0
custom nightstand,4,False,"Oct 31 – Nov 6, 2021",1635638400,0,0.0
custom tv stand,4,False,"Oct 31 – Nov 6, 2021",1635638400,0,0.0
dining table,4,True,"Nov 7 – 13, 2021",1636243200,32,1.1282
custom wardrobe,4,False,"Nov 7 – 13, 2021",1636243200,0,0.0
custom coffee table,4,False,"Nov 7 – 13, 2021",1636243200,0,0.0
custom nightstand,4,False,"Nov 7 – 13, 2021",1636243200,0,0.0
custom tv stand,4,False,"Nov 7 – 13, 2021",1636243200,0,0.0
dining table,4,True,"Nov 14 – 20, 2021",1636848000,32,1.1282
custom wardrobe,4,False,"Nov 14 – 20, 2021",1636848000,0,0.0
custom coffee table,4,False,"Nov 14 – 20, 2021",1636848000,0,0.0
custom nightstand,4,False,"Nov 14 – 20, 2021",1636848000,0,0.0
custom tv stand,4,False,"Nov 14 – 20, 2021",1636848000,0,0.0
dining table,4,True,"Nov 21 – 27, 2021",1637452800,34,1.1988
custom wardrobe,4,False,"Nov 21 – 27, 2021",1637452800,0,0.0
custom coffee table,4,False,"Nov 21 – 27, 2021",1637452800,0,0.0
custom nightstand,4,False,"Nov 21 – 27, 2021",1637452800,0,0.0
custom tv stand,4,False,"Nov 21 – 27, 2021",1637452800,0,0.0
dining table,4,True,"Nov 28 – Dec 4, 2021",1638057600,30,1.0577
custom wardrobe,4,False,"Nov 28 – Dec 4, 2021",1638057600,0,0.0
custom coffee table,4,False,"Nov 28 – Dec 4, 2021",1638057600,0,0.0
custom nightstand,4,False,"Nov 28 – Dec 4, 2021",1638057600,0,0.0
custom tv stand,4,False,"Nov 28 – Dec 4, 2021",1638057600,0,0.0
dining table,4,True,"Dec 5 – 11, 2021",1638662400,25,0.8814
custom wardrobe,4,False,"Dec 5 – 11, 2021",1638662400,0,0.0
custom coffee table,4,False,"Dec 5 – 11, 2021",1638662400,0,0.0
custom nightstand,4,False,"Dec 5 – 11, 2021",1638662400,0,0.0
custom tv stand,4,False,"Dec 5 – 11, 2021",1638662400,0,0.0
dining table,4,True,"Dec 12 – 18, 2021",1639267200,23,0.8109
custom wardrobe,4,False,"Dec 12 – 18, 2021",1639267200,0,0.0
custom coffee table,4,False,"Dec 12 – 18, 2021",1639267200,0,0.0
custom nightstand,4,False,"Dec 12 – 18, 2021",1639267200,0,0.0
custom tv stand,4,False,"Dec 12 – 18, 2021",1639267200,0,0.0
dining table,4,True,"Dec 19 – 25, 2021",1639872000,22,0.7757
custom wardrobe,4,False,"Dec 19 – 25, 2021",1639872000,0,0.0
custom coffee table,4,False,"Dec 19 – 25, 2021",1639872000,0,0.0
custom nightstand,4,False,"Dec 19 – 25, 2021",1639872000,0,0.0
custom tv stand,4,False,"Dec 19 – 25, 2021",1639872000,0,0.0
dining table,4,True,"Dec 26, 2021 – Jan 1, 2022",1640476800,29,1.0225
custom wardrobe,4,False,"Dec 26, 2021 – Jan 1, 2022",1640476800,0,0.0
custom coffee table,4,False,"Dec 26, 2021 – Jan 1, 2022",1640476800,0,0.0
custom nightstand,4,False,"Dec 26, 2021 – Jan 1, 2022",1640476800,0,0.0
custom tv stand,4,False,"Dec 26, 2021 – Jan 1, 2022",1640476800,0,0.0
dining table,4,True,"Jan 2 – 8, 2022",1641081600,30,1.0577
custom wardrobe,4,False,"Jan 2 – 8, 2022",1641081600,0,0.0
custom coffee table,4,False,"Jan 2 – 8, 2022",1641081600,0,0.0
custom nightstand,4,False,"Jan 2 – 8, 2022",1641081600,0,0.0
custom tv stand,4,False,"Jan 2 – 8, 2022",1641081600,0,0.0
dining table,4,True,"Jan 9 – 15, 2022",1641686400,29,1.0225
custom wardrobe,4,False,"Jan 9 – 15, 2022",1641686400,0,0.0
custom coffee table,4,False,"Jan 9 – 15, 2022",1641686400,0,0.0
custom nightstand,4,False,"Jan 9 – 15, 2022",1641686400,0,0.0
custom tv stand,4,False,"Jan 9 – 15, 2022",1641686400,0,0.0
dining table,4,True,"Jan 16 – 22, 2022",1642291200,29,1.0225
custom wardrobe,4,False,"Jan 16 – 22, 2022",1642291200,0,0.0
custom coffee table,4,False,"Jan 16 – 22, 2022",1642291200,0,0.0
custom nightstand,4,False,"Jan 16 – 22, 2022",1642291200,0,0.0
custom tv stand,4,False,"Jan 16 – 22, 2022",1642291200,0,0.0
dining table,4,True,"Jan 23 – 29, 2022",1642896000,29,1.0225
custom wardrobe,4,False,"Jan 23 – 29, 2022",1642896000,0,0.0
custom coffee table,4,False,"Jan 23 – 29, 2022",1642896000,0,0.0
custom nightstand,4,False,"Jan 23 – 29, 2022",1642896000,0,0.0
custom tv stand,4,False,"Jan 23 – 29, 2022",1642896000,0,0.0
dining table,4,True,"Jan 30 – Feb 5, 2022",1643500800,29,1.0225
custom wardrobe,4,False,"Jan 30 – Feb 5, 2022",1643500800,0,0.0
custom coffee table,4,False,"Jan 30 – Feb 5, 2022",1643500800,0,0.0
custom nightstand,4,False,"Jan 30 – Feb 5, 2022",1643500800,0,0.0
custom tv stand,4,False,"Jan 30 – Feb 5, 2022",1643500800,0,0.0
dining table,4,True,"Feb 6 – 12, 2022",1644105600,29,1.0225
custom wardrobe,4,False,"Feb 6 – 12, 2022",1644105600,0,0.0
custom coffee table,4,False,"Feb 6 – 12, 2022",1644105600,0,0.0
custom nightstand,4,False,"Feb 6 – 12, 2022",1644105600,0,0.0
custom tv stand,4,False,"Feb 6 – 12, 2022",1644105600,0,0.0
dining table,4,True,"Feb 13 – 19, 2022",1644710400,29,1.0225
custom wardrobe,4,False,"Feb 13 – 19, 2022",1644710400,0,0.0
custom coffee table,4,False,"Feb 13 – 19, 2022",1644710400,0,0.0
custom nightstand,4,False,"Feb 13 – 19, 2022",1644710400,0,0.0
custom tv stand,4,False,"Feb 13 – 19, 2022",1644710400,0,0.0
dining table,4,True,"Feb 20 – 26, 2022",1645315200,32,1.1282
custom wardrobe,4,False,"Feb 20 – 26, 2022",1645315200,0,0.0
custom coffee table,4,False,"Feb 20 – 26, 2022",1645315200,0,0.0
custom nightstand,4,False,"Feb 20 – 26, 2022",1645315200,0,0.0
custom tv stand,4,False,"Feb 20 – 26, 2022",1645315200,0,0.0
dining table,4,True,"Feb 27 – Mar 5, 2022",1645920000,30,1.0577
custom wardrobe,4,False,"Feb 27 – Mar 5, 2022",1645920000,0,0.0
custom coffee table,4,False,"Feb 27 – Mar 5, 2022",1645920000,0,0.0
custom nightstand,4,False,"Feb 27 – Mar 5, 2022",1645920000,0,0.0
custom tv stand,4,False,"Feb 27 – Mar 5, 2022",1645920000,0,0.0
dining table,4,True,"Mar 6 – 12, 2022",1646524800,31,1.093
custom wardrobe,4,False,"Mar 6 – 12, 2022",1646524800,0,0.0
custom coffee table,4,False,"Mar 6 – 12, 2022",1646524800,0,0.0
custom nightstand,4,False,"Mar 6 – 12, 2022",1646524800,0,0.0
custom tv stand,4,False,"Mar 6 – 12, 2022",1646524800,0,0.0
dining table,4,True,"Mar 13 – 19, 2022",1647129600,31,1.093
custom wardrobe,4,False,"Mar 13 – 19, 2022",1647129600,0,0.0
custom coffee table,4,False,"Mar 13 – 19, 2022",1647129600,0,0.0
custom nightstand,4,False,"Mar 13 – 19, 2022",1647129600,0,0.0
custom tv stand,4,False,"Mar 13 – 19, 2022",1647129600,0,0.0
dining table,4,True,"Mar 20 – 26, 2022",1647734400,30,1.0577
custom wardrobe,4,False,"Mar 20 – 26, 2022",1647734400,0,0.0
custom coffee table,4,False,"Mar 20 – 26, 2022",1647734400,0,0.0
custom nightstand,4,False,"Mar 20 – 26, 2022",1647734400,0,0.0
custom tv stand,4,False,"Mar 20 – 26, 2022",1647734400,0,0.0
dining table,4,True,"Mar 27 – Apr 2, 2022",1648339200,29,1.0225
custom wardrobe,4,False,"Mar 27 – Apr 2, 2022",1648339200,0,0.0
custom coffee table,4,False,"Mar 27 – Apr 2, 2022",1648339200,0,0.0
custom nightstand,4,False,"Mar 27 – Apr 2, 2022",1648339200,0,0.0
custom tv stand,4,False,"Mar 27 – Apr 2, 2022",1648339200,0,0.0
dining table,4,True,"Apr 3 – 9, 2022",1648944000,28,0.9872
custom wardrobe,4,False,"Apr 3 – 9, 2022",1648944000,0,0.0
custom coffee table,4,False,"Apr 3 – 9, 2022",1648944000,0,0.0
custom nightstand,4,False,"Apr 3 – 9, 2022",1648944000,0,0.0
custom tv stand,4,False,"Apr 3 – 9, 2022",1648944000,0,0.0
dining table,4,True,"Apr 10 – 16, 2022",1649548800,27,0.952
custom wardrobe,4,False,"Apr 10 – 16, 2022",1649548800,0,0.0
custom coffee table,4,False,"Apr 10 – 16, 2022",1649548800,0,0.0
custom nightstand,4,False,"Apr 10 – 16, 2022",1649548800,0,0.0
custom tv stand,4,False,"Apr 10 – 16, 2022",1649548800,0,0.0
dining table,4,True,"Apr 17 – 23, 2022",1650153600,29,1.0225
custom wardrobe,4,False,"Apr 17 – 23, 2022",1650153600,0,0.0
custom coffee table,4,False,"Apr 17 – 23, 2022",1650153600,0,0.0
custom nightstand,4,False,"Apr 17 – 23, 2022",1650153600,0,0.0
custom tv stand,4,False,"Apr 17 – 23, 2022",1650153600,0,0.0
dining table,4,True,"Apr 24 – 30, 2022",1650758400,29,1.0225
custom wardrobe,4,False,"Apr 24 – 30, 2022",1650758400,0,0.0
custom coffee table,4,False,"Apr 24 – 30, 2022",1650758400,0,0.0
custom nightstand,4,False,"Apr 24 – 30, 2022",1650758400,0,0.0
custom tv stand,4,False,"Apr 24 – 30, 2022",1650758400,0,0.0
dining table,4,True,"May 1 – 7, 2022",1651363200,27,0.952
custom wardrobe,4,False,"May 1 – 7, 2022",1651363200,0,0.0
custom coffee table,4,False,"May 1 – 7, 2022",1651363200,0,0.0
custom nightstand,4,False,"May 1 – 7, 2022",1651363200,0,0.0
custom tv stand,4,False,"May 1 – 7, 2022",1651363200,0,0.0
dining table,4,True,"May 8 – 14, 2022",1651968000,27,0.952
custom wardrobe,4,False,"May 8 – 14, 2022",1651968000,0,0.0
custom coffee table,4,False,"May 8 – 14, 2022",1651968000,0,0.0
custom nightstand,4,False,"May 8 – 14, 2022",1651968000,0,0.0
custom tv stand,4,False,"May 8 – 14, 2022",1651968000,0,0.0
dining table,4,True,"May 15 – 21, 2022",1652572800,26,0.9167
custom wardrobe,4,False,"May 15 – 21, 2022",1652572800,0,0.0
custom coffee table,4,False,"May 15 – 21, 2022",1652572800,0,0.0
custom nightstand,4,False,"May 15 – 21, 2022",1652572800,0,0.0
custom tv stand,4,False,"May 15 – 21, 2022",1652572800,0,0.0
dining table,4,True,"May 22 – 28, 2022",1653177600,26,0.9167
custom wardrobe,4,False,"May 22 – 28, 2022",1653177600,0,0.0
custom coffee table,4,False,"May 22 – 28, 2022",1653177600,0,0.0
custom nightstand,4,False,"May 22 – 28, 2022",1653177600,0,0.0
custom tv stand,4,False,"May 22 – 28, 2022",1653177600,0,0.0
dining table,4,True,"May 29 – Jun 4, 2022",1653782400,28,0.9872
custom wardrobe,4,False,"May 29 – Jun 4, 2022",1653782400,0,0.0
custom coffee table,4,False,"May 29 – Jun 4, 2022",1653782400,0,0.0
custom nightstand,4,False,"May 29 – Jun 4, 2022",1653782400,0,0.0
custom tv stand,4,False,"May 29 – Jun 4, 2022",1653782400,0,0.0
dining table,4,True,"Jun 5 – 11, 2022",1654387200,26,0.9167
custom wardrobe,4,False,"Jun 5 – 11, 2022",1654387200,0,0.0
custom coffee table,4,False,"Jun 5 – 11, 2022",1654387200,0,0.0
custom nightstand,4,False,"Jun 5 – 11, 2022",1654387200,0,0.0
custom tv stand,4,False,"Jun 5 – 11, 2022",1654387200,0,0.0
dining table,4,True,"Jun 12 – 18, 2022",1654992000,25,0.8814
custom wardrobe,4,False,"Jun 12 – 18, 2022",1654992000,0,0.0
custom coffee table,4,False,"Jun 12 – 18, 2022",1654992000,0,0.0
custom nightstand,4,False,"Jun 12 – 18, 2022",1654992000,0,0.0
custom tv stand,4,False,"Jun 12 – 18, 2022",1654992000,0,0.0
dining table,4,True,"Jun 19 – 25, 2022",1655596800,26,0.9167
custom wardrobe,4,False,"Jun 19 – 25, 2022",1655596800,0,0.0
custom coffee table,4,False,"Jun 19 – 25, 2022",1655596800,0,0.0
custom nightstand,4,False,"Jun 19 – 25, 2022",1655596800,0,0.0
custom tv stand,4,False,"Jun 19 – 25, 2022",1655596800,0,0.0
dining table,4,True,"Jun 26 – Jul 2, 2022",1656201600,27,0.952
custom wardrobe,4,False,"Jun 26 – Jul 2, 2022",1656201600,0,0.0
custom coffee table,4,False,"Jun 26 – Jul 2, 2022",1656201600,0,0.0
custom nightstand,4,False,"Jun 26 – Jul 2, 2022",1656201600,0,0.0
custom tv stand,4,False,"Jun 26 – Jul 2, 2022",1656201600,0,0.0
dining table,4,True,"Jul 3 – 9, 2022",1656806400,26,0.9167
custom wardrobe,4,False,"Jul 3 – 9, 2022",1656806400,0,0.0
custom coffee table,4,False,"Jul 3 – 9, 2022",1656806400,0,0.0
custom nightstand,4,False,"Jul 3 – 9, 2022",1656806400,0,0.0
custom tv stand,4,False,"Jul 3 – 9, 2022",1656806400,0,0.0
dining table,4,True,"Jul 10 – 16, 2022",1657411200,27,0.952
custom wardrobe,4,False,"Jul 10 – 16, 2022",1657411200,0,0.0
custom coffee table,4,False,"Jul 10 – 16, 2022",1657411200,0,0.0
custom nightstand,4,False,"Jul 10 – 16, 2022",1657411200,0,0.0
custom tv stand,4,False,"Jul 10 – 16, 2022",1657411200,0,0.0
dining table,4,True,"Jul 17 – 23, 2022",1658016000,28,0.9872
custom wardrobe,4,False,"Jul 17 – 23, 2022",1658016000,0,0.0
custom coffee table,4,False,"Jul 17 – 23, 2022",1658016000,0,0.0
custom nightstand,4,False,"Jul 17 – 23, 2022",1658016000,0,0.0
custom tv stand,4,False,"Jul 17 – 23, 2022",1658016000,0,0.0
dining table,4,True,"Jul 24 – 30, 2022",1658620800,27,0.952
custom wardrobe,4,False,"Jul 24 – 30, 2022",1658620800,0,0.0
custom coffee table,4,False,"Jul 24 – 30, 2022",1658620800,0,0.0
custom nightstand,4,False,"Jul 24 – 30, 2022",1658620800,0,0.0
custom tv stand,4,False,"Jul 24 – 30, 2022",1658620800,0,0.0
dining table,4,True,"Jul 31 – Aug 6, 2022",1659225600,28,0.9872
custom wardrobe,4,False,"Jul 31 – Aug 6, 2022",1659225600,0,0.0
custom coffee table,4,False,"Jul 31 – Aug 6, 2022",1659225600,0,0.0
custom nightstand,4,False,"Jul 31 – Aug 6, 2022",1659225600,0,0.0
custom tv stand,4,False,"Jul 31 – Aug 6, 2022",1659225600,0,0.0
dining table,4,True,"Aug 7 – 13, 2022",1659830400,29,1.0225
custom wardrobe,4,False,"Aug 7 – 13, 2022",1659830400,0,0.0
custom coffee table,4,False,"Aug 7 – 13, 2022",1659830400,0,0.0
custom nightstand,4,False,"Aug 7 – 13, 2022",1659830400,0,0.0
custom tv stand,4,False,"Aug 7 – 13, 2022",1659830400,0,0.0
dining table,4,True,"Aug 14 – 20, 2022",1660435200,27,0.952
custom wardrobe,4,False,"Aug 14 – 20, 2022",1660435200,0,0.0
custom coffee table,4,False,"Aug 14 – 20, 2022",1660435200,0,0.0
custom nightstand,4,False,"Aug 14 – 20, 2022",1660435200,0,0.0
custom tv stand,4,False,"Aug 14 – 20, 2022",1660435200,0,0.0
dining table,4,True,"Aug 21 – 27, 2022",1661040000,27,0.952
custom wardrobe,4,False,"Aug 21 – 27, 2022",1661040000,0,0.0
custom coffee table,4,False,"Aug 21 – 27, 2022",1661040000,0,0.0
custom nightstand,4,False,"Aug 21 – 27, 2022",1661040000,0,0.0
custom tv stand,4,False,"Aug 21 – 27, 2022",1661040000,0,0.0
dining table,4,True,"Aug 28 – Sep 3, 2022",1661644800,27,0.952
custom wardrobe,4,False,"Aug 28 – Sep 3, 2022",1661644800,0,0.0
custom coffee table,4,False,"Aug 28 – Sep 3, 2022",1661644800,0,0.0
custom nightstand,4,False,"Aug 28 – Sep 3, 2022",1661644800,0,0.0
custom tv stand,4,False,"Aug 28 – Sep 3, 2022",1661644800,0,0.0
dining table,4,True,"Sep 4 – 10, 2022",1662249600,29,1.0225
custom wardrobe,4,False,"Sep 4 – 10, 2022",1662249600,0,0.0
custom coffee table,4,False,"Sep 4 – 10, 2022",1662249600,0,0.0
custom nightstand,4,False,"Sep 4 – 10, 2022",1662249600,0,0.0
custom tv stand,4,False,"Sep 4 – 10, 2022",1662249600,0,0.0
dining table,4,True,"Sep 11 – 17, 2022",1662854400,25,0.8814
custom wardrobe,4,False,"Sep 11 – 17, 2022",1662854400,0,0.0
custom coffee table,4,False,"Sep 11 – 17, 2022",1662854400,0,0.0
custom nightstand,4,False,"Sep 11 – 17, 2022",1662854400,0,0.0
custom tv stand,4,False,"Sep 11 – 17, 2022",1662854400,0,0.0
dining table,4,True,"Sep 18 – 24, 2022",1663459200,24,0.8462
custom wardrobe,4,False,"Sep 18 – 24, 2022",1663459200,0,0.0
custom coffee table,4,False,"Sep 18 – 24, 2022",1663459200,0,0.0
custom nightstand,4,False,"Sep 18 – 24, 2022",1663459200,0,0.0
custom tv stand,4,False,"Sep 18 – 24, 2022",1663459200,0,0.0
dining table,4,True,"Sep 25 – Oct 1, 2022",1664064000,23,0.8109
custom wardrobe,4,False,"Sep 25 – Oct 1, 2022",1664064000,0,0.0
custom coffee table,4,False,"Sep 25 – Oct 1, 2022",1664064000,0,0.0
custom nightstand,4,False,"Sep 25 – Oct 1, 2022",1664064000,0,0.0
custom tv stand,4,False,"Sep 25 – Oct 1, 2022",1664064000,0,0.0
dining table,4,True,"Oct 2 – 8, 2022",1664668800,23,0.8109
custom wardrobe,4,False,"Oct 2 – 8, 2022",1664668800,0,0.0
custom coffee table,4,False,"Oct 2 – 8, 2022",1664668800,0,0.0
custom nightstand,4,False,"Oct 2 – 8, 2022",1664668800,0,0.0
custom tv stand,4,False,"Oct 2 – 8, 2022",1664668800,0,0.0
dining table,4,True,"Oct 9 – 15, 2022",1665273600,25,0.8814
custom wardrobe,4,False,"Oct 9 – 15, 2022",1665273600,0,0.0
custom coffee table,4,False,"Oct 9 – 15, 2022",1665273600,0,0.0
custom nightstand,4,False,"Oct 9 – 15, 2022",1665273600,0,0.0
custom tv stand,4,False,"Oct 9 – 15, 2022",1665273600,0,0.0
dining table,4,True,"Oct 16 – 22, 2022",1665878400,25,0.8814
custom wardrobe,4,False,"Oct 16 – 22, 2022",1665878400,0,0.0
custom coffee table,4,False,"Oct 16 – 22, 2022",1665878400,0,0.0
custom nightstand,4,False,"Oct 16 – 22, 2022",1665878400,0,0.0
custom tv stand,4,False,"Oct 16 – 22, 2022",1665878400,0,0.0
dining table,4,True,"Oct 23 – 29, 2022",1666483200,25,0.8814
custom wardrobe,4,False,"Oct 23 – 29, 2022",1666483200,0,0.0
custom coffee table,4,False,"Oct 23 – 29, 2022",1666483200,0,0.0
custom nightstand,4,False,"Oct 23 – 29, 2022",1666483200,0,0.0
custom tv stand,4,False,"Oct 23 – 29, 2022",1666483200,0,0.0
dining table,4,True,"Oct 30 – Nov 5, 2022",1667088000,25,0.8814
custom wardrobe,4,False,"Oct 30 – Nov 5, 2022",1667088000,0,0.0
custom coffee table,4,False,"Oct 30 – Nov 5, 2022",1667088000,0,0.0
custom nightstand,4,False,"Oct 30 – Nov 5, 2022",1667088000,0,0.0
custom tv stand,4,False,"Oct 30 – Nov 5, 2022",1667088000,0,0.0
dining table,4,True,"Nov 6 – 12, 2022",1667692800,28,0.9872
custom wardrobe,4,False,"Nov 6 – 12, 2022",1667692800,0,0.0
custom coffee table,4,False,"Nov 6 – 12, 2022",1667692800,0,0.0
custom nightstand,4,False,"Nov 6 – 12, 2022",1667692800,0,0.0
custom tv stand,4,False,"Nov 6 – 12, 2022",1667692800,0,0.0
dining table,4,True,"Nov 13 – 19, 2022",1668297600,27,0.952
custom wardrobe,4,False,"Nov 13 – 19, 2022",1668297600,0,0.0
custom coffee table,4,False,"Nov 13 – 19, 2022",1668297600,0,0.0
custom nightstand,4,False,"Nov 13 – 19, 2022",1668297600,0,0.0
custom tv stand,4,False,"Nov 13 – 19, 2022",1668297600,0,0.0
dining table,4,True,"Nov 20 – 26, 2022",1668902400,32,1.1282
custom wardrobe,4,False,"Nov 20 – 26, 2022",1668902400,0,0.0
custom coffee table,4,False,"Nov 20 – 26, 2022",1668902400,0,0.0
custom nightstand,4,False,"Nov 20 – 26, 2022",1668902400,0,0.0
custom tv stand,4,False,"Nov 20 – 26, 2022",1668902400,0,0.0
dining table,4,True,"Nov 27 – Dec 3, 2022",1669507200,25,0.8814
custom wardrobe,4,False,"Nov 27 – Dec 3, 2022",1669507200,0,0.0
custom coffee table,4,False,"Nov 27 – Dec 3, 2022",1669507200,0,0.0
custom nightstand,4,False,"Nov 27 – Dec 3, 2022",1669507200,0,0.0
custom tv stand,4,False,"Nov 27 – Dec 3, 2022",1669507200,0,0.0
dining table,4,True,"Dec 4 – 10, 2022",1670112000,22,0.7757
custom wardrobe,4,False,"Dec 4 – 10, 2022",1670112000,0,0.0
custom coffee table,4,False,"Dec 4 – 10, 2022",1670112000,0,0.0
custom nightstand,4,False,"Dec 4 – 10, 2022",1670112000,0,0.0
custom tv stand,4,False,"Dec 4 – 10, 2022",1670112000,0,0.0
dining table,4,True,"Dec 11 – 17, 2022",1670716800,22,0.7757
custom wardrobe,4,False,"Dec 11 – 17, 2022",1670716800,0,0.0
custom coffee table,4,False,"Dec 11 – 17, 2022",1670716800,0,0.0
custom nightstand,4,False,"Dec 11 – 17, 2022",1670716800,0,0.0
custom tv stand,4,False,"Dec 11 – 17, 2022",1670716800,0,0.0
dining table,4,True,"Dec 18 – 24, 2022",1671321600,20,0.7052
custom wardrobe,4,False,"Dec 18 – 24, 2022",1671321600,0,0.0
custom coffee table,4,False,"Dec 18 – 24, 2022",1671321600,0,0.0
custom nightstand,4,False,"Dec 18 – 24, 2022",1671321600,0,0.0
custom tv stand,4,False,"Dec 18 – 24, 2022",1671321600,0,0.0
dining table,4,True,"Dec 25 – 31, 2022",1671926400,28,0.9872
custom wardrobe,4,False,"Dec 25 – 31, 2022",1671926400,0,0.0
custom coffee table,4,False,"Dec 25 – 31, 2022",1671926400,0,0.0
custom nightstand,4,False,"Dec 25 – 31, 2022",1671926400,0,0.0
custom tv stand,4,False,"Dec 25 – 31, 2022",1671926400,0,0.0
dining table,4,True,"Jan 1 – 7, 2023",1672531200,26,0.9167
custom wardrobe,4,False,"Jan 1 – 7, 2023",1672531200,0,0.0
custom coffee table,4,False,"Jan 1 – 7, 2023",1672531200,0,0.0
custom nightstand,4,False,"Jan 1 – 7, 2023",1672531200,0,0.0
custom tv stand,4,False,"Jan 1 – 7, 2023",1672531200,0,0.0
dining table,4,True,"Jan 8 – 14, 2023",1673136000,25,0.8814
custom wardrobe,4,False,"Jan 8 – 14, 2023",1673136000,0,0.0
custom coffee table,4,False,"Jan 8 – 14, 2023",1673136000,0,0.0
custom nightstand,4,False,"Jan 8 – 14, 2023",1673136000,0,0.0
custom tv stand,4,False,"Jan 8 – 14, 2023",1673136000,0,0.0
dining table,4,True,"Jan 15 – 21, 2023",1673740800,26,0.9167
custom wardrobe,4,False,"Jan 15 – 21, 2023",1673740800,0,0.0
custom coffee table,4,False,"Jan 15 – 21, 2023",1673740800,0,0.0
custom nightstand,4,False,"Jan 15 – 21, 2023",1673740800,0,0.0
custom tv stand,4,False,"Jan 15 – 21, 2023",1673740800,0,0.0
dining table,4,True,"Jan 22 – 28, 2023",1674345600,26,0.9167
custom wardrobe,4,False,"Jan 22 – 28, 2023",1674345600,0,0.0
custom coffee table,4,False,"Jan 22 – 28, 2023",1674345600,0,0.0
custom nightstand,4,False,"Jan 22 – 28, 2023",1674345600,0,0.0
custom tv stand,4,False,"Jan 22 – 28, 2023",1674345600,0,0.0
dining table,4,True,"Jan 29 – Feb 4, 2023",1674950400,25,0.8814
custom wardrobe,4,False,"Jan 29 – Feb 4, 2023",1674950400,0,0.0
custom coffee table,4,False,"Jan 29 – Feb 4, 2023",1674950400,0,0.0
custom nightstand,4,False,"Jan 29 – Feb 4, 2023",1674950400,0,0.0
custom tv stand,4,False,"Jan 29 – Feb 4, 2023",1674950400,0,0.0
dining table,4,True,"Feb 5 – 11, 2023",1675555200,25,0.8814
custom wardrobe,4,False,"Feb 5 – 11, 2023",1675555200,0,0.0
custom coffee table,4,False,"Feb 5 – 11, 2023",1675555200,0,0.0
custom nightstand,4,False,"Feb 5 – 11, 2023",1675555200,0,0.0
custom tv stand,4,False,"Feb 5 – 11, 2023",1675555200,0,0.0
dining table,4,True,"Feb 12 – 18, 2023",1676160000,22,0.7757
custom wardrobe,4,False,"Feb 12 – 18, 2023",1676160000,0,0.0
custom coffee table,4,False,"Feb 12 – 18, 2023",1676160000,0,0.0
custom nightstand,4,False,"Feb 12 – 18, 2023",1676160000,0,0.0
custom tv stand,4,False,"Feb 12 – 18, 2023",1676160000,0,0.0
dining table,4,True,"Feb 19 – 25, 2023",1676764800,27,0.952
custom wardrobe,4,False,"Feb 19 – 25, 2023",1676764800,0,0.0
custom coffee table,4,False,"Feb 19 – 25, 2023",1676764800,0,0.0
custom nightstand,4,False,"Feb 19 – 25, 2023",1676764800,0,0.0
custom tv stand,4,False,"Feb 19 – 25, 2023",1676764800,0,0.0
dining table,4,True,"Feb 26 – Mar 4, 2023",1677369600,24,0.8462
custom wardrobe,4,False,"Feb 26 – Mar 4, 2023",1677369600,0,0.0
custom coffee table,4,False,"Feb 26 – Mar 4, 2023",1677369600,0,0.0
custom nightstand,4,False,"Feb 26 – Mar 4, 2023",1677369600,0,0.0
custom tv stand,4,False,"Feb 26 – Mar 4, 2023",1677369600,0,0.0
dining table,4,True,"Mar 5 – 11, 2023",1677974400,25,0.8814
custom wardrobe,4,False,"Mar 5 – 11, 2023",1677974400,0,0.0
custom coffee table,4,False,"Mar 5 – 11, 2023",1677974400,0,0.0
custom nightstand,4,False,"Mar 5 – 11, 2023",1677974400,0,0.0
custom tv stand,4,False,"Mar 5 – 11, 2023",1677974400,0,0.0
dining table,4,True,"Mar 12 – 18, 2023",1678579200,26,0.9167
custom wardrobe,4,False,"Mar 12 – 18, 2023",1678579200,0,0.0
custom coffee table,4,False,"Mar 12 – 18, 2023",1678579200,0,0.0
custom nightstand,4,False,"Mar 12 – 18, 2023",1678579200,0,0.0
custom tv stand,4,False,"Mar 12 – 18, 2023",1678579200,0,0.0
dining table,4,True,"Mar 19 – 25, 2023",1679184000,26,0.9167
custom wardrobe,4,False,"Mar 19 – 25, 2023",1679184000,0,0.0
custom coffee table,4,False,"Mar 19 – 25, 2023",1679184000,0,0.0
custom nightstand,4,False,"Mar 19 – 25, 2023",1679184000,0,0.0
custom tv stand,4,False,"Mar 19 – 25, 2023",1679184000,0,0.0
dining table,4,True,"Mar 26 – Apr 1, 2023",1679788800,25,0.8814
custom wardrobe,4,False,"Mar 26 – Apr 1, 2023",1679788800,0,0.0
custom coffee table,4,False,"Mar 26 – Apr 1, 2023",1679788800,0,0.0
custom nightstand,4,False,"Mar 26 – Apr 1, 2023",1679788800,0,0.0
custom tv stand,4,False,"Mar 26 – Apr 1, 2023",1679788800,0,0.0
dining table,4,True,"Apr 2 – 8, 2023",1680393600,23,0.8109
custom wardrobe,4,False,"Apr 2 – 8, 2023",1680393600,0,0.0
custom coffee table,4,False,"Apr 2 – 8, 2023",1680393600,0,0.0
custom nightstand,4,False,"Apr 2 – 8, 2023",1680393600,0,0.0
custom tv stand,4,False,"Apr 2 – 8, 2023",1680393600,0,0.0
dining table,4,True,"Apr 9 – 15, 2023",1680998400,24,0.8462
custom wardrobe,4,False,"Apr 9 – 15, 2023",1680998400,0,0.0
custom coffee table,4,False,"Apr 9 – 15, 2023",1680998400,0,0.0
custom nightstand,4,False,"Apr 9 – 15, 2023",1680998400,0,0.0
custom tv stand,4,False,"Apr 9 – 15, 2023",1680998400,0,0.0
dining table,4,True,"Apr 16 – 22, 2023",1681603200,25,0.8814
custom wardrobe,4,False,"Apr 16 – 22, 2023",1681603200,0,0.0
custom coffee table,4,False,"Apr 16 – 22, 2023",1681603200,0,0.0
custom nightstand,4,False,"Apr 16 – 22, 2023",1681603200,0,0.0
custom tv stand,4,False,"Apr 16 – 22, 2023",1681603200,0,0.0
dining table,4,True,"Apr 23 – 29, 2023",1682208000,25,0.8814
custom wardrobe,4,False,"Apr 23 – 29, 2023",1682208000,0,0.0
custom coffee table,4,False,"Apr 23 – 29, 2023",1682208000,0,0.0
custom nightstand,4,False,"Apr 23 – 29, 2023",1682208000,0,0.0
custom tv stand,4,False,"Apr 23 – 29, 2023",1682208000,0,0.0
dining table,4,True,"Apr 30 – May 6, 2023",1682812800,24,0.8462
custom wardrobe,4,False,"Apr 30 – May 6, 2023",1682812800,0,0.0
custom coffee table,4,False,"Apr 30 – May 6, 2023",1682812800,0,0.0
custom nightstand,4,False,"Apr 30 – May 6, 2023",1682812800,0,0.0
custom tv stand,4,False,"Apr 30 – May 6, 2023",1682812800,0,0.0
dining table,4,True,"May 7 – 13, 2023",1683417600,24,0.8462
custom wardrobe,4,False,"May 7 – 13, 2023",1683417600,0,0.0
custom coffee table,4,False,"May 7 – 13, 2023",1683417600,0,0.0
custom nightstand,4,False,"May 7 – 13, 2023",1683417600,0,0.0
custom tv stand,4,False,"May 7 – 13, 2023",1683417600,0,0.0
dining table,4,True,"May 14 – 20, 2023",1684022400,24,0.8462
custom wardrobe,4,False,"May 14 – 20, 2023",1684022400,0,0.0
custom coffee table,4,False,"May 14 – 20, 2023",1684022400,0,0.0
custom nightstand,4,False,"May 14 – 20, 2023",1684022400,0,0.0
custom tv stand,4,False,"May 14 – 20, 2023",1684022400,0,0.0
dining table,4,True,"May 21 – 27, 2023",1684627200,25,0.8814
custom wardrobe,4,False,"May 21 – 27, 2023",1684627200,0,0.0
custom coffee table,4,False,"May 21 – 27, 2023",1684627200,0,0.0
custom nightstand,4,False,"May 21 – 27, 2023",1684627200,0,0.0
custom tv stand,4,False,"May 21 – 27, 2023",1684627200,0,0.0
dining table,4,True,"May 28 – Jun 3, 2023",1685232000,27,0.952
custom wardrobe,4,False,"May 28 – Jun 3, 2023",1685232000,0,0.0
custom coffee table,4,False,"May 28 – Jun 3, 2023",1685232000,0,0.0
custom nightstand,4,False,"May 28 – Jun 3, 2023",1685232000,0,0.0
custom tv stand,4,False,"May 28 – Jun 3, 2023",1685232000,0,0.0
dining table,4,True,"Jun 4 – 10, 2023",1685836800,24,0.8462
custom wardrobe,4,False,"Jun 4 – 10, 2023",1685836800,0,0.0
custom coffee table,4,False,"Jun 4 – 10, 2023",1685836800,0,0.0
custom nightstand,4,False,"Jun 4 – 10, 2023",1685836800,0,0.0
custom tv stand,4,False,"Jun 4 – 10, 2023",1685836800,0,0.0
dining table,4,True,"Jun 11 – 17, 2023",1686441600,24,0.8462
custom wardrobe,4,False,"Jun 11 – 17, 2023",1686441600,0,0.0
custom coffee table,4,False,"Jun 11 – 17, 2023",1686441600,0,0.0
custom nightstand,4,False,"Jun 11 – 17, 2023",1686441600,0,0.0
custom tv stand,4,False,"Jun 11 – 17, 2023",1686441600,0,0.0
dining table,4,True,"Jun 18 – 24, 2023",1687046400,27,0.952
custom wardrobe,4,False,"Jun 18 – 24, 2023",1687046400,0,0.0
custom coffee table,4,False,"Jun 18 – 24, 2023",1687046400,0,0.0
custom nightstand,4,False,"Jun 18 – 24, 2023",1687046400,0,0.0
custom tv stand,4,False,"Jun 18 – 24, 2023",1687046400,0,0.0
dining table,4,True,"Jun 25 – Jul 1, 2023",1687651200,26,0.9167
custom wardrobe,4,False,"Jun 25 – Jul 1, 2023",1687651200,0,0.0
custom coffee table,4,False,"Jun 25 – Jul 1, 2023",1687651200,0,0.0
custom nightstand,4,False,"Jun 25 – Jul 1, 2023",1687651200,0,0.0
custom tv stand,4,False,"Jun 25 – Jul 1, 2023",1687651200,0,0.0
dining table,4,True,"Jul 2 – 8, 2023",1688256000,28,0.9872
custom wardrobe,4,False,"Jul 2 – 8, 2023",1688256000,0,0.0
custom coffee table,4,False,"Jul 2 – 8, 2023",1688256000,0,0.0
custom nightstand,4,False,"Jul 2 – 8, 2023",1688256000,0,0.0
custom tv stand,4,False,"Jul 2 – 8, 2023",1688256000,0,0.0
dining table,4,True,"Jul 9 – 15, 2023",1688860800,25,0.8814
custom wardrobe,4,False,"Jul 9 – 15, 2023",1688860800,0,0.0
custom coffee table,4,False,"Jul 9 – 15, 2023",1688860800,0,0.0
custom nightstand,4,False,"Jul 9 – 15, 2023",1688860800,0,0.0
custom tv stand,4,False,"Jul 9 – 15, 2023",1688860800,0,0.0
dining table,4,True,"Jul 16 – 22, 2023",1689465600,25,0.8814
custom wardrobe,4,False,"Jul 16 – 22, 2023",1689465600,0,0.0
custom coffee table,4,False,"Jul 16 – 22, 2023",1689465600,0,0.0
custom nightstand,4,False,"Jul 16 – 22, 2023",1689465600,0,0.0
custom tv stand,4,False,"Jul 16 – 22, 2023",1689465600,0,0.0
dining table,4,True,"Jul 23 – 29, 2023",1690070400,25,0.8814
custom wardrobe,4,False,"Jul 23 – 29, 2023",1690070400,0,0.0
custom coffee table,4,False,"Jul 23 – 29, 2023",1690070400,0,0.0
custom nightstand,4,False,"Jul 23 – 29, 2023",1690070400,0,0.0
custom tv stand,4,False,"Jul 23 – 29, 2023",1690070400,0,0.0
dining table,4,True,"Jul 30 – Aug 5, 2023",1690675200,25,0.8814
custom wardrobe,4,False,"Jul 30 – Aug 5, 2023",1690675200,0,0.0
custom coffee table,4,False,"Jul 30 – Aug 5, 2023",1690675200,0,0.0
custom nightstand,4,False,"Jul 30 – Aug 5, 2023",1690675200,0,0.0
custom tv stand,4,False,"Jul 30 – Aug 5, 2023",1690675200,0,0.0
dining table,4,True,"Aug 6 – 12, 2023",1691280000,24,0.8462
custom wardrobe,4,False,"Aug 6 – 12, 2023",1691280000,0,0.0
custom coffee table,4,False,"Aug 6 – 12, 2023",1691280000,0,0.0
custom nightstand,4,False,"Aug 6 – 12, 2023",1691280000,0,0.0
custom tv stand,4,False,"Aug 6 – 12, 2023",1691280000,0,0.0
dining table,4,True,"Aug 13 – 19, 2023",1691884800,24,0.8462
custom wardrobe,4,False,"Aug 13 – 19, 2023",1691884800,0,0.0
custom coffee table,4,False,"Aug 13 – 19, 2023",1691884800,0,0.0
custom nightstand,4,False,"Aug 13 – 19, 2023",1691884800,0,0.0
custom tv stand,4,False,"Aug 13 – 19, 2023",1691884800,0,0.0
dining table,4,True,"Aug 20 – 26, 2023",1692489600,25,0.8814
custom wardrobe,4,False,"Aug 20 – 26, 2023",1692489600,0,0.0
custom coffee table,4,False,"Aug 20 – 26, 2023",1692489600,0,0.0
custom nightstand,4,False,"Aug 20 – 26, 2023",1692489600,0,0.0
custom tv stand,4,False,"Aug 20 – 26, 2023",1692489600,0,0.0
dining table,4,True,"Aug 27 – Sep 2, 2023",1693094400,25,0.8814
custom wardrobe,4,False,"Aug 27 – Sep 2, 2023",1693094400,0,0.0
custom coffee table,4,False,"Aug 27 – Sep 2, 2023",1693094400,0,0.0
custom nightstand,4,False,"Aug 27 – Sep 2, 2023",1693094400,0,0.0
custom tv stand,4,False,"Aug 27 – Sep 2, 2023",1693094400,0,0.0
dining table,4,True,"Sep 3 – 9, 2023",1693699200,29,1.0225
custom wardrobe,4,False,"Sep 3 – 9, 2023",1693699200,0,0.0
custom coffee table,4,False,"Sep 3 – 9, 2023",1693699200,0,0.0
custom nightstand,4,False,"Sep 3 – 9, 2023",1693699200,0,0.0
custom tv stand,4,False,"Sep 3 – 9, 2023",1693699200,0,0.0
dining table,4,True,"Sep 10 – 16, 2023",1694304000,22,0.7757
custom wardrobe,4,False,"Sep 10 – 16, 2023",1694304000,0,0.0
custom coffee table,4,False,"Sep 10 – 16, 2023",1694304000,0,0.0
custom nightstand,4,False,"Sep 10 – 16, 2023",1694304000,0,0.0
custom tv stand,4,False,"Sep 10 – 16, 2023",1694304000,0,0.0
dining table,4,True,"Sep 17 – 23, 2023",1694908800,23,0.8109
custom wardrobe,4,False,"Sep 17 – 23, 2023",1694908800,0,0.0
custom coffee table,4,False,"Sep 17 – 23, 2023",1694908800,0,0.0
custom nightstand,4,False,"Sep 17 – 23, 2023",1694908800,0,0.0
custom tv stand,4,False,"Sep 17 – 23, 2023",1694908800,0,0.0
dining table,4,True,"Sep 24 – 30, 2023",1695513600,24,0.8462
custom wardrobe,4,False,"Sep 24 – 30, 2023",1695513600,0,0.0
custom coffee table,4,False,"Sep 24 – 30, 2023",1695513600,0,0.0
custom nightstand,4,False,"Sep 24 – 30, 2023",1695513600,0,0.0
custom tv stand,4,False,"Sep 24 – 30, 2023",1695513600,0,0.0
dining table,4,True,"Oct 1 – 7, 2023",1696118400,23,0.8109
custom wardrobe,4,False,"Oct 1 – 7, 2023",1696118400,0,0.0
custom coffee table,4,False,"Oct 1 – 7, 2023",1696118400,0,0.0
custom nightstand,4,False,"Oct 1 – 7, 2023",1696118400,0,0.0
custom tv stand,4,False,"Oct 1 – 7, 2023",1696118400,0,0.0
dining table,4,True,"Oct 8 – 14, 2023",1696723200,23,0.8109
custom wardrobe,4,False,"Oct 8 – 14, 2023",1696723200,0,0.0
custom coffee table,4,False,"Oct 8 – 14, 2023",1696723200,0,0.0
custom nightstand,4,False,"Oct 8 – 14, 2023",1696723200,0,0.0
custom tv stand,4,False,"Oct 8 – 14, 2023",1696723200,0,0.0
dining table,4,True,"Oct 15 – 21, 2023",1697328000,24,0.8462
custom wardrobe,4,False,"Oct 15 – 21, 2023",1697328000,0,0.0
custom coffee table,4,False,"Oct 15 – 21, 2023",1697328000,0,0.0
custom nightstand,4,False,"Oct 15 – 21, 2023",1697328000,0,0.0
custom tv stand,4,False,"Oct 15 – 21, 2023",1697328000,0,0.0
dining table,4,True,"Oct 22 – 28, 2023",1697932800,24,0.8462
custom wardrobe,4,False,"Oct 22 – 28, 2023",1697932800,0,0.0
custom coffee table,4,False,"Oct 22 – 28, 2023",1697932800,0,0.0
custom nightstand,4,False,"Oct 22 – 28, 2023",1697932800,0,0.0
custom tv stand,4,False,"Oct 22 – 28, 2023",1697932800,0,0.0
dining table,4,True,"Oct 29 – Nov 4, 2023",1698537600,24,0.8462
custom wardrobe,4,False,"Oct 29 – Nov 4, 2023",1698537600,0,0.0
custom coffee table,4,False,"Oct 29 – Nov 4, 2023",1698537600,0,0.0
custom nightstand,4,False,"Oct 29 – Nov 4, 2023",1698537600,0,0.0
custom tv stand,4,False,"Oct 29 – Nov 4, 2023",1698537600,0,0.0
dining table,4,True,"Nov 5 – 11, 2023",1699142400,27,0.952
custom wardrobe,4,False,"Nov 5 – 11, 2023",1699142400,0,0.0
custom coffee table,4,False,"Nov 5 – 11, 2023",1699142400,0,0.0
custom nightstand,4,False,"Nov 5 – 11, 2023",1699142400,0,0.0
custom tv stand,4,False,"Nov 5 – 11, 2023",1699142400,0,0.0
dining table,4,True,"Nov 12 – 18, 2023",1699747200,28,0.9872
custom wardrobe,4,False,"Nov 12 – 18, 2023",1699747200,0,0.0
custom coffee table,4,False,"Nov 12 – 18, 2023",1699747200,0,0.0
custom nightstand,4,False,"Nov 12 – 18, 2023",1699747200,0,0.0
custom tv stand,4,False,"Nov 12 – 18, 2023",1699747200,0,0.0
dining table,4,True,"Nov 19 – 25, 2023",1700352000,34,1.1988
custom wardrobe,4,False,"Nov 19 – 25, 2023",1700352000,0,0.0
custom coffee table,4,False,"Nov 19 – 25, 2023",1700352000,0,0.0
custom nightstand,4,False,"Nov 19 – 25, 2023",1700352000,0,0.0
custom tv stand,4,False,"Nov 19 – 25, 2023",1700352000,0,0.0
dining table,4,True,"Nov 26 – Dec 2, 2023",1700956800,25,0.8814
custom wardrobe,4,False,"Nov 26 – Dec 2, 2023",1700956800,0,0.0
custom coffee table,4,False,"Nov 26 – Dec 2, 2023",1700956800,0,0.0
custom nightstand,4,False,"Nov 26 – Dec 2, 2023",1700956800,0,0.0
custom tv stand,4,False,"Nov 26 – Dec 2, 2023",1700956800,0,0.0
dining table,4,True,"Dec 3 – 9, 2023",1701561600,23,0.8109
custom wardrobe,4,False,"Dec 3 – 9, 2023",1701561600,0,0.0
custom coffee table,4,False,"Dec 3 – 9, 2023",1701561600,0,0.0
custom nightstand,4,False,"Dec 3 – 9, 2023",1701561600,0,0.0
custom tv stand,4,False,"Dec 3 – 9, 2023",1701561600,0,0.0
dining table,4,True,"Dec 10 – 16, 2023",1702166400,22,0.7757
custom wardrobe,4,False,"Dec 10 – 16, 2023",1702166400,0,0.0
custom coffee table,4,False,"Dec 10 – 16, 2023",1702166400,0,0.0
custom nightstand,4,False,"Dec 10 – 16, 2023",1702166400,0,0.0
custom tv stand,4,False,"Dec 10 – 16, 2023",1702166400,0,0.0
dining table,4,True,"Dec 17 – 23, 2023",1702771200,21,0.7404
custom wardrobe,4,False,"Dec 17 – 23, 2023",1702771200,0,0.0
custom coffee table,4,False,"Dec 17 – 23, 2023",1702771200,0,0.0
custom nightstand,4,False,"Dec 17 – 23, 2023",1702771200,0,0.0
custom tv stand,4,False,"Dec 17 – 23, 2023",1702771200,0,0.0
dining table,4,True,"Dec 24 – 30, 2023",1703376000,25,0.8814
custom wardrobe,4,False,"Dec 24 – 30, 2023",1703376000,0,0.0
custom coffee table,4,False,"Dec 24 – 30, 2023",1703376000,0,0.0
custom nightstand,4,False,"Dec 24 – 30, 2023",1703376000,0,0.0
custom tv stand,4,False,"Dec 24 – 30, 2023",1703376000,0,0.0
dining table,4,True,"Dec 31, 2023 – Jan 6, 2024",1703980800,28,0.9872
custom wardrobe,4,False,"Dec 31, 2023 – Jan 6, 2024",1703980800,0,0.0
custom coffee table,4,False,"Dec 31, 2023 – Jan 6, 2024",1703980800,0,0.0
custom nightstand,4,False,"Dec 31, 2023 – Jan 6, 2024",1703980800,0,0.0
custom tv stand,4,False,"Dec 31, 2023 – Jan 6, 2024",1703980800,0,0.0
dining table,4,True,"Jan 7 – 13, 2024",1704585600,24,0.8462
custom wardrobe,4,False,"Jan 7 – 13, 2024",1704585600,0,0.0
custom coffee table,4,False,"Jan 7 – 13, 2024",1704585600,0,0.0
custom nightstand,4,False,"Jan 7 – 13, 2024",1704585600,0,0.0
custom tv stand,4,False,"Jan 7 – 13, 2024",1704585600,0,0.0
dining table,4,True,"Jan 14 – 20, 2024",1705190400,25,0.8814
custom wardrobe,4,False,"Jan 14 – 20, 2024",1705190400,0,0.0
custom coffee table,4,False,"Jan 14 – 20, 2024",1705190400,0,0.0
custom nightstand,4,False,"Jan 14 – 20, 2024",1705190400,0,0.0
custom tv stand,4,False,"Jan 14 – 20, 2024",1705190400,0,0.0
dining table,4,True,"Jan 21 – 27, 2024",1705795200,25,0.8814
custom wardrobe,4,False,"Jan 21 – 27, 2024",1705795200,0,0.0
custom coffee table,4,False,"Jan 21 – 27, 2024",1705795200,0,0.0
custom nightstand,4,False,"Jan 21 – 27, 2024",1705795200,0,0.0
custom tv stand,4,False,"Jan 21 – 27, 2024",1705795200,0,0.0
dining table,4,True,"Jan 28 – Feb 3, 2024",1706400000,24,0.8462
custom wardrobe,4,False,"Jan 28 – Feb 3, 2024",1706400000,0,0.0
custom coffee table,4,False,"Jan 28 – Feb 3, 2024",1706400000,0,0.0
custom nightstand,4,False,"Jan 28 – Feb 3, 2024",1706400000,0,0.0
custom tv stand,4,False,"Jan 28 – Feb 3, 2024",1706400000,0,0.0
dining table,4,True,"Feb 4 – 10, 2024",1707004800,23,0.8109
custom wardrobe,4,False,"Feb 4 – 10, 2024",1707004800,0,0.0
custom coffee table,4,False,"Feb 4 – 10, 2024",1707004800,0,0.0
custom nightstand,4,False,"Feb 4 – 10, 2024",1707004800,0,0.0
custom tv stand,4,False,"Feb 4 – 10, 2024",1707004800,0,0.0
dining table,4,True,"Feb 11 – 17, 2024",1707609600,23,0.8109
custom wardrobe,4,False,"Feb 11 – 17, 2024",1707609600,0,0.0
custom coffee table,4,False,"Feb 11 – 17, 2024",1707609600,0,0.0
custom nightstand,4,False,"Feb 11 – 17, 2024",1707609600,0,0.0
custom tv stand,4,False,"Feb 11 – 17, 2024",1707609600,0,0.0
dining table,4,True,"Feb 18 – 24, 2024",1708214400,26,0.9167
custom wardrobe,4,False,"Feb 18 – 24, 2024",1708214400,0,0.0
custom coffee table,4,False,"Feb 18 – 24, 2024",1708214400,0,0.0
custom nightstand,4,False,"Feb 18 – 24, 2024",1708214400,0,0.0
custom tv stand,4,False,"Feb 18 – 24, 2024",1708214400,0,0.0
dining table,4,True,"Feb 25 – Mar 2, 2024",1708819200,24,0.8462
custom wardrobe,4,False,"Feb 25 – Mar 2, 2024",1708819200,0,0.0
custom coffee table,4,False,"Feb 25 – Mar 2, 2024",1708819200,0,0.0
custom nightstand,4,False,"Feb 25 – Mar 2, 2024",1708819200,0,0.0
custom tv stand,4,False,"Feb 25 – Mar 2, 2024",1708819200,0,0.0
dining table,4,True,"Mar 3 – 9, 2024",1709424000,24,0.8462
custom wardrobe,4,False,"Mar 3 – 9, 2024",1709424000,0,0.0
custom coffee table,4,False,"Mar 3 – 9, 2024",1709424000,0,0.0
custom nightstand,4,False,"Mar 3 – 9, 2024",1709424000,0,0.0
custom tv stand,4,False,"Mar 3 – 9, 2024",1709424000,0,0.0
dining table,4,True,"Mar 10 – 16, 2024",1710028800,24,0.8462
custom wardrobe,4,False,"Mar 10 – 16, 2024",1710028800,0,0.0
custom coffee table,4,False,"Mar 10 – 16, 2024",1710028800,0,0.0
custom nightstand,4,False,"Mar 10 – 16, 2024",1710028800,0,0.0
custom tv stand,4,False,"Mar 10 – 16, 2024",1710028800,0,0.0
dining table,4,True,"Mar 17 – 23, 2024",1710633600,24,0.8462
custom wardrobe,4,False,"Mar 17 – 23, 2024",1710633600,0,0.0
custom coffee table,4,False,"Mar 17 – 23, 2024",1710633600,0,0.0
custom nightstand,4,False,"Mar 17 – 23, 2024",1710633600,0,0.0
custom tv stand,4,False,"Mar 17 – 23, 2024",1710633600,0,0.0
dining table,4,True,"Mar 24 – 30, 2024",1711238400,24,0.8462
custom wardrobe,4,False,"Mar 24 – 30, 2024",1711238400,0,0.0
custom coffee table,4,False,"Mar 24 – 30, 2024",1711238400,0,0.0
custom nightstand,4,False,"Mar 24 – 30, 2024",1711238400,0,0.0
custom tv stand,4,False,"Mar 24 – 30, 2024",1711238400,0,0.0
dining table,4,True,"Mar 31 – Apr 6, 2024",1711843200,22,0.7757
custom wardrobe,4,False,"Mar 31 – Apr 6, 2024",1711843200,0,0.0
custom coffee table,4,False,"Mar 31 – Apr 6, 2024",1711843200,0,0.0
custom nightstand,4,False,"Mar 31 – Apr 6, 2024",1711843200,0,0.0
custom tv stand,4,False,"Mar 31 – Apr 6, 2024",1711843200,0,0.0
dining table,4,True,"Apr 7 – 13, 2024",1712448000,23,0.8109
custom wardrobe,4,False,"Apr 7 – 13, 2024",1712448000,0,0.0
custom coffee table,4,False,"Apr 7 – 13, 2024",1712448000,0,0.0
custom nightstand,4,False,"Apr 7 – 13, 2024",1712448000,0,0.0
custom tv stand,4,False,"Apr 7 – 13, 2024",1712448000,0,0.0
dining table,4,True,"Apr 14 – 20, 2024",1713052800,22,0.7757
custom wardrobe,4,False,"Apr 14 – 20, 2024",1713052800,0,0.0
custom coffee table,4,False,"Apr 14 – 20, 2024",1713052800,0,0.0
custom nightstand,4,False,"Apr 14 – 20, 2024",1713052800,0,0.0
custom tv stand,4,False,"Apr 14 – 20, 2024",1713052800,0,0.0
dining table,4,True,"Apr 21 – 27, 2024",1713657600,25,0.8814
custom wardrobe,4,False,"Apr 21 – 27, 2024",1713657600,0,0.0
custom coffee table,4,False,"Apr 21 – 27, 2024",1713657600,0,0.0
custom nightstand,4,False,"Apr 21 – 27, 2024",1713657600,0,0.0
custom tv stand,4,False,"Apr 21 – 27, 2024",1713657600,0,0.0
dining table,4,True,"Apr 28 – May 4, 2024",1714262400,24,0.8462
custom wardrobe,4,False,"Apr 28 – May 4, 2024",1714262400,0,0.0
custom coffee table,4,False,"Apr 28 – May 4, 2024",1714262400,0,0.0
custom nightstand,4,False,"Apr 28 – May 4, 2024",1714262400,0,0.0
custom tv stand,4,False,"Apr 28 – May 4, 2024",1714262400,0,0.0
dining table,4,True,"May 5 – 11, 2024",1714867200,23,0.8109
custom wardrobe,4,False,"May 5 – 11, 2024",1714867200,0,0.0
custom coffee table,4,False,"May 5 – 11, 2024",1714867200,0,0.0
custom nightstand,4,False,"May 5 – 11, 2024",1714867200,0,0.0
custom tv stand,4,False,"May 5 – 11, 2024",1714867200,0,0.0
dining table,4,True,"May 12 – 18, 2024",1715472000,23,0.8109
custom wardrobe,4,False,"May 12 – 18, 2024",1715472000,0,0.0
custom coffee table,4,False,"May 12 – 18, 2024",1715472000,0,0.0
custom nightstand,4,False,"May 12 – 18, 2024",1715472000,0,0.0
custom tv stand,4,False,"May 12 – 18, 2024",1715472000,0,0.0
dining table,4,True,"May 19 – 25, 2024",1716076800,24,0.8462
custom wardrobe,4,False,"May 19 – 25, 2024",1716076800,0,0.0
custom coffee table,4,False,"May 19 – 25, 2024",1716076800,0,0.0
custom nightstand,4,False,"May 19 – 25, 2024",1716076800,0,0.0
custom tv stand,4,False,"May 19 – 25, 2024",1716076800,0,0.0
dining table,4,True,"May 26 – Jun 1, 2024",1716681600,26,0.9167
custom wardrobe,4,False,"May 26 – Jun 1, 2024",1716681600,0,0.0
custom coffee table,4,False,"May 26 – Jun 1, 2024",1716681600,0,0.0
custom nightstand,4,False,"May 26 – Jun 1, 2024",1716681600,0,0.0
custom tv stand,4,False,"May 26 – Jun 1, 2024",1716681600,0,0.0
dining table,4,True,"Jun 2 – 8, 2024",1717286400,23,0.8109
custom wardrobe,4,False,"Jun 2 – 8, 2024",1717286400,0,0.0
custom coffee table,4,False,"Jun 2 – 8, 2024",1717286400,0,0.0
custom nightstand,4,False,"Jun 2 – 8, 2024",1717286400,0,0.0
custom tv stand,4,False,"Jun 2 – 8, 2024",1717286400,0,0.0
dining table,4,True,"Jun 9 – 15, 2024",1717891200,24,0.8462
custom wardrobe,4,False,"Jun 9 – 15, 2024",1717891200,0,0.0
custom coffee table,4,False,"Jun 9 – 15, 2024",1717891200,0,0.0
custom nightstand,4,False,"Jun 9 – 15, 2024",1717891200,0,0.0
custom tv stand,4,False,"Jun 9 – 15, 2024",1717891200,0,0.0
dining table,4,True,"Jun 16 – 22, 2024",1718496000,25,0.8814
custom wardrobe,4,False,"Jun 16 – 22, 2024",1718496000,0,0.0
custom coffee table,4,False,"Jun 16 – 22, 2024",1718496000,0,0.0
custom nightstand,4,False,"Jun 16 – 22, 2024",1718496000,0,0.0
custom tv stand,4,False,"Jun 16 – 22, 2024",1718496000,0,0.0
dining table,4,True,"Jun 23 – 29, 2024",1719100800,25,0.8814
custom wardrobe,4,False,"Jun 23 – 29, 2024",1719100800,0,0.0
custom coffee table,4,False,"Jun 23 – 29, 2024",1719100800,0,0.0
custom nightstand,4,False,"Jun 23 – 29, 2024",1719100800,0,0.0
custom tv stand,4,False,"Jun 23 – 29, 2024",1719100800,0,0.0
dining table,4,True,"Jun 30 – Jul 6, 2024",1719705600,28,0.9872
custom wardrobe,4,False,"Jun 30 – Jul 6, 2024",1719705600,0,0.0
custom coffee table,4,False,"Jun 30 – Jul 6, 2024",1719705600,0,0.0
custom nightstand,4,False,"Jun 30 – Jul 6, 2024",1719705600,0,0.0
custom tv stand,4,False,"Jun 30 – Jul 6, 2024",1719705600,0,0.0
dining table,4,True,"Jul 7 – 13, 2024",1720310400,25,0.8814
custom wardrobe,4,False,"Jul 7 – 13, 2024",1720310400,0,0.0
custom coffee table,4,False,"Jul 7 – 13, 2024",1720310400,0,0.0
custom nightstand,4,False,"Jul 7 – 13, 2024",1720310400,0,0.0
custom tv stand,4,False,"Jul 7 – 13, 2024",1720310400,0,0.0
dining table,4,True,"Jul 14 – 20, 2024",1720915200,23,0.8109
custom wardrobe,4,False,"Jul 14 – 20, 2024",1720915200,0,0.0
custom coffee table,4,False,"Jul 14 – 20, 2024",1720915200,0,0.0
custom nightstand,4,False,"Jul 14 – 20, 2024",1720915200,0,0.0
custom tv stand,4,False,"Jul 14 – 20, 2024",1720915200,0,0.0
dining table,4,True,"Jul 21 – 27, 2024",1721520000,25,0.8814
custom wardrobe,4,False,"Jul 21 – 27, 2024",1721520000,0,0.0
custom coffee table,4,False,"Jul 21 – 27, 2024",1721520000,0,0.0
custom nightstand,4,False,"Jul 21 – 27, 2024",1721520000,0,0.0
custom tv stand,4,False,"Jul 21 – 27, 2024",1721520000,0,0.0
dining table,4,True,"Jul 28 – Aug 3, 2024",1722124800,26,0.9167
custom wardrobe,4,False,"Jul 28 – Aug 3, 2024",1722124800,0,0.0
custom coffee table,4,False,"Jul 28 – Aug 3, 2024",1722124800,0,0.0
custom nightstand,4,False,"Jul 28 – Aug 3, 2024",1722124800,0,0.0
custom tv stand,4,False,"Jul 28 – Aug 3, 2024",1722124800,0,0.0
dining table,4,True,"Aug 4 – 10, 2024",1722729600,26,0.9167
custom wardrobe,4,False,"Aug 4 – 10, 2024",1722729600,0,0.0
custom coffee table,4,False,"Aug 4 – 10, 2024",1722729600,0,0.0
custom nightstand,4,False,"Aug 4 – 10, 2024",1722729600,0,0.0
custom tv stand,4,False,"Aug 4 – 10, 2024",1722729600,0,0.0
dining table,4,True,"Aug 11 – 17, 2024",1723334400,27,0.952
custom wardrobe,4,False,"Aug 11 – 17, 2024",1723334400,0,0.0
custom coffee table,4,False,"Aug 11 – 17, 2024",1723334400,0,0.0
custom nightstand,4,False,"Aug 11 – 17, 2024",1723334400,0,0.0
custom tv stand,4,False,"Aug 11 – 17, 2024",1723334400,0,0.0
dining table,4,True,"Aug 18 – 24, 2024",1723939200,27,0.952
custom wardrobe,4,False,"Aug 18 – 24, 2024",1723939200,0,0.0
custom coffee table,4,False,"Aug 18 – 24, 2024",1723939200,0,0.0
custom nightstand,4,False,"Aug 18 – 24, 2024",1723939200,0,0.0
custom tv stand,4,False,"Aug 18 – 24, 2024",1723939200,0,0.0
dining table,4,True,"Aug 25 – 31, 2024",1724544000,25,0.8814
custom wardrobe,4,False,"Aug 25 – 31, 2024",1724544000,0,0.0
custom coffee table,4,False,"Aug 25 – 31, 2024",1724544000,0,0.0
custom nightstand,4,False,"Aug 25 – 31, 2024",1724544000,0,0.0
custom tv stand,4,False,"Aug 25 – 31, 2024",1724544000,0,0.0
dining table,4,True,"Sep 1 – 7, 2024",1725148800,27,0.952
custom wardrobe,4,False,"Sep 1 – 7, 2024",1725148800,0,0.0
custom coffee table,4,False,"Sep 1 – 7, 2024",1725148800,0,0.0
custom nightstand,4,False,"Sep 1 – 7, 2024",1725148800,0,0.0
custom tv stand,4,False,"Sep 1 – 7, 2024",1725148800,0,0.0
dining table,4,True,"Sep 8 – 14, 2024",1725753600,24,0.8462
custom wardrobe,4,False,"Sep 8 – 14, 2024",1725753600,0,0.0
custom coffee table,4,False,"Sep 8 – 14, 2024",1725753600,0,0.0
custom nightstand,4,False,"Sep 8 – 14, 2024",1725753600,0,0.0
custom tv stand,4,False,"Sep 8 – 14, 2024",1725753600,0,0.0
dining table,4,True,"Sep 15 – 21, 2024",1726358400,23,0.8109
custom wardrobe,4,False,"Sep 15 – 21, 2024",1726358400,0,0.0
custom coffee table,4,False,"Sep 15 – 21, 2024",1726358400,0,0.0
custom nightstand,4,False,"Sep 15 – 21, 2024",1726358400,0,0.0
custom tv stand,4,False,"Sep 15 – 21, 2024",1726358400,0,0.0
dining table,4,True,"Sep 22 – 28, 2024",1726963200,23,0.8109
custom wardrobe,4,False,"Sep 22 – 28, 2024",1726963200,0,0.0
custom coffee table,4,False,"Sep 22 – 28, 2024",1726963200,0,0.0
custom nightstand,4,False,"Sep 22 – 28, 2024",1726963200,0,0.0
custom tv stand,4,False,"Sep 22 – 28, 2024",1726963200,0,0.0
dining table,4,True,"Sep 29 – Oct 5, 2024",1727568000,23,0.8109
custom wardrobe,4,False,"Sep 29 – Oct 5, 2024",1727568000,0,0.0
custom coffee table,4,False,"Sep 29 – Oct 5, 2024",1727568000,0,0.0
custom nightstand,4,False,"Sep 29 – Oct 5, 2024",1727568000,0,0.0
custom tv stand,4,False,"Sep 29 – Oct 5, 2024",1727568000,0,0.0
dining table,4,True,"Oct 6 – 12, 2024",1728172800,23,0.8109
custom wardrobe,4,False,"Oct 6 – 12, 2024",1728172800,0,0.0
custom coffee table,4,False,"Oct 6 – 12, 2024",1728172800,0,0.0
custom nightstand,4,False,"Oct 6 – 12, 2024",1728172800,0,0.0
custom tv stand,4,False,"Oct 6 – 12, 2024",1728172800,0,0.0
dining table,4,True,"Oct 13 – 19, 2024",1728777600,24,0.8462
custom wardrobe,4,False,"Oct 13 – 19, 2024",1728777600,0,0.0
custom coffee table,4,False,"Oct 13 – 19, 2024",1728777600,0,0.0
custom nightstand,4,False,"Oct 13 – 19, 2024",1728777600,0,0.0
custom tv stand,4,False,"Oct 13 – 19, 2024",1728777600,0,0.0
dining table,4,True,"Oct 20 – 26, 2024",1729382400,24,0.8462
custom wardrobe,4,False,"Oct 20 – 26, 2024",1729382400,0,0.0
custom coffee table,4,False,"Oct 20 – 26, 2024",1729382400,0,0.0
custom nightstand,4,False,"Oct 20 – 26, 2024",1729382400,0,0.0
custom tv stand,4,False,"Oct 20 – 26, 2024",1729382400,0,0.0
dining table,4,True,"Oct 27 – Nov 2, 2024",1729987200,24,0.8462
custom wardrobe,4,False,"Oct 27 – Nov 2, 2024",1729987200,0,0.0
custom coffee table,4,False,"Oct 27 – Nov 2, 2024",1729987200,0,0.0
custom nightstand,4,False,"Oct 27 – Nov 2, 2024",1729987200,0,0.0
custom tv stand,4,False,"Oct 27 – Nov 2, 2024",1729987200,0,0.0
dining table,4,True,"Nov 3 – 9, 2024",1730592000,25,0.8814
custom wardrobe,4,False,"Nov 3 – 9, 2024",1730592000,0,0.0
custom coffee table,4,False,"Nov 3 – 9, 2024",1730592000,0,0.0
custom nightstand,4,False,"Nov 3 – 9, 2024",1730592000,0,0.0
custom tv stand,4,False,"Nov 3 – 9, 2024",1730592000,0,0.0
dining table,4,True,"Nov 10 – 16, 2024",1731196800,28,0.9872
custom wardrobe,4,False,"Nov 10 – 16, 2024",1731196800,0,0.0
custom coffee table,4,False,"Nov 10 – 16, 2024",1731196800,0,0.0
custom nightstand,4,False,"Nov 10 – 16, 2024",1731196800,0,0.0
custom tv stand,4,False,"Nov 10 – 16, 2024",1731196800,0,0.0
dining table,4,True,"Nov 17 – 23, 2024",1731801600,30,1.0577
custom wardrobe,4,False,"Nov 17 – 23, 2024",1731801600,0,0.0
custom coffee table,4,False,"Nov 17 – 23, 2024",1731801600,0,0.0
custom nightstand,4,False,"Nov 17 – 23, 2024",1731801600,0,0.0
custom tv stand,4,False,"Nov 17 – 23, 2024",1731801600,0,0.0
dining table,4,True,"Nov 24 – 30, 2024",1732406400,32,1.1282
custom wardrobe,4,False,"Nov 24 – 30, 2024",1732406400,0,0.0
custom coffee table,4,False,"Nov 24 – 30, 2024",1732406400,0,0.0
custom nightstand,4,False,"Nov 24 – 30, 2024",1732406400,0,0.0
custom tv stand,4,False,"Nov 24 – 30, 2024",1732406400,0,0.0
dining table,4,True,"Dec 1 – 7, 2024",1733011200,24,0.8462
custom wardrobe,4,False,"Dec 1 – 7, 2024",1733011200,0,0.0
custom coffee table,4,False,"Dec 1 – 7, 2024",1733011200,0,0.0
custom nightstand,4,False,"Dec 1 – 7, 2024",1733011200,0,0.0
custom tv stand,4,False,"Dec 1 – 7, 2024",1733011200,0,0.0
dining table,4,True,"Dec 8 – 14, 2024",1733616000,22,0.7757
custom wardrobe,4,False,"Dec 8 – 14, 2024",1733616000,0,0.0
custom coffee table,4,False,"Dec 8 – 14, 2024",1733616000,0,0.0
custom nightstand,4,False,"Dec 8 – 14, 2024",1733616000,0,0.0
custom tv stand,4,False,"Dec 8 – 14, 2024",1733616000,0,0.0
dining table,4,True,"Dec 15 – 21, 2024",1734220800,21,0.7404
custom wardrobe,4,False,"Dec 15 – 21, 2024",1734220800,0,0.0
custom coffee table,4,False,"Dec 15 – 21, 2024",1734220800,0,0.0
custom nightstand,4,False,"Dec 15 – 21, 2024",1734220800,0,0.0
custom tv stand,4,False,"Dec 15 – 21, 2024",1734220800,0,0.0
dining table,4,True,"Dec 22 – 28, 2024",1734825600,25,0.8814
custom wardrobe,4,False,"Dec 22 – 28, 2024",1734825600,0,0.0
custom coffee table,4,False,"Dec 22 – 28, 2024",1734825600,0,0.0
custom nightstand,4,False,"Dec 22 – 28, 2024",1734825600,0,0.0
custom tv stand,4,False,"Dec 22 – 28, 2024",1734825600,0,0.0
dining table,4,True,"Dec 29, 2024 – Jan 4, 2025",1735430400,30,1.0577
custom wardrobe,4,False,"Dec 29, 2024 – Jan 4, 2025",1735430400,0,0.0
custom coffee table,4,False,"Dec 29, 2024 – Jan 4, 2025",1735430400,0,0.0
custom nightstand,4,False,"Dec 29, 2024 – Jan 4, 2025",1735430400,0,0.0
custom tv stand,4,False,"Dec 29, 2024 – Jan 4, 2025",1735430400,0,0.0
dining table,4,True,"Jan 5 – 11, 2025",1736035200,25,0.8814
custom wardrobe,4,False,"Jan 5 – 11, 2025",1736035200,0,0.0
custom coffee table,4,False,"Jan 5 – 11, 2025",1736035200,0,0.0
custom nightstand,4,False,"Jan 5 – 11, 2025",1736035200,0,0.0
custom tv stand,4,False,"Jan 5 – 11, 2025",1736035200,0,0.0
dining table,4,True,"Jan 12 – 18, 2025",1736640000,25,0.8814
custom wardrobe,4,False,"Jan 12 – 18, 2025",1736640000,0,0.0
custom coffee table,4,False,"Jan 12 – 18, 2025",1736640000,0,0.0
custom nightstand,4,False,"Jan 12 – 18, 2025",1736640000,0,0.0
custom tv stand,4,False,"Jan 12 – 18, 2025",1736640000,0,0.0
dining table,4,True,"Jan 19 – 25, 2025",1737244800,26,0.9167
custom wardrobe,4,False,"Jan 19 – 25, 2025",1737244800,0,0.0
custom coffee table,4,False,"Jan 19 – 25, 2025",1737244800,0,0.0
custom nightstand,4,False,"Jan 19 – 25, 2025",1737244800,0,0.0
custom tv stand,4,False,"Jan 19 – 25, 2025",1737244800,0,0.0
dining table,4,True,"Jan 26 – Feb 1, 2025",1737849600,23,0.8109
custom wardrobe,4,False,"Jan 26 – Feb 1, 2025",1737849600,0,0.0
custom coffee table,4,False,"Jan 26 – Feb 1, 2025",1737849600,0,0.0
custom nightstand,4,False,"Jan 26 – Feb 1, 2025",1737849600,0,0.0
custom tv stand,4,False,"Jan 26 – Feb 1, 2025",1737849600,0,0.0
dining table,4,True,"Feb 2 – 8, 2025",1738454400,24,0.8462
custom wardrobe,4,False,"Feb 2 – 8, 2025",1738454400,0,0.0
custom coffee table,4,False,"Feb 2 – 8, 2025",1738454400,0,0.0
custom nightstand,4,False,"Feb 2 – 8, 2025",1738454400,0,0.0
custom tv stand,4,False,"Feb 2 – 8, 2025",1738454400,0,0.0
dining table,4,True,"Feb 9 – 15, 2025",1739059200,22,0.7757
custom wardrobe,4,False,"Feb 9 – 15, 2025",1739059200,0,0.0
custom coffee table,4,False,"Feb 9 – 15, 2025",1739059200,0,0.0
custom nightstand,4,False,"Feb 9 – 15, 2025",1739059200,0,0.0
custom tv stand,4,False,"Feb 9 – 15, 2025",1739059200,0,0.0
dining table,4,True,"Feb 16 – 22, 2025",1739664000,25,0.8814
custom wardrobe,4,False,"Feb 16 – 22, 2025",1739664000,0,0.0
custom coffee table,4,False,"Feb 16 – 22, 2025",1739664000,0,0.0
custom nightstand,4,False,"Feb 16 – 22, 2025",1739664000,0,0.0
custom tv stand,4,False,"Feb 16 – 22, 2025",1739664000,0,0.0
dining table,4,True,"Feb 23 – Mar 1, 2025",1740268800,25,0.8814
custom wardrobe,4,False,"Feb 23 – Mar 1, 2025",1740268800,0,0.0
custom coffee table,4,False,"Feb 23 – Mar 1, 2025",1740268800,0,0.0
custom nightstand,4,False,"Feb 23 – Mar 1, 2025",1740268800,0,0.0
custom tv stand,4,False,"Feb 23 – Mar 1, 2025",1740268800,0,0.0
dining table,4,True,"Mar 2 – 8, 2025",1740873600,25,0.8814
custom wardrobe,4,False,"Mar 2 – 8, 2025",1740873600,0,0.0
custom coffee table,4,False,"Mar 2 – 8, 2025",1740873600,0,0.0
custom nightstand,4,False,"Mar 2 – 8, 2025",1740873600,0,0.0
custom tv stand,4,False,"Mar 2 – 8, 2025",1740873600,0,0.0
dining table,4,True,"Mar 9 – 15, 2025",1741478400,26,0.9167
custom wardrobe,4,False,"Mar 9 – 15, 2025",1741478400,0,0.0
custom coffee table,4,False,"Mar 9 – 15, 2025",1741478400,0,0.0
custom nightstand,4,False,"Mar 9 – 15, 2025",1741478400,0,0.0
custom tv stand,4,False,"Mar 9 – 15, 2025",1741478400,0,0.0
dining table,4,True,"Mar 16 – 22, 2025",1742083200,25,0.8814
custom wardrobe,4,False,"Mar 16 – 22, 2025",1742083200,0,0.0
custom coffee table,4,False,"Mar 16 – 22, 2025",1742083200,0,0.0
custom nightstand,4,False,"Mar 16 – 22, 2025",1742083200,0,0.0
custom tv stand,4,False,"Mar 16 – 22, 2025",1742083200,0,0.0
dining table,4,True,"Mar 23 – 29, 2025",1742688000,24,0.8462
custom wardrobe,4,False,"Mar 23 – 29, 2025",1742688000,0,0.0
custom coffee table,4,False,"Mar 23 – 29, 2025",1742688000,0,0.0
custom nightstand,4,False,"Mar 23 – 29, 2025",1742688000,0,0.0
custom tv stand,4,False,"Mar 23 – 29, 2025",1742688000,0,0.0
dining table,4,True,"Mar 30 – Apr 5, 2025",1743292800,24,0.8462
custom wardrobe,4,False,"Mar 30 – Apr 5, 2025",1743292800,0,0.0
custom coffee table,4,False,"Mar 30 – Apr 5, 2025",1743292800,0,0.0
custom nightstand,4,False,"Mar 30 – Apr 5, 2025",1743292800,0,0.0
custom tv stand,4,False,"Mar 30 – Apr 5, 2025",1743292800,0,0.0
dining table,4,True,"Apr 6 – 12, 2025",1743897600,24,0.8462
custom wardrobe,4,False,"Apr 6 – 12, 2025",1743897600,0,0.0
custom coffee table,4,False,"Apr 6 – 12, 2025",1743897600,0,0.0
custom nightstand,4,False,"Apr 6 – 12, 2025",1743897600,0,0.0
custom tv stand,4,False,"Apr 6 – 12, 2025",1743897600,0,0.0
dining table,4,True,"Apr 13 – 19, 2025",1744502400,24,0.8462
custom wardrobe,4,False,"Apr 13 – 19, 2025",1744502400,0,0.0
custom coffee table,4,False,"Apr 13 – 19, 2025",1744502400,0,0.0
custom nightstand,4,False,"Apr 13 – 19, 2025",1744502400,0,0.0
custom tv stand,4,False,"Apr 13 – 19, 2025",1744502400,0,0.0
dining table,4,True,"Apr 20 – 26, 2025",1745107200,25,0.8814
custom wardrobe,4,False,"Apr 20 – 26, 2025",1745107200,0,0.0
custom coffee table,4,False,"Apr 20 – 26, 2025",1745107200,0,0.0
custom nightstand,4,False,"Apr 20 – 26, 2025",1745107200,0,0.0
custom tv stand,4,False,"Apr 20 – 26, 2025",1745107200,0,0.0
dining table,4,True,"Apr 27 – May 3, 2025",1745712000,25,0.8814
custom wardrobe,4,False,"Apr 27 – May 3, 2025",1745712000,0,0.0
custom coffee table,4,False,"Apr 27 – May 3, 2025",1745712000,0,0.0
custom nightstand,4,False,"Apr 27 – May 3, 2025",1745712000,0,0.0
custom tv stand,4,False,"Apr 27 – May 3, 2025",1745712000,0,0.0
dining table,4,True,"May 4 – 10, 2025",1746316800,25,0.8814
custom wardrobe,4,False,"May 4 – 10, 2025",1746316800,0,0.0
custom coffee table,4,False,"May 4 – 10, 2025",1746316800,0,0.0
custom nightstand,4,False,"May 4 – 10, 2025",1746316800,0,0.0
custom tv stand,4,False,"May 4 – 10, 2025",1746316800,0,0.0
dining table,4,True,"May 11 – 17, 2025",1746921600,25,0.8814
custom wardrobe,4,False,"May 11 – 17, 2025",1746921600,0,0.0
custom coffee table,4,False,"May 11 – 17, 2025",1746921600,0,0.0
custom nightstand,4,False,"May 11 – 17, 2025",1746921600,0,0.0
custom tv stand,4,False,"May 11 – 17, 2025",1746921600,0,0.0
dining table,4,True,"May 18 – 24, 2025",1747526400,25,0.8814
custom wardrobe,4,False,"May 18 – 24, 2025",1747526400,0,0.0
custom coffee table,4,False,"May 18 – 24, 2025",1747526400,0,0.0
custom nightstand,4,False,"May 18 – 24, 2025",1747526400,0,0.0
custom tv stand,4,False,"May 18 – 24, 2025",1747526400,0,0.0
dining table,4,True,"May 25 – 31, 2025",1748131200,27,0.952
custom wardrobe,4,False,"May 25 – 31, 2025",1748131200,0,0.0
custom coffee table,4,False,"May 25 – 31, 2025",1748131200,0,0.0
custom nightstand,4,False,"May 25 – 31, 2025",1748131200,0,0.0
custom tv stand,4,False,"May 25 – 31, 2025",1748131200,0,0.0
dining table,4,True,"Jun 1 – 7, 2025",1748736000,24,0.8462
custom wardrobe,4,False,"Jun 1 – 7, 2025",1748736000,0,0.0
custom coffee table,4,False,"Jun 1 – 7, 2025",1748736000,0,0.0
custom nightstand,4,False,"Jun 1 – 7, 2025",1748736000,0,0.0
custom tv stand,4,False,"Jun 1 – 7, 2025",1748736000,0,0.0
dining table,4,True,"Jun 8 – 14, 2025",1749340800,24,0.8462
custom wardrobe,4,False,"Jun 8 – 14, 2025",1749340800,0,0.0
custom coffee table,4,False,"Jun 8 – 14, 2025",1749340800,0,0.0
custom nightstand,4,False,"Jun 8 – 14, 2025",1749340800,0,0.0
custom tv stand,4,False,"Jun 8 – 14, 2025",1749340800,0,0.0
dining table,4,True,"Jun 15 – 21, 2025",1749945600,26,0.9167
custom wardrobe,4,False,"Jun 15 – 21, 2025",1749945600,0,0.0
custom coffee table,4,False,"Jun 15 – 21, 2025",1749945600,0,0.0
custom nightstand,4,False,"Jun 15 – 21, 2025",1749945600,0,0.0
custom tv stand,4,False,"Jun 15 – 21, 2025",1749945600,0,0.0
dining table,4,True,"Jun 22 – 28, 2025",1750550400,25,0.8814
custom wardrobe,4,False,"Jun 22 – 28, 2025",1750550400,0,0.0
custom coffee table,4,False,"Jun 22 – 28, 2025",1750550400,0,0.0
custom nightstand,4,False,"Jun 22 – 28, 2025",1750550400,0,0.0
custom tv stand,4,False,"Jun 22 – 28, 2025",1750550400,0,0.0
dining table,4,True,"Jun 29 – Jul 5, 2025",1751155200,27,0.952
custom wardrobe,4,False,"Jun 29 – Jul 5, 2025",1751155200,0,0.0
custom coffee table,4,False,"Jun 29 – Jul 5, 2025",1751155200,0,0.0
custom nightstand,4,False,"Jun 29 – Jul 5, 2025",1751155200,0,0.0
custom tv stand,4,False,"Jun 29 – Jul 5, 2025",1751155200,0,0.0
dining table,4,True,"Jul 6 – 12, 2025",1751760000,28,0.9872
custom wardrobe,4,False,"Jul 6 – 12, 2025",1751760000,0,0.0
custom coffee table,4,False,"Jul 6 – 12, 2025",1751760000,0,0.0
custom nightstand,4,False,"Jul 6 – 12, 2025",1751760000,0,0.0
custom tv stand,4,False,"Jul 6 – 12, 2025",1751760000,0,0.0
dining table,4,True,"Jul 13 – 19, 2025",1752364800,29,1.0225
custom wardrobe,4,False,"Jul 13 – 19, 2025",1752364800,0,0.0
custom coffee table,4,False,"Jul 13 – 19, 2025",1752364800,0,0.0
custom nightstand,4,False,"Jul 13 – 19, 2025",1752364800,0,0.0
custom tv stand,4,False,"Jul 13 – 19, 2025",1752364800,0,0.0
dining table,4,True,"Jul 20 – 26, 2025",1752969600,27,0.952
custom wardrobe,4,False,"Jul 20 – 26, 2025",1752969600,0,0.0
custom coffee table,4,False,"Jul 20 – 26, 2025",1752969600,0,0.0
custom nightstand,4,False,"Jul 20 – 26, 2025",1752969600,0,0.0
custom tv stand,4,False,"Jul 20 – 26, 2025",1752969600,0,0.0
dining table,4,True,"Jul 27 – Aug 2, 2025",1753574400,28,0.9872
custom wardrobe,4,False,"Jul 27 – Aug 2, 2025",1753574400,0,0.0
custom coffee table,4,False,"Jul 27 – Aug 2, 2025",1753574400,0,0.0
custom nightstand,4,False,"Jul 27 – Aug 2, 2025",1753574400,0,0.0
custom tv stand,4,False,"Jul 27 – Aug 2, 2025",1753574400,0,0.0
dining table,4,True,"Aug 3 – 9, 2025",1754179200,28,0.9872
custom wardrobe,4,False,"Aug 3 – 9, 2025",1754179200,0,0.0
custom coffee table,4,False,"Aug 3 – 9, 2025",1754179200,0,0.0
custom nightstand,4,False,"Aug 3 – 9, 2025",1754179200,0,0.0
custom tv stand,4,False,"Aug 3 – 9, 2025",1754179200,0,0.0
dining table,4,True,"Aug 10 – 16, 2025",1754784000,27,0.952
custom wardrobe,4,False,"Aug 10 – 16, 2025",1754784000,0,0.0
custom coffee table,4,False,"Aug 10 – 16, 2025",1754784000,0,0.0
custom nightstand,4,False,"Aug 10 – 16, 2025",1754784000,0,0.0
custom tv stand,4,False,"Aug 10 – 16, 2025",1754784000,0,0.0
dining table,4,True,"Aug 17 – 23, 2025",1755388800,26,0.9167
custom wardrobe,4,False,"Aug 17 – 23, 2025",1755388800,0,0.0
custom coffee table,4,False,"Aug 17 – 23, 2025",1755388800,0,0.0
custom nightstand,4,False,"Aug 17 – 23, 2025",1755388800,0,0.0
custom tv stand,4,False,"Aug 17 – 23, 2025",1755388800,0,0.0
dining table,4,True,"Aug 24 – 30, 2025",1755993600,27,0.952
custom wardrobe,4,False,"Aug 24 – 30, 2025",1755993600,0,0.0
custom coffee table,4,False,"Aug 24 – 30, 2025",1755993600,0,0.0
custom nightstand,4,False,"Aug 24 – 30, 2025",1755993600,0,0.0
custom tv stand,4,False,"Aug 24 – 30, 2025",1755993600,0,0.0
dining table,4,True,"Aug 31 – Sep 6, 2025",1756598400,29,1.0225
custom wardrobe,4,False,"Aug 31 – Sep 6, 2025",1756598400,0,0.0
custom coffee table,4,False,"Aug 31 – Sep 6, 2025",1756598400,0,0.0
custom nightstand,4,False,"Aug 31 – Sep 6, 2025",1756598400,0,0.0
custom tv stand,4,False,"Aug 31 – Sep 6, 2025",1756598400,0,0.0
dining table,4,True,"Sep 7 – 13, 2025",1757203200,24,0.8462
custom wardrobe,4,False,"Sep 7 – 13, 2025",1757203200,0,0.0
custom coffee table,4,False,"Sep 7 – 13, 2025",1757203200,0,0.0
custom nightstand,4,False,"Sep 7 – 13, 2025",1757203200,0,0.0
custom tv stand,4,False,"Sep 7 – 13, 2025",1757203200,0,0.0
dining table,4,True,"Sep 14 – 20, 2025",1757808000,23,0.8109
custom wardrobe,4,False,"Sep 14 – 20, 2025",1757808000,0,0.0
custom coffee table,4,False,"Sep 14 – 20, 2025",1757808000,0,0.0
custom nightstand,4,False,"Sep 14 – 20, 2025",1757808000,0,0.0
custom tv stand,4,False,"Sep 14 – 20, 2025",1757808000,0,0.0
dining table,4,True,"Sep 21 – 27, 2025",1758412800,25,0.8814
custom wardrobe,4,False,"Sep 21 – 27, 2025",1758412800,0,0.0
custom coffee table,4,False,"Sep 21 – 27, 2025",1758412800,0,0.0
custom nightstand,4,False,"Sep 21 – 27, 2025",1758412800,0,0.0
custom tv stand,4,False,"Sep 21 – 27, 2025",1758412800,0,0.0
dining table,4,True,"Sep 28 – Oct 4, 2025",1759017600,24,0.8462
custom wardrobe,4,False,"Sep 28 – Oct 4, 2025",1759017600,0,0.0
custom coffee table,4,False,"Sep 28 – Oct 4, 2025",1759017600,0,0.0
custom nightstand,4,False,"Sep 28 – Oct 4, 2025",1759017600,0,0.0
custom tv stand,4,False,"Sep 28 – Oct 4, 2025",1759017600,0,0.0
dining table,4,True,"Oct 5 – 11, 2025",1759622400,24,0.8462
custom wardrobe,4,False,"Oct 5 – 11, 2025",1759622400,0,0.0
custom coffee table,4,False,"Oct 5 – 11, 2025",1759622400,0,0.0
custom nightstand,4,False,"Oct 5 – 11, 2025",1759622400,0,0.0
custom tv stand,4,False,"Oct 5 – 11, 2025",1759622400,0,0.0
dining table,4,True,"Oct 12 – 18, 2025",1760227200,24,0.8462
custom wardrobe,4,False,"Oct 12 – 18, 2025",1760227200,0,0.0
custom coffee table,4,False,"Oct 12 – 18, 2025",1760227200,0,0.0
custom nightstand,4,False,"Oct 12 – 18, 2025",1760227200,0,0.0
custom tv stand,4,False,"Oct 12 – 18, 2025",1760227200,0,0.0
dining table,4,True,"Oct 19 – 25, 2025",1760832000,24,0.8462
custom wardrobe,4,False,"Oct 19 – 25, 2025",1760832000,0,0.0
custom coffee table,4,False,"Oct 19 – 25, 2025",1760832000,0,0.0
custom nightstand,4,False,"Oct 19 – 25, 2025",1760832000,0,0.0
custom tv stand,4,False,"Oct 19 – 25, 2025",1760832000,0,0.0
dining table,4,True,"Oct 26 – Nov 1, 2025",1761436800,25,0.8814
custom wardrobe,4,False,"Oct 26 – Nov 1, 2025",1761436800,0,0.0
custom coffee table,4,False,"Oct 26 – Nov 1, 2025",1761436800,0,0.0
custom nightstand,4,False,"Oct 26 – Nov 1, 2025",1761436800,0,0.0
custom tv stand,4,False,"Oct 26 – Nov 1, 2025",1761436800,0,0.0
dining table,4,True,"Nov 2 – 8, 2025",1762041600,29,1.0225
custom wardrobe,4,False,"Nov 2 – 8, 2025",1762041600,0,0.0
custom coffee table,4,False,"Nov 2 – 8, 2025",1762041600,0,0.0
custom nightstand,4,False,"Nov 2 – 8, 2025",1762041600,0,0.0
custom tv stand,4,False,"Nov 2 – 8, 2025",1762041600,0,0.0
dining table,4,True,"Nov 9 – 15, 2025",1762646400,31,1.093
custom wardrobe,4,False,"Nov 9 – 15, 2025",1762646400,0,0.0
custom coffee table,4,False,"Nov 9 – 15, 2025",1762646400,0,0.0
custom nightstand,4,False,"Nov 9 – 15, 2025",1762646400,0,0.0
custom tv stand,4,False,"Nov 9 – 15, 2025",1762646400,0,0.0
dining table,4,True,"Nov 16 – 22, 2025",1763251200,29,1.0225
custom wardrobe,4,False,"Nov 16 – 22, 2025",1763251200,0,0.0
custom coffee table,4,False,"Nov 16 – 22, 2025",1763251200,0,0.0
custom nightstand,4,False,"Nov 16 – 22, 2025",1763251200,0,0.0
custom tv stand,4,False,"Nov 16 – 22, 2025",1763251200,0,0.0
dining table,4,True,"Nov 23 – 29, 2025",1763856000,34,1.1988
custom wardrobe,4,False,"Nov 23 – 29, 2025",1763856000,0,0.0
custom coffee table,4,False,"Nov 23 – 29, 2025",1763856000,0,0.0
custom nightstand,4,False,"Nov 23 – 29, 2025",1763856000,0,0.0
custom tv stand,4,False,"Nov 23 – 29, 2025",1763856000,0,0.0
dining table,4,True,"Nov 30 – Dec 6, 2025",1764460800,26,0.9167
custom wardrobe,4,False,"Nov 30 – Dec 6, 2025",1764460800,0,0.0
custom coffee table,4,False,"Nov 30 – Dec 6, 2025",1764460800,0,0.0
custom nightstand,4,False,"Nov 30 – Dec 6, 2025",1764460800,0,0.0
custom tv stand,4,False,"Nov 30 – Dec 6, 2025",1764460800,0,0.0
dining table,4,True,"Dec 7 – 13, 2025",1765065600,23,0.8109
custom wardrobe,4,False,"Dec 7 – 13, 2025",1765065600,0,0.0
custom coffee table,4,False,"Dec 7 – 13, 2025",1765065600,0,0.0
custom nightstand,4,False,"Dec 7 – 13, 2025",1765065600,0,0.0
custom tv stand,4,False,"Dec 7 – 13, 2025",1765065600,0,0.0
dining table,4,True,"Dec 14 – 20, 2025",1765670400,20,0.7052
custom wardrobe,4,False,"Dec 14 – 20, 2025",1765670400,0,0.0
custom coffee table,4,False,"Dec 14 – 20, 2025",1765670400,0,0.0
custom nightstand,4,False,"Dec 14 – 20, 2025",1765670400,0,0.0
custom tv stand,4,False,"Dec 14 – 20, 2025",1765670400,0,0.0
dining table,4,True,"Dec 21 – 27, 2025",1766275200,23,0.8109
custom wardrobe,4,False,"Dec 21 – 27, 2025",1766275200,0,0.0
custom coffee table,4,False,"Dec 21 – 27, 2025",1766275200,0,0.0
custom nightstand,4,False,"Dec 21 – 27, 2025",1766275200,0,0.0
custom tv stand,4,False,"Dec 21 – 27, 2025",1766275200,0,0.0
dining table,4,True,"Dec 28, 2025 – Jan 3, 2026",1766880000,31,1.093
custom wardrobe,4,False,"Dec 28, 2025 – Jan 3, 2026",1766880000,0,0.0
custom coffee table,4,False,"Dec 28, 2025 – Jan 3, 2026",1766880000,0,0.0
custom nightstand,4,False,"Dec 28, 2025 – Jan 3, 2026",1766880000,0,0.0
custom tv stand,4,False,"Dec 28, 2025 – Jan 3, 2026",1766880000,0,0.0
dining table,4,True,"Jan 4 – 10, 2026",1767484800,26,0.9167
custom wardrobe,4,False,"Jan 4 – 10, 2026",1767484800,0,0.0
custom coffee table,4,False,"Jan 4 – 10, 2026",1767484800,0,0.0
custom nightstand,4,False,"Jan 4 – 10, 2026",1767484800,0,0.0
custom tv stand,4,False,"Jan 4 – 10, 2026",1767484800,0,0.0
dining table,4,True,"Jan 11 – 17, 2026",1768089600,25,0.8814
custom wardrobe,4,False,"Jan 11 – 17, 2026",1768089600,0,0.0
custom coffee table,4,False,"Jan 11 – 17, 2026",1768089600,0,0.0
custom nightstand,4,False,"Jan 11 – 17, 2026",1768089600,0,0.0
custom tv stand,4,False,"Jan 11 – 17, 2026",1768089600,0,0.0
dining table,4,True,"Jan 18 – 24, 2026",1768694400,25,0.8814
custom wardrobe,4,False,"Jan 18 – 24, 2026",1768694400,0,0.0
custom coffee table,4,False,"Jan 18 – 24, 2026",1768694400,0,0.0
custom nightstand,4,False,"Jan 18 – 24, 2026",1768694400,0,0.0
custom tv stand,4,False,"Jan 18 – 24, 2026",1768694400,0,0.0
dining table,4,True,"Jan 25 – 31, 2026",1769299200,24,0.8462
custom wardrobe,4,False,"Jan 25 – 31, 2026",1769299200,0,0.0
custom coffee table,4,False,"Jan 25 – 31, 2026",1769299200,0,0.0
custom nightstand,4,False,"Jan 25 – 31, 2026",1769299200,0,0.0
custom tv stand,4,False,"Jan 25 – 31, 2026",1769299200,0,0.0
dining table,4,True,"Feb 1 – 7, 2026",1769904000,25,0.8814
custom wardrobe,4,False,"Feb 1 – 7, 2026",1769904000,0,0.0
custom coffee table,4,False,"Feb 1 – 7, 2026",1769904000,0,0.0
custom nightstand,4,False,"Feb 1 – 7, 2026",1769904000,0,0.0
custom tv stand,4,False,"Feb 1 – 7, 2026",1769904000,0,0.0
dining table,4,True,"Feb 8 – 14, 2026",1770508800,32,1.1282
custom wardrobe,4,False,"Feb 8 – 14, 2026",1770508800,0,0.0
custom coffee table,4,False,"Feb 8 – 14, 2026",1770508800,0,0.0
custom nightstand,4,False,"Feb 8 – 14, 2026",1770508800,0,0.0
custom tv stand,4,False,"Feb 8 – 14, 2026",1770508800,0,0.0
dining table,4,True,"Feb 15 – 21, 2026",1771113600,35,1.234
custom wardrobe,4,False,"Feb 15 – 21, 2026",1771113600,0,0.0
custom coffee table,4,False,"Feb 15 – 21, 2026",1771113600,0,0.0
custom nightstand,4,False,"Feb 15 – 21, 2026",1771113600,0,0.0
custom tv stand,4,False,"Feb 15 – 21, 2026",1771113600,0,0.0
dining table,4,True,"Feb 22 – 28, 2026",1771718400,30,1.0577
custom wardrobe,4,False,"Feb 22 – 28, 2026",1771718400,0,0.0
custom coffee table,4,False,"Feb 22 – 28, 2026",1771718400,0,0.0
custom nightstand,4,False,"Feb 22 – 28, 2026",1771718400,0,0.0
custom tv stand,4,False,"Feb 22 – 28, 2026",1771718400,0,0.0
dining table,4,True,"Mar 1 – 7, 2026",1772323200,27,0.952
custom wardrobe,4,False,"Mar 1 – 7, 2026",1772323200,0,0.0
custom coffee table,4,False,"Mar 1 – 7, 2026",1772323200,0,0.0
custom nightstand,4,False,"Mar 1 – 7, 2026",1772323200,0,0.0
custom tv stand,4,False,"Mar 1 – 7, 2026",1772323200,0,0.0
dining table,4,True,"Mar 8 – 14, 2026",1772928000,28,0.9872
custom wardrobe,4,False,"Mar 8 – 14, 2026",1772928000,0,0.0
custom coffee table,4,False,"Mar 8 – 14, 2026",1772928000,0,0.0
custom nightstand,4,False,"Mar 8 – 14, 2026",1772928000,0,0.0
custom tv stand,4,False,"Mar 8 – 14, 2026",1772928000,0,0.0
dining table,4,True,"Mar 15 – 21, 2026",1773532800,30,1.0577
custom wardrobe,4,False,"Mar 15 – 21, 2026",1773532800,0,0.0
custom coffee table,4,False,"Mar 15 – 21, 2026",1773532800,0,0.0
custom nightstand,4,False,"Mar 15 – 21, 2026",1773532800,0,0.0
custom tv stand,4,False,"Mar 15 – 21, 2026",1773532800,0,0.0
dining table,4,True,"Mar 22 – 28, 2026",1774137600,45,1.5866
custom wardrobe,4,False,"Mar 22 – 28, 2026",1774137600,0,0.0
custom coffee table,4,False,"Mar 22 – 28, 2026",1774137600,1,0.0353
custom nightstand,4,False,"Mar 22 – 28, 2026",1774137600,0,0.0
custom tv stand,4,False,"Mar 22 – 28, 2026",1774137600,0,0.0
dining table,4,True,"Mar 29 – Apr 4, 2026",1774742400,75,2.6443
custom wardrobe,4,False,"Mar 29 – Apr 4, 2026",1774742400,0,0.0
custom coffee table,4,False,"Mar 29 – Apr 4, 2026",1774742400,3,0.1058
custom nightstand,4,False,"Mar 29 – Apr 4, 2026",1774742400,1,0.0353
custom tv stand,4,False,"Mar 29 – Apr 4, 2026",1774742400,1,0.0353
dining table,4,True,"Apr 5 – 11, 2026",1775347200,96,3.3847
custom wardrobe,4,False,"Apr 5 – 11, 2026",1775347200,1,0.0353
custom coffee table,4,False,"Apr 5 – 11, 2026",1775347200,5,0.1763
custom nightstand,4,False,"Apr 5 – 11, 2026",1775347200,1,0.0353
custom tv stand,4,False,"Apr 5 – 11, 2026",1775347200,2,0.0705
dining table,4,True,"Apr 12 – 18, 2026",1775952000,100,3.5258
custom wardrobe,4,False,"Apr 12 – 18, 2026",1775952000,1,0.0353
custom coffee table,4,False,"Apr 12 – 18, 2026",1775952000,5,0.1763
custom nightstand,4,False,"Apr 12 – 18, 2026",1775952000,1,0.0353
custom tv stand,4,False,"Apr 12 – 18, 2026",1775952000,2,0.0705
dining table,4,True,"Apr 19 – 25, 2026",1776556800,89,3.1379
custom wardrobe,4,False,"Apr 19 – 25, 2026",1776556800,0,0.0
custom coffee table,4,False,"Apr 19 – 25, 2026",1776556800,3,0.1058
custom nightstand,4,False,"Apr 19 – 25, 2026",1776556800,1,0.0353
custom tv stand,4,False,"Apr 19 – 25, 2026",1776556800,1,0.0353
dining table,4,True,"Apr 26 – May 2, 2026",1777161600,65,2.2918
custom wardrobe,4,False,"Apr 26 – May 2, 2026",1777161600,0,0.0
custom coffee table,4,False,"Apr 26 – May 2, 2026",1777161600,2,0.0705
custom nightstand,4,False,"Apr 26 – May 2, 2026",1777161600,1,0.0353
custom tv stand,4,False,"Apr 26 – May 2, 2026",1777161600,1,0.0353
dining table,4,True,"May 3 – 9, 2026",1777766400,72,2.5386
custom wardrobe,4,False,"May 3 – 9, 2026",1777766400,0,0.0
custom coffee table,4,False,"May 3 – 9, 2026",1777766400,2,0.0705
custom nightstand,4,False,"May 3 – 9, 2026",1777766400,1,0.0353
custom tv stand,4,False,"May 3 – 9, 2026",1777766400,1,0.0353
dining table,4,True,"May 10 – 16, 2026",1778371200,82,2.8911
custom wardrobe,4,False,"May 10 – 16, 2026",1778371200,1,0.0353
custom coffee table,4,False,"May 10 – 16, 2026",1778371200,4,0.141
custom nightstand,4,False,"May 10 – 16, 2026",1778371200,1,0.0353
custom tv stand,4,False,"May 10 – 16, 2026",1778371200,2,0.0705
dining table,4,True,"May 17 – 23, 2026",1778976000,77,2.7148
custom wardrobe,4,False,"May 17 – 23, 2026",1778976000,1,0.0353
custom coffee table,4,False,"May 17 – 23, 2026",1778976000,4,0.141
custom nightstand,4,False,"May 17 – 23, 2026",1778976000,1,0.0353
custom tv stand,4,False,"May 17 – 23, 2026",1778976000,2,0.0705
dining table,4,True,"May 24 – 30, 2026",1779580800,55,1.9392
custom wardrobe,4,False,"May 24 – 30, 2026",1779580800,0,0.0
custom coffee table,4,False,"May 24 – 30, 2026",1779580800,2,0.0705
custom nightstand,4,False,"May 24 – 30, 2026",1779580800,1,0.0353
custom tv stand,4,False,"May 24 – 30, 2026",1779580800,1,0.0353
dining table,4,True,"May 31 – Jun 6, 2026",1780185600,52,1.8334
custom wardrobe,4,False,"May 31 – Jun 6, 2026",1780185600,0,0.0
custom coffee table,4,False,"May 31 – Jun 6, 2026",1780185600,2,0.0705
custom nightstand,4,False,"May 31 – Jun 6, 2026",1780185600,1,0.0353
custom tv stand,4,False,"May 31 – Jun 6, 2026",1780185600,1,0.0353
dining table,4,True,"Jun 7 – 13, 2026",1780790400,60,2.1155
custom wardrobe,4,False,"Jun 7 – 13, 2026",1780790400,1,0.0353
custom coffee table,4,False,"Jun 7 – 13, 2026",1780790400,2,0.0705
custom nightstand,4,False,"Jun 7 – 13, 2026",1780790400,1,0.0353
custom tv stand,4,False,"Jun 7 – 13, 2026",1780790400,2,0.0705
dining table,4,True,"Jun 14 – 20, 2026",1781395200,54,1.9039
custom wardrobe,4,False,"Jun 14 – 20, 2026",1781395200,1,0.0353
custom coffee table,4,False,"Jun 14 – 20, 2026",1781395200,2,0.0705
custom nightstand,4,False,"Jun 14 – 20, 2026",1781395200,1,0.0353
custom tv stand,4,False,"Jun 14 – 20, 2026",1781395200,1,0.0353
dining table,4,True,"Jun 21 – 27, 2026",1782000000,54,1.9039
custom wardrobe,4,False,"Jun 21 – 27, 2026",1782000000,1,0.0353
custom coffee table,4,False,"Jun 21 – 27, 2026",1782000000,2,0.0705
custom nightstand,4,False,"Jun 21 – 27, 2026",1782000000,1,0.0353
custom tv stand,4,False,"Jun 21 – 27, 2026",1782000000,1,0.0353
dining table,4,True,"Jun 28 – Jul 4, 2026",1782604800,34,1.1988
custom wardrobe,4,False,"Jun 28 – Jul 4, 2026",1782604800,0,0.0
custom coffee table,4,False,"Jun 28 – Jul 4, 2026",1782604800,1,0.0353
custom nightstand,4,False,"Jun 28 – Jul 4, 2026",1782604800,0,0.0
custom tv stand,4,False,"Jun 28 – Jul 4, 2026",1782604800,0,0.0
dining table,4,True,"Jul 5 – 11, 2026",1783209600,33,1.1635
custom wardrobe,4,False,"Jul 5 – 11, 2026",1783209600,0,0.0
custom coffee table,4,False,"Jul 5 – 11, 2026",1783209600,0,0.0
custom nightstand,4,False,"Jul 5 – 11, 2026",1783209600,0,0.0
custom tv stand,4,False,"Jul 5 – 11, 2026",1783209600,0,0.0
dining table,4,True,"Jul 12 – 18, 2026",1783814400,27,0.952
custom wardrobe,4,False,"Jul 12 – 18, 2026",1783814400,0,0.0
custom coffee table,4,False,"Jul 12 – 18, 2026",1783814400,0,0.0
custom nightstand,4,False,"Jul 12 – 18, 2026",1783814400,0,0.0
custom tv stand,4,False,"Jul 12 – 18, 2026",1783814400,0,0.0
dining table,4,True,"Jul 19 – 25, 2026",1784419200,26,0.9167
custom wardrobe,4,False,"Jul 19 – 25, 2026",1784419200,0,0.0
custom coffee table,4,False,"Jul 19 – 25, 2026",1784419200,0,0.0
custom nightstand,4,False,"Jul 19 – 25, 2026",1784419200,0,0.0
custom tv stand,4,False,"Jul 19 – 25, 2026",1784419200,0,0.0
dining table,4,True,"Jul 26 – Aug 1, 2026",1785024000,28,0.9872
custom wardrobe,4,False,"Jul 26 – Aug 1, 2026",1785024000,0,0.0
custom coffee table,4,False,"Jul 26 – Aug 1, 2026",1785024000,0,0.0
custom nightstand,4,False,"Jul 26 – Aug 1, 2026",1785024000,0,0.0
custom tv stand,4,False,"Jul 26 – Aug 1, 2026",1785024000,0,0.0
dining table,4,True,"Aug 2 – 8, 2026",1785628800,26,0.9167
custom wardrobe,4,False,"Aug 2 – 8, 2026",1785628800,0,0.0
custom coffee table,4,False,"Aug 2 – 8, 2026",1785628800,0,0.0
custom nightstand,4,False,"Aug 2 – 8, 2026",1785628800,0,0.0
custom tv stand,4,False,"Aug 2 – 8, 2026",1785628800,0,0.0
dining table,4,True,"Aug 9 – 15, 2026",1786233600,28,0.9872
custom wardrobe,4,False,"Aug 9 – 15, 2026",1786233600,0,0.0
custom coffee table,4,False,"Aug 9 – 15, 2026",1786233600,0,0.0
custom nightstand,4,False,"Aug 9 – 15, 2026",1786233600,0,0.0
custom tv stand,4,False,"Aug 9 – 15, 2026",1786233600,0,0.0
dining table,4,True,"Aug 16 – 22, 2026",1786838400,28,0.9872
custom wardrobe,4,False,"Aug 16 – 22, 2026",1786838400,0,0.0
custom coffee table,4,False,"Aug 16 – 22, 2026",1786838400,0,0.0
custom nightstand,4,False,"Aug 16 – 22, 2026",1786838400,0,0.0
custom tv stand,4,False,"Aug 16 – 22, 2026",1786838400,0,0.0
dining table,4,True,"Aug 23 – 29, 2026",1787443200,26,0.9167
custom wardrobe,4,False,"Aug 23 – 29, 2026",1787443200,0,0.0
custom coffee table,4,False,"Aug 23 – 29, 2026",1787443200,0,0.0
custom nightstand,4,False,"Aug 23 – 29, 2026",1787443200,0,0.0
custom tv stand,4,False,"Aug 23 – 29, 2026",1787443200,0,0.0
dining table,5,True,"Aug 22 – 28, 2021",1629590400,29,1.0225
custom cabinets,5,False,"Aug 22 – 28, 2021",1629590400,1,0.0353
custom closet,5,False,"Aug 22 – 28, 2021",1629590400,1,0.0353
custom dining table,5,False,"Aug 22 – 28, 2021",1629590400,0,0.0
dining chair,5,False,"Aug 22 – 28, 2021",1629590400,6,0.2115
dining table,5,True,"Aug 29 – Sep 4, 2021",1630195200,28,0.9872
custom cabinets,5,False,"Aug 29 – Sep 4, 2021",1630195200,1,0.0353
custom closet,5,False,"Aug 29 – Sep 4, 2021",1630195200,1,0.0353
custom dining table,5,False,"Aug 29 – Sep 4, 2021",1630195200,0,0.0
dining chair,5,False,"Aug 29 – Sep 4, 2021",1630195200,6,0.2115
dining table,5,True,"Sep 5 – 11, 2021",1630800000,31,1.093
custom cabinets,5,False,"Sep 5 – 11, 2021",1630800000,1,0.0353
custom closet,5,False,"Sep 5 – 11, 2021",1630800000,1,0.0353
custom dining table,5,False,"Sep 5 – 11, 2021",1630800000,0,0.0
dining chair,5,False,"Sep 5 – 11, 2021",1630800000,6,0.2115
dining table,5,True,"Sep 12 – 18, 2021",1631404800,27,0.952
custom cabinets,5,False,"Sep 12 – 18, 2021",1631404800,1,0.0353
custom closet,5,False,"Sep 12 – 18, 2021",1631404800,1,0.0353
custom dining table,5,False,"Sep 12 – 18, 2021",1631404800,0,0.0
dining chair,5,False,"Sep 12 – 18, 2021",1631404800,6,0.2115
dining table,5,True,"Sep 19 – 25, 2021",1632009600,27,0.952
custom cabinets,5,False,"Sep 19 – 25, 2021",1632009600,1,0.0353
custom closet,5,False,"Sep 19 – 25, 2021",1632009600,1,0.0353
custom dining table,5,False,"Sep 19 – 25, 2021",1632009600,0,0.0
dining chair,5,False,"Sep 19 – 25, 2021",1632009600,6,0.2115
dining table,5,True,"Sep 26 – Oct 2, 2021",1632614400,29,1.0225
custom cabinets,5,False,"Sep 26 – Oct 2, 2021",1632614400,1,0.0353
custom closet,5,False,"Sep 26 – Oct 2, 2021",1632614400,1,0.0353
custom dining table,5,False,"Sep 26 – Oct 2, 2021",1632614400,0,0.0
dining chair,5,False,"Sep 26 – Oct 2, 2021",1632614400,5,0.1763
dining table,5,True,"Oct 3 – 9, 2021",1633219200,28,0.9872
custom cabinets,5,False,"Oct 3 – 9, 2021",1633219200,1,0.0353
custom closet,5,False,"Oct 3 – 9, 2021",1633219200,1,0.0353
custom dining table,5,False,"Oct 3 – 9, 2021",1633219200,0,0.0
dining chair,5,False,"Oct 3 – 9, 2021",1633219200,5,0.1763
dining table,5,True,"Oct 10 – 16, 2021",1633824000,29,1.0225
custom cabinets,5,False,"Oct 10 – 16, 2021",1633824000,1,0.0353
custom closet,5,False,"Oct 10 – 16, 2021",1633824000,1,0.0353
custom dining table,5,False,"Oct 10 – 16, 2021",1633824000,0,0.0
dining chair,5,False,"Oct 10 – 16, 2021",1633824000,6,0.2115
dining table,5,True,"Oct 17 – 23, 2021",1634428800,28,0.9872
custom cabinets,5,False,"Oct 17 – 23, 2021",1634428800,1,0.0353
custom closet,5,False,"Oct 17 – 23, 2021",1634428800,1,0.0353
custom dining table,5,False,"Oct 17 – 23, 2021",1634428800,0,0.0
dining chair,5,False,"Oct 17 – 23, 2021",1634428800,6,0.2115
dining table,5,True,"Oct 24 – 30, 2021",1635033600,27,0.952
custom cabinets,5,False,"Oct 24 – 30, 2021",1635033600,1,0.0353
custom closet,5,False,"Oct 24 – 30, 2021",1635033600,1,0.0353
custom dining table,5,False,"Oct 24 – 30, 2021",1635033600,0,0.0
dining chair,5,False,"Oct 24 – 30, 2021",1635033600,6,0.2115
dining table,5,True,"Oct 31 – Nov 6, 2021",1635638400,29,1.0225
custom cabinets,5,False,"Oct 31 – Nov 6, 2021",1635638400,1,0.0353
custom closet,5,False,"Oct 31 – Nov 6, 2021",1635638400,1,0.0353
custom dining table,5,False,"Oct 31 – Nov 6, 2021",1635638400,0,0.0
dining chair,5,False,"Oct 31 – Nov 6, 2021",1635638400,6,0.2115
dining table,5,True,"Nov 7 – 13, 2021",1636243200,32,1.1282
custom cabinets,5,False,"Nov 7 – 13, 2021",1636243200,1,0.0353
custom closet,5,False,"Nov 7 – 13, 2021",1636243200,1,0.0353
custom dining table,5,False,"Nov 7 – 13, 2021",1636243200,0,0.0
dining chair,5,False,"Nov 7 – 13, 2021",1636243200,7,0.2468
dining table,5,True,"Nov 14 – 20, 2021",1636848000,32,1.1282
custom cabinets,5,False,"Nov 14 – 20, 2021",1636848000,1,0.0353
custom closet,5,False,"Nov 14 – 20, 2021",1636848000,1,0.0353
custom dining table,5,False,"Nov 14 – 20, 2021",1636848000,0,0.0
dining chair,5,False,"Nov 14 – 20, 2021",1636848000,7,0.2468
dining table,5,True,"Nov 21 – 27, 2021",1637452800,34,1.1988
custom cabinets,5,False,"Nov 21 – 27, 2021",1637452800,1,0.0353
custom closet,5,False,"Nov 21 – 27, 2021",1637452800,1,0.0353
custom dining table,5,False,"Nov 21 – 27, 2021",1637452800,0,0.0
dining chair,5,False,"Nov 21 – 27, 2021",1637452800,7,0.2468
dining table,5,True,"Nov 28 – Dec 4, 2021",1638057600,30,1.0577
custom cabinets,5,False,"Nov 28 – Dec 4, 2021",1638057600,1,0.0353
custom closet,5,False,"Nov 28 – Dec 4, 2021",1638057600,1,0.0353
custom dining table,5,False,"Nov 28 – Dec 4, 2021",1638057600,0,0.0
dining chair,5,False,"Nov 28 – Dec 4, 2021",1638057600,6,0.2115
dining table,5,True,"Dec 5 – 11, 2021",1638662400,25,0.8814
custom cabinets,5,False,"Dec 5 – 11, 2021",1638662400,1,0.0353
custom closet,5,False,"Dec 5 – 11, 2021",1638662400,1,0.0353
custom dining table,5,False,"Dec 5 – 11, 2021",1638662400,0,0.0
dining chair,5,False,"Dec 5 – 11, 2021",1638662400,5,0.1763
dining table,5,True,"Dec 12 – 18, 2021",1639267200,23,0.8109
custom cabinets,5,False,"Dec 12 – 18, 2021",1639267200,1,0.0353
custom closet,5,False,"Dec 12 – 18, 2021",1639267200,1,0.0353
custom dining table,5,False,"Dec 12 – 18, 2021",1639267200,0,0.0
dining chair,5,False,"Dec 12 – 18, 2021",1639267200,4,0.141
dining table,5,True,"Dec 19 – 25, 2021",1639872000,22,0.7757
custom cabinets,5,False,"Dec 19 – 25, 2021",1639872000,1,0.0353
custom closet,5,False,"Dec 19 – 25, 2021",1639872000,1,0.0353
custom dining table,5,False,"Dec 19 – 25, 2021",1639872000,0,0.0
dining chair,5,False,"Dec 19 – 25, 2021",1639872000,4,0.141
dining table,5,True,"Dec 26, 2021 – Jan 1, 2022",1640476800,29,1.0225
custom cabinets,5,False,"Dec 26, 2021 – Jan 1, 2022",1640476800,1,0.0353
custom closet,5,False,"Dec 26, 2021 – Jan 1, 2022",1640476800,1,0.0353
custom dining table,5,False,"Dec 26, 2021 – Jan 1, 2022",1640476800,0,0.0
dining chair,5,False,"Dec 26, 2021 – Jan 1, 2022",1640476800,5,0.1763
dining table,5,True,"Jan 2 – 8, 2022",1641081600,30,1.0577
custom cabinets,5,False,"Jan 2 – 8, 2022",1641081600,2,0.0705
custom closet,5,False,"Jan 2 – 8, 2022",1641081600,1,0.0353
custom dining table,5,False,"Jan 2 – 8, 2022",1641081600,0,0.0
dining chair,5,False,"Jan 2 – 8, 2022",1641081600,6,0.2115
dining table,5,True,"Jan 9 – 15, 2022",1641686400,29,1.0225
custom cabinets,5,False,"Jan 9 – 15, 2022",1641686400,2,0.0705
custom closet,5,False,"Jan 9 – 15, 2022",1641686400,1,0.0353
custom dining table,5,False,"Jan 9 – 15, 2022",1641686400,0,0.0
dining chair,5,False,"Jan 9 – 15, 2022",1641686400,6,0.2115
dining table,5,True,"Jan 16 – 22, 2022",1642291200,29,1.0225
custom cabinets,5,False,"Jan 16 – 22, 2022",1642291200,2,0.0705
custom closet,5,False,"Jan 16 – 22, 2022",1642291200,1,0.0353
custom dining table,5,False,"Jan 16 – 22, 2022",1642291200,0,0.0
dining chair,5,False,"Jan 16 – 22, 2022",1642291200,6,0.2115
dining table,5,True,"Jan 23 – 29, 2022",1642896000,29,1.0225
custom cabinets,5,False,"Jan 23 – 29, 2022",1642896000,2,0.0705
custom closet,5,False,"Jan 23 – 29, 2022",1642896000,1,0.0353
custom dining table,5,False,"Jan 23 – 29, 2022",1642896000,0,0.0
dining chair,5,False,"Jan 23 – 29, 2022",1642896000,6,0.2115
dining table,5,True,"Jan 30 – Feb 5, 2022",1643500800,29,1.0225
custom cabinets,5,False,"Jan 30 – Feb 5, 2022",1643500800,2,0.0705
custom closet,5,False,"Jan 30 – Feb 5, 2022",1643500800,1,0.0353
custom dining table,5,False,"Jan 30 – Feb 5, 2022",1643500800,0,0.0
dining chair,5,False,"Jan 30 – Feb 5, 2022",1643500800,6,0.2115
dining table,5,True,"Feb 6 – 12, 2022",1644105600,29,1.0225
custom cabinets,5,False,"Feb 6 – 12, 2022",1644105600,2,0.0705
custom closet,5,False,"Feb 6 – 12, 2022",1644105600,1,0.0353
custom dining table,5,False,"Feb 6 – 12, 2022",1644105600,0,0.0
dining chair,5,False,"Feb 6 – 12, 2022",1644105600,6,0.2115
dining table,5,True,"Feb 13 – 19, 2022",1644710400,29,1.0225
custom cabinets,5,False,"Feb 13 – 19, 2022",1644710400,2,0.0705
custom closet,5,False,"Feb 13 – 19, 2022",1644710400,1,0.0353
custom dining table,5,False,"Feb 13 – 19, 2022",1644710400,0,0.0
dining chair,5,False,"Feb 13 – 19, 2022",1644710400,6,0.2115
dining table,5,True,"Feb 20 – 26, 2022",1645315200,32,1.1282
custom cabinets,5,False,"Feb 20 – 26, 2022",1645315200,1,0.0353
custom closet,5,False,"Feb 20 – 26, 2022",1645315200,1,0.0353
custom dining table,5,False,"Feb 20 – 26, 2022",1645315200,0,0.0
dining chair,5,False,"Feb 20 – 26, 2022",1645315200,6,0.2115
dining table,5,True,"Feb 27 – Mar 5, 2022",1645920000,30,1.0577
custom cabinets,5,False,"Feb 27 – Mar 5, 2022",1645920000,1,0.0353
custom closet,5,False,"Feb 27 – Mar 5, 2022",1645920000,1,0.0353
custom dining table,5,False,"Feb 27 – Mar 5, 2022",1645920000,0,0.0
dining chair,5,False,"Feb 27 – Mar 5, 2022",1645920000,6,0.2115
dining table,5,True,"Mar 6 – 12, 2022",1646524800,31,1.093
custom cabinets,5,False,"Mar 6 – 12, 2022",1646524800,2,0.0705
custom closet,5,False,"Mar 6 – 12, 2022",1646524800,1,0.0353
custom dining table,5,False,"Mar 6 – 12, 2022",1646524800,0,0.0
dining chair,5,False,"Mar 6 – 12, 2022",1646524800,6,0.2115
dining table,5,True,"Mar 13 – 19, 2022",1647129600,31,1.093
custom cabinets,5,False,"Mar 13 – 19, 2022",1647129600,1,0.0353
custom closet,5,False,"Mar 13 – 19, 2022",1647129600,1,0.0353
custom dining table,5,False,"Mar 13 – 19, 2022",1647129600,0,0.0
dining chair,5,False,"Mar 13 – 19, 2022",1647129600,6,0.2115
dining table,5,True,"Mar 20 – 26, 2022",1647734400,30,1.0577
custom cabinets,5,False,"Mar 20 – 26, 2022",1647734400,1,0.0353
custom closet,5,False,"Mar 20 – 26, 2022",1647734400,1,0.0353
custom dining table,5,False,"Mar 20 – 26, 2022",1647734400,0,0.0
dining chair,5,False,"Mar 20 – 26, 2022",1647734400,6,0.2115
dining table,5,True,"Mar 27 – Apr 2, 2022",1648339200,29,1.0225
custom cabinets,5,False,"Mar 27 – Apr 2, 2022",1648339200,1,0.0353
custom closet,5,False,"Mar 27 – Apr 2, 2022",1648339200,1,0.0353
custom dining table,5,False,"Mar 27 – Apr 2, 2022",1648339200,0,0.0
dining chair,5,False,"Mar 27 – Apr 2, 2022",1648339200,6,0.2115
dining table,5,True,"Apr 3 – 9, 2022",1648944000,28,0.9872
custom cabinets,5,False,"Apr 3 – 9, 2022",1648944000,1,0.0353
custom closet,5,False,"Apr 3 – 9, 2022",1648944000,1,0.0353
custom dining table,5,False,"Apr 3 – 9, 2022",1648944000,0,0.0
dining chair,5,False,"Apr 3 – 9, 2022",1648944000,6,0.2115
dining table,5,True,"Apr 10 – 16, 2022",1649548800,27,0.952
custom cabinets,5,False,"Apr 10 – 16, 2022",1649548800,1,0.0353
custom closet,5,False,"Apr 10 – 16, 2022",1649548800,1,0.0353
custom dining table,5,False,"Apr 10 – 16, 2022",1649548800,0,0.0
dining chair,5,False,"Apr 10 – 16, 2022",1649548800,5,0.1763
dining table,5,True,"Apr 17 – 23, 2022",1650153600,29,1.0225
custom cabinets,5,False,"Apr 17 – 23, 2022",1650153600,1,0.0353
custom closet,5,False,"Apr 17 – 23, 2022",1650153600,1,0.0353
custom dining table,5,False,"Apr 17 – 23, 2022",1650153600,0,0.0
dining chair,5,False,"Apr 17 – 23, 2022",1650153600,5,0.1763
dining table,5,True,"Apr 24 – 30, 2022",1650758400,29,1.0225
custom cabinets,5,False,"Apr 24 – 30, 2022",1650758400,1,0.0353
custom closet,5,False,"Apr 24 – 30, 2022",1650758400,1,0.0353
custom dining table,5,False,"Apr 24 – 30, 2022",1650758400,0,0.0
dining chair,5,False,"Apr 24 – 30, 2022",1650758400,6,0.2115
dining table,5,True,"May 1 – 7, 2022",1651363200,27,0.952
custom cabinets,5,False,"May 1 – 7, 2022",1651363200,1,0.0353
custom closet,5,False,"May 1 – 7, 2022",1651363200,1,0.0353
custom dining table,5,False,"May 1 – 7, 2022",1651363200,0,0.0
dining chair,5,False,"May 1 – 7, 2022",1651363200,5,0.1763
dining table,5,True,"May 8 – 14, 2022",1651968000,27,0.952
custom cabinets,5,False,"May 8 – 14, 2022",1651968000,1,0.0353
custom closet,5,False,"May 8 – 14, 2022",1651968000,1,0.0353
custom dining table,5,False,"May 8 – 14, 2022",1651968000,0,0.0
dining chair,5,False,"May 8 – 14, 2022",1651968000,5,0.1763
dining table,5,True,"May 15 – 21, 2022",1652572800,26,0.9167
custom cabinets,5,False,"May 15 – 21, 2022",1652572800,1,0.0353
custom closet,5,False,"May 15 – 21, 2022",1652572800,1,0.0353
custom dining table,5,False,"May 15 – 21, 2022",1652572800,0,0.0
dining chair,5,False,"May 15 – 21, 2022",1652572800,5,0.1763
dining table,5,True,"May 22 – 28, 2022",1653177600,26,0.9167
custom cabinets,5,False,"May 22 – 28, 2022",1653177600,1,0.0353
custom closet,5,False,"May 22 – 28, 2022",1653177600,1,0.0353
custom dining table,5,False,"May 22 – 28, 2022",1653177600,0,0.0
dining chair,5,False,"May 22 – 28, 2022",1653177600,5,0.1763
dining table,5,True,"May 29 – Jun 4, 2022",1653782400,28,0.9872
custom cabinets,5,False,"May 29 – Jun 4, 2022",1653782400,1,0.0353
custom closet,5,False,"May 29 – Jun 4, 2022",1653782400,1,0.0353
custom dining table,5,False,"May 29 – Jun 4, 2022",1653782400,0,0.0
dining chair,5,False,"May 29 – Jun 4, 2022",1653782400,6,0.2115
dining table,5,True,"Jun 5 – 11, 2022",1654387200,26,0.9167
custom cabinets,5,False,"Jun 5 – 11, 2022",1654387200,1,0.0353
custom closet,5,False,"Jun 5 – 11, 2022",1654387200,1,0.0353
custom dining table,5,False,"Jun 5 – 11, 2022",1654387200,0,0.0
dining chair,5,False,"Jun 5 – 11, 2022",1654387200,5,0.1763
dining table,5,True,"Jun 12 – 18, 2022",1654992000,25,0.8814
custom cabinets,5,False,"Jun 12 – 18, 2022",1654992000,1,0.0353
custom closet,5,False,"Jun 12 – 18, 2022",1654992000,1,0.0353
custom dining table,5,False,"Jun 12 – 18, 2022",1654992000,0,0.0
dining chair,5,False,"Jun 12 – 18, 2022",1654992000,5,0.1763
dining table,5,True,"Jun 19 – 25, 2022",1655596800,26,0.9167
custom cabinets,5,False,"Jun 19 – 25, 2022",1655596800,1,0.0353
custom closet,5,False,"Jun 19 – 25, 2022",1655596800,1,0.0353
custom dining table,5,False,"Jun 19 – 25, 2022",1655596800,0,0.0
dining chair,5,False,"Jun 19 – 25, 2022",1655596800,5,0.1763
dining table,5,True,"Jun 26 – Jul 2, 2022",1656201600,27,0.952
custom cabinets,5,False,"Jun 26 – Jul 2, 2022",1656201600,1,0.0353
custom closet,5,False,"Jun 26 – Jul 2, 2022",1656201600,1,0.0353
custom dining table,5,False,"Jun 26 – Jul 2, 2022",1656201600,0,0.0
dining chair,5,False,"Jun 26 – Jul 2, 2022",1656201600,5,0.1763
dining table,5,True,"Jul 3 – 9, 2022",1656806400,26,0.9167
custom cabinets,5,False,"Jul 3 – 9, 2022",1656806400,1,0.0353
custom closet,5,False,"Jul 3 – 9, 2022",1656806400,1,0.0353
custom dining table,5,False,"Jul 3 – 9, 2022",1656806400,0,0.0
dining chair,5,False,"Jul 3 – 9, 2022",1656806400,5,0.1763
dining table,5,True,"Jul 10 – 16, 2022",1657411200,27,0.952
custom cabinets,5,False,"Jul 10 – 16, 2022",1657411200,1,0.0353
custom closet,5,False,"Jul 10 – 16, 2022",1657411200,1,0.0353
custom dining table,5,False,"Jul 10 – 16, 2022",1657411200,0,0.0
dining chair,5,False,"Jul 10 – 16, 2022",1657411200,5,0.1763
dining table,5,True,"Jul 17 – 23, 2022",1658016000,28,0.9872
custom cabinets,5,False,"Jul 17 – 23, 2022",1658016000,1,0.0353
custom closet,5,False,"Jul 17 – 23, 2022",1658016000,1,0.0353
custom dining table,5,False,"Jul 17 – 23, 2022",1658016000,0,0.0
dining chair,5,False,"Jul 17 – 23, 2022",1658016000,5,0.1763
dining table,5,True,"Jul 24 – 30, 2022",1658620800,27,0.952
custom cabinets,5,False,"Jul 24 – 30, 2022",1658620800,1,0.0353
custom closet,5,False,"Jul 24 – 30, 2022",1658620800,1,0.0353
custom dining table,5,False,"Jul 24 – 30, 2022",1658620800,0,0.0
dining chair,5,False,"Jul 24 – 30, 2022",1658620800,5,0.1763
dining table,5,True,"Jul 31 – Aug 6, 2022",1659225600,28,0.9872
custom cabinets,5,False,"Jul 31 – Aug 6, 2022",1659225600,1,0.0353
custom closet,5,False,"Jul 31 – Aug 6, 2022",1659225600,1,0.0353
custom dining table,5,False,"Jul 31 – Aug 6, 2022",1659225600,0,0.0
dining chair,5,False,"Jul 31 – Aug 6, 2022",1659225600,5,0.1763
dining table,5,True,"Aug 7 – 13, 2022",1659830400,29,1.0225
custom cabinets,5,False,"Aug 7 – 13, 2022",1659830400,1,0.0353
custom closet,5,False,"Aug 7 – 13, 2022",1659830400,1,0.0353
custom dining table,5,False,"Aug 7 – 13, 2022",1659830400,0,0.0
dining chair,5,False,"Aug 7 – 13, 2022",1659830400,5,0.1763
dining table,5,True,"Aug 14 – 20, 2022",1660435200,27,0.952
custom cabinets,5,False,"Aug 14 – 20, 2022",1660435200,1,0.0353
custom closet,5,False,"Aug 14 – 20, 2022",1660435200,1,0.0353
custom dining table,5,False,"Aug 14 – 20, 2022",1660435200,0,0.0
dining chair,5,False,"Aug 14 – 20, 2022",1660435200,6,0.2115
dining table,5,True,"Aug 21 – 27, 2022",1661040000,27,0.952
custom cabinets,5,False,"Aug 21 – 27, 2022",1661040000,1,0.0353
custom closet,5,False,"Aug 21 – 27, 2022",1661040000,1,0.0353
custom dining table,5,False,"Aug 21 – 27, 2022",1661040000,0,0.0
dining chair,5,False,"Aug 21 – 27, 2022",1661040000,5,0.1763
dining table,5,True,"Aug 28 – Sep 3, 2022",1661644800,27,0.952
custom cabinets,5,False,"Aug 28 – Sep 3, 2022",1661644800,1,0.0353
custom closet,5,False,"Aug 28 – Sep 3, 2022",1661644800,1,0.0353
custom dining table,5,False,"Aug 28 – Sep 3, 2022",1661644800,0,0.0
dining chair,5,False,"Aug 28 – Sep 3, 2022",1661644800,6,0.2115
dining table,5,True,"Sep 4 – 10, 2022",1662249600,29,1.0225
custom cabinets,5,False,"Sep 4 – 10, 2022",1662249600,1,0.0353
custom closet,5,False,"Sep 4 – 10, 2022",1662249600,1,0.0353
custom dining table,5,False,"Sep 4 – 10, 2022",1662249600,0,0.0
dining chair,5,False,"Sep 4 – 10, 2022",1662249600,6,0.2115
dining table,5,True,"Sep 11 – 17, 2022",1662854400,25,0.8814
custom cabinets,5,False,"Sep 11 – 17, 2022",1662854400,1,0.0353
custom closet,5,False,"Sep 11 – 17, 2022",1662854400,1,0.0353
custom dining table,5,False,"Sep 11 – 17, 2022",1662854400,0,0.0
dining chair,5,False,"Sep 11 – 17, 2022",1662854400,5,0.1763
dining table,5,True,"Sep 18 – 24, 2022",1663459200,24,0.8462
custom cabinets,5,False,"Sep 18 – 24, 2022",1663459200,1,0.0353
custom closet,5,False,"Sep 18 – 24, 2022",1663459200,0,0.0
custom dining table,5,False,"Sep 18 – 24, 2022",1663459200,0,0.0
dining chair,5,False,"Sep 18 – 24, 2022",1663459200,5,0.1763
dining table,5,True,"Sep 25 – Oct 1, 2022",1664064000,23,0.8109
custom cabinets,5,False,"Sep 25 – Oct 1, 2022",1664064000,1,0.0353
custom closet,5,False,"Sep 25 – Oct 1, 2022",1664064000,0,0.0
custom dining table,5,False,"Sep 25 – Oct 1, 2022",1664064000,0,0.0
dining chair,5,False,"Sep 25 – Oct 1, 2022",1664064000,5,0.1763
dining table,5,True,"Oct 2 – 8, 2022",1664668800,23,0.8109
custom cabinets,5,False,"Oct 2 – 8, 2022",1664668800,1,0.0353
custom closet,5,False,"Oct 2 – 8, 2022",1664668800,0,0.0
custom dining table,5,False,"Oct 2 – 8, 2022",1664668800,0,0.0
dining chair,5,False,"Oct 2 – 8, 2022",1664668800,5,0.1763
dining table,5,True,"Oct 9 – 15, 2022",1665273600,25,0.8814
custom cabinets,5,False,"Oct 9 – 15, 2022",1665273600,1,0.0353
custom closet,5,False,"Oct 9 – 15, 2022",1665273600,1,0.0353
custom dining table,5,False,"Oct 9 – 15, 2022",1665273600,0,0.0
dining chair,5,False,"Oct 9 – 15, 2022",1665273600,5,0.1763
dining table,5,True,"Oct 16 – 22, 2022",1665878400,25,0.8814
custom cabinets,5,False,"Oct 16 – 22, 2022",1665878400,1,0.0353
custom closet,5,False,"Oct 16 – 22, 2022",1665878400,1,0.0353
custom dining table,5,False,"Oct 16 – 22, 2022",1665878400,0,0.0
dining chair,5,False,"Oct 16 – 22, 2022",1665878400,5,0.1763
dining table,5,True,"Oct 23 – 29, 2022",1666483200,25,0.8814
custom cabinets,5,False,"Oct 23 – 29, 2022",1666483200,1,0.0353
custom closet,5,False,"Oct 23 – 29, 2022",1666483200,1,0.0353
custom dining table,5,False,"Oct 23 – 29, 2022",1666483200,0,0.0
dining chair,5,False,"Oct 23 – 29, 2022",1666483200,5,0.1763
dining table,5,True,"Oct 30 – Nov 5, 2022",1667088000,25,0.8814
custom cabinets,5,False,"Oct 30 – Nov 5, 2022",1667088000,1,0.0353
custom closet,5,False,"Oct 30 – Nov 5, 2022",1667088000,0,0.0
custom dining table,5,False,"Oct 30 – Nov 5, 2022",1667088000,0,0.0
dining chair,5,False,"Oct 30 – Nov 5, 2022",1667088000,5,0.1763
dining table,5,True,"Nov 6 – 12, 2022",1667692800,28,0.9872
custom cabinets,5,False,"Nov 6 – 12, 2022",1667692800,1,0.0353
custom closet,5,False,"Nov 6 – 12, 2022",1667692800,0,0.0
custom dining table,5,False,"Nov 6 – 12, 2022",1667692800,0,0.0
dining chair,5,False,"Nov 6 – 12, 2022",1667692800,6,0.2115
dining table,5,True,"Nov 13 – 19, 2022",1668297600,27,0.952
custom cabinets,5,False,"Nov 13 – 19, 2022",1668297600,1,0.0353
custom closet,5,False,"Nov 13 – 19, 2022",1668297600,0,0.0
custom dining table,5,False,"Nov 13 – 19, 2022",1668297600,0,0.0
dining chair,5,False,"Nov 13 – 19, 2022",1668297600,6,0.2115
dining table,5,True,"Nov 20 – 26, 2022",1668902400,32,1.1282
custom cabinets,5,False,"Nov 20 – 26, 2022",1668902400,1,0.0353
custom closet,5,False,"Nov 20 – 26, 2022",1668902400,0,0.0
custom dining table,5,False,"Nov 20 – 26, 2022",1668902400,0,0.0
dining chair,5,False,"Nov 20 – 26, 2022",1668902400,6,0.2115
dining table,5,True,"Nov 27 – Dec 3, 2022",1669507200,25,0.8814
custom cabinets,5,False,"Nov 27 – Dec 3, 2022",1669507200,1,0.0353
custom closet,5,False,"Nov 27 – Dec 3, 2022",1669507200,1,0.0353
custom dining table,5,False,"Nov 27 – Dec 3, 2022",1669507200,0,0.0
dining chair,5,False,"Nov 27 – Dec 3, 2022",1669507200,6,0.2115
dining table,5,True,"Dec 4 – 10, 2022",1670112000,22,0.7757
custom cabinets,5,False,"Dec 4 – 10, 2022",1670112000,1,0.0353
custom closet,5,False,"Dec 4 – 10, 2022",1670112000,0,0.0
custom dining table,5,False,"Dec 4 – 10, 2022",1670112000,0,0.0
dining chair,5,False,"Dec 4 – 10, 2022",1670112000,5,0.1763
dining table,5,True,"Dec 11 – 17, 2022",1670716800,22,0.7757
custom cabinets,5,False,"Dec 11 – 17, 2022",1670716800,1,0.0353
custom closet,5,False,"Dec 11 – 17, 2022",1670716800,1,0.0353
custom dining table,5,False,"Dec 11 – 17, 2022",1670716800,0,0.0
dining chair,5,False,"Dec 11 – 17, 2022",1670716800,4,0.141
dining table,5,True,"Dec 18 – 24, 2022",1671321600,20,0.7052
custom cabinets,5,False,"Dec 18 – 24, 2022",1671321600,1,0.0353
custom closet,5,False,"Dec 18 – 24, 2022",1671321600,0,0.0
custom dining table,5,False,"Dec 18 – 24, 2022",1671321600,0,0.0
dining chair,5,False,"Dec 18 – 24, 2022",1671321600,4,0.141
dining table,5,True,"Dec 25 – 31, 2022",1671926400,28,0.9872
custom cabinets,5,False,"Dec 25 – 31, 2022",1671926400,1,0.0353
custom closet,5,False,"Dec 25 – 31, 2022",1671926400,1,0.0353
custom dining table,5,False,"Dec 25 – 31, 2022",1671926400,0,0.0
dining chair,5,False,"Dec 25 – 31, 2022",1671926400,5,0.1763
dining table,5,True,"Jan 1 – 7, 2023",1672531200,26,0.9167
custom cabinets,5,False,"Jan 1 – 7, 2023",1672531200,1,0.0353
custom closet,5,False,"Jan 1 – 7, 2023",1672531200,1,0.0353
custom dining table,5,False,"Jan 1 – 7, 2023",1672531200,0,0.0
dining chair,5,False,"Jan 1 – 7, 2023",1672531200,5,0.1763
dining table,5,True,"Jan 8 – 14, 2023",1673136000,25,0.8814
custom cabinets,5,False,"Jan 8 – 14, 2023",1673136000,1,0.0353
custom closet,5,False,"Jan 8 – 14, 2023",1673136000,1,0.0353
custom dining table,5,False,"Jan 8 – 14, 2023",1673136000,0,0.0
dining chair,5,False,"Jan 8 – 14, 2023",1673136000,5,0.1763
dining table,5,True,"Jan 15 – 21, 2023",1673740800,26,0.9167
custom cabinets,5,False,"Jan 15 – 21, 2023",1673740800,1,0.0353
custom closet,5,False,"Jan 15 – 21, 2023",1673740800,1,0.0353
custom dining table,5,False,"Jan 15 – 21, 2023",1673740800,0,0.0
dining chair,5,False,"Jan 15 – 21, 2023",1673740800,5,0.1763
dining table,5,True,"Jan 22 – 28, 2023",1674345600,26,0.9167
custom cabinets,5,False,"Jan 22 – 28, 2023",1674345600,1,0.0353
custom closet,5,False,"Jan 22 – 28, 2023",1674345600,1,0.0353
custom dining table,5,False,"Jan 22 – 28, 2023",1674345600,0,0.0
dining chair,5,False,"Jan 22 – 28, 2023",1674345600,5,0.1763
dining table,5,True,"Jan 29 – Feb 4, 2023",1674950400,25,0.8814
custom cabinets,5,False,"Jan 29 – Feb 4, 2023",1674950400,1,0.0353
custom closet,5,False,"Jan 29 – Feb 4, 2023",1674950400,1,0.0353
custom dining table,5,False,"Jan 29 – Feb 4, 2023",1674950400,0,0.0
dining chair,5,False,"Jan 29 – Feb 4, 2023",1674950400,5,0.1763
dining table,5,True,"Feb 5 – 11, 2023",1675555200,25,0.8814
custom cabinets,5,False,"Feb 5 – 11, 2023",1675555200,1,0.0353
custom closet,5,False,"Feb 5 – 11, 2023",1675555200,1,0.0353
custom dining table,5,False,"Feb 5 – 11, 2023",1675555200,0,0.0
dining chair,5,False,"Feb 5 – 11, 2023",1675555200,5,0.1763
dining table,5,True,"Feb 12 – 18, 2023",1676160000,22,0.7757
custom cabinets,5,False,"Feb 12 – 18, 2023",1676160000,1,0.0353
custom closet,5,False,"Feb 12 – 18, 2023",1676160000,1,0.0353
custom dining table,5,False,"Feb 12 – 18, 2023",1676160000,0,0.0
dining chair,5,False,"Feb 12 – 18, 2023",1676160000,5,0.1763
dining table,5,True,"Feb 19 – 25, 2023",1676764800,27,0.952
custom cabinets,5,False,"Feb 19 – 25, 2023",1676764800,1,0.0353
custom closet,5,False,"Feb 19 – 25, 2023",1676764800,1,0.0353
custom dining table,5,False,"Feb 19 – 25, 2023",1676764800,0,0.0
dining chair,5,False,"Feb 19 – 25, 2023",1676764800,5,0.1763
dining table,5,True,"Feb 26 – Mar 4, 2023",1677369600,24,0.8462
custom cabinets,5,False,"Feb 26 – Mar 4, 2023",1677369600,1,0.0353
custom closet,5,False,"Feb 26 – Mar 4, 2023",1677369600,1,0.0353
custom dining table,5,False,"Feb 26 – Mar 4, 2023",1677369600,0,0.0
dining chair,5,False,"Feb 26 – Mar 4, 2023",1677369600,5,0.1763
dining table,5,True,"Mar 5 – 11, 2023",1677974400,25,0.8814
custom cabinets,5,False,"Mar 5 – 11, 2023",1677974400,1,0.0353
custom closet,5,False,"Mar 5 – 11, 2023",1677974400,1,0.0353
custom dining table,5,False,"Mar 5 – 11, 2023",1677974400,0,0.0
dining chair,5,False,"Mar 5 – 11, 2023",1677974400,5,0.1763
dining table,5,True,"Mar 12 – 18, 2023",1678579200,26,0.9167
custom cabinets,5,False,"Mar 12 – 18, 2023",1678579200,1,0.0353
custom closet,5,False,"Mar 12 – 18, 2023",1678579200,1,0.0353
custom dining table,5,False,"Mar 12 – 18, 2023",1678579200,0,0.0
dining chair,5,False,"Mar 12 – 18, 2023",1678579200,5,0.1763
dining table,5,True,"Mar 19 – 25, 2023",1679184000,26,0.9167
custom cabinets,5,False,"Mar 19 – 25, 2023",1679184000,1,0.0353
custom closet,5,False,"Mar 19 – 25, 2023",1679184000,1,0.0353
custom dining table,5,False,"Mar 19 – 25, 2023",1679184000,0,0.0
dining chair,5,False,"Mar 19 – 25, 2023",1679184000,5,0.1763
dining table,5,True,"Mar 26 – Apr 1, 2023",1679788800,25,0.8814
custom cabinets,5,False,"Mar 26 – Apr 1, 2023",1679788800,1,0.0353
custom closet,5,False,"Mar 26 – Apr 1, 2023",1679788800,1,0.0353
custom dining table,5,False,"Mar 26 – Apr 1, 2023",1679788800,0,0.0
dining chair,5,False,"Mar 26 – Apr 1, 2023",1679788800,5,0.1763
dining table,5,True,"Apr 2 – 8, 2023",1680393600,23,0.8109
custom cabinets,5,False,"Apr 2 – 8, 2023",1680393600,1,0.0353
custom closet,5,False,"Apr 2 – 8, 2023",1680393600,1,0.0353
custom dining table,5,False,"Apr 2 – 8, 2023",1680393600,0,0.0
dining chair,5,False,"Apr 2 – 8, 2023",1680393600,5,0.1763
dining table,5,True,"Apr 9 – 15, 2023",1680998400,24,0.8462
custom cabinets,5,False,"Apr 9 – 15, 2023",1680998400,1,0.0353
custom closet,5,False,"Apr 9 – 15, 2023",1680998400,1,0.0353
custom dining table,5,False,"Apr 9 – 15, 2023",1680998400,0,0.0
dining chair,5,False,"Apr 9 – 15, 2023",1680998400,5,0.1763
dining table,5,True,"Apr 16 – 22, 2023",1681603200,25,0.8814
custom cabinets,5,False,"Apr 16 – 22, 2023",1681603200,1,0.0353
custom closet,5,False,"Apr 16 – 22, 2023",1681603200,1,0.0353
custom dining table,5,False,"Apr 16 – 22, 2023",1681603200,0,0.0
dining chair,5,False,"Apr 16 – 22, 2023",1681603200,5,0.1763
dining table,5,True,"Apr 23 – 29, 2023",1682208000,25,0.8814
custom cabinets,5,False,"Apr 23 – 29, 2023",1682208000,1,0.0353
custom closet,5,False,"Apr 23 – 29, 2023",1682208000,1,0.0353
custom dining table,5,False,"Apr 23 – 29, 2023",1682208000,0,0.0
dining chair,5,False,"Apr 23 – 29, 2023",1682208000,5,0.1763
dining table,5,True,"Apr 30 – May 6, 2023",1682812800,24,0.8462
custom cabinets,5,False,"Apr 30 – May 6, 2023",1682812800,1,0.0353
custom closet,5,False,"Apr 30 – May 6, 2023",1682812800,1,0.0353
custom dining table,5,False,"Apr 30 – May 6, 2023",1682812800,0,0.0
dining chair,5,False,"Apr 30 – May 6, 2023",1682812800,5,0.1763
dining table,5,True,"May 7 – 13, 2023",1683417600,24,0.8462
custom cabinets,5,False,"May 7 – 13, 2023",1683417600,1,0.0353
custom closet,5,False,"May 7 – 13, 2023",1683417600,0,0.0
custom dining table,5,False,"May 7 – 13, 2023",1683417600,0,0.0
dining chair,5,False,"May 7 – 13, 2023",1683417600,5,0.1763
dining table,5,True,"May 14 – 20, 2023",1684022400,24,0.8462
custom cabinets,5,False,"May 14 – 20, 2023",1684022400,1,0.0353
custom closet,5,False,"May 14 – 20, 2023",1684022400,1,0.0353
custom dining table,5,False,"May 14 – 20, 2023",1684022400,0,0.0
dining chair,5,False,"May 14 – 20, 2023",1684022400,5,0.1763
dining table,5,True,"May 21 – 27, 2023",1684627200,25,0.8814
custom cabinets,5,False,"May 21 – 27, 2023",1684627200,1,0.0353
custom closet,5,False,"May 21 – 27, 2023",1684627200,1,0.0353
custom dining table,5,False,"May 21 – 27, 2023",1684627200,0,0.0
dining chair,5,False,"May 21 – 27, 2023",1684627200,5,0.1763
dining table,5,True,"May 28 – Jun 3, 2023",1685232000,27,0.952
custom cabinets,5,False,"May 28 – Jun 3, 2023",1685232000,1,0.0353
custom closet,5,False,"May 28 – Jun 3, 2023",1685232000,1,0.0353
custom dining table,5,False,"May 28 – Jun 3, 2023",1685232000,0,0.0
dining chair,5,False,"May 28 – Jun 3, 2023",1685232000,5,0.1763
dining table,5,True,"Jun 4 – 10, 2023",1685836800,24,0.8462
custom cabinets,5,False,"Jun 4 – 10, 2023",1685836800,1,0.0353
custom closet,5,False,"Jun 4 – 10, 2023",1685836800,1,0.0353
custom dining table,5,False,"Jun 4 – 10, 2023",1685836800,0,0.0
dining chair,5,False,"Jun 4 – 10, 2023",1685836800,5,0.1763
dining table,5,True,"Jun 11 – 17, 2023",1686441600,24,0.8462
custom cabinets,5,False,"Jun 11 – 17, 2023",1686441600,1,0.0353
custom closet,5,False,"Jun 11 – 17, 2023",1686441600,0,0.0
custom dining table,5,False,"Jun 11 – 17, 2023",1686441600,0,0.0
dining chair,5,False,"Jun 11 – 17, 2023",1686441600,5,0.1763
dining table,5,True,"Jun 18 – 24, 2023",1687046400,27,0.952
custom cabinets,5,False,"Jun 18 – 24, 2023",1687046400,1,0.0353
custom closet,5,False,"Jun 18 – 24, 2023",1687046400,1,0.0353
custom dining table,5,False,"Jun 18 – 24, 2023",1687046400,0,0.0
dining chair,5,False,"Jun 18 – 24, 2023",1687046400,5,0.1763
dining table,5,True,"Jun 25 – Jul 1, 2023",1687651200,26,0.9167
custom cabinets,5,False,"Jun 25 – Jul 1, 2023",1687651200,1,0.0353
custom closet,5,False,"Jun 25 – Jul 1, 2023",1687651200,1,0.0353
custom dining table,5,False,"Jun 25 – Jul 1, 2023",1687651200,0,0.0
dining chair,5,False,"Jun 25 – Jul 1, 2023",1687651200,5,0.1763
dining table,5,True,"Jul 2 – 8, 2023",1688256000,28,0.9872
custom cabinets,5,False,"Jul 2 – 8, 2023",1688256000,1,0.0353
custom closet,5,False,"Jul 2 – 8, 2023",1688256000,1,0.0353
custom dining table,5,False,"Jul 2 – 8, 2023",1688256000,0,0.0
dining chair,5,False,"Jul 2 – 8, 2023",1688256000,5,0.1763
dining table,5,True,"Jul 9 – 15, 2023",1688860800,25,0.8814
custom cabinets,5,False,"Jul 9 – 15, 2023",1688860800,1,0.0353
custom closet,5,False,"Jul 9 – 15, 2023",1688860800,1,0.0353
custom dining table,5,False,"Jul 9 – 15, 2023",1688860800,0,0.0
dining chair,5,False,"Jul 9 – 15, 2023",1688860800,5,0.1763
dining table,5,True,"Jul 16 – 22, 2023",1689465600,25,0.8814
custom cabinets,5,False,"Jul 16 – 22, 2023",1689465600,1,0.0353
custom closet,5,False,"Jul 16 – 22, 2023",1689465600,1,0.0353
custom dining table,5,False,"Jul 16 – 22, 2023",1689465600,0,0.0
dining chair,5,False,"Jul 16 – 22, 2023",1689465600,5,0.1763
dining table,5,True,"Jul 23 – 29, 2023",1690070400,25,0.8814
custom cabinets,5,False,"Jul 23 – 29, 2023",1690070400,1,0.0353
custom closet,5,False,"Jul 23 – 29, 2023",1690070400,1,0.0353
custom dining table,5,False,"Jul 23 – 29, 2023",1690070400,0,0.0
dining chair,5,False,"Jul 23 – 29, 2023",1690070400,5,0.1763
dining table,5,True,"Jul 30 – Aug 5, 2023",1690675200,25,0.8814
custom cabinets,5,False,"Jul 30 – Aug 5, 2023",1690675200,1,0.0353
custom closet,5,False,"Jul 30 – Aug 5, 2023",1690675200,1,0.0353
custom dining table,5,False,"Jul 30 – Aug 5, 2023",1690675200,0,0.0
dining chair,5,False,"Jul 30 – Aug 5, 2023",1690675200,5,0.1763
dining table,5,True,"Aug 6 – 12, 2023",1691280000,24,0.8462
custom cabinets,5,False,"Aug 6 – 12, 2023",1691280000,1,0.0353
custom closet,5,False,"Aug 6 – 12, 2023",1691280000,1,0.0353
custom dining table,5,False,"Aug 6 – 12, 2023",1691280000,0,0.0
dining chair,5,False,"Aug 6 – 12, 2023",1691280000,5,0.1763
dining table,5,True,"Aug 13 – 19, 2023",1691884800,24,0.8462
custom cabinets,5,False,"Aug 13 – 19, 2023",1691884800,1,0.0353
custom closet,5,False,"Aug 13 – 19, 2023",1691884800,1,0.0353
custom dining table,5,False,"Aug 13 – 19, 2023",1691884800,0,0.0
dining chair,5,False,"Aug 13 – 19, 2023",1691884800,5,0.1763
dining table,5,True,"Aug 20 – 26, 2023",1692489600,25,0.8814
custom cabinets,5,False,"Aug 20 – 26, 2023",1692489600,1,0.0353
custom closet,5,False,"Aug 20 – 26, 2023",1692489600,0,0.0
custom dining table,5,False,"Aug 20 – 26, 2023",1692489600,0,0.0
dining chair,5,False,"Aug 20 – 26, 2023",1692489600,5,0.1763
dining table,5,True,"Aug 27 – Sep 2, 2023",1693094400,25,0.8814
custom cabinets,5,False,"Aug 27 – Sep 2, 2023",1693094400,1,0.0353
custom closet,5,False,"Aug 27 – Sep 2, 2023",1693094400,1,0.0353
custom dining table,5,False,"Aug 27 – Sep 2, 2023",1693094400,0,0.0
dining chair,5,False,"Aug 27 – Sep 2, 2023",1693094400,5,0.1763
dining table,5,True,"Sep 3 – 9, 2023",1693699200,29,1.0225
custom cabinets,5,False,"Sep 3 – 9, 2023",1693699200,1,0.0353
custom closet,5,False,"Sep 3 – 9, 2023",1693699200,1,0.0353
custom dining table,5,False,"Sep 3 – 9, 2023",1693699200,0,0.0
dining chair,5,False,"Sep 3 – 9, 2023",1693699200,5,0.1763
dining table,5,True,"Sep 10 – 16, 2023",1694304000,22,0.7757
custom cabinets,5,False,"Sep 10 – 16, 2023",1694304000,1,0.0353
custom closet,5,False,"Sep 10 – 16, 2023",1694304000,1,0.0353
custom dining table,5,False,"Sep 10 – 16, 2023",1694304000,0,0.0
dining chair,5,False,"Sep 10 – 16, 2023",1694304000,5,0.1763
dining table,5,True,"Sep 17 – 23, 2023",1694908800,23,0.8109
custom cabinets,5,False,"Sep 17 – 23, 2023",1694908800,1,0.0353
custom closet,5,False,"Sep 17 – 23, 2023",1694908800,1,0.0353
custom dining table,5,False,"Sep 17 – 23, 2023",1694908800,0,0.0
dining chair,5,False,"Sep 17 – 23, 2023",1694908800,5,0.1763
dining table,5,True,"Sep 24 – 30, 2023",1695513600,24,0.8462
custom cabinets,5,False,"Sep 24 – 30, 2023",1695513600,1,0.0353
custom closet,5,False,"Sep 24 – 30, 2023",1695513600,0,0.0
custom dining table,5,False,"Sep 24 – 30, 2023",1695513600,0,0.0
dining chair,5,False,"Sep 24 – 30, 2023",1695513600,5,0.1763
dining table,5,True,"Oct 1 – 7, 2023",1696118400,23,0.8109
custom cabinets,5,False,"Oct 1 – 7, 2023",1696118400,1,0.0353
custom closet,5,False,"Oct 1 – 7, 2023",1696118400,0,0.0
custom dining table,5,False,"Oct 1 – 7, 2023",1696118400,0,0.0
dining chair,5,False,"Oct 1 – 7, 2023",1696118400,5,0.1763
dining table,5,True,"Oct 8 – 14, 2023",1696723200,23,0.8109
custom cabinets,5,False,"Oct 8 – 14, 2023",1696723200,1,0.0353
custom closet,5,False,"Oct 8 – 14, 2023",1696723200,0,0.0
custom dining table,5,False,"Oct 8 – 14, 2023",1696723200,0,0.0
dining chair,5,False,"Oct 8 – 14, 2023",1696723200,5,0.1763
dining table,5,True,"Oct 15 – 21, 2023",1697328000,24,0.8462
custom cabinets,5,False,"Oct 15 – 21, 2023",1697328000,1,0.0353
custom closet,5,False,"Oct 15 – 21, 2023",1697328000,1,0.0353
custom dining table,5,False,"Oct 15 – 21, 2023",1697328000,0,0.0
dining chair,5,False,"Oct 15 – 21, 2023",1697328000,5,0.1763
dining table,5,True,"Oct 22 – 28, 2023",1697932800,24,0.8462
custom cabinets,5,False,"Oct 22 – 28, 2023",1697932800,1,0.0353
custom closet,5,False,"Oct 22 – 28, 2023",1697932800,1,0.0353
custom dining table,5,False,"Oct 22 – 28, 2023",1697932800,0,0.0
dining chair,5,False,"Oct 22 – 28, 2023",1697932800,5,0.1763
dining table,5,True,"Oct 29 – Nov 4, 2023",1698537600,24,0.8462
custom cabinets,5,False,"Oct 29 – Nov 4, 2023",1698537600,1,0.0353
custom closet,5,False,"Oct 29 – Nov 4, 2023",1698537600,1,0.0353
custom dining table,5,False,"Oct 29 – Nov 4, 2023",1698537600,0,0.0
dining chair,5,False,"Oct 29 – Nov 4, 2023",1698537600,5,0.1763
dining table,5,True,"Nov 5 – 11, 2023",1699142400,27,0.952
custom cabinets,5,False,"Nov 5 – 11, 2023",1699142400,1,0.0353
custom closet,5,False,"Nov 5 – 11, 2023",1699142400,1,0.0353
custom dining table,5,False,"Nov 5 – 11, 2023",1699142400,0,0.0
dining chair,5,False,"Nov 5 – 11, 2023",1699142400,6,0.2115
dining table,5,True,"Nov 12 – 18, 2023",1699747200,28,0.9872
custom cabinets,5,False,"Nov 12 – 18, 2023",1699747200,1,0.0353
custom closet,5,False,"Nov 12 – 18, 2023",1699747200,0,0.0
custom dining table,5,False,"Nov 12 – 18, 2023",1699747200,0,0.0
dining chair,5,False,"Nov 12 – 18, 2023",1699747200,6,0.2115
dining table,5,True,"Nov 19 – 25, 2023",1700352000,34,1.1988
custom cabinets,5,False,"Nov 19 – 25, 2023",1700352000,1,0.0353
custom closet,5,False,"Nov 19 – 25, 2023",1700352000,1,0.0353
custom dining table,5,False,"Nov 19 – 25, 2023",1700352000,0,0.0
dining chair,5,False,"Nov 19 – 25, 2023",1700352000,7,0.2468
dining table,5,True,"Nov 26 – Dec 2, 2023",1700956800,25,0.8814
custom cabinets,5,False,"Nov 26 – Dec 2, 2023",1700956800,1,0.0353
custom closet,5,False,"Nov 26 – Dec 2, 2023",1700956800,1,0.0353
custom dining table,5,False,"Nov 26 – Dec 2, 2023",1700956800,0,0.0
dining chair,5,False,"Nov 26 – Dec 2, 2023",1700956800,6,0.2115
dining table,5,True,"Dec 3 – 9, 2023",1701561600,23,0.8109
custom cabinets,5,False,"Dec 3 – 9, 2023",1701561600,1,0.0353
custom closet,5,False,"Dec 3 – 9, 2023",1701561600,1,0.0353
custom dining table,5,False,"Dec 3 – 9, 2023",1701561600,0,0.0
dining chair,5,False,"Dec 3 – 9, 2023",1701561600,5,0.1763
dining table,5,True,"Dec 10 – 16, 2023",1702166400,22,0.7757
custom cabinets,5,False,"Dec 10 – 16, 2023",1702166400,1,0.0353
custom closet,5,False,"Dec 10 – 16, 2023",1702166400,0,0.0
custom dining table,5,False,"Dec 10 – 16, 2023",1702166400,0,0.0
dining chair,5,False,"Dec 10 – 16, 2023",1702166400,5,0.1763
dining table,5,True,"Dec 17 – 23, 2023",1702771200,21,0.7404
custom cabinets,5,False,"Dec 17 – 23, 2023",1702771200,1,0.0353
custom closet,5,False,"Dec 17 – 23, 2023",1702771200,0,0.0
custom dining table,5,False,"Dec 17 – 23, 2023",1702771200,0,0.0
dining chair,5,False,"Dec 17 – 23, 2023",1702771200,4,0.141
dining table,5,True,"Dec 24 – 30, 2023",1703376000,25,0.8814
custom cabinets,5,False,"Dec 24 – 30, 2023",1703376000,1,0.0353
custom closet,5,False,"Dec 24 – 30, 2023",1703376000,1,0.0353
custom dining table,5,False,"Dec 24 – 30, 2023",1703376000,0,0.0
dining chair,5,False,"Dec 24 – 30, 2023",1703376000,5,0.1763
dining table,5,True,"Dec 31, 2023 – Jan 6, 2024",1703980800,28,0.9872
custom cabinets,5,False,"Dec 31, 2023 – Jan 6, 2024",1703980800,1,0.0353
custom closet,5,False,"Dec 31, 2023 – Jan 6, 2024",1703980800,1,0.0353
custom dining table,5,False,"Dec 31, 2023 – Jan 6, 2024",1703980800,0,0.0
dining chair,5,False,"Dec 31, 2023 – Jan 6, 2024",1703980800,5,0.1763
dining table,5,True,"Jan 7 – 13, 2024",1704585600,24,0.8462
custom cabinets,5,False,"Jan 7 – 13, 2024",1704585600,1,0.0353
custom closet,5,False,"Jan 7 – 13, 2024",1704585600,1,0.0353
custom dining table,5,False,"Jan 7 – 13, 2024",1704585600,0,0.0
dining chair,5,False,"Jan 7 – 13, 2024",1704585600,5,0.1763
dining table,5,True,"Jan 14 – 20, 2024",1705190400,25,0.8814
custom cabinets,5,False,"Jan 14 – 20, 2024",1705190400,1,0.0353
custom closet,5,False,"Jan 14 – 20, 2024",1705190400,1,0.0353
custom dining table,5,False,"Jan 14 – 20, 2024",1705190400,0,0.0
dining chair,5,False,"Jan 14 – 20, 2024",1705190400,5,0.1763
dining table,5,True,"Jan 21 – 27, 2024",1705795200,25,0.8814
custom cabinets,5,False,"Jan 21 – 27, 2024",1705795200,1,0.0353
custom closet,5,False,"Jan 21 – 27, 2024",1705795200,1,0.0353
custom dining table,5,False,"Jan 21 – 27, 2024",1705795200,0,0.0
dining chair,5,False,"Jan 21 – 27, 2024",1705795200,5,0.1763
dining table,5,True,"Jan 28 – Feb 3, 2024",1706400000,24,0.8462
custom cabinets,5,False,"Jan 28 – Feb 3, 2024",1706400000,1,0.0353
custom closet,5,False,"Jan 28 – Feb 3, 2024",1706400000,1,0.0353
custom dining table,5,False,"Jan 28 – Feb 3, 2024",1706400000,0,0.0
dining chair,5,False,"Jan 28 – Feb 3, 2024",1706400000,5,0.1763
dining table,5,True,"Feb 4 – 10, 2024",1707004800,23,0.8109
custom cabinets,5,False,"Feb 4 – 10, 2024",1707004800,1,0.0353
custom closet,5,False,"Feb 4 – 10, 2024",1707004800,1,0.0353
custom dining table,5,False,"Feb 4 – 10, 2024",1707004800,0,0.0
dining chair,5,False,"Feb 4 – 10, 2024",1707004800,5,0.1763
dining table,5,True,"Feb 11 – 17, 2024",1707609600,23,0.8109
custom cabinets,5,False,"Feb 11 – 17, 2024",1707609600,1,0.0353
custom closet,5,False,"Feb 11 – 17, 2024",1707609600,0,0.0
custom dining table,5,False,"Feb 11 – 17, 2024",1707609600,0,0.0
dining chair,5,False,"Feb 11 – 17, 2024",1707609600,5,0.1763
dining table,5,True,"Feb 18 – 24, 2024",1708214400,26,0.9167
custom cabinets,5,False,"Feb 18 – 24, 2024",1708214400,1,0.0353
custom closet,5,False,"Feb 18 – 24, 2024",1708214400,1,0.0353
custom dining table,5,False,"Feb 18 – 24, 2024",1708214400,0,0.0
dining chair,5,False,"Feb 18 – 24, 2024",1708214400,5,0.1763
dining table,5,True,"Feb 25 – Mar 2, 2024",1708819200,24,0.8462
custom cabinets,5,False,"Feb 25 – Mar 2, 2024",1708819200,1,0.0353
custom closet,5,False,"Feb 25 – Mar 2, 2024",1708819200,1,0.0353
custom dining table,5,False,"Feb 25 – Mar 2, 2024",1708819200,0,0.0
dining chair,5,False,"Feb 25 – Mar 2, 2024",1708819200,5,0.1763
dining table,5,True,"Mar 3 – 9, 2024",1709424000,24,0.8462
custom cabinets,5,False,"Mar 3 – 9, 2024",1709424000,1,0.0353
custom closet,5,False,"Mar 3 – 9, 2024",1709424000,1,0.0353
custom dining table,5,False,"Mar 3 – 9, 2024",1709424000,0,0.0
dining chair,5,False,"Mar 3 – 9, 2024",1709424000,5,0.1763
dining table,5,True,"Mar 10 – 16, 2024",1710028800,24,0.8462
custom cabinets,5,False,"Mar 10 – 16, 2024",1710028800,1,0.0353
custom closet,5,False,"Mar 10 – 16, 2024",1710028800,1,0.0353
custom dining table,5,False,"Mar 10 – 16, 2024",1710028800,0,0.0
dining chair,5,False,"Mar 10 – 16, 2024",1710028800,5,0.1763
dining table,5,True,"Mar 17 – 23, 2024",1710633600,24,0.8462
custom cabinets,5,False,"Mar 17 – 23, 2024",1710633600,1,0.0353
custom closet,5,False,"Mar 17 – 23, 2024",1710633600,1,0.0353
custom dining table,5,False,"Mar 17 – 23, 2024",1710633600,0,0.0
dining chair,5,False,"Mar 17 – 23, 2024",1710633600,5,0.1763
dining table,5,True,"Mar 24 – 30, 2024",1711238400,24,0.8462
custom cabinets,5,False,"Mar 24 – 30, 2024",1711238400,1,0.0353
custom closet,5,False,"Mar 24 – 30, 2024",1711238400,1,0.0353
custom dining table,5,False,"Mar 24 – 30, 2024",1711238400,0,0.0
dining chair,5,False,"Mar 24 – 30, 2024",1711238400,5,0.1763
dining table,5,True,"Mar 31 – Apr 6, 2024",1711843200,22,0.7757
custom cabinets,5,False,"Mar 31 – Apr 6, 2024",1711843200,1,0.0353
custom closet,5,False,"Mar 31 – Apr 6, 2024",1711843200,1,0.0353
custom dining table,5,False,"Mar 31 – Apr 6, 2024",1711843200,0,0.0
dining chair,5,False,"Mar 31 – Apr 6, 2024",1711843200,5,0.1763
dining table,5,True,"Apr 7 – 13, 2024",1712448000,23,0.8109
custom cabinets,5,False,"Apr 7 – 13, 2024",1712448000,1,0.0353
custom closet,5,False,"Apr 7 – 13, 2024",1712448000,1,0.0353
custom dining table,5,False,"Apr 7 – 13, 2024",1712448000,0,0.0
dining chair,5,False,"Apr 7 – 13, 2024",1712448000,5,0.1763
dining table,5,True,"Apr 14 – 20, 2024",1713052800,22,0.7757
custom cabinets,5,False,"Apr 14 – 20, 2024",1713052800,1,0.0353
custom closet,5,False,"Apr 14 – 20, 2024",1713052800,1,0.0353
custom dining table,5,False,"Apr 14 – 20, 2024",1713052800,0,0.0
dining chair,5,False,"Apr 14 – 20, 2024",1713052800,5,0.1763
dining table,5,True,"Apr 21 – 27, 2024",1713657600,25,0.8814
custom cabinets,5,False,"Apr 21 – 27, 2024",1713657600,1,0.0353
custom closet,5,False,"Apr 21 – 27, 2024",1713657600,1,0.0353
custom dining table,5,False,"Apr 21 – 27, 2024",1713657600,0,0.0
dining chair,5,False,"Apr 21 – 27, 2024",1713657600,5,0.1763
dining table,5,True,"Apr 28 – May 4, 2024",1714262400,24,0.8462
custom cabinets,5,False,"Apr 28 – May 4, 2024",1714262400,1,0.0353
custom closet,5,False,"Apr 28 – May 4, 2024",1714262400,1,0.0353
custom dining table,5,False,"Apr 28 – May 4, 2024",1714262400,0,0.0
dining chair,5,False,"Apr 28 – May 4, 2024",1714262400,5,0.1763
dining table,5,True,"May 5 – 11, 2024",1714867200,23,0.8109
custom cabinets,5,False,"May 5 – 11, 2024",1714867200,1,0.0353
custom closet,5,False,"May 5 – 11, 2024",1714867200,1,0.0353
custom dining table,5,False,"May 5 – 11, 2024",1714867200,0,0.0
dining chair,5,False,"May 5 – 11, 2024",1714867200,5,0.1763
dining table,5,True,"May 12 – 18, 2024",1715472000,23,0.8109
custom cabinets,5,False,"May 12 – 18, 2024",1715472000,1,0.0353
custom closet,5,False,"May 12 – 18, 2024",1715472000,0,0.0
custom dining table,5,False,"May 12 – 18, 2024",1715472000,0,0.0
dining chair,5,False,"May 12 – 18, 2024",1715472000,5,0.1763
dining table,5,True,"May 19 – 25, 2024",1716076800,24,0.8462
custom cabinets,5,False,"May 19 – 25, 2024",1716076800,1,0.0353
custom closet,5,False,"May 19 – 25, 2024",1716076800,0,0.0
custom dining table,5,False,"May 19 – 25, 2024",1716076800,0,0.0
dining chair,5,False,"May 19 – 25, 2024",1716076800,5,0.1763
dining table,5,True,"May 26 – Jun 1, 2024",1716681600,26,0.9167
custom cabinets,5,False,"May 26 – Jun 1, 2024",1716681600,1,0.0353
custom closet,5,False,"May 26 – Jun 1, 2024",1716681600,1,0.0353
custom dining table,5,False,"May 26 – Jun 1, 2024",1716681600,0,0.0
dining chair,5,False,"May 26 – Jun 1, 2024",1716681600,5,0.1763
dining table,5,True,"Jun 2 – 8, 2024",1717286400,23,0.8109
custom cabinets,5,False,"Jun 2 – 8, 2024",1717286400,1,0.0353
custom closet,5,False,"Jun 2 – 8, 2024",1717286400,1,0.0353
custom dining table,5,False,"Jun 2 – 8, 2024",1717286400,0,0.0
dining chair,5,False,"Jun 2 – 8, 2024",1717286400,5,0.1763
dining table,5,True,"Jun 9 – 15, 2024",1717891200,24,0.8462
custom cabinets,5,False,"Jun 9 – 15, 2024",1717891200,1,0.0353
custom closet,5,False,"Jun 9 – 15, 2024",1717891200,1,0.0353
custom dining table,5,False,"Jun 9 – 15, 2024",1717891200,0,0.0
dining chair,5,False,"Jun 9 – 15, 2024",1717891200,5,0.1763
dining table,5,True,"Jun 16 – 22, 2024",1718496000,25,0.8814
custom cabinets,5,False,"Jun 16 – 22, 2024",1718496000,1,0.0353
custom closet,5,False,"Jun 16 – 22, 2024",1718496000,1,0.0353
custom dining table,5,False,"Jun 16 – 22, 2024",1718496000,0,0.0
dining chair,5,False,"Jun 16 – 22, 2024",1718496000,5,0.1763
dining table,5,True,"Jun 23 – 29, 2024",1719100800,25,0.8814
custom cabinets,5,False,"Jun 23 – 29, 2024",1719100800,1,0.0353
custom closet,5,False,"Jun 23 – 29, 2024",1719100800,1,0.0353
custom dining table,5,False,"Jun 23 – 29, 2024",1719100800,0,0.0
dining chair,5,False,"Jun 23 – 29, 2024",1719100800,5,0.1763
dining table,5,True,"Jun 30 – Jul 6, 2024",1719705600,28,0.9872
custom cabinets,5,False,"Jun 30 – Jul 6, 2024",1719705600,1,0.0353
custom closet,5,False,"Jun 30 – Jul 6, 2024",1719705600,1,0.0353
custom dining table,5,False,"Jun 30 – Jul 6, 2024",1719705600,0,0.0
dining chair,5,False,"Jun 30 – Jul 6, 2024",1719705600,6,0.2115
dining table,5,True,"Jul 7 – 13, 2024",1720310400,25,0.8814
custom cabinets,5,False,"Jul 7 – 13, 2024",1720310400,1,0.0353
custom closet,5,False,"Jul 7 – 13, 2024",1720310400,1,0.0353
custom dining table,5,False,"Jul 7 – 13, 2024",1720310400,0,0.0
dining chair,5,False,"Jul 7 – 13, 2024",1720310400,5,0.1763
dining table,5,True,"Jul 14 – 20, 2024",1720915200,23,0.8109
custom cabinets,5,False,"Jul 14 – 20, 2024",1720915200,1,0.0353
custom closet,5,False,"Jul 14 – 20, 2024",1720915200,1,0.0353
custom dining table,5,False,"Jul 14 – 20, 2024",1720915200,0,0.0
dining chair,5,False,"Jul 14 – 20, 2024",1720915200,5,0.1763
dining table,5,True,"Jul 21 – 27, 2024",1721520000,25,0.8814
custom cabinets,5,False,"Jul 21 – 27, 2024",1721520000,1,0.0353
custom closet,5,False,"Jul 21 – 27, 2024",1721520000,1,0.0353
custom dining table,5,False,"Jul 21 – 27, 2024",1721520000,0,0.0
dining chair,5,False,"Jul 21 – 27, 2024",1721520000,5,0.1763
dining table,5,True,"Jul 28 – Aug 3, 2024",1722124800,26,0.9167
custom cabinets,5,False,"Jul 28 – Aug 3, 2024",1722124800,1,0.0353
custom closet,5,False,"Jul 28 – Aug 3, 2024",1722124800,1,0.0353
custom dining table,5,False,"Jul 28 – Aug 3, 2024",1722124800,0,0.0
dining chair,5,False,"Jul 28 – Aug 3, 2024",1722124800,5,0.1763
dining table,5,True,"Aug 4 – 10, 2024",1722729600,26,0.9167
custom cabinets,5,False,"Aug 4 – 10, 2024",1722729600,1,0.0353
custom closet,5,False,"Aug 4 – 10, 2024",1722729600,1,0.0353
custom dining table,5,False,"Aug 4 – 10, 2024",1722729600,0,0.0
dining chair,5,False,"Aug 4 – 10, 2024",1722729600,5,0.1763
dining table,5,True,"Aug 11 – 17, 2024",1723334400,27,0.952
custom cabinets,5,False,"Aug 11 – 17, 2024",1723334400,1,0.0353
custom closet,5,False,"Aug 11 – 17, 2024",1723334400,0,0.0
custom dining table,5,False,"Aug 11 – 17, 2024",1723334400,0,0.0
dining chair,5,False,"Aug 11 – 17, 2024",1723334400,5,0.1763
dining table,5,True,"Aug 18 – 24, 2024",1723939200,27,0.952
custom cabinets,5,False,"Aug 18 – 24, 2024",1723939200,1,0.0353
custom closet,5,False,"Aug 18 – 24, 2024",1723939200,1,0.0353
custom dining table,5,False,"Aug 18 – 24, 2024",1723939200,0,0.0
dining chair,5,False,"Aug 18 – 24, 2024",1723939200,5,0.1763
dining table,5,True,"Aug 25 – 31, 2024",1724544000,25,0.8814
custom cabinets,5,False,"Aug 25 – 31, 2024",1724544000,1,0.0353
custom closet,5,False,"Aug 25 – 31, 2024",1724544000,1,0.0353
custom dining table,5,False,"Aug 25 – 31, 2024",1724544000,0,0.0
dining chair,5,False,"Aug 25 – 31, 2024",1724544000,5,0.1763
dining table,5,True,"Sep 1 – 7, 2024",1725148800,27,0.952
custom cabinets,5,False,"Sep 1 – 7, 2024",1725148800,1,0.0353
custom closet,5,False,"Sep 1 – 7, 2024",1725148800,1,0.0353
custom dining table,5,False,"Sep 1 – 7, 2024",1725148800,0,0.0
dining chair,5,False,"Sep 1 – 7, 2024",1725148800,5,0.1763
dining table,5,True,"Sep 8 – 14, 2024",1725753600,24,0.8462
custom cabinets,5,False,"Sep 8 – 14, 2024",1725753600,1,0.0353
custom closet,5,False,"Sep 8 – 14, 2024",1725753600,1,0.0353
custom dining table,5,False,"Sep 8 – 14, 2024",1725753600,0,0.0
dining chair,5,False,"Sep 8 – 14, 2024",1725753600,5,0.1763
dining table,5,True,"Sep 15 – 21, 2024",1726358400,23,0.8109
custom cabinets,5,False,"Sep 15 – 21, 2024",1726358400,1,0.0353
custom closet,5,False,"Sep 15 – 21, 2024",1726358400,1,0.0353
custom dining table,5,False,"Sep 15 – 21, 2024",1726358400,0,0.0
dining chair,5,False,"Sep 15 – 21, 2024",1726358400,5,0.1763
dining table,5,True,"Sep 22 – 28, 2024",1726963200,23,0.8109
custom cabinets,5,False,"Sep 22 – 28, 2024",1726963200,1,0.0353
custom closet,5,False,"Sep 22 – 28, 2024",1726963200,1,0.0353
custom dining table,5,False,"Sep 22 – 28, 2024",1726963200,0,0.0
dining chair,5,False,"Sep 22 – 28, 2024",1726963200,5,0.1763
dining table,5,True,"Sep 29 – Oct 5, 2024",1727568000,23,0.8109
custom cabinets,5,False,"Sep 29 – Oct 5, 2024",1727568000,1,0.0353
custom closet,5,False,"Sep 29 – Oct 5, 2024",1727568000,1,0.0353
custom dining table,5,False,"Sep 29 – Oct 5, 2024",1727568000,0,0.0
dining chair,5,False,"Sep 29 – Oct 5, 2024",1727568000,5,0.1763
dining table,5,True,"Oct 6 – 12, 2024",1728172800,23,0.8109
custom cabinets,5,False,"Oct 6 – 12, 2024",1728172800,1,0.0353
custom closet,5,False,"Oct 6 – 12, 2024",1728172800,1,0.0353
custom dining table,5,False,"Oct 6 – 12, 2024",1728172800,0,0.0
dining chair,5,False,"Oct 6 – 12, 2024",1728172800,5,0.1763
dining table,5,True,"Oct 13 – 19, 2024",1728777600,24,0.8462
custom cabinets,5,False,"Oct 13 – 19, 2024",1728777600,1,0.0353
custom closet,5,False,"Oct 13 – 19, 2024",1728777600,1,0.0353
custom dining table,5,False,"Oct 13 – 19, 2024",1728777600,0,0.0
dining chair,5,False,"Oct 13 – 19, 2024",1728777600,5,0.1763
dining table,5,True,"Oct 20 – 26, 2024",1729382400,24,0.8462
custom cabinets,5,False,"Oct 20 – 26, 2024",1729382400,1,0.0353
custom closet,5,False,"Oct 20 – 26, 2024",1729382400,0,0.0
custom dining table,5,False,"Oct 20 – 26, 2024",1729382400,0,0.0
dining chair,5,False,"Oct 20 – 26, 2024",1729382400,5,0.1763
dining table,5,True,"Oct 27 – Nov 2, 2024",1729987200,24,0.8462
custom cabinets,5,False,"Oct 27 – Nov 2, 2024",1729987200,1,0.0353
custom closet,5,False,"Oct 27 – Nov 2, 2024",1729987200,0,0.0
custom dining table,5,False,"Oct 27 – Nov 2, 2024",1729987200,0,0.0
dining chair,5,False,"Oct 27 – Nov 2, 2024",1729987200,5,0.1763
dining table,5,True,"Nov 3 – 9, 2024",1730592000,25,0.8814
custom cabinets,5,False,"Nov 3 – 9, 2024",1730592000,1,0.0353
custom closet,5,False,"Nov 3 – 9, 2024",1730592000,0,0.0
custom dining table,5,False,"Nov 3 – 9, 2024",1730592000,0,0.0
dining chair,5,False,"Nov 3 – 9, 2024",1730592000,5,0.1763
dining table,5,True,"Nov 10 – 16, 2024",1731196800,28,0.9872
custom cabinets,5,False,"Nov 10 – 16, 2024",1731196800,1,0.0353
custom closet,5,False,"Nov 10 – 16, 2024",1731196800,1,0.0353
custom dining table,5,False,"Nov 10 – 16, 2024",1731196800,0,0.0
dining chair,5,False,"Nov 10 – 16, 2024",1731196800,6,0.2115
dining table,5,True,"Nov 17 – 23, 2024",1731801600,30,1.0577
custom cabinets,5,False,"Nov 17 – 23, 2024",1731801600,1,0.0353
custom closet,5,False,"Nov 17 – 23, 2024",1731801600,1,0.0353
custom dining table,5,False,"Nov 17 – 23, 2024",1731801600,0,0.0
dining chair,5,False,"Nov 17 – 23, 2024",1731801600,6,0.2115
dining table,5,True,"Nov 24 – 30, 2024",1732406400,32,1.1282
custom cabinets,5,False,"Nov 24 – 30, 2024",1732406400,1,0.0353
custom closet,5,False,"Nov 24 – 30, 2024",1732406400,1,0.0353
custom dining table,5,False,"Nov 24 – 30, 2024",1732406400,0,0.0
dining chair,5,False,"Nov 24 – 30, 2024",1732406400,6,0.2115
dining table,5,True,"Dec 1 – 7, 2024",1733011200,24,0.8462
custom cabinets,5,False,"Dec 1 – 7, 2024",1733011200,1,0.0353
custom closet,5,False,"Dec 1 – 7, 2024",1733011200,1,0.0353
custom dining table,5,False,"Dec 1 – 7, 2024",1733011200,0,0.0
dining chair,5,False,"Dec 1 – 7, 2024",1733011200,5,0.1763
dining table,5,True,"Dec 8 – 14, 2024",1733616000,22,0.7757
custom cabinets,5,False,"Dec 8 – 14, 2024",1733616000,1,0.0353
custom closet,5,False,"Dec 8 – 14, 2024",1733616000,1,0.0353
custom dining table,5,False,"Dec 8 – 14, 2024",1733616000,0,0.0
dining chair,5,False,"Dec 8 – 14, 2024",1733616000,4,0.141
dining table,5,True,"Dec 15 – 21, 2024",1734220800,21,0.7404
custom cabinets,5,False,"Dec 15 – 21, 2024",1734220800,1,0.0353
custom closet,5,False,"Dec 15 – 21, 2024",1734220800,1,0.0353
custom dining table,5,False,"Dec 15 – 21, 2024",1734220800,0,0.0
dining chair,5,False,"Dec 15 – 21, 2024",1734220800,4,0.141
dining table,5,True,"Dec 22 – 28, 2024",1734825600,25,0.8814
custom cabinets,5,False,"Dec 22 – 28, 2024",1734825600,1,0.0353
custom closet,5,False,"Dec 22 – 28, 2024",1734825600,1,0.0353
custom dining table,5,False,"Dec 22 – 28, 2024",1734825600,0,0.0
dining chair,5,False,"Dec 22 – 28, 2024",1734825600,4,0.141
dining table,5,True,"Dec 29, 2024 – Jan 4, 2025",1735430400,30,1.0577
custom cabinets,5,False,"Dec 29, 2024 – Jan 4, 2025",1735430400,1,0.0353
custom closet,5,False,"Dec 29, 2024 – Jan 4, 2025",1735430400,1,0.0353
custom dining table,5,False,"Dec 29, 2024 – Jan 4, 2025",1735430400,0,0.0
dining chair,5,False,"Dec 29, 2024 – Jan 4, 2025",1735430400,6,0.2115
dining table,5,True,"Jan 5 – 11, 2025",1736035200,25,0.8814
custom cabinets,5,False,"Jan 5 – 11, 2025",1736035200,1,0.0353
custom closet,5,False,"Jan 5 – 11, 2025",1736035200,1,0.0353
custom dining table,5,False,"Jan 5 – 11, 2025",1736035200,0,0.0
dining chair,5,False,"Jan 5 – 11, 2025",1736035200,5,0.1763
dining table,5,True,"Jan 12 – 18, 2025",1736640000,25,0.8814
custom cabinets,5,False,"Jan 12 – 18, 2025",1736640000,1,0.0353
custom closet,5,False,"Jan 12 – 18, 2025",1736640000,1,0.0353
custom dining table,5,False,"Jan 12 – 18, 2025",1736640000,0,0.0
dining chair,5,False,"Jan 12 – 18, 2025",1736640000,5,0.1763
dining table,5,True,"Jan 19 – 25, 2025",1737244800,26,0.9167
custom cabinets,5,False,"Jan 19 – 25, 2025",1737244800,2,0.0705
custom closet,5,False,"Jan 19 – 25, 2025",1737244800,1,0.0353
custom dining table,5,False,"Jan 19 – 25, 2025",1737244800,0,0.0
dining chair,5,False,"Jan 19 – 25, 2025",1737244800,5,0.1763
dining table,5,True,"Jan 26 – Feb 1, 2025",1737849600,23,0.8109
custom cabinets,5,False,"Jan 26 – Feb 1, 2025",1737849600,2,0.0705
custom closet,5,False,"Jan 26 – Feb 1, 2025",1737849600,1,0.0353
custom dining table,5,False,"Jan 26 – Feb 1, 2025",1737849600,0,0.0
dining chair,5,False,"Jan 26 – Feb 1, 2025",1737849600,5,0.1763
dining table,5,True,"Feb 2 – 8, 2025",1738454400,24,0.8462
custom cabinets,5,False,"Feb 2 – 8, 2025",1738454400,1,0.0353
custom closet,5,False,"Feb 2 – 8, 2025",1738454400,1,0.0353
custom dining table,5,False,"Feb 2 – 8, 2025",1738454400,0,0.0
dining chair,5,False,"Feb 2 – 8, 2025",1738454400,5,0.1763
dining table,5,True,"Feb 9 – 15, 2025",1739059200,22,0.7757
custom cabinets,5,False,"Feb 9 – 15, 2025",1739059200,1,0.0353
custom closet,5,False,"Feb 9 – 15, 2025",1739059200,1,0.0353
custom dining table,5,False,"Feb 9 – 15, 2025",1739059200,0,0.0
dining chair,5,False,"Feb 9 – 15, 2025",1739059200,5,0.1763
dining table,5,True,"Feb 16 – 22, 2025",1739664000,25,0.8814
custom cabinets,5,False,"Feb 16 – 22, 2025",1739664000,2,0.0705
custom closet,5,False,"Feb 16 – 22, 2025",1739664000,1,0.0353
custom dining table,5,False,"Feb 16 – 22, 2025",1739664000,0,0.0
dining chair,5,False,"Feb 16 – 22, 2025",1739664000,5,0.1763
dining table,5,True,"Feb 23 – Mar 1, 2025",1740268800,25,0.8814
custom cabinets,5,False,"Feb 23 – Mar 1, 2025",1740268800,1,0.0353
custom closet,5,False,"Feb 23 – Mar 1, 2025",1740268800,1,0.0353
custom dining table,5,False,"Feb 23 – Mar 1, 2025",1740268800,0,0.0
dining chair,5,False,"Feb 23 – Mar 1, 2025",1740268800,5,0.1763
dining table,5,True,"Mar 2 – 8, 2025",1740873600,25,0.8814
custom cabinets,5,False,"Mar 2 – 8, 2025",1740873600,1,0.0353
custom closet,5,False,"Mar 2 – 8, 2025",1740873600,1,0.0353
custom dining table,5,False,"Mar 2 – 8, 2025",1740873600,0,0.0
dining chair,5,False,"Mar 2 – 8, 2025",1740873600,5,0.1763
dining table,5,True,"Mar 9 – 15, 2025",1741478400,26,0.9167
custom cabinets,5,False,"Mar 9 – 15, 2025",1741478400,1,0.0353
custom closet,5,False,"Mar 9 – 15, 2025",1741478400,1,0.0353
custom dining table,5,False,"Mar 9 – 15, 2025",1741478400,0,0.0
dining chair,5,False,"Mar 9 – 15, 2025",1741478400,5,0.1763
dining table,5,True,"Mar 16 – 22, 2025",1742083200,25,0.8814
custom cabinets,5,False,"Mar 16 – 22, 2025",1742083200,1,0.0353
custom closet,5,False,"Mar 16 – 22, 2025",1742083200,1,0.0353
custom dining table,5,False,"Mar 16 – 22, 2025",1742083200,0,0.0
dining chair,5,False,"Mar 16 – 22, 2025",1742083200,5,0.1763
dining table,5,True,"Mar 23 – 29, 2025",1742688000,24,0.8462
custom cabinets,5,False,"Mar 23 – 29, 2025",1742688000,1,0.0353
custom closet,5,False,"Mar 23 – 29, 2025",1742688000,1,0.0353
custom dining table,5,False,"Mar 23 – 29, 2025",1742688000,0,0.0
dining chair,5,False,"Mar 23 – 29, 2025",1742688000,5,0.1763
dining table,5,True,"Mar 30 – Apr 5, 2025",1743292800,24,0.8462
custom cabinets,5,False,"Mar 30 – Apr 5, 2025",1743292800,1,0.0353
custom closet,5,False,"Mar 30 – Apr 5, 2025",1743292800,1,0.0353
custom dining table,5,False,"Mar 30 – Apr 5, 2025",1743292800,0,0.0
dining chair,5,False,"Mar 30 – Apr 5, 2025",1743292800,5,0.1763
dining table,5,True,"Apr 6 – 12, 2025",1743897600,24,0.8462
custom cabinets,5,False,"Apr 6 – 12, 2025",1743897600,1,0.0353
custom closet,5,False,"Apr 6 – 12, 2025",1743897600,1,0.0353
custom dining table,5,False,"Apr 6 – 12, 2025",1743897600,0,0.0
dining chair,5,False,"Apr 6 – 12, 2025",1743897600,5,0.1763
dining table,5,True,"Apr 13 – 19, 2025",1744502400,24,0.8462
custom cabinets,5,False,"Apr 13 – 19, 2025",1744502400,1,0.0353
custom closet,5,False,"Apr 13 – 19, 2025",1744502400,1,0.0353
custom dining table,5,False,"Apr 13 – 19, 2025",1744502400,0,0.0
dining chair,5,False,"Apr 13 – 19, 2025",1744502400,5,0.1763
dining table,5,True,"Apr 20 – 26, 2025",1745107200,25,0.8814
custom cabinets,5,False,"Apr 20 – 26, 2025",1745107200,1,0.0353
custom closet,5,False,"Apr 20 – 26, 2025",1745107200,1,0.0353
custom dining table,5,False,"Apr 20 – 26, 2025",1745107200,0,0.0
dining chair,5,False,"Apr 20 – 26, 2025",1745107200,5,0.1763
dining table,5,True,"Apr 27 – May 3, 2025",1745712000,25,0.8814
custom cabinets,5,False,"Apr 27 – May 3, 2025",1745712000,1,0.0353
custom closet,5,False,"Apr 27 – May 3, 2025",1745712000,1,0.0353
custom dining table,5,False,"Apr 27 – May 3, 2025",1745712000,0,0.0
dining chair,5,False,"Apr 27 – May 3, 2025",1745712000,5,0.1763
dining table,5,True,"May 4 – 10, 2025",1746316800,25,0.8814
custom cabinets,5,False,"May 4 – 10, 2025",1746316800,2,0.0705
custom closet,5,False,"May 4 – 10, 2025",1746316800,1,0.0353
custom dining table,5,False,"May 4 – 10, 2025",1746316800,0,0.0
dining chair,5,False,"May 4 – 10, 2025",1746316800,5,0.1763
dining table,5,True,"May 11 – 17, 2025",1746921600,25,0.8814
custom cabinets,5,False,"May 11 – 17, 2025",1746921600,1,0.0353
custom closet,5,False,"May 11 – 17, 2025",1746921600,1,0.0353
custom dining table,5,False,"May 11 – 17, 2025",1746921600,0,0.0
dining chair,5,False,"May 11 – 17, 2025",1746921600,5,0.1763
dining table,5,True,"May 18 – 24, 2025",1747526400,25,0.8814
custom cabinets,5,False,"May 18 – 24, 2025",1747526400,1,0.0353
custom closet,5,False,"May 18 – 24, 2025",1747526400,1,0.0353
custom dining table,5,False,"May 18 – 24, 2025",1747526400,0,0.0
dining chair,5,False,"May 18 – 24, 2025",1747526400,5,0.1763
dining table,5,True,"May 25 – 31, 2025",1748131200,27,0.952
custom cabinets,5,False,"May 25 – 31, 2025",1748131200,1,0.0353
custom closet,5,False,"May 25 – 31, 2025",1748131200,1,0.0353
custom dining table,5,False,"May 25 – 31, 2025",1748131200,0,0.0
dining chair,5,False,"May 25 – 31, 2025",1748131200,5,0.1763
dining table,5,True,"Jun 1 – 7, 2025",1748736000,24,0.8462
custom cabinets,5,False,"Jun 1 – 7, 2025",1748736000,1,0.0353
custom closet,5,False,"Jun 1 – 7, 2025",1748736000,1,0.0353
custom dining table,5,False,"Jun 1 – 7, 2025",1748736000,0,0.0
dining chair,5,False,"Jun 1 – 7, 2025",1748736000,5,0.1763
dining table,5,True,"Jun 8 – 14, 2025",1749340800,24,0.8462
custom cabinets,5,False,"Jun 8 – 14, 2025",1749340800,1,0.0353
custom closet,5,False,"Jun 8 – 14, 2025",1749340800,1,0.0353
custom dining table,5,False,"Jun 8 – 14, 2025",1749340800,0,0.0
dining chair,5,False,"Jun 8 – 14, 2025",1749340800,5,0.1763
dining table,5,True,"Jun 15 – 21, 2025",1749945600,26,0.9167
custom cabinets,5,False,"Jun 15 – 21, 2025",1749945600,2,0.0705
custom closet,5,False,"Jun 15 – 21, 2025",1749945600,1,0.0353
custom dining table,5,False,"Jun 15 – 21, 2025",1749945600,0,0.0
dining chair,5,False,"Jun 15 – 21, 2025",1749945600,5,0.1763
dining table,5,True,"Jun 22 – 28, 2025",1750550400,25,0.8814
custom cabinets,5,False,"Jun 22 – 28, 2025",1750550400,1,0.0353
custom closet,5,False,"Jun 22 – 28, 2025",1750550400,1,0.0353
custom dining table,5,False,"Jun 22 – 28, 2025",1750550400,0,0.0
dining chair,5,False,"Jun 22 – 28, 2025",1750550400,5,0.1763
dining table,5,True,"Jun 29 – Jul 5, 2025",1751155200,27,0.952
custom cabinets,5,False,"Jun 29 – Jul 5, 2025",1751155200,2,0.0705
custom closet,5,False,"Jun 29 – Jul 5, 2025",1751155200,1,0.0353
custom dining table,5,False,"Jun 29 – Jul 5, 2025",1751155200,0,0.0
dining chair,5,False,"Jun 29 – Jul 5, 2025",1751155200,5,0.1763
dining table,5,True,"Jul 6 – 12, 2025",1751760000,28,0.9872
custom cabinets,5,False,"Jul 6 – 12, 2025",1751760000,2,0.0705
custom closet,5,False,"Jul 6 – 12, 2025",1751760000,1,0.0353
custom dining table,5,False,"Jul 6 – 12, 2025",1751760000,0,0.0
dining chair,5,False,"Jul 6 – 12, 2025",1751760000,6,0.2115
dining table,5,True,"Jul 13 – 19, 2025",1752364800,29,1.0225
custom cabinets,5,False,"Jul 13 – 19, 2025",1752364800,2,0.0705
custom closet,5,False,"Jul 13 – 19, 2025",1752364800,1,0.0353
custom dining table,5,False,"Jul 13 – 19, 2025",1752364800,0,0.0
dining chair,5,False,"Jul 13 – 19, 2025",1752364800,6,0.2115
dining table,5,True,"Jul 20 – 26, 2025",1752969600,27,0.952
custom cabinets,5,False,"Jul 20 – 26, 2025",1752969600,2,0.0705
custom closet,5,False,"Jul 20 – 26, 2025",1752969600,1,0.0353
custom dining table,5,False,"Jul 20 – 26, 2025",1752969600,0,0.0
dining chair,5,False,"Jul 20 – 26, 2025",1752969600,6,0.2115
dining table,5,True,"Jul 27 – Aug 2, 2025",1753574400,28,0.9872
custom cabinets,5,False,"Jul 27 – Aug 2, 2025",1753574400,2,0.0705
custom closet,5,False,"Jul 27 – Aug 2, 2025",1753574400,1,0.0353
custom dining table,5,False,"Jul 27 – Aug 2, 2025",1753574400,0,0.0
dining chair,5,False,"Jul 27 – Aug 2, 2025",1753574400,6,0.2115
dining table,5,True,"Aug 3 – 9, 2025",1754179200,28,0.9872
custom cabinets,5,False,"Aug 3 – 9, 2025",1754179200,2,0.0705
custom closet,5,False,"Aug 3 – 9, 2025",1754179200,1,0.0353
custom dining table,5,False,"Aug 3 – 9, 2025",1754179200,0,0.0
dining chair,5,False,"Aug 3 – 9, 2025",1754179200,5,0.1763
dining table,5,True,"Aug 10 – 16, 2025",1754784000,27,0.952
custom cabinets,5,False,"Aug 10 – 16, 2025",1754784000,2,0.0705
custom closet,5,False,"Aug 10 – 16, 2025",1754784000,1,0.0353
custom dining table,5,False,"Aug 10 – 16, 2025",1754784000,0,0.0
dining chair,5,False,"Aug 10 – 16, 2025",1754784000,5,0.1763
dining table,5,True,"Aug 17 – 23, 2025",1755388800,26,0.9167
custom cabinets,5,False,"Aug 17 – 23, 2025",1755388800,2,0.0705
custom closet,5,False,"Aug 17 – 23, 2025",1755388800,1,0.0353
custom dining table,5,False,"Aug 17 – 23, 2025",1755388800,0,0.0
dining chair,5,False,"Aug 17 – 23, 2025",1755388800,6,0.2115
dining table,5,True,"Aug 24 – 30, 2025",1755993600,27,0.952
custom cabinets,5,False,"Aug 24 – 30, 2025",1755993600,2,0.0705
custom closet,5,False,"Aug 24 – 30, 2025",1755993600,1,0.0353
custom dining table,5,False,"Aug 24 – 30, 2025",1755993600,0,0.0
dining chair,5,False,"Aug 24 – 30, 2025",1755993600,5,0.1763
dining table,5,True,"Aug 31 – Sep 6, 2025",1756598400,29,1.0225
custom cabinets,5,False,"Aug 31 – Sep 6, 2025",1756598400,2,0.0705
custom closet,5,False,"Aug 31 – Sep 6, 2025",1756598400,1,0.0353
custom dining table,5,False,"Aug 31 – Sep 6, 2025",1756598400,0,0.0
dining chair,5,False,"Aug 31 – Sep 6, 2025",1756598400,6,0.2115
dining table,5,True,"Sep 7 – 13, 2025",1757203200,24,0.8462
custom cabinets,5,False,"Sep 7 – 13, 2025",1757203200,2,0.0705
custom closet,5,False,"Sep 7 – 13, 2025",1757203200,1,0.0353
custom dining table,5,False,"Sep 7 – 13, 2025",1757203200,0,0.0
dining chair,5,False,"Sep 7 – 13, 2025",1757203200,5,0.1763
dining table,5,True,"Sep 14 – 20, 2025",1757808000,23,0.8109
custom cabinets,5,False,"Sep 14 – 20, 2025",1757808000,2,0.0705
custom closet,5,False,"Sep 14 – 20, 2025",1757808000,1,0.0353
custom dining table,5,False,"Sep 14 – 20, 2025",1757808000,0,0.0
dining chair,5,False,"Sep 14 – 20, 2025",1757808000,5,0.1763
dining table,5,True,"Sep 21 – 27, 2025",1758412800,25,0.8814
custom cabinets,5,False,"Sep 21 – 27, 2025",1758412800,2,0.0705
custom closet,5,False,"Sep 21 – 27, 2025",1758412800,1,0.0353
custom dining table,5,False,"Sep 21 – 27, 2025",1758412800,0,0.0
dining chair,5,False,"Sep 21 – 27, 2025",1758412800,5,0.1763
dining table,5,True,"Sep 28 – Oct 4, 2025",1759017600,24,0.8462
custom cabinets,5,False,"Sep 28 – Oct 4, 2025",1759017600,2,0.0705
custom closet,5,False,"Sep 28 – Oct 4, 2025",1759017600,1,0.0353
custom dining table,5,False,"Sep 28 – Oct 4, 2025",1759017600,0,0.0
dining chair,5,False,"Sep 28 – Oct 4, 2025",1759017600,5,0.1763
dining table,5,True,"Oct 5 – 11, 2025",1759622400,24,0.8462
custom cabinets,5,False,"Oct 5 – 11, 2025",1759622400,1,0.0353
custom closet,5,False,"Oct 5 – 11, 2025",1759622400,1,0.0353
custom dining table,5,False,"Oct 5 – 11, 2025",1759622400,0,0.0
dining chair,5,False,"Oct 5 – 11, 2025",1759622400,5,0.1763
dining table,5,True,"Oct 12 – 18, 2025",1760227200,24,0.8462
custom cabinets,5,False,"Oct 12 – 18, 2025",1760227200,2,0.0705
custom closet,5,False,"Oct 12 – 18, 2025",1760227200,1,0.0353
custom dining table,5,False,"Oct 12 – 18, 2025",1760227200,0,0.0
dining chair,5,False,"Oct 12 – 18, 2025",1760227200,5,0.1763
dining table,5,True,"Oct 19 – 25, 2025",1760832000,24,0.8462
custom cabinets,5,False,"Oct 19 – 25, 2025",1760832000,2,0.0705
custom closet,5,False,"Oct 19 – 25, 2025",1760832000,1,0.0353
custom dining table,5,False,"Oct 19 – 25, 2025",1760832000,0,0.0
dining chair,5,False,"Oct 19 – 25, 2025",1760832000,5,0.1763
dining table,5,True,"Oct 26 – Nov 1, 2025",1761436800,25,0.8814
custom cabinets,5,False,"Oct 26 – Nov 1, 2025",1761436800,2,0.0705
custom closet,5,False,"Oct 26 – Nov 1, 2025",1761436800,1,0.0353
custom dining table,5,False,"Oct 26 – Nov 1, 2025",1761436800,0,0.0
dining chair,5,False,"Oct 26 – Nov 1, 2025",1761436800,5,0.1763
dining table,5,True,"Nov 2 – 8, 2025",1762041600,29,1.0225
custom cabinets,5,False,"Nov 2 – 8, 2025",1762041600,2,0.0705
custom closet,5,False,"Nov 2 – 8, 2025",1762041600,1,0.0353
custom dining table,5,False,"Nov 2 – 8, 2025",1762041600,0,0.0
dining chair,5,False,"Nov 2 – 8, 2025",1762041600,6,0.2115
dining table,5,True,"Nov 9 – 15, 2025",1762646400,31,1.093
custom cabinets,5,False,"Nov 9 – 15, 2025",1762646400,2,0.0705
custom closet,5,False,"Nov 9 – 15, 2025",1762646400,1,0.0353
custom dining table,5,False,"Nov 9 – 15, 2025",1762646400,0,0.0
dining chair,5,False,"Nov 9 – 15, 2025",1762646400,7,0.2468
dining table,5,True,"Nov 16 – 22, 2025",1763251200,29,1.0225
custom cabinets,5,False,"Nov 16 – 22, 2025",1763251200,2,0.0705
custom closet,5,False,"Nov 16 – 22, 2025",1763251200,1,0.0353
custom dining table,5,False,"Nov 16 – 22, 2025",1763251200,0,0.0
dining chair,5,False,"Nov 16 – 22, 2025",1763251200,7,0.2468
dining table,5,True,"Nov 23 – 29, 2025",1763856000,34,1.1988
custom cabinets,5,False,"Nov 23 – 29, 2025",1763856000,2,0.0705
custom closet,5,False,"Nov 23 – 29, 2025",1763856000,1,0.0353
custom dining table,5,False,"Nov 23 – 29, 2025",1763856000,0,0.0
dining chair,5,False,"Nov 23 – 29, 2025",1763856000,7,0.2468
dining table,5,True,"Nov 30 – Dec 6, 2025",1764460800,26,0.9167
custom cabinets,5,False,"Nov 30 – Dec 6, 2025",1764460800,2,0.0705
custom closet,5,False,"Nov 30 – Dec 6, 2025",1764460800,1,0.0353
custom dining table,5,False,"Nov 30 – Dec 6, 2025",1764460800,0,0.0
dining chair,5,False,"Nov 30 – Dec 6, 2025",1764460800,6,0.2115
dining table,5,True,"Dec 7 – 13, 2025",1765065600,23,0.8109
custom cabinets,5,False,"Dec 7 – 13, 2025",1765065600,2,0.0705
custom closet,5,False,"Dec 7 – 13, 2025",1765065600,1,0.0353
custom dining table,5,False,"Dec 7 – 13, 2025",1765065600,0,0.0
dining chair,5,False,"Dec 7 – 13, 2025",1765065600,5,0.1763
dining table,5,True,"Dec 14 – 20, 2025",1765670400,20,0.7052
custom cabinets,5,False,"Dec 14 – 20, 2025",1765670400,2,0.0705
custom closet,5,False,"Dec 14 – 20, 2025",1765670400,1,0.0353
custom dining table,5,False,"Dec 14 – 20, 2025",1765670400,0,0.0
dining chair,5,False,"Dec 14 – 20, 2025",1765670400,4,0.141
dining table,5,True,"Dec 21 – 27, 2025",1766275200,23,0.8109
custom cabinets,5,False,"Dec 21 – 27, 2025",1766275200,2,0.0705
custom closet,5,False,"Dec 21 – 27, 2025",1766275200,1,0.0353
custom dining table,5,False,"Dec 21 – 27, 2025",1766275200,0,0.0
dining chair,5,False,"Dec 21 – 27, 2025",1766275200,4,0.141
dining table,5,True,"Dec 28, 2025 – Jan 3, 2026",1766880000,31,1.093
custom cabinets,5,False,"Dec 28, 2025 – Jan 3, 2026",1766880000,2,0.0705
custom closet,5,False,"Dec 28, 2025 – Jan 3, 2026",1766880000,1,0.0353
custom dining table,5,False,"Dec 28, 2025 – Jan 3, 2026",1766880000,0,0.0
dining chair,5,False,"Dec 28, 2025 – Jan 3, 2026",1766880000,6,0.2115
dining table,5,True,"Jan 4 – 10, 2026",1767484800,26,0.9167
custom cabinets,5,False,"Jan 4 – 10, 2026",1767484800,2,0.0705
custom closet,5,False,"Jan 4 – 10, 2026",1767484800,1,0.0353
custom dining table,5,False,"Jan 4 – 10, 2026",1767484800,0,0.0
dining chair,5,False,"Jan 4 – 10, 2026",1767484800,5,0.1763
dining table,5,True,"Jan 11 – 17, 2026",1768089600,25,0.8814
custom cabinets,5,False,"Jan 11 – 17, 2026",1768089600,2,0.0705
custom closet,5,False,"Jan 11 – 17, 2026",1768089600,1,0.0353
custom dining table,5,False,"Jan 11 – 17, 2026",1768089600,0,0.0
dining chair,5,False,"Jan 11 – 17, 2026",1768089600,5,0.1763
dining table,5,True,"Jan 18 – 24, 2026",1768694400,25,0.8814
custom cabinets,5,False,"Jan 18 – 24, 2026",1768694400,2,0.0705
custom closet,5,False,"Jan 18 – 24, 2026",1768694400,1,0.0353
custom dining table,5,False,"Jan 18 – 24, 2026",1768694400,0,0.0
dining chair,5,False,"Jan 18 – 24, 2026",1768694400,5,0.1763
dining table,5,True,"Jan 25 – 31, 2026",1769299200,24,0.8462
custom cabinets,5,False,"Jan 25 – 31, 2026",1769299200,2,0.0705
custom closet,5,False,"Jan 25 – 31, 2026",1769299200,1,0.0353
custom dining table,5,False,"Jan 25 – 31, 2026",1769299200,0,0.0
dining chair,5,False,"Jan 25 – 31, 2026",1769299200,5,0.1763
dining table,5,True,"Feb 1 – 7, 2026",1769904000,25,0.8814
custom cabinets,5,False,"Feb 1 – 7, 2026",1769904000,2,0.0705
custom closet,5,False,"Feb 1 – 7, 2026",1769904000,1,0.0353
custom dining table,5,False,"Feb 1 – 7, 2026",1769904000,0,0.0
dining chair,5,False,"Feb 1 – 7, 2026",1769904000,5,0.1763
dining table,5,True,"Feb 8 – 14, 2026",1770508800,32,1.1282
custom cabinets,5,False,"Feb 8 – 14, 2026",1770508800,2,0.0705
custom closet,5,False,"Feb 8 – 14, 2026",1770508800,1,0.0353
custom dining table,5,False,"Feb 8 – 14, 2026",1770508800,0,0.0
dining chair,5,False,"Feb 8 – 14, 2026",1770508800,8,0.2821
dining table,5,True,"Feb 15 – 21, 2026",1771113600,35,1.234
custom cabinets,5,False,"Feb 15 – 21, 2026",1771113600,2,0.0705
custom closet,5,False,"Feb 15 – 21, 2026",1771113600,1,0.0353
custom dining table,5,False,"Feb 15 – 21, 2026",1771113600,1,0.0353
dining chair,5,False,"Feb 15 – 21, 2026",1771113600,8,0.2821
dining table,5,True,"Feb 22 – 28, 2026",1771718400,30,1.0577
custom cabinets,5,False,"Feb 22 – 28, 2026",1771718400,2,0.0705
custom closet,5,False,"Feb 22 – 28, 2026",1771718400,1,0.0353
custom dining table,5,False,"Feb 22 – 28, 2026",1771718400,0,0.0
dining chair,5,False,"Feb 22 – 28, 2026",1771718400,8,0.2821
dining table,5,True,"Mar 1 – 7, 2026",1772323200,27,0.952
custom cabinets,5,False,"Mar 1 – 7, 2026",1772323200,2,0.0705
custom closet,5,False,"Mar 1 – 7, 2026",1772323200,1,0.0353
custom dining table,5,False,"Mar 1 – 7, 2026",1772323200,0,0.0
dining chair,5,False,"Mar 1 – 7, 2026",1772323200,5,0.1763
dining table,5,True,"Mar 8 – 14, 2026",1772928000,28,0.9872
custom cabinets,5,False,"Mar 8 – 14, 2026",1772928000,2,0.0705
custom closet,5,False,"Mar 8 – 14, 2026",1772928000,1,0.0353
custom dining table,5,False,"Mar 8 – 14, 2026",1772928000,0,0.0
dining chair,5,False,"Mar 8 – 14, 2026",1772928000,6,0.2115
dining table,5,True,"Mar 15 – 21, 2026",1773532800,30,1.0577
custom cabinets,5,False,"Mar 15 – 21, 2026",1773532800,2,0.0705
custom closet,5,False,"Mar 15 – 21, 2026",1773532800,1,0.0353
custom dining table,5,False,"Mar 15 – 21, 2026",1773532800,0,0.0
dining chair,5,False,"Mar 15 – 21, 2026",1773532800,7,0.2468
dining table,5,True,"Mar 22 – 28, 2026",1774137600,45,1.5866
custom cabinets,5,False,"Mar 22 – 28, 2026",1774137600,2,0.0705
custom closet,5,False,"Mar 22 – 28, 2026",1774137600,1,0.0353
custom dining table,5,False,"Mar 22 – 28, 2026",1774137600,1,0.0353
dining chair,5,False,"Mar 22 – 28, 2026",1774137600,11,0.3878
dining table,5,True,"Mar 29 – Apr 4, 2026",1774742400,75,2.6443
custom cabinets,5,False,"Mar 29 – Apr 4, 2026",1774742400,2,0.0705
custom closet,5,False,"Mar 29 – Apr 4, 2026",1774742400,2,0.0705
custom dining table,5,False,"Mar 29 – Apr 4, 2026",1774742400,3,0.1058
dining chair,5,False,"Mar 29 – Apr 4, 2026",1774742400,24,0.8462
dining table,5,True,"Apr 5 – 11, 2026",1775347200,96,3.3847
custom cabinets,5,False,"Apr 5 – 11, 2026",1775347200,3,0.1058
custom closet,5,False,"Apr 5 – 11, 2026",1775347200,2,0.0705
custom dining table,5,False,"Apr 5 – 11, 2026",1775347200,4,0.141
dining chair,5,False,"Apr 5 – 11, 2026",1775347200,32,1.1282
dining table,5,True,"Apr 12 – 18, 2026",1775952000,100,3.5258
custom cabinets,5,False,"Apr 12 – 18, 2026",1775952000,3,0.1058
custom closet,5,False,"Apr 12 – 18, 2026",1775952000,3,0.1058
custom dining table,5,False,"Apr 12 – 18, 2026",1775952000,5,0.1763
dining chair,5,False,"Apr 12 – 18, 2026",1775952000,36,1.2693
dining table,5,True,"Apr 19 – 25, 2026",1776556800,89,3.1379
custom cabinets,5,False,"Apr 19 – 25, 2026",1776556800,2,0.0705
custom closet,5,False,"Apr 19 – 25, 2026",1776556800,2,0.0705
custom dining table,5,False,"Apr 19 – 25, 2026",1776556800,3,0.1058
dining chair,5,False,"Apr 19 – 25, 2026",1776556800,27,0.952
dining table,5,True,"Apr 26 – May 2, 2026",1777161600,65,2.2918
custom cabinets,5,False,"Apr 26 – May 2, 2026",1777161600,2,0.0705
custom closet,5,False,"Apr 26 – May 2, 2026",1777161600,2,0.0705
custom dining table,5,False,"Apr 26 – May 2, 2026",1777161600,2,0.0705
dining chair,5,False,"Apr 26 – May 2, 2026",1777161600,19,0.6699
dining table,5,True,"May 3 – 9, 2026",1777766400,72,2.5386
custom cabinets,5,False,"May 3 – 9, 2026",1777766400,3,0.1058
custom closet,5,False,"May 3 – 9, 2026",1777766400,2,0.0705
custom dining table,5,False,"May 3 – 9, 2026",1777766400,2,0.0705
dining chair,5,False,"May 3 – 9, 2026",1777766400,19,0.6699
dining table,5,True,"May 10 – 16, 2026",1778371200,82,2.8911
custom cabinets,5,False,"May 10 – 16, 2026",1778371200,3,0.1058
custom closet,5,False,"May 10 – 16, 2026",1778371200,2,0.0705
custom dining table,5,False,"May 10 – 16, 2026",1778371200,4,0.141
dining chair,5,False,"May 10 – 16, 2026",1778371200,26,0.9167
dining table,5,True,"May 17 – 23, 2026",1778976000,77,2.7148
custom cabinets,5,False,"May 17 – 23, 2026",1778976000,2,0.0705
custom closet,5,False,"May 17 – 23, 2026",1778976000,2,0.0705
custom dining table,5,False,"May 17 – 23, 2026",1778976000,4,0.141
dining chair,5,False,"May 17 – 23, 2026",1778976000,29,1.0225
dining table,5,True,"May 24 – 30, 2026",1779580800,55,1.9392
custom cabinets,5,False,"May 24 – 30, 2026",1779580800,2,0.0705
custom closet,5,False,"May 24 – 30, 2026",1779580800,2,0.0705
custom dining table,5,False,"May 24 – 30, 2026",1779580800,2,0.0705
dining chair,5,False,"May 24 – 30, 2026",1779580800,18,0.6346
dining table,5,True,"May 31 – Jun 6, 2026",1780185600,52,1.8334
custom cabinets,5,False,"May 31 – Jun 6, 2026",1780185600,2,0.0705
custom closet,5,False,"May 31 – Jun 6, 2026",1780185600,2,0.0705
custom dining table,5,False,"May 31 – Jun 6, 2026",1780185600,2,0.0705
dining chair,5,False,"May 31 – Jun 6, 2026",1780185600,17,0.5994
dining table,5,True,"Jun 7 – 13, 2026",1780790400,60,2.1155
custom cabinets,5,False,"Jun 7 – 13, 2026",1780790400,2,0.0705
custom closet,5,False,"Jun 7 – 13, 2026",1780790400,2,0.0705
custom dining table,5,False,"Jun 7 – 13, 2026",1780790400,2,0.0705
dining chair,5,False,"Jun 7 – 13, 2026",1780790400,22,0.7757
dining table,5,True,"Jun 14 – 20, 2026",1781395200,54,1.9039
custom cabinets,5,False,"Jun 14 – 20, 2026",1781395200,3,0.1058
custom closet,5,False,"Jun 14 – 20, 2026",1781395200,2,0.0705
custom dining table,5,False,"Jun 14 – 20, 2026",1781395200,2,0.0705
dining chair,5,False,"Jun 14 – 20, 2026",1781395200,20,0.7052
dining table,5,True,"Jun 21 – 27, 2026",1782000000,54,1.9039
custom cabinets,5,False,"Jun 21 – 27, 2026",1782000000,3,0.1058
custom closet,5,False,"Jun 21 – 27, 2026",1782000000,2,0.0705
custom dining table,5,False,"Jun 21 – 27, 2026",1782000000,2,0.0705
dining chair,5,False,"Jun 21 – 27, 2026",1782000000,19,0.6699
dining table,5,True,"Jun 28 – Jul 4, 2026",1782604800,34,1.1988
custom cabinets,5,False,"Jun 28 – Jul 4, 2026",1782604800,2,0.0705
custom closet,5,False,"Jun 28 – Jul 4, 2026",1782604800,2,0.0705
custom dining table,5,False,"Jun 28 – Jul 4, 2026",1782604800,1,0.0353
dining chair,5,False,"Jun 28 – Jul 4, 2026",1782604800,8,0.2821
dining table,5,True,"Jul 5 – 11, 2026",1783209600,33,1.1635
custom cabinets,5,False,"Jul 5 – 11, 2026",1783209600,2,0.0705
custom closet,5,False,"Jul 5 – 11, 2026",1783209600,1,0.0353
custom dining table,5,False,"Jul 5 – 11, 2026",1783209600,1,0.0353
dining chair,5,False,"Jul 5 – 11, 2026",1783209600,9,0.3173
dining table,5,True,"Jul 12 – 18, 2026",1783814400,27,0.952
custom cabinets,5,False,"Jul 12 – 18, 2026",1783814400,2,0.0705
custom closet,5,False,"Jul 12 – 18, 2026",1783814400,1,0.0353
custom dining table,5,False,"Jul 12 – 18, 2026",1783814400,0,0.0
dining chair,5,False,"Jul 12 – 18, 2026",1783814400,6,0.2115
dining table,5,True,"Jul 19 – 25, 2026",1784419200,26,0.9167
custom cabinets,5,False,"Jul 19 – 25, 2026",1784419200,2,0.0705
custom closet,5,False,"Jul 19 – 25, 2026",1784419200,1,0.0353
custom dining table,5,False,"Jul 19 – 25, 2026",1784419200,0,0.0
dining chair,5,False,"Jul 19 – 25, 2026",1784419200,6,0.2115
dining table,5,True,"Jul 26 – Aug 1, 2026",1785024000,28,0.9872
custom cabinets,5,False,"Jul 26 – Aug 1, 2026",1785024000,2,0.0705
custom closet,5,False,"Jul 26 – Aug 1, 2026",1785024000,1,0.0353
custom dining table,5,False,"Jul 26 – Aug 1, 2026",1785024000,0,0.0
dining chair,5,False,"Jul 26 – Aug 1, 2026",1785024000,6,0.2115
dining table,5,True,"Aug 2 – 8, 2026",1785628800,26,0.9167
custom cabinets,5,False,"Aug 2 – 8, 2026",1785628800,2,0.0705
custom closet,5,False,"Aug 2 – 8, 2026",1785628800,1,0.0353
custom dining table,5,False,"Aug 2 – 8, 2026",1785628800,0,0.0
dining chair,5,False,"Aug 2 – 8, 2026",1785628800,6,0.2115
dining table,5,True,"Aug 9 – 15, 2026",1786233600,28,0.9872
custom cabinets,5,False,"Aug 9 – 15, 2026",1786233600,2,0.0705
custom closet,5,False,"Aug 9 – 15, 2026",1786233600,1,0.0353
custom dining table,5,False,"Aug 9 – 15, 2026",1786233600,0,0.0
dining chair,5,False,"Aug 9 – 15, 2026",1786233600,6,0.2115
dining table,5,True,"Aug 16 – 22, 2026",1786838400,28,0.9872
custom cabinets,5,False,"Aug 16 – 22, 2026",1786838400,2,0.0705
custom closet,5,False,"Aug 16 – 22, 2026",1786838400,1,0.0353
custom dining table,5,False,"Aug 16 – 22, 2026",1786838400,0,0.0
dining chair,5,False,"Aug 16 – 22, 2026",1786838400,7,0.2468
dining table,5,True,"Aug 23 – 29, 2026",1787443200,26,0.9167
custom cabinets,5,False,"Aug 23 – 29, 2026",1787443200,2,0.0705
custom closet,5,False,"Aug 23 – 29, 2026",1787443200,1,0.0353
custom dining table,5,False,"Aug 23 – 29, 2026",1787443200,0,0.0
dining chair,5,False,"Aug 23 – 29, 2026",1787443200,5,0.1763
dining table,6,True,"Aug 22 – 28, 2021",1629590400,23,1.035
custom dining chair,6,False,"Aug 22 – 28, 2021",1629590400,0,0.0
accent chair,6,False,"Aug 22 – 28, 2021",1629590400,3,0.135
custom accent chair,6,False,"Aug 22 – 28, 2021",1629590400,0,0.0
bench,6,False,"Aug 22 – 28, 2021",1629590400,47,2.1151
dining table,6,True,"Aug 29 – Sep 4, 2021",1630195200,22,0.99
custom dining chair,6,False,"Aug 29 – Sep 4, 2021",1630195200,0,0.0
accent chair,6,False,"Aug 29 – Sep 4, 2021",1630195200,3,0.135
custom accent chair,6,False,"Aug 29 – Sep 4, 2021",1630195200,0,0.0
bench,6,False,"Aug 29 – Sep 4, 2021",1630195200,48,2.1601
dining table,6,True,"Sep 5 – 11, 2021",1630800000,24,1.08
custom dining chair,6,False,"Sep 5 – 11, 2021",1630800000,0,0.0
accent chair,6,False,"Sep 5 – 11, 2021",1630800000,3,0.135
custom accent chair,6,False,"Sep 5 – 11, 2021",1630800000,0,0.0
bench,6,False,"Sep 5 – 11, 2021",1630800000,47,2.1151
dining table,6,True,"Sep 12 – 18, 2021",1631404800,21,0.945
custom dining chair,6,False,"Sep 12 – 18, 2021",1631404800,0,0.0
accent chair,6,False,"Sep 12 – 18, 2021",1631404800,3,0.135
custom accent chair,6,False,"Sep 12 – 18, 2021",1631404800,0,0.0
bench,6,False,"Sep 12 – 18, 2021",1631404800,46,2.0701
dining table,6,True,"Sep 19 – 25, 2021",1632009600,21,0.945
custom dining chair,6,False,"Sep 19 – 25, 2021",1632009600,0,0.0
accent chair,6,False,"Sep 19 – 25, 2021",1632009600,3,0.135
custom accent chair,6,False,"Sep 19 – 25, 2021",1632009600,0,0.0
bench,6,False,"Sep 19 – 25, 2021",1632009600,47,2.1151
dining table,6,True,"Sep 26 – Oct 2, 2021",1632614400,22,0.99
custom dining chair,6,False,"Sep 26 – Oct 2, 2021",1632614400,0,0.0
accent chair,6,False,"Sep 26 – Oct 2, 2021",1632614400,3,0.135
custom accent chair,6,False,"Sep 26 – Oct 2, 2021",1632614400,0,0.0
bench,6,False,"Sep 26 – Oct 2, 2021",1632614400,46,2.0701
dining table,6,True,"Oct 3 – 9, 2021",1633219200,22,0.99
custom dining chair,6,False,"Oct 3 – 9, 2021",1633219200,0,0.0
accent chair,6,False,"Oct 3 – 9, 2021",1633219200,3,0.135
custom accent chair,6,False,"Oct 3 – 9, 2021",1633219200,0,0.0
bench,6,False,"Oct 3 – 9, 2021",1633219200,46,2.0701
dining table,6,True,"Oct 10 – 16, 2021",1633824000,22,0.99
custom dining chair,6,False,"Oct 10 – 16, 2021",1633824000,0,0.0
accent chair,6,False,"Oct 10 – 16, 2021",1633824000,3,0.135
custom accent chair,6,False,"Oct 10 – 16, 2021",1633824000,0,0.0
bench,6,False,"Oct 10 – 16, 2021",1633824000,47,2.1151
dining table,6,True,"Oct 17 – 23, 2021",1634428800,22,0.99
custom dining chair,6,False,"Oct 17 – 23, 2021",1634428800,0,0.0
accent chair,6,False,"Oct 17 – 23, 2021",1634428800,2,0.09
custom accent chair,6,False,"Oct 17 – 23, 2021",1634428800,0,0.0
bench,6,False,"Oct 17 – 23, 2021",1634428800,46,2.0701
dining table,6,True,"Oct 24 – 30, 2021",1635033600,21,0.945
custom dining chair,6,False,"Oct 24 – 30, 2021",1635033600,0,0.0
accent chair,6,False,"Oct 24 – 30, 2021",1635033600,3,0.135
custom accent chair,6,False,"Oct 24 – 30, 2021",1635033600,0,0.0
bench,6,False,"Oct 24 – 30, 2021",1635033600,45,2.0251
dining table,6,True,"Oct 31 – Nov 6, 2021",1635638400,23,1.035
custom dining chair,6,False,"Oct 31 – Nov 6, 2021",1635638400,0,0.0
accent chair,6,False,"Oct 31 – Nov 6, 2021",1635638400,3,0.135
custom accent chair,6,False,"Oct 31 – Nov 6, 2021",1635638400,0,0.0
bench,6,False,"Oct 31 – Nov 6, 2021",1635638400,46,2.0701
dining table,6,True,"Nov 7 – 13, 2021",1636243200,25,1.125
custom dining chair,6,False,"Nov 7 – 13, 2021",1636243200,0,0.0
accent chair,6,False,"Nov 7 – 13, 2021",1636243200,3,0.135
custom accent chair,6,False,"Nov 7 – 13, 2021",1636243200,0,0.0
bench,6,False,"Nov 7 – 13, 2021",1636243200,51,2.2951
dining table,6,True,"Nov 14 – 20, 2021",1636848000,25,1.125
custom dining chair,6,False,"Nov 14 – 20, 2021",1636848000,0,0.0
accent chair,6,False,"Nov 14 – 20, 2021",1636848000,3,0.135
custom accent chair,6,False,"Nov 14 – 20, 2021",1636848000,0,0.0
bench,6,False,"Nov 14 – 20, 2021",1636848000,48,2.1601
dining table,6,True,"Nov 21 – 27, 2021",1637452800,27,1.215
custom dining chair,6,False,"Nov 21 – 27, 2021",1637452800,0,0.0
accent chair,6,False,"Nov 21 – 27, 2021",1637452800,3,0.135
custom accent chair,6,False,"Nov 21 – 27, 2021",1637452800,0,0.0
bench,6,False,"Nov 21 – 27, 2021",1637452800,47,2.1151
dining table,6,True,"Nov 28 – Dec 4, 2021",1638057600,24,1.08
custom dining chair,6,False,"Nov 28 – Dec 4, 2021",1638057600,0,0.0
accent chair,6,False,"Nov 28 – Dec 4, 2021",1638057600,3,0.135
custom accent chair,6,False,"Nov 28 – Dec 4, 2021",1638057600,0,0.0
bench,6,False,"Nov 28 – Dec 4, 2021",1638057600,52,2.3401
dining table,6,True,"Dec 5 – 11, 2021",1638662400,19,0.855
custom dining chair,6,False,"Dec 5 – 11, 2021",1638662400,0,0.0
accent chair,6,False,"Dec 5 – 11, 2021",1638662400,2,0.09
custom accent chair,6,False,"Dec 5 – 11, 2021",1638662400,0,0.0
bench,6,False,"Dec 5 – 11, 2021",1638662400,46,2.0701
dining table,6,True,"Dec 12 – 18, 2021",1639267200,18,0.81
custom dining chair,6,False,"Dec 12 – 18, 2021",1639267200,0,0.0
accent chair,6,False,"Dec 12 – 18, 2021",1639267200,2,0.09
custom accent chair,6,False,"Dec 12 – 18, 2021",1639267200,0,0.0
bench,6,False,"Dec 12 – 18, 2021",1639267200,47,2.1151
dining table,6,True,"Dec 19 – 25, 2021",1639872000,17,0.765
custom dining chair,6,False,"Dec 19 – 25, 2021",1639872000,0,0.0
accent chair,6,False,"Dec 19 – 25, 2021",1639872000,2,0.09
custom accent chair,6,False,"Dec 19 – 25, 2021",1639872000,0,0.0
bench,6,False,"Dec 19 – 25, 2021",1639872000,41,1.8451
dining table,6,True,"Dec 26, 2021 – Jan 1, 2022",1640476800,23,1.035
custom dining chair,6,False,"Dec 26, 2021 – Jan 1, 2022",1640476800,0,0.0
accent chair,6,False,"Dec 26, 2021 – Jan 1, 2022",1640476800,3,0.135
custom accent chair,6,False,"Dec 26, 2021 – Jan 1, 2022",1640476800,0,0.0
bench,6,False,"Dec 26, 2021 – Jan 1, 2022",1640476800,50,2.2501
dining table,6,True,"Jan 2 – 8, 2022",1641081600,24,1.08
custom dining chair,6,False,"Jan 2 – 8, 2022",1641081600,0,0.0
accent chair,6,False,"Jan 2 – 8, 2022",1641081600,4,0.18
custom accent chair,6,False,"Jan 2 – 8, 2022",1641081600,0,0.0
bench,6,False,"Jan 2 – 8, 2022",1641081600,54,2.4301
dining table,6,True,"Jan 9 – 15, 2022",1641686400,23,1.035
custom dining chair,6,False,"Jan 9 – 15, 2022",1641686400,0,0.0
accent chair,6,False,"Jan 9 – 15, 2022",1641686400,3,0.135
custom accent chair,6,False,"Jan 9 – 15, 2022",1641686400,0,0.0
bench,6,False,"Jan 9 – 15, 2022",1641686400,53,2.3851
dining table,6,True,"Jan 16 – 22, 2022",1642291200,23,1.035
custom dining chair,6,False,"Jan 16 – 22, 2022",1642291200,0,0.0
accent chair,6,False,"Jan 16 – 22, 2022",1642291200,3,0.135
custom accent chair,6,False,"Jan 16 – 22, 2022",1642291200,0,0.0
bench,6,False,"Jan 16 – 22, 2022",1642291200,52,2.3401
dining table,6,True,"Jan 23 – 29, 2022",1642896000,23,1.035
custom dining chair,6,False,"Jan 23 – 29, 2022",1642896000,0,0.0
accent chair,6,False,"Jan 23 – 29, 2022",1642896000,3,0.135
custom accent chair,6,False,"Jan 23 – 29, 2022",1642896000,0,0.0
bench,6,False,"Jan 23 – 29, 2022",1642896000,54,2.4301
dining table,6,True,"Jan 30 – Feb 5, 2022",1643500800,23,1.035
custom dining chair,6,False,"Jan 30 – Feb 5, 2022",1643500800,0,0.0
accent chair,6,False,"Jan 30 – Feb 5, 2022",1643500800,3,0.135
custom accent chair,6,False,"Jan 30 – Feb 5, 2022",1643500800,0,0.0
bench,6,False,"Jan 30 – Feb 5, 2022",1643500800,57,2.5651
dining table,6,True,"Feb 6 – 12, 2022",1644105600,23,1.035
custom dining chair,6,False,"Feb 6 – 12, 2022",1644105600,0,0.0
accent chair,6,False,"Feb 6 – 12, 2022",1644105600,3,0.135
custom accent chair,6,False,"Feb 6 – 12, 2022",1644105600,0,0.0
bench,6,False,"Feb 6 – 12, 2022",1644105600,60,2.7001
dining table,6,True,"Feb 13 – 19, 2022",1644710400,22,0.99
custom dining chair,6,False,"Feb 13 – 19, 2022",1644710400,0,0.0
accent chair,6,False,"Feb 13 – 19, 2022",1644710400,3,0.135
custom accent chair,6,False,"Feb 13 – 19, 2022",1644710400,0,0.0
bench,6,False,"Feb 13 – 19, 2022",1644710400,53,2.3851
dining table,6,True,"Feb 20 – 26, 2022",1645315200,25,1.125
custom dining chair,6,False,"Feb 20 – 26, 2022",1645315200,0,0.0
accent chair,6,False,"Feb 20 – 26, 2022",1645315200,3,0.135
custom accent chair,6,False,"Feb 20 – 26, 2022",1645315200,0,0.0
bench,6,False,"Feb 20 – 26, 2022",1645315200,54,2.4301
dining table,6,True,"Feb 27 – Mar 5, 2022",1645920000,23,1.035
custom dining chair,6,False,"Feb 27 – Mar 5, 2022",1645920000,0,0.0
accent chair,6,False,"Feb 27 – Mar 5, 2022",1645920000,3,0.135
custom accent chair,6,False,"Feb 27 – Mar 5, 2022",1645920000,0,0.0
bench,6,False,"Feb 27 – Mar 5, 2022",1645920000,54,2.4301
dining table,6,True,"Mar 6 – 12, 2022",1646524800,24,1.08
custom dining chair,6,False,"Mar 6 – 12, 2022",1646524800,0,0.0
accent chair,6,False,"Mar 6 – 12, 2022",1646524800,3,0.135
custom accent chair,6,False,"Mar 6 – 12, 2022",1646524800,0,0.0
bench,6,False,"Mar 6 – 12, 2022",1646524800,56,2.5201
dining table,6,True,"Mar 13 – 19, 2022",1647129600,24,1.08
custom dining chair,6,False,"Mar 13 – 19, 2022",1647129600,0,0.0
accent chair,6,False,"Mar 13 – 19, 2022",1647129600,3,0.135
custom accent chair,6,False,"Mar 13 – 19, 2022",1647129600,0,0.0
bench,6,False,"Mar 13 – 19, 2022",1647129600,55,2.4751
dining table,6,True,"Mar 20 – 26, 2022",1647734400,23,1.035
custom dining chair,6,False,"Mar 20 – 26, 2022",1647734400,0,0.0
accent chair,6,False,"Mar 20 – 26, 2022",1647734400,3,0.135
custom accent chair,6,False,"Mar 20 – 26, 2022",1647734400,0,0.0
bench,6,False,"Mar 20 – 26, 2022",1647734400,58,2.6101
dining table,6,True,"Mar 27 – Apr 2, 2022",1648339200,23,1.035
custom dining chair,6,False,"Mar 27 – Apr 2, 2022",1648339200,0,0.0
accent chair,6,False,"Mar 27 – Apr 2, 2022",1648339200,3,0.135
custom accent chair,6,False,"Mar 27 – Apr 2, 2022",1648339200,0,0.0
bench,6,False,"Mar 27 – Apr 2, 2022",1648339200,53,2.3851
dining table,6,True,"Apr 3 – 9, 2022",1648944000,22,0.99
custom dining chair,6,False,"Apr 3 – 9, 2022",1648944000,0,0.0
accent chair,6,False,"Apr 3 – 9, 2022",1648944000,3,0.135
custom accent chair,6,False,"Apr 3 – 9, 2022",1648944000,0,0.0
bench,6,False,"Apr 3 – 9, 2022",1648944000,55,2.4751
dining table,6,True,"Apr 10 – 16, 2022",1649548800,21,0.945
custom dining chair,6,False,"Apr 10 – 16, 2022",1649548800,0,0.0
accent chair,6,False,"Apr 10 – 16, 2022",1649548800,2,0.09
custom accent chair,6,False,"Apr 10 – 16, 2022",1649548800,0,0.0
bench,6,False,"Apr 10 – 16, 2022",1649548800,53,2.3851
dining table,6,True,"Apr 17 – 23, 2022",1650153600,23,1.035
custom dining chair,6,False,"Apr 17 – 23, 2022",1650153600,0,0.0
accent chair,6,False,"Apr 17 – 23, 2022",1650153600,2,0.09
custom accent chair,6,False,"Apr 17 – 23, 2022",1650153600,0,0.0
bench,6,False,"Apr 17 – 23, 2022",1650153600,53,2.3851
dining table,6,True,"Apr 24 – 30, 2022",1650758400,23,1.035
custom dining chair,6,False,"Apr 24 – 30, 2022",1650758400,0,0.0
accent chair,6,False,"Apr 24 – 30, 2022",1650758400,3,0.135
custom accent chair,6,False,"Apr 24 – 30, 2022",1650758400,0,0.0
bench,6,False,"Apr 24 – 30, 2022",1650758400,52,2.3401
dining table,6,True,"May 1 – 7, 2022",1651363200,21,0.945
custom dining chair,6,False,"May 1 – 7, 2022",1651363200,0,0.0
accent chair,6,False,"May 1 – 7, 2022",1651363200,2,0.09
custom accent chair,6,False,"May 1 – 7, 2022",1651363200,0,0.0
bench,6,False,"May 1 – 7, 2022",1651363200,53,2.3851
dining table,6,True,"May 8 – 14, 2022",1651968000,21,0.945
custom dining chair,6,False,"May 8 – 14, 2022",1651968000,0,0.0
accent chair,6,False,"May 8 – 14, 2022",1651968000,2,0.09
custom accent chair,6,False,"May 8 – 14, 2022",1651968000,0,0.0
bench,6,False,"May 8 – 14, 2022",1651968000,52,2.3401
dining table,6,True,"May 15 – 21, 2022",1652572800,20,0.9
custom dining chair,6,False,"May 15 – 21, 2022",1652572800,0,0.0
accent chair,6,False,"May 15 – 21, 2022",1652572800,2,0.09
custom accent chair,6,False,"May 15 – 21, 2022",1652572800,0,0.0
bench,6,False,"May 15 – 21, 2022",1652572800,50,2.2501
dining table,6,True,"May 22 – 28, 2022",1653177600,21,0.945
custom dining chair,6,False,"May 22 – 28, 2022",1653177600,0,0.0
accent chair,6,False,"May 22 – 28, 2022",1653177600,2,0.09
custom accent chair,6,False,"May 22 – 28, 2022",1653177600,0,0.0
bench,6,False,"May 22 – 28, 2022",1653177600,51,2.2951
dining table,6,True,"May 29 – Jun 4, 2022",1653782400,22,0.99
custom dining chair,6,False,"May 29 – Jun 4, 2022",1653782400,0,0.0
accent chair,6,False,"May 29 – Jun 4, 2022",1653782400,2,0.09
custom accent chair,6,False,"May 29 – Jun 4, 2022",1653782400,0,0.0
bench,6,False,"May 29 – Jun 4, 2022",1653782400,52,2.3401
dining table,6,True,"Jun 5 – 11, 2022",1654387200,21,0.945
custom dining chair,6,False,"Jun 5 – 11, 2022",1654387200,0,0.0
accent chair,6,False,"Jun 5 – 11, 2022",1654387200,2,0.09
custom accent chair,6,False,"Jun 5 – 11, 2022",1654387200,0,0.0
bench,6,False,"Jun 5 – 11, 2022",1654387200,51,2.2951
dining table,6,True,"Jun 12 – 18, 2022",1654992000,20,0.9
custom dining chair,6,False,"Jun 12 – 18, 2022",1654992000,0,0.0
accent chair,6,False,"Jun 12 – 18, 2022",1654992000,2,0.09
custom accent chair,6,False,"Jun 12 – 18, 2022",1654992000,0,0.0
bench,6,False,"Jun 12 – 18, 2022",1654992000,50,2.2501
dining table,6,True,"Jun 19 – 25, 2022",1655596800,21,0.945
custom dining chair,6,False,"Jun 19 – 25, 2022",1655596800,0,0.0
accent chair,6,False,"Jun 19 – 25, 2022",1655596800,2,0.09
custom accent chair,6,False,"Jun 19 – 25, 2022",1655596800,0,0.0
bench,6,False,"Jun 19 – 25, 2022",1655596800,54,2.4301
dining table,6,True,"Jun 26 – Jul 2, 2022",1656201600,21,0.945
custom dining chair,6,False,"Jun 26 – Jul 2, 2022",1656201600,0,0.0
accent chair,6,False,"Jun 26 – Jul 2, 2022",1656201600,2,0.09
custom accent chair,6,False,"Jun 26 – Jul 2, 2022",1656201600,0,0.0
bench,6,False,"Jun 26 – Jul 2, 2022",1656201600,51,2.2951
dining table,6,True,"Jul 3 – 9, 2022",1656806400,21,0.945
custom dining chair,6,False,"Jul 3 – 9, 2022",1656806400,0,0.0
accent chair,6,False,"Jul 3 – 9, 2022",1656806400,3,0.135
custom accent chair,6,False,"Jul 3 – 9, 2022",1656806400,0,0.0
bench,6,False,"Jul 3 – 9, 2022",1656806400,52,2.3401
dining table,6,True,"Jul 10 – 16, 2022",1657411200,21,0.945
custom dining chair,6,False,"Jul 10 – 16, 2022",1657411200,0,0.0
accent chair,6,False,"Jul 10 – 16, 2022",1657411200,3,0.135
custom accent chair,6,False,"Jul 10 – 16, 2022",1657411200,0,0.0
bench,6,False,"Jul 10 – 16, 2022",1657411200,53,2.3851
dining table,6,True,"Jul 17 – 23, 2022",1658016000,22,0.99
custom dining chair,6,False,"Jul 17 – 23, 2022",1658016000,0,0.0
accent chair,6,False,"Jul 17 – 23, 2022",1658016000,3,0.135
custom accent chair,6,False,"Jul 17 – 23, 2022",1658016000,0,0.0
bench,6,False,"Jul 17 – 23, 2022",1658016000,53,2.3851
dining table,6,True,"Jul 24 – 30, 2022",1658620800,21,0.945
custom dining chair,6,False,"Jul 24 – 30, 2022",1658620800,0,0.0
accent chair,6,False,"Jul 24 – 30, 2022",1658620800,3,0.135
custom accent chair,6,False,"Jul 24 – 30, 2022",1658620800,0,0.0
bench,6,False,"Jul 24 – 30, 2022",1658620800,51,2.2951
dining table,6,True,"Jul 31 – Aug 6, 2022",1659225600,22,0.99
custom dining chair,6,False,"Jul 31 – Aug 6, 2022",1659225600,0,0.0
accent chair,6,False,"Jul 31 – Aug 6, 2022",1659225600,3,0.135
custom accent chair,6,False,"Jul 31 – Aug 6, 2022",1659225600,0,0.0
bench,6,False,"Jul 31 – Aug 6, 2022",1659225600,51,2.2951
dining table,6,True,"Aug 7 – 13, 2022",1659830400,22,0.99
custom dining chair,6,False,"Aug 7 – 13, 2022",1659830400,0,0.0
accent chair,6,False,"Aug 7 – 13, 2022",1659830400,3,0.135
custom accent chair,6,False,"Aug 7 – 13, 2022",1659830400,0,0.0
bench,6,False,"Aug 7 – 13, 2022",1659830400,50,2.2501
dining table,6,True,"Aug 14 – 20, 2022",1660435200,21,0.945
custom dining chair,6,False,"Aug 14 – 20, 2022",1660435200,0,0.0
accent chair,6,False,"Aug 14 – 20, 2022",1660435200,3,0.135
custom accent chair,6,False,"Aug 14 – 20, 2022",1660435200,0,0.0
bench,6,False,"Aug 14 – 20, 2022",1660435200,51,2.2951
dining table,6,True,"Aug 21 – 27, 2022",1661040000,21,0.945
custom dining chair,6,False,"Aug 21 – 27, 2022",1661040000,0,0.0
accent chair,6,False,"Aug 21 – 27, 2022",1661040000,3,0.135
custom accent chair,6,False,"Aug 21 – 27, 2022",1661040000,0,0.0
bench,6,False,"Aug 21 – 27, 2022",1661040000,50,2.2501
dining table,6,True,"Aug 28 – Sep 3, 2022",1661644800,21,0.945
custom dining chair,6,False,"Aug 28 – Sep 3, 2022",1661644800,0,0.0
accent chair,6,False,"Aug 28 – Sep 3, 2022",1661644800,3,0.135
custom accent chair,6,False,"Aug 28 – Sep 3, 2022",1661644800,0,0.0
bench,6,False,"Aug 28 – Sep 3, 2022",1661644800,49,2.2051
dining table,6,True,"Sep 4 – 10, 2022",1662249600,23,1.035
custom dining chair,6,False,"Sep 4 – 10, 2022",1662249600,0,0.0
accent chair,6,False,"Sep 4 – 10, 2022",1662249600,3,0.135
custom accent chair,6,False,"Sep 4 – 10, 2022",1662249600,0,0.0
bench,6,False,"Sep 4 – 10, 2022",1662249600,50,2.2501
dining table,6,True,"Sep 11 – 17, 2022",1662854400,20,0.9
custom dining chair,6,False,"Sep 11 – 17, 2022",1662854400,0,0.0
accent chair,6,False,"Sep 11 – 17, 2022",1662854400,2,0.09
custom accent chair,6,False,"Sep 11 – 17, 2022",1662854400,0,0.0
bench,6,False,"Sep 11 – 17, 2022",1662854400,46,2.0701
dining table,6,True,"Sep 18 – 24, 2022",1663459200,19,0.855
custom dining chair,6,False,"Sep 18 – 24, 2022",1663459200,0,0.0
accent chair,6,False,"Sep 18 – 24, 2022",1663459200,2,0.09
custom accent chair,6,False,"Sep 18 – 24, 2022",1663459200,0,0.0
bench,6,False,"Sep 18 – 24, 2022",1663459200,45,2.0251
dining table,6,True,"Sep 25 – Oct 1, 2022",1664064000,18,0.81
custom dining chair,6,False,"Sep 25 – Oct 1, 2022",1664064000,0,0.0
accent chair,6,False,"Sep 25 – Oct 1, 2022",1664064000,2,0.09
custom accent chair,6,False,"Sep 25 – Oct 1, 2022",1664064000,0,0.0
bench,6,False,"Sep 25 – Oct 1, 2022",1664064000,46,2.0701
dining table,6,True,"Oct 2 – 8, 2022",1664668800,18,0.81
custom dining chair,6,False,"Oct 2 – 8, 2022",1664668800,0,0.0
accent chair,6,False,"Oct 2 – 8, 2022",1664668800,2,0.09
custom accent chair,6,False,"Oct 2 – 8, 2022",1664668800,0,0.0
bench,6,False,"Oct 2 – 8, 2022",1664668800,46,2.0701
dining table,6,True,"Oct 9 – 15, 2022",1665273600,20,0.9
custom dining chair,6,False,"Oct 9 – 15, 2022",1665273600,0,0.0
accent chair,6,False,"Oct 9 – 15, 2022",1665273600,3,0.135
custom accent chair,6,False,"Oct 9 – 15, 2022",1665273600,0,0.0
bench,6,False,"Oct 9 – 15, 2022",1665273600,45,2.0251
dining table,6,True,"Oct 16 – 22, 2022",1665878400,19,0.855
custom dining chair,6,False,"Oct 16 – 22, 2022",1665878400,0,0.0
accent chair,6,False,"Oct 16 – 22, 2022",1665878400,3,0.135
custom accent chair,6,False,"Oct 16 – 22, 2022",1665878400,0,0.0
bench,6,False,"Oct 16 – 22, 2022",1665878400,47,2.1151
dining table,6,True,"Oct 23 – 29, 2022",1666483200,19,0.855
custom dining chair,6,False,"Oct 23 – 29, 2022",1666483200,0,0.0
accent chair,6,False,"Oct 23 – 29, 2022",1666483200,2,0.09
custom accent chair,6,False,"Oct 23 – 29, 2022",1666483200,0,0.0
bench,6,False,"Oct 23 – 29, 2022",1666483200,47,2.1151
dining table,6,True,"Oct 30 – Nov 5, 2022",1667088000,20,0.9
custom dining chair,6,False,"Oct 30 – Nov 5, 2022",1667088000,0,0.0
accent chair,6,False,"Oct 30 – Nov 5, 2022",1667088000,2,0.09
custom accent chair,6,False,"Oct 30 – Nov 5, 2022",1667088000,0,0.0
bench,6,False,"Oct 30 – Nov 5, 2022",1667088000,49,2.2051
dining table,6,True,"Nov 6 – 12, 2022",1667692800,22,0.99
custom dining chair,6,False,"Nov 6 – 12, 2022",1667692800,0,0.0
accent chair,6,False,"Nov 6 – 12, 2022",1667692800,3,0.135
custom accent chair,6,False,"Nov 6 – 12, 2022",1667692800,0,0.0
bench,6,False,"Nov 6 – 12, 2022",1667692800,48,2.1601
dining table,6,True,"Nov 13 – 19, 2022",1668297600,22,0.99
custom dining chair,6,False,"Nov 13 – 19, 2022",1668297600,0,0.0
accent chair,6,False,"Nov 13 – 19, 2022",1668297600,3,0.135
custom accent chair,6,False,"Nov 13 – 19, 2022",1668297600,0,0.0
bench,6,False,"Nov 13 – 19, 2022",1668297600,47,2.1151
dining table,6,True,"Nov 20 – 26, 2022",1668902400,25,1.125
custom dining chair,6,False,"Nov 20 – 26, 2022",1668902400,0,0.0
accent chair,6,False,"Nov 20 – 26, 2022",1668902400,3,0.135
custom accent chair,6,False,"Nov 20 – 26, 2022",1668902400,0,0.0
bench,6,False,"Nov 20 – 26, 2022",1668902400,49,2.2051
dining table,6,True,"Nov 27 – Dec 3, 2022",1669507200,19,0.855
custom dining chair,6,False,"Nov 27 – Dec 3, 2022",1669507200,0,0.0
accent chair,6,False,"Nov 27 – Dec 3, 2022",1669507200,3,0.135
custom accent chair,6,False,"Nov 27 – Dec 3, 2022",1669507200,0,0.0
bench,6,False,"Nov 27 – Dec 3, 2022",1669507200,48,2.1601
dining table,6,True,"Dec 4 – 10, 2022",1670112000,17,0.765
custom dining chair,6,False,"Dec 4 – 10, 2022",1670112000,0,0.0
accent chair,6,False,"Dec 4 – 10, 2022",1670112000,2,0.09
custom accent chair,6,False,"Dec 4 – 10, 2022",1670112000,0,0.0
bench,6,False,"Dec 4 – 10, 2022",1670112000,49,2.2051
dining table,6,True,"Dec 11 – 17, 2022",1670716800,17,0.765
custom dining chair,6,False,"Dec 11 – 17, 2022",1670716800,0,0.0
accent chair,6,False,"Dec 11 – 17, 2022",1670716800,2,0.09
custom accent chair,6,False,"Dec 11 – 17, 2022",1670716800,0,0.0
bench,6,False,"Dec 11 – 17, 2022",1670716800,49,2.2051
dining table,6,True,"Dec 18 – 24, 2022",1671321600,16,0.72
custom dining chair,6,False,"Dec 18 – 24, 2022",1671321600,0,0.0
accent chair,6,False,"Dec 18 – 24, 2022",1671321600,2,0.09
custom accent chair,6,False,"Dec 18 – 24, 2022",1671321600,0,0.0
bench,6,False,"Dec 18 – 24, 2022",1671321600,42,1.8901
dining table,6,True,"Dec 25 – 31, 2022",1671926400,22,0.99
custom dining chair,6,False,"Dec 25 – 31, 2022",1671926400,0,0.0
accent chair,6,False,"Dec 25 – 31, 2022",1671926400,3,0.135
custom accent chair,6,False,"Dec 25 – 31, 2022",1671926400,0,0.0
bench,6,False,"Dec 25 – 31, 2022",1671926400,48,2.1601
dining table,6,True,"Jan 1 – 7, 2023",1672531200,20,0.9
custom dining chair,6,False,"Jan 1 – 7, 2023",1672531200,0,0.0
accent chair,6,False,"Jan 1 – 7, 2023",1672531200,3,0.135
custom accent chair,6,False,"Jan 1 – 7, 2023",1672531200,0,0.0
bench,6,False,"Jan 1 – 7, 2023",1672531200,52,2.3401
dining table,6,True,"Jan 8 – 14, 2023",1673136000,20,0.9
custom dining chair,6,False,"Jan 8 – 14, 2023",1673136000,0,0.0
accent chair,6,False,"Jan 8 – 14, 2023",1673136000,3,0.135
custom accent chair,6,False,"Jan 8 – 14, 2023",1673136000,0,0.0
bench,6,False,"Jan 8 – 14, 2023",1673136000,51,2.2951
dining table,6,True,"Jan 15 – 21, 2023",1673740800,20,0.9
custom dining chair,6,False,"Jan 15 – 21, 2023",1673740800,0,0.0
accent chair,6,False,"Jan 15 – 21, 2023",1673740800,3,0.135
custom accent chair,6,False,"Jan 15 – 21, 2023",1673740800,0,0.0
bench,6,False,"Jan 15 – 21, 2023",1673740800,54,2.4301
dining table,6,True,"Jan 22 – 28, 2023",1674345600,20,0.9
custom dining chair,6,False,"Jan 22 – 28, 2023",1674345600,0,0.0
accent chair,6,False,"Jan 22 – 28, 2023",1674345600,3,0.135
custom accent chair,6,False,"Jan 22 – 28, 2023",1674345600,0,0.0
bench,6,False,"Jan 22 – 28, 2023",1674345600,52,2.3401
dining table,6,True,"Jan 29 – Feb 4, 2023",1674950400,19,0.855
custom dining chair,6,False,"Jan 29 – Feb 4, 2023",1674950400,0,0.0
accent chair,6,False,"Jan 29 – Feb 4, 2023",1674950400,3,0.135
custom accent chair,6,False,"Jan 29 – Feb 4, 2023",1674950400,0,0.0
bench,6,False,"Jan 29 – Feb 4, 2023",1674950400,52,2.3401
dining table,6,True,"Feb 5 – 11, 2023",1675555200,19,0.855
custom dining chair,6,False,"Feb 5 – 11, 2023",1675555200,0,0.0
accent chair,6,False,"Feb 5 – 11, 2023",1675555200,3,0.135
custom accent chair,6,False,"Feb 5 – 11, 2023",1675555200,0,0.0
bench,6,False,"Feb 5 – 11, 2023",1675555200,53,2.3851
dining table,6,True,"Feb 12 – 18, 2023",1676160000,18,0.81
custom dining chair,6,False,"Feb 12 – 18, 2023",1676160000,0,0.0
accent chair,6,False,"Feb 12 – 18, 2023",1676160000,2,0.09
custom accent chair,6,False,"Feb 12 – 18, 2023",1676160000,0,0.0
bench,6,False,"Feb 12 – 18, 2023",1676160000,50,2.2501
dining table,6,True,"Feb 19 – 25, 2023",1676764800,21,0.945
custom dining chair,6,False,"Feb 19 – 25, 2023",1676764800,0,0.0
accent chair,6,False,"Feb 19 – 25, 2023",1676764800,3,0.135
custom accent chair,6,False,"Feb 19 – 25, 2023",1676764800,0,0.0
bench,6,False,"Feb 19 – 25, 2023",1676764800,51,2.2951
dining table,6,True,"Feb 26 – Mar 4, 2023",1677369600,19,0.855
custom dining chair,6,False,"Feb 26 – Mar 4, 2023",1677369600,0,0.0
accent chair,6,False,"Feb 26 – Mar 4, 2023",1677369600,2,0.09
custom accent chair,6,False,"Feb 26 – Mar 4, 2023",1677369600,0,0.0
bench,6,False,"Feb 26 – Mar 4, 2023",1677369600,51,2.2951
dining table,6,True,"Mar 5 – 11, 2023",1677974400,19,0.855
custom dining chair,6,False,"Mar 5 – 11, 2023",1677974400,0,0.0
accent chair,6,False,"Mar 5 – 11, 2023",1677974400,2,0.09
custom accent chair,6,False,"Mar 5 – 11, 2023",1677974400,0,0.0
bench,6,False,"Mar 5 – 11, 2023",1677974400,54,2.4301
dining table,6,True,"Mar 12 – 18, 2023",1678579200,20,0.9
custom dining chair,6,False,"Mar 12 – 18, 2023",1678579200,0,0.0
accent chair,6,False,"Mar 12 – 18, 2023",1678579200,2,0.09
custom accent chair,6,False,"Mar 12 – 18, 2023",1678579200,0,0.0
bench,6,False,"Mar 12 – 18, 2023",1678579200,51,2.2951
dining table,6,True,"Mar 19 – 25, 2023",1679184000,20,0.9
custom dining chair,6,False,"Mar 19 – 25, 2023",1679184000,0,0.0
accent chair,6,False,"Mar 19 – 25, 2023",1679184000,3,0.135
custom accent chair,6,False,"Mar 19 – 25, 2023",1679184000,0,0.0
bench,6,False,"Mar 19 – 25, 2023",1679184000,52,2.3401
dining table,6,True,"Mar 26 – Apr 1, 2023",1679788800,20,0.9
custom dining chair,6,False,"Mar 26 – Apr 1, 2023",1679788800,0,0.0
accent chair,6,False,"Mar 26 – Apr 1, 2023",1679788800,2,0.09
custom accent chair,6,False,"Mar 26 – Apr 1, 2023",1679788800,0,0.0
bench,6,False,"Mar 26 – Apr 1, 2023",1679788800,53,2.3851
dining table,6,True,"Apr 2 – 8, 2023",1680393600,18,0.81
custom dining chair,6,False,"Apr 2 – 8, 2023",1680393600,0,0.0
accent chair,6,False,"Apr 2 – 8, 2023",1680393600,2,0.09
custom accent chair,6,False,"Apr 2 – 8, 2023",1680393600,0,0.0
bench,6,False,"Apr 2 – 8, 2023",1680393600,50,2.2501
dining table,6,True,"Apr 9 – 15, 2023",1680998400,19,0.855
custom dining chair,6,False,"Apr 9 – 15, 2023",1680998400,0,0.0
accent chair,6,False,"Apr 9 – 15, 2023",1680998400,2,0.09
custom accent chair,6,False,"Apr 9 – 15, 2023",1680998400,0,0.0
bench,6,False,"Apr 9 – 15, 2023",1680998400,52,2.3401
dining table,6,True,"Apr 16 – 22, 2023",1681603200,19,0.855
custom dining chair,6,False,"Apr 16 – 22, 2023",1681603200,0,0.0
accent chair,6,False,"Apr 16 – 22, 2023",1681603200,2,0.09
custom accent chair,6,False,"Apr 16 – 22, 2023",1681603200,0,0.0
bench,6,False,"Apr 16 – 22, 2023",1681603200,52,2.3401
dining table,6,True,"Apr 23 – 29, 2023",1682208000,20,0.9
custom dining chair,6,False,"Apr 23 – 29, 2023",1682208000,0,0.0
accent chair,6,False,"Apr 23 – 29, 2023",1682208000,2,0.09
custom accent chair,6,False,"Apr 23 – 29, 2023",1682208000,0,0.0
bench,6,False,"Apr 23 – 29, 2023",1682208000,53,2.3851
dining table,6,True,"Apr 30 – May 6, 2023",1682812800,18,0.81
custom dining chair,6,False,"Apr 30 – May 6, 2023",1682812800,0,0.0
accent chair,6,False,"Apr 30 – May 6, 2023",1682812800,2,0.09
custom accent chair,6,False,"Apr 30 – May 6, 2023",1682812800,0,0.0
bench,6,False,"Apr 30 – May 6, 2023",1682812800,51,2.2951
dining table,6,True,"May 7 – 13, 2023",1683417600,19,0.855
custom dining chair,6,False,"May 7 – 13, 2023",1683417600,0,0.0
accent chair,6,False,"May 7 – 13, 2023",1683417600,2,0.09
custom accent chair,6,False,"May 7 – 13, 2023",1683417600,0,0.0
bench,6,False,"May 7 – 13, 2023",1683417600,51,2.2951
dining table,6,True,"May 14 – 20, 2023",1684022400,19,0.855
custom dining chair,6,False,"May 14 – 20, 2023",1684022400,0,0.0
accent chair,6,False,"May 14 – 20, 2023",1684022400,2,0.09
custom accent chair,6,False,"May 14 – 20, 2023",1684022400,0,0.0
bench,6,False,"May 14 – 20, 2023",1684022400,51,2.2951
dining table,6,True,"May 21 – 27, 2023",1684627200,20,0.9
custom dining chair,6,False,"May 21 – 27, 2023",1684627200,0,0.0
accent chair,6,False,"May 21 – 27, 2023",1684627200,2,0.09
custom accent chair,6,False,"May 21 – 27, 2023",1684627200,0,0.0
bench,6,False,"May 21 – 27, 2023",1684627200,51,2.2951
dining table,6,True,"May 28 – Jun 3, 2023",1685232000,21,0.945
custom dining chair,6,False,"May 28 – Jun 3, 2023",1685232000,0,0.0
accent chair,6,False,"May 28 – Jun 3, 2023",1685232000,2,0.09
custom accent chair,6,False,"May 28 – Jun 3, 2023",1685232000,0,0.0
bench,6,False,"May 28 – Jun 3, 2023",1685232000,51,2.2951
dining table,6,True,"Jun 4 – 10, 2023",1685836800,19,0.855
custom dining chair,6,False,"Jun 4 – 10, 2023",1685836800,0,0.0
accent chair,6,False,"Jun 4 – 10, 2023",1685836800,2,0.09
custom accent chair,6,False,"Jun 4 – 10, 2023",1685836800,0,0.0
bench,6,False,"Jun 4 – 10, 2023",1685836800,51,2.2951
dining table,6,True,"Jun 11 – 17, 2023",1686441600,19,0.855
custom dining chair,6,False,"Jun 11 – 17, 2023",1686441600,0,0.0
accent chair,6,False,"Jun 11 – 17, 2023",1686441600,2,0.09
custom accent chair,6,False,"Jun 11 – 17, 2023",1686441600,0,0.0
bench,6,False,"Jun 11 – 17, 2023",1686441600,52,2.3401
dining table,6,True,"Jun 18 – 24, 2023",1687046400,21,0.945
custom dining chair,6,False,"Jun 18 – 24, 2023",1687046400,0,0.0
accent chair,6,False,"Jun 18 – 24, 2023",1687046400,2,0.09
custom accent chair,6,False,"Jun 18 – 24, 2023",1687046400,0,0.0
bench,6,False,"Jun 18 – 24, 2023",1687046400,50,2.2501
dining table,6,True,"Jun 25 – Jul 1, 2023",1687651200,21,0.945
custom dining chair,6,False,"Jun 25 – Jul 1, 2023",1687651200,0,0.0
accent chair,6,False,"Jun 25 – Jul 1, 2023",1687651200,2,0.09
custom accent chair,6,False,"Jun 25 – Jul 1, 2023",1687651200,0,0.0
bench,6,False,"Jun 25 – Jul 1, 2023",1687651200,52,2.3401
dining table,6,True,"Jul 2 – 8, 2023",1688256000,22,0.99
custom dining chair,6,False,"Jul 2 – 8, 2023",1688256000,0,0.0
accent chair,6,False,"Jul 2 – 8, 2023",1688256000,3,0.135
custom accent chair,6,False,"Jul 2 – 8, 2023",1688256000,0,0.0
bench,6,False,"Jul 2 – 8, 2023",1688256000,52,2.3401
dining table,6,True,"Jul 9 – 15, 2023",1688860800,19,0.855
custom dining chair,6,False,"Jul 9 – 15, 2023",1688860800,0,0.0
accent chair,6,False,"Jul 9 – 15, 2023",1688860800,3,0.135
custom accent chair,6,False,"Jul 9 – 15, 2023",1688860800,0,0.0
bench,6,False,"Jul 9 – 15, 2023",1688860800,51,2.2951
dining table,6,True,"Jul 16 – 22, 2023",1689465600,19,0.855
custom dining chair,6,False,"Jul 16 – 22, 2023",1689465600,0,0.0
accent chair,6,False,"Jul 16 – 22, 2023",1689465600,2,0.09
custom accent chair,6,False,"Jul 16 – 22, 2023",1689465600,0,0.0
bench,6,False,"Jul 16 – 22, 2023",1689465600,54,2.4301
dining table,6,True,"Jul 23 – 29, 2023",1690070400,19,0.855
custom dining chair,6,False,"Jul 23 – 29, 2023",1690070400,0,0.0
accent chair,6,False,"Jul 23 – 29, 2023",1690070400,2,0.09
custom accent chair,6,False,"Jul 23 – 29, 2023",1690070400,0,0.0
bench,6,False,"Jul 23 – 29, 2023",1690070400,49,2.2051
dining table,6,True,"Jul 30 – Aug 5, 2023",1690675200,19,0.855
custom dining chair,6,False,"Jul 30 – Aug 5, 2023",1690675200,0,0.0
accent chair,6,False,"Jul 30 – Aug 5, 2023",1690675200,2,0.09
custom accent chair,6,False,"Jul 30 – Aug 5, 2023",1690675200,0,0.0
bench,6,False,"Jul 30 – Aug 5, 2023",1690675200,48,2.1601
dining table,6,True,"Aug 6 – 12, 2023",1691280000,19,0.855
custom dining chair,6,False,"Aug 6 – 12, 2023",1691280000,0,0.0
accent chair,6,False,"Aug 6 – 12, 2023",1691280000,3,0.135
custom accent chair,6,False,"Aug 6 – 12, 2023",1691280000,0,0.0
bench,6,False,"Aug 6 – 12, 2023",1691280000,49,2.2051
dining table,6,True,"Aug 13 – 19, 2023",1691884800,19,0.855
custom dining chair,6,False,"Aug 13 – 19, 2023",1691884800,0,0.0
accent chair,6,False,"Aug 13 – 19, 2023",1691884800,3,0.135
custom accent chair,6,False,"Aug 13 – 19, 2023",1691884800,0,0.0
bench,6,False,"Aug 13 – 19, 2023",1691884800,46,2.0701
dining table,6,True,"Aug 20 – 26, 2023",1692489600,19,0.855
custom dining chair,6,False,"Aug 20 – 26, 2023",1692489600,0,0.0
accent chair,6,False,"Aug 20 – 26, 2023",1692489600,2,0.09
custom accent chair,6,False,"Aug 20 – 26, 2023",1692489600,0,0.0
bench,6,False,"Aug 20 – 26, 2023",1692489600,47,2.1151
dining table,6,True,"Aug 27 – Sep 2, 2023",1693094400,19,0.855
custom dining chair,6,False,"Aug 27 – Sep 2, 2023",1693094400,0,0.0
accent chair,6,False,"Aug 27 – Sep 2, 2023",1693094400,2,0.09
custom accent chair,6,False,"Aug 27 – Sep 2, 2023",1693094400,0,0.0
bench,6,False,"Aug 27 – Sep 2, 2023",1693094400,48,2.1601
dining table,6,True,"Sep 3 – 9, 2023",1693699200,22,0.99
custom dining chair,6,False,"Sep 3 – 9, 2023",1693699200,0,0.0
accent chair,6,False,"Sep 3 – 9, 2023",1693699200,3,0.135
custom accent chair,6,False,"Sep 3 – 9, 2023",1693699200,0,0.0
bench,6,False,"Sep 3 – 9, 2023",1693699200,49,2.2051
dining table,6,True,"Sep 10 – 16, 2023",1694304000,17,0.765
custom dining chair,6,False,"Sep 10 – 16, 2023",1694304000,0,0.0
accent chair,6,False,"Sep 10 – 16, 2023",1694304000,2,0.09
custom accent chair,6,False,"Sep 10 – 16, 2023",1694304000,0,0.0
bench,6,False,"Sep 10 – 16, 2023",1694304000,48,2.1601
dining table,6,True,"Sep 17 – 23, 2023",1694908800,18,0.81
custom dining chair,6,False,"Sep 17 – 23, 2023",1694908800,0,0.0
accent chair,6,False,"Sep 17 – 23, 2023",1694908800,2,0.09
custom accent chair,6,False,"Sep 17 – 23, 2023",1694908800,0,0.0
bench,6,False,"Sep 17 – 23, 2023",1694908800,47,2.1151
dining table,6,True,"Sep 24 – 30, 2023",1695513600,19,0.855
custom dining chair,6,False,"Sep 24 – 30, 2023",1695513600,0,0.0
accent chair,6,False,"Sep 24 – 30, 2023",1695513600,2,0.09
custom accent chair,6,False,"Sep 24 – 30, 2023",1695513600,0,0.0
bench,6,False,"Sep 24 – 30, 2023",1695513600,45,2.0251
dining table,6,True,"Oct 1 – 7, 2023",1696118400,18,0.81
custom dining chair,6,False,"Oct 1 – 7, 2023",1696118400,0,0.0
accent chair,6,False,"Oct 1 – 7, 2023",1696118400,2,0.09
custom accent chair,6,False,"Oct 1 – 7, 2023",1696118400,0,0.0
bench,6,False,"Oct 1 – 7, 2023",1696118400,47,2.1151
dining table,6,True,"Oct 8 – 14, 2023",1696723200,18,0.81
custom dining chair,6,False,"Oct 8 – 14, 2023",1696723200,0,0.0
accent chair,6,False,"Oct 8 – 14, 2023",1696723200,2,0.09
custom accent chair,6,False,"Oct 8 – 14, 2023",1696723200,0,0.0
bench,6,False,"Oct 8 – 14, 2023",1696723200,45,2.0251
dining table,6,True,"Oct 15 – 21, 2023",1697328000,19,0.855
custom dining chair,6,False,"Oct 15 – 21, 2023",1697328000,0,0.0
accent chair,6,False,"Oct 15 – 21, 2023",1697328000,2,0.09
custom accent chair,6,False,"Oct 15 – 21, 2023",1697328000,0,0.0
bench,6,False,"Oct 15 – 21, 2023",1697328000,46,2.0701
dining table,6,True,"Oct 22 – 28, 2023",1697932800,19,0.855
custom dining chair,6,False,"Oct 22 – 28, 2023",1697932800,0,0.0
accent chair,6,False,"Oct 22 – 28, 2023",1697932800,2,0.09
custom accent chair,6,False,"Oct 22 – 28, 2023",1697932800,0,0.0
bench,6,False,"Oct 22 – 28, 2023",1697932800,44,1.9801
dining table,6,True,"Oct 29 – Nov 4, 2023",1698537600,19,0.855
custom dining chair,6,False,"Oct 29 – Nov 4, 2023",1698537600,0,0.0
accent chair,6,False,"Oct 29 – Nov 4, 2023",1698537600,2,0.09
custom accent chair,6,False,"Oct 29 – Nov 4, 2023",1698537600,0,0.0
bench,6,False,"Oct 29 – Nov 4, 2023",1698537600,44,1.9801
dining table,6,True,"Nov 5 – 11, 2023",1699142400,21,0.945
custom dining chair,6,False,"Nov 5 – 11, 2023",1699142400,0,0.0
accent chair,6,False,"Nov 5 – 11, 2023",1699142400,3,0.135
custom accent chair,6,False,"Nov 5 – 11, 2023",1699142400,0,0.0
bench,6,False,"Nov 5 – 11, 2023",1699142400,49,2.2051
dining table,6,True,"Nov 12 – 18, 2023",1699747200,22,0.99
custom dining chair,6,False,"Nov 12 – 18, 2023",1699747200,0,0.0
accent chair,6,False,"Nov 12 – 18, 2023",1699747200,3,0.135
custom accent chair,6,False,"Nov 12 – 18, 2023",1699747200,0,0.0
bench,6,False,"Nov 12 – 18, 2023",1699747200,51,2.2951
dining table,6,True,"Nov 19 – 25, 2023",1700352000,26,1.17
custom dining chair,6,False,"Nov 19 – 25, 2023",1700352000,0,0.0
accent chair,6,False,"Nov 19 – 25, 2023",1700352000,4,0.18
custom accent chair,6,False,"Nov 19 – 25, 2023",1700352000,0,0.0
bench,6,False,"Nov 19 – 25, 2023",1700352000,51,2.2951
dining table,6,True,"Nov 26 – Dec 2, 2023",1700956800,20,0.9
custom dining chair,6,False,"Nov 26 – Dec 2, 2023",1700956800,0,0.0
accent chair,6,False,"Nov 26 – Dec 2, 2023",1700956800,3,0.135
custom accent chair,6,False,"Nov 26 – Dec 2, 2023",1700956800,0,0.0
bench,6,False,"Nov 26 – Dec 2, 2023",1700956800,51,2.2951
dining table,6,True,"Dec 3 – 9, 2023",1701561600,18,0.81
custom dining chair,6,False,"Dec 3 – 9, 2023",1701561600,0,0.0
accent chair,6,False,"Dec 3 – 9, 2023",1701561600,2,0.09
custom accent chair,6,False,"Dec 3 – 9, 2023",1701561600,0,0.0
bench,6,False,"Dec 3 – 9, 2023",1701561600,53,2.3851
dining table,6,True,"Dec 10 – 16, 2023",1702166400,17,0.765
custom dining chair,6,False,"Dec 10 – 16, 2023",1702166400,0,0.0
accent chair,6,False,"Dec 10 – 16, 2023",1702166400,2,0.09
custom accent chair,6,False,"Dec 10 – 16, 2023",1702166400,0,0.0
bench,6,False,"Dec 10 – 16, 2023",1702166400,51,2.2951
dining table,6,True,"Dec 17 – 23, 2023",1702771200,16,0.72
custom dining chair,6,False,"Dec 17 – 23, 2023",1702771200,0,0.0
accent chair,6,False,"Dec 17 – 23, 2023",1702771200,2,0.09
custom accent chair,6,False,"Dec 17 – 23, 2023",1702771200,0,0.0
bench,6,False,"Dec 17 – 23, 2023",1702771200,46,2.0701
dining table,6,True,"Dec 24 – 30, 2023",1703376000,20,0.9
custom dining chair,6,False,"Dec 24 – 30, 2023",1703376000,0,0.0
accent chair,6,False,"Dec 24 – 30, 2023",1703376000,3,0.135
custom accent chair,6,False,"Dec 24 – 30, 2023",1703376000,0,0.0
bench,6,False,"Dec 24 – 30, 2023",1703376000,52,2.3401
dining table,6,True,"Dec 31, 2023 – Jan 6, 2024",1703980800,22,0.99
custom dining chair,6,False,"Dec 31, 2023 – Jan 6, 2024",1703980800,0,0.0
accent chair,6,False,"Dec 31, 2023 – Jan 6, 2024",1703980800,3,0.135
custom accent chair,6,False,"Dec 31, 2023 – Jan 6, 2024",1703980800,0,0.0
bench,6,False,"Dec 31, 2023 – Jan 6, 2024",1703980800,52,2.3401
dining table,6,True,"Jan 7 – 13, 2024",1704585600,19,0.855
custom dining chair,6,False,"Jan 7 – 13, 2024",1704585600,0,0.0
accent chair,6,False,"Jan 7 – 13, 2024",1704585600,3,0.135
custom accent chair,6,False,"Jan 7 – 13, 2024",1704585600,0,0.0
bench,6,False,"Jan 7 – 13, 2024",1704585600,48,2.1601
dining table,6,True,"Jan 14 – 20, 2024",1705190400,19,0.855
custom dining chair,6,False,"Jan 14 – 20, 2024",1705190400,0,0.0
accent chair,6,False,"Jan 14 – 20, 2024",1705190400,3,0.135
custom accent chair,6,False,"Jan 14 – 20, 2024",1705190400,0,0.0
bench,6,False,"Jan 14 – 20, 2024",1705190400,48,2.1601
dining table,6,True,"Jan 21 – 27, 2024",1705795200,20,0.9
custom dining chair,6,False,"Jan 21 – 27, 2024",1705795200,0,0.0
accent chair,6,False,"Jan 21 – 27, 2024",1705795200,3,0.135
custom accent chair,6,False,"Jan 21 – 27, 2024",1705795200,0,0.0
bench,6,False,"Jan 21 – 27, 2024",1705795200,52,2.3401
dining table,6,True,"Jan 28 – Feb 3, 2024",1706400000,19,0.855
custom dining chair,6,False,"Jan 28 – Feb 3, 2024",1706400000,0,0.0
accent chair,6,False,"Jan 28 – Feb 3, 2024",1706400000,3,0.135
custom accent chair,6,False,"Jan 28 – Feb 3, 2024",1706400000,0,0.0
bench,6,False,"Jan 28 – Feb 3, 2024",1706400000,48,2.1601
dining table,6,True,"Feb 4 – 10, 2024",1707004800,18,0.81
custom dining chair,6,False,"Feb 4 – 10, 2024",1707004800,0,0.0
accent chair,6,False,"Feb 4 – 10, 2024",1707004800,3,0.135
custom accent chair,6,False,"Feb 4 – 10, 2024",1707004800,0,0.0
bench,6,False,"Feb 4 – 10, 2024",1707004800,50,2.2501
dining table,6,True,"Feb 11 – 17, 2024",1707609600,18,0.81
custom dining chair,6,False,"Feb 11 – 17, 2024",1707609600,0,0.0
accent chair,6,False,"Feb 11 – 17, 2024",1707609600,2,0.09
custom accent chair,6,False,"Feb 11 – 17, 2024",1707609600,0,0.0
bench,6,False,"Feb 11 – 17, 2024",1707609600,48,2.1601
dining table,6,True,"Feb 18 – 24, 2024",1708214400,20,0.9
custom dining chair,6,False,"Feb 18 – 24, 2024",1708214400,0,0.0
accent chair,6,False,"Feb 18 – 24, 2024",1708214400,3,0.135
custom accent chair,6,False,"Feb 18 – 24, 2024",1708214400,0,0.0
bench,6,False,"Feb 18 – 24, 2024",1708214400,51,2.2951
dining table,6,True,"Feb 25 – Mar 2, 2024",1708819200,19,0.855
custom dining chair,6,False,"Feb 25 – Mar 2, 2024",1708819200,0,0.0
accent chair,6,False,"Feb 25 – Mar 2, 2024",1708819200,2,0.09
custom accent chair,6,False,"Feb 25 – Mar 2, 2024",1708819200,0,0.0
bench,6,False,"Feb 25 – Mar 2, 2024",1708819200,53,2.3851
dining table,6,True,"Mar 3 – 9, 2024",1709424000,19,0.855
custom dining chair,6,False,"Mar 3 – 9, 2024",1709424000,0,0.0
accent chair,6,False,"Mar 3 – 9, 2024",1709424000,3,0.135
custom accent chair,6,False,"Mar 3 – 9, 2024",1709424000,0,0.0
bench,6,False,"Mar 3 – 9, 2024",1709424000,53,2.3851
dining table,6,True,"Mar 10 – 16, 2024",1710028800,19,0.855
custom dining chair,6,False,"Mar 10 – 16, 2024",1710028800,0,0.0
accent chair,6,False,"Mar 10 – 16, 2024",1710028800,2,0.09
custom accent chair,6,False,"Mar 10 – 16, 2024",1710028800,0,0.0
bench,6,False,"Mar 10 – 16, 2024",1710028800,53,2.3851
dining table,6,True,"Mar 17 – 23, 2024",1710633600,19,0.855
custom dining chair,6,False,"Mar 17 – 23, 2024",1710633600,0,0.0
accent chair,6,False,"Mar 17 – 23, 2024",1710633600,3,0.135
custom accent chair,6,False,"Mar 17 – 23, 2024",1710633600,0,0.0
bench,6,False,"Mar 17 – 23, 2024",1710633600,51,2.2951
dining table,6,True,"Mar 24 – 30, 2024",1711238400,19,0.855
custom dining chair,6,False,"Mar 24 – 30, 2024",1711238400,0,0.0
accent chair,6,False,"Mar 24 – 30, 2024",1711238400,3,0.135
custom accent chair,6,False,"Mar 24 – 30, 2024",1711238400,0,0.0
bench,6,False,"Mar 24 – 30, 2024",1711238400,52,2.3401
dining table,6,True,"Mar 31 – Apr 6, 2024",1711843200,17,0.765
custom dining chair,6,False,"Mar 31 – Apr 6, 2024",1711843200,0,0.0
accent chair,6,False,"Mar 31 – Apr 6, 2024",1711843200,3,0.135
custom accent chair,6,False,"Mar 31 – Apr 6, 2024",1711843200,0,0.0
bench,6,False,"Mar 31 – Apr 6, 2024",1711843200,51,2.2951
dining table,6,True,"Apr 7 – 13, 2024",1712448000,18,0.81
custom dining chair,6,False,"Apr 7 – 13, 2024",1712448000,0,0.0
accent chair,6,False,"Apr 7 – 13, 2024",1712448000,2,0.09
custom accent chair,6,False,"Apr 7 – 13, 2024",1712448000,0,0.0
bench,6,False,"Apr 7 – 13, 2024",1712448000,48,2.1601
dining table,6,True,"Apr 14 – 20, 2024",1713052800,17,0.765
custom dining chair,6,False,"Apr 14 – 20, 2024",1713052800,0,0.0
accent chair,6,False,"Apr 14 – 20, 2024",1713052800,2,0.09
custom accent chair,6,False,"Apr 14 – 20, 2024",1713052800,0,0.0
bench,6,False,"Apr 14 – 20, 2024",1713052800,51,2.2951
dining table,6,True,"Apr 21 – 27, 2024",1713657600,19,0.855
custom dining chair,6,False,"Apr 21 – 27, 2024",1713657600,0,0.0
accent chair,6,False,"Apr 21 – 27, 2024",1713657600,2,0.09
custom accent chair,6,False,"Apr 21 – 27, 2024",1713657600,0,0.0
bench,6,False,"Apr 21 – 27, 2024",1713657600,53,2.3851
dining table,6,True,"Apr 28 – May 4, 2024",1714262400,19,0.855
custom dining chair,6,False,"Apr 28 – May 4, 2024",1714262400,0,0.0
accent chair,6,False,"Apr 28 – May 4, 2024",1714262400,2,0.09
custom accent chair,6,False,"Apr 28 – May 4, 2024",1714262400,0,0.0
bench,6,False,"Apr 28 – May 4, 2024",1714262400,51,2.2951
dining table,6,True,"May 5 – 11, 2024",1714867200,18,0.81
custom dining chair,6,False,"May 5 – 11, 2024",1714867200,0,0.0
accent chair,6,False,"May 5 – 11, 2024",1714867200,2,0.09
custom accent chair,6,False,"May 5 – 11, 2024",1714867200,0,0.0
bench,6,False,"May 5 – 11, 2024",1714867200,51,2.2951
dining table,6,True,"May 12 – 18, 2024",1715472000,18,0.81
custom dining chair,6,False,"May 12 – 18, 2024",1715472000,0,0.0
accent chair,6,False,"May 12 – 18, 2024",1715472000,2,0.09
custom accent chair,6,False,"May 12 – 18, 2024",1715472000,0,0.0
bench,6,False,"May 12 – 18, 2024",1715472000,47,2.1151
dining table,6,True,"May 19 – 25, 2024",1716076800,19,0.855
custom dining chair,6,False,"May 19 – 25, 2024",1716076800,0,0.0
accent chair,6,False,"May 19 – 25, 2024",1716076800,3,0.135
custom accent chair,6,False,"May 19 – 25, 2024",1716076800,0,0.0
bench,6,False,"May 19 – 25, 2024",1716076800,51,2.2951
dining table,6,True,"May 26 – Jun 1, 2024",1716681600,20,0.9
custom dining chair,6,False,"May 26 – Jun 1, 2024",1716681600,0,0.0
accent chair,6,False,"May 26 – Jun 1, 2024",1716681600,2,0.09
custom accent chair,6,False,"May 26 – Jun 1, 2024",1716681600,0,0.0
bench,6,False,"May 26 – Jun 1, 2024",1716681600,50,2.2501
dining table,6,True,"Jun 2 – 8, 2024",1717286400,18,0.81
custom dining chair,6,False,"Jun 2 – 8, 2024",1717286400,0,0.0
accent chair,6,False,"Jun 2 – 8, 2024",1717286400,2,0.09
custom accent chair,6,False,"Jun 2 – 8, 2024",1717286400,0,0.0
bench,6,False,"Jun 2 – 8, 2024",1717286400,55,2.4751
dining table,6,True,"Jun 9 – 15, 2024",1717891200,19,0.855
custom dining chair,6,False,"Jun 9 – 15, 2024",1717891200,0,0.0
accent chair,6,False,"Jun 9 – 15, 2024",1717891200,2,0.09
custom accent chair,6,False,"Jun 9 – 15, 2024",1717891200,0,0.0
bench,6,False,"Jun 9 – 15, 2024",1717891200,50,2.2501
dining table,6,True,"Jun 16 – 22, 2024",1718496000,19,0.855
custom dining chair,6,False,"Jun 16 – 22, 2024",1718496000,0,0.0
accent chair,6,False,"Jun 16 – 22, 2024",1718496000,2,0.09
custom accent chair,6,False,"Jun 16 – 22, 2024",1718496000,0,0.0
bench,6,False,"Jun 16 – 22, 2024",1718496000,49,2.2051
dining table,6,True,"Jun 23 – 29, 2024",1719100800,19,0.855
custom dining chair,6,False,"Jun 23 – 29, 2024",1719100800,0,0.0
accent chair,6,False,"Jun 23 – 29, 2024",1719100800,2,0.09
custom accent chair,6,False,"Jun 23 – 29, 2024",1719100800,0,0.0
bench,6,False,"Jun 23 – 29, 2024",1719100800,49,2.2051
dining table,6,True,"Jun 30 – Jul 6, 2024",1719705600,22,0.99
custom dining chair,6,False,"Jun 30 – Jul 6, 2024",1719705600,0,0.0
accent chair,6,False,"Jun 30 – Jul 6, 2024",1719705600,3,0.135
custom accent chair,6,False,"Jun 30 – Jul 6, 2024",1719705600,0,0.0
bench,6,False,"Jun 30 – Jul 6, 2024",1719705600,47,2.1151
dining table,6,True,"Jul 7 – 13, 2024",1720310400,20,0.9
custom dining chair,6,False,"Jul 7 – 13, 2024",1720310400,0,0.0
accent chair,6,False,"Jul 7 – 13, 2024",1720310400,3,0.135
custom accent chair,6,False,"Jul 7 – 13, 2024",1720310400,0,0.0
bench,6,False,"Jul 7 – 13, 2024",1720310400,50,2.2501
dining table,6,True,"Jul 14 – 20, 2024",1720915200,18,0.81
custom dining chair,6,False,"Jul 14 – 20, 2024",1720915200,0,0.0
accent chair,6,False,"Jul 14 – 20, 2024",1720915200,3,0.135
custom accent chair,6,False,"Jul 14 – 20, 2024",1720915200,0,0.0
bench,6,False,"Jul 14 – 20, 2024",1720915200,47,2.1151
dining table,6,True,"Jul 21 – 27, 2024",1721520000,19,0.855
custom dining chair,6,False,"Jul 21 – 27, 2024",1721520000,0,0.0
accent chair,6,False,"Jul 21 – 27, 2024",1721520000,3,0.135
custom accent chair,6,False,"Jul 21 – 27, 2024",1721520000,0,0.0
bench,6,False,"Jul 21 – 27, 2024",1721520000,48,2.1601
dining table,6,True,"Jul 28 – Aug 3, 2024",1722124800,20,0.9
custom dining chair,6,False,"Jul 28 – Aug 3, 2024",1722124800,0,0.0
accent chair,6,False,"Jul 28 – Aug 3, 2024",1722124800,3,0.135
custom accent chair,6,False,"Jul 28 – Aug 3, 2024",1722124800,0,0.0
bench,6,False,"Jul 28 – Aug 3, 2024",1722124800,49,2.2051
dining table,6,True,"Aug 4 – 10, 2024",1722729600,20,0.9
custom dining chair,6,False,"Aug 4 – 10, 2024",1722729600,0,0.0
accent chair,6,False,"Aug 4 – 10, 2024",1722729600,3,0.135
custom accent chair,6,False,"Aug 4 – 10, 2024",1722729600,0,0.0
bench,6,False,"Aug 4 – 10, 2024",1722729600,47,2.1151
dining table,6,True,"Aug 11 – 17, 2024",1723334400,21,0.945
custom dining chair,6,False,"Aug 11 – 17, 2024",1723334400,0,0.0
accent chair,6,False,"Aug 11 – 17, 2024",1723334400,3,0.135
custom accent chair,6,False,"Aug 11 – 17, 2024",1723334400,0,0.0
bench,6,False,"Aug 11 – 17, 2024",1723334400,50,2.2501
dining table,6,True,"Aug 18 – 24, 2024",1723939200,21,0.945
custom dining chair,6,False,"Aug 18 – 24, 2024",1723939200,0,0.0
accent chair,6,False,"Aug 18 – 24, 2024",1723939200,3,0.135
custom accent chair,6,False,"Aug 18 – 24, 2024",1723939200,0,0.0
bench,6,False,"Aug 18 – 24, 2024",1723939200,46,2.0701
dining table,6,True,"Aug 25 – 31, 2024",1724544000,20,0.9
custom dining chair,6,False,"Aug 25 – 31, 2024",1724544000,0,0.0
accent chair,6,False,"Aug 25 – 31, 2024",1724544000,3,0.135
custom accent chair,6,False,"Aug 25 – 31, 2024",1724544000,0,0.0
bench,6,False,"Aug 25 – 31, 2024",1724544000,47,2.1151
dining table,6,True,"Sep 1 – 7, 2024",1725148800,21,0.945
custom dining chair,6,False,"Sep 1 – 7, 2024",1725148800,0,0.0
accent chair,6,False,"Sep 1 – 7, 2024",1725148800,3,0.135
custom accent chair,6,False,"Sep 1 – 7, 2024",1725148800,0,0.0
bench,6,False,"Sep 1 – 7, 2024",1725148800,51,2.2951
dining table,6,True,"Sep 8 – 14, 2024",1725753600,19,0.855
custom dining chair,6,False,"Sep 8 – 14, 2024",1725753600,0,0.0
accent chair,6,False,"Sep 8 – 14, 2024",1725753600,2,0.09
custom accent chair,6,False,"Sep 8 – 14, 2024",1725753600,0,0.0
bench,6,False,"Sep 8 – 14, 2024",1725753600,48,2.1601
dining table,6,True,"Sep 15 – 21, 2024",1726358400,18,0.81
custom dining chair,6,False,"Sep 15 – 21, 2024",1726358400,0,0.0
accent chair,6,False,"Sep 15 – 21, 2024",1726358400,2,0.09
custom accent chair,6,False,"Sep 15 – 21, 2024",1726358400,0,0.0
bench,6,False,"Sep 15 – 21, 2024",1726358400,48,2.1601
dining table,6,True,"Sep 22 – 28, 2024",1726963200,18,0.81
custom dining chair,6,False,"Sep 22 – 28, 2024",1726963200,0,0.0
accent chair,6,False,"Sep 22 – 28, 2024",1726963200,2,0.09
custom accent chair,6,False,"Sep 22 – 28, 2024",1726963200,0,0.0
bench,6,False,"Sep 22 – 28, 2024",1726963200,50,2.2501
dining table,6,True,"Sep 29 – Oct 5, 2024",1727568000,18,0.81
custom dining chair,6,False,"Sep 29 – Oct 5, 2024",1727568000,0,0.0
accent chair,6,False,"Sep 29 – Oct 5, 2024",1727568000,3,0.135
custom accent chair,6,False,"Sep 29 – Oct 5, 2024",1727568000,0,0.0
bench,6,False,"Sep 29 – Oct 5, 2024",1727568000,49,2.2051
dining table,6,True,"Oct 6 – 12, 2024",1728172800,18,0.81
custom dining chair,6,False,"Oct 6 – 12, 2024",1728172800,0,0.0
accent chair,6,False,"Oct 6 – 12, 2024",1728172800,2,0.09
custom accent chair,6,False,"Oct 6 – 12, 2024",1728172800,0,0.0
bench,6,False,"Oct 6 – 12, 2024",1728172800,45,2.0251
dining table,6,True,"Oct 13 – 19, 2024",1728777600,19,0.855
custom dining chair,6,False,"Oct 13 – 19, 2024",1728777600,0,0.0
accent chair,6,False,"Oct 13 – 19, 2024",1728777600,2,0.09
custom accent chair,6,False,"Oct 13 – 19, 2024",1728777600,0,0.0
bench,6,False,"Oct 13 – 19, 2024",1728777600,43,1.9351
dining table,6,True,"Oct 20 – 26, 2024",1729382400,19,0.855
custom dining chair,6,False,"Oct 20 – 26, 2024",1729382400,0,0.0
accent chair,6,False,"Oct 20 – 26, 2024",1729382400,2,0.09
custom accent chair,6,False,"Oct 20 – 26, 2024",1729382400,0,0.0
bench,6,False,"Oct 20 – 26, 2024",1729382400,46,2.0701
dining table,6,True,"Oct 27 – Nov 2, 2024",1729987200,19,0.855
custom dining chair,6,False,"Oct 27 – Nov 2, 2024",1729987200,0,0.0
accent chair,6,False,"Oct 27 – Nov 2, 2024",1729987200,2,0.09
custom accent chair,6,False,"Oct 27 – Nov 2, 2024",1729987200,0,0.0
bench,6,False,"Oct 27 – Nov 2, 2024",1729987200,45,2.0251
dining table,6,True,"Nov 3 – 9, 2024",1730592000,20,0.9
custom dining chair,6,False,"Nov 3 – 9, 2024",1730592000,0,0.0
accent chair,6,False,"Nov 3 – 9, 2024",1730592000,3,0.135
custom accent chair,6,False,"Nov 3 – 9, 2024",1730592000,0,0.0
bench,6,False,"Nov 3 – 9, 2024",1730592000,42,1.8901
dining table,6,True,"Nov 10 – 16, 2024",1731196800,22,0.99
custom dining chair,6,False,"Nov 10 – 16, 2024",1731196800,0,0.0
accent chair,6,False,"Nov 10 – 16, 2024",1731196800,3,0.135
custom accent chair,6,False,"Nov 10 – 16, 2024",1731196800,0,0.0
bench,6,False,"Nov 10 – 16, 2024",1731196800,48,2.1601
dining table,6,True,"Nov 17 – 23, 2024",1731801600,24,1.08
custom dining chair,6,False,"Nov 17 – 23, 2024",1731801600,0,0.0
accent chair,6,False,"Nov 17 – 23, 2024",1731801600,3,0.135
custom accent chair,6,False,"Nov 17 – 23, 2024",1731801600,0,0.0
bench,6,False,"Nov 17 – 23, 2024",1731801600,51,2.2951
dining table,6,True,"Nov 24 – 30, 2024",1732406400,25,1.125
custom dining chair,6,False,"Nov 24 – 30, 2024",1732406400,0,0.0
accent chair,6,False,"Nov 24 – 30, 2024",1732406400,3,0.135
custom accent chair,6,False,"Nov 24 – 30, 2024",1732406400,0,0.0
bench,6,False,"Nov 24 – 30, 2024",1732406400,50,2.2501
dining table,6,True,"Dec 1 – 7, 2024",1733011200,19,0.855
custom dining chair,6,False,"Dec 1 – 7, 2024",1733011200,0,0.0
accent chair,6,False,"Dec 1 – 7, 2024",1733011200,3,0.135
custom accent chair,6,False,"Dec 1 – 7, 2024",1733011200,0,0.0
bench,6,False,"Dec 1 – 7, 2024",1733011200,47,2.1151
dining table,6,True,"Dec 8 – 14, 2024",1733616000,17,0.765
custom dining chair,6,False,"Dec 8 – 14, 2024",1733616000,0,0.0
accent chair,6,False,"Dec 8 – 14, 2024",1733616000,2,0.09
custom accent chair,6,False,"Dec 8 – 14, 2024",1733616000,0,0.0
bench,6,False,"Dec 8 – 14, 2024",1733616000,47,2.1151
dining table,6,True,"Dec 15 – 21, 2024",1734220800,16,0.72
custom dining chair,6,False,"Dec 15 – 21, 2024",1734220800,0,0.0
accent chair,6,False,"Dec 15 – 21, 2024",1734220800,2,0.09
custom accent chair,6,False,"Dec 15 – 21, 2024",1734220800,0,0.0
bench,6,False,"Dec 15 – 21, 2024",1734220800,47,2.1151
dining table,6,True,"Dec 22 – 28, 2024",1734825600,20,0.9
custom dining chair,6,False,"Dec 22 – 28, 2024",1734825600,0,0.0
accent chair,6,False,"Dec 22 – 28, 2024",1734825600,3,0.135
custom accent chair,6,False,"Dec 22 – 28, 2024",1734825600,0,0.0
bench,6,False,"Dec 22 – 28, 2024",1734825600,50,2.2501
dining table,6,True,"Dec 29, 2024 – Jan 4, 2025",1735430400,24,1.08
custom dining chair,6,False,"Dec 29, 2024 – Jan 4, 2025",1735430400,0,0.0
accent chair,6,False,"Dec 29, 2024 – Jan 4, 2025",1735430400,4,0.18
custom accent chair,6,False,"Dec 29, 2024 – Jan 4, 2025",1735430400,0,0.0
bench,6,False,"Dec 29, 2024 – Jan 4, 2025",1735430400,55,2.4751
dining table,6,True,"Jan 5 – 11, 2025",1736035200,19,0.855
custom dining chair,6,False,"Jan 5 – 11, 2025",1736035200,0,0.0
accent chair,6,False,"Jan 5 – 11, 2025",1736035200,3,0.135
custom accent chair,6,False,"Jan 5 – 11, 2025",1736035200,0,0.0
bench,6,False,"Jan 5 – 11, 2025",1736035200,53,2.3851
dining table,6,True,"Jan 12 – 18, 2025",1736640000,19,0.855
custom dining chair,6,False,"Jan 12 – 18, 2025",1736640000,0,0.0
accent chair,6,False,"Jan 12 – 18, 2025",1736640000,3,0.135
custom accent chair,6,False,"Jan 12 – 18, 2025",1736640000,0,0.0
bench,6,False,"Jan 12 – 18, 2025",1736640000,53,2.3851
dining table,6,True,"Jan 19 – 25, 2025",1737244800,21,0.945
custom dining chair,6,False,"Jan 19 – 25, 2025",1737244800,0,0.0
accent chair,6,False,"Jan 19 – 25, 2025",1737244800,3,0.135
custom accent chair,6,False,"Jan 19 – 25, 2025",1737244800,0,0.0
bench,6,False,"Jan 19 – 25, 2025",1737244800,50,2.2501
dining table,6,True,"Jan 26 – Feb 1, 2025",1737849600,18,0.81
custom dining chair,6,False,"Jan 26 – Feb 1, 2025",1737849600,0,0.0
accent chair,6,False,"Jan 26 – Feb 1, 2025",1737849600,3,0.135
custom accent chair,6,False,"Jan 26 – Feb 1, 2025",1737849600,0,0.0
bench,6,False,"Jan 26 – Feb 1, 2025",1737849600,52,2.3401
dining table,6,True,"Feb 2 – 8, 2025",1738454400,19,0.855
custom dining chair,6,False,"Feb 2 – 8, 2025",1738454400,0,0.0
accent chair,6,False,"Feb 2 – 8, 2025",1738454400,3,0.135
custom accent chair,6,False,"Feb 2 – 8, 2025",1738454400,0,0.0
bench,6,False,"Feb 2 – 8, 2025",1738454400,50,2.2501
dining table,6,True,"Feb 9 – 15, 2025",1739059200,17,0.765
custom dining chair,6,False,"Feb 9 – 15, 2025",1739059200,0,0.0
accent chair,6,False,"Feb 9 – 15, 2025",1739059200,3,0.135
custom accent chair,6,False,"Feb 9 – 15, 2025",1739059200,0,0.0
bench,6,False,"Feb 9 – 15, 2025",1739059200,50,2.2501
dining table,6,True,"Feb 16 – 22, 2025",1739664000,20,0.9
custom dining chair,6,False,"Feb 16 – 22, 2025",1739664000,0,0.0
accent chair,6,False,"Feb 16 – 22, 2025",1739664000,3,0.135
custom accent chair,6,False,"Feb 16 – 22, 2025",1739664000,0,0.0
bench,6,False,"Feb 16 – 22, 2025",1739664000,52,2.3401
dining table,6,True,"Feb 23 – Mar 1, 2025",1740268800,20,0.9
custom dining chair,6,False,"Feb 23 – Mar 1, 2025",1740268800,0,0.0
accent chair,6,False,"Feb 23 – Mar 1, 2025",1740268800,3,0.135
custom accent chair,6,False,"Feb 23 – Mar 1, 2025",1740268800,0,0.0
bench,6,False,"Feb 23 – Mar 1, 2025",1740268800,53,2.3851
dining table,6,True,"Mar 2 – 8, 2025",1740873600,19,0.855
custom dining chair,6,False,"Mar 2 – 8, 2025",1740873600,0,0.0
accent chair,6,False,"Mar 2 – 8, 2025",1740873600,3,0.135
custom accent chair,6,False,"Mar 2 – 8, 2025",1740873600,0,0.0
bench,6,False,"Mar 2 – 8, 2025",1740873600,52,2.3401
dining table,6,True,"Mar 9 – 15, 2025",1741478400,20,0.9
custom dining chair,6,False,"Mar 9 – 15, 2025",1741478400,0,0.0
accent chair,6,False,"Mar 9 – 15, 2025",1741478400,3,0.135
custom accent chair,6,False,"Mar 9 – 15, 2025",1741478400,0,0.0
bench,6,False,"Mar 9 – 15, 2025",1741478400,53,2.3851
dining table,6,True,"Mar 16 – 22, 2025",1742083200,20,0.9
custom dining chair,6,False,"Mar 16 – 22, 2025",1742083200,0,0.0
accent chair,6,False,"Mar 16 – 22, 2025",1742083200,3,0.135
custom accent chair,6,False,"Mar 16 – 22, 2025",1742083200,0,0.0
bench,6,False,"Mar 16 – 22, 2025",1742083200,53,2.3851
dining table,6,True,"Mar 23 – 29, 2025",1742688000,19,0.855
custom dining chair,6,False,"Mar 23 – 29, 2025",1742688000,0,0.0
accent chair,6,False,"Mar 23 – 29, 2025",1742688000,2,0.09
custom accent chair,6,False,"Mar 23 – 29, 2025",1742688000,0,0.0
bench,6,False,"Mar 23 – 29, 2025",1742688000,54,2.4301
dining table,6,True,"Mar 30 – Apr 5, 2025",1743292800,19,0.855
custom dining chair,6,False,"Mar 30 – Apr 5, 2025",1743292800,0,0.0
accent chair,6,False,"Mar 30 – Apr 5, 2025",1743292800,3,0.135
custom accent chair,6,False,"Mar 30 – Apr 5, 2025",1743292800,0,0.0
bench,6,False,"Mar 30 – Apr 5, 2025",1743292800,54,2.4301
dining table,6,True,"Apr 6 – 12, 2025",1743897600,19,0.855
custom dining chair,6,False,"Apr 6 – 12, 2025",1743897600,0,0.0
accent chair,6,False,"Apr 6 – 12, 2025",1743897600,3,0.135
custom accent chair,6,False,"Apr 6 – 12, 2025",1743897600,0,0.0
bench,6,False,"Apr 6 – 12, 2025",1743897600,50,2.2501
dining table,6,True,"Apr 13 – 19, 2025",1744502400,19,0.855
custom dining chair,6,False,"Apr 13 – 19, 2025",1744502400,0,0.0
accent chair,6,False,"Apr 13 – 19, 2025",1744502400,2,0.09
custom accent chair,6,False,"Apr 13 – 19, 2025",1744502400,0,0.0
bench,6,False,"Apr 13 – 19, 2025",1744502400,48,2.1601
dining table,6,True,"Apr 20 – 26, 2025",1745107200,19,0.855
custom dining chair,6,False,"Apr 20 – 26, 2025",1745107200,0,0.0
accent chair,6,False,"Apr 20 – 26, 2025",1745107200,2,0.09
custom accent chair,6,False,"Apr 20 – 26, 2025",1745107200,0,0.0
bench,6,False,"Apr 20 – 26, 2025",1745107200,54,2.4301
dining table,6,True,"Apr 27 – May 3, 2025",1745712000,20,0.9
custom dining chair,6,False,"Apr 27 – May 3, 2025",1745712000,0,0.0
accent chair,6,False,"Apr 27 – May 3, 2025",1745712000,2,0.09
custom accent chair,6,False,"Apr 27 – May 3, 2025",1745712000,0,0.0
bench,6,False,"Apr 27 – May 3, 2025",1745712000,54,2.4301
dining table,6,True,"May 4 – 10, 2025",1746316800,20,0.9
custom dining chair,6,False,"May 4 – 10, 2025",1746316800,0,0.0
accent chair,6,False,"May 4 – 10, 2025",1746316800,2,0.09
custom accent chair,6,False,"May 4 – 10, 2025",1746316800,0,0.0
bench,6,False,"May 4 – 10, 2025",1746316800,56,2.5201
dining table,6,True,"May 11 – 17, 2025",1746921600,20,0.9
custom dining chair,6,False,"May 11 – 17, 2025",1746921600,0,0.0
accent chair,6,False,"May 11 – 17, 2025",1746921600,2,0.09
custom accent chair,6,False,"May 11 – 17, 2025",1746921600,0,0.0
bench,6,False,"May 11 – 17, 2025",1746921600,54,2.4301
dining table,6,True,"May 18 – 24, 2025",1747526400,19,0.855
custom dining chair,6,False,"May 18 – 24, 2025",1747526400,0,0.0
accent chair,6,False,"May 18 – 24, 2025",1747526400,2,0.09
custom accent chair,6,False,"May 18 – 24, 2025",1747526400,0,0.0
bench,6,False,"May 18 – 24, 2025",1747526400,52,2.3401
dining table,6,True,"May 25 – 31, 2025",1748131200,21,0.945
custom dining chair,6,False,"May 25 – 31, 2025",1748131200,0,0.0
accent chair,6,False,"May 25 – 31, 2025",1748131200,3,0.135
custom accent chair,6,False,"May 25 – 31, 2025",1748131200,0,0.0
bench,6,False,"May 25 – 31, 2025",1748131200,54,2.4301
dining table,6,True,"Jun 1 – 7, 2025",1748736000,19,0.855
custom dining chair,6,False,"Jun 1 – 7, 2025",1748736000,0,0.0
accent chair,6,False,"Jun 1 – 7, 2025",1748736000,2,0.09
custom accent chair,6,False,"Jun 1 – 7, 2025",1748736000,0,0.0
bench,6,False,"Jun 1 – 7, 2025",1748736000,56,2.5201
dining table,6,True,"Jun 8 – 14, 2025",1749340800,19,0.855
custom dining chair,6,False,"Jun 8 – 14, 2025",1749340800,0,0.0
accent chair,6,False,"Jun 8 – 14, 2025",1749340800,2,0.09
custom accent chair,6,False,"Jun 8 – 14, 2025",1749340800,0,0.0
bench,6,False,"Jun 8 – 14, 2025",1749340800,53,2.3851
dining table,6,True,"Jun 15 – 21, 2025",1749945600,20,0.9
custom dining chair,6,False,"Jun 15 – 21, 2025",1749945600,0,0.0
accent chair,6,False,"Jun 15 – 21, 2025",1749945600,2,0.09
custom accent chair,6,False,"Jun 15 – 21, 2025",1749945600,0,0.0
bench,6,False,"Jun 15 – 21, 2025",1749945600,53,2.3851
dining table,6,True,"Jun 22 – 28, 2025",1750550400,19,0.855
custom dining chair,6,False,"Jun 22 – 28, 2025",1750550400,0,0.0
accent chair,6,False,"Jun 22 – 28, 2025",1750550400,2,0.09
custom accent chair,6,False,"Jun 22 – 28, 2025",1750550400,0,0.0
bench,6,False,"Jun 22 – 28, 2025",1750550400,52,2.3401
dining table,6,True,"Jun 29 – Jul 5, 2025",1751155200,21,0.945
custom dining chair,6,False,"Jun 29 – Jul 5, 2025",1751155200,0,0.0
accent chair,6,False,"Jun 29 – Jul 5, 2025",1751155200,3,0.135
custom accent chair,6,False,"Jun 29 – Jul 5, 2025",1751155200,0,0.0
bench,6,False,"Jun 29 – Jul 5, 2025",1751155200,54,2.4301
dining table,6,True,"Jul 6 – 12, 2025",1751760000,22,0.99
custom dining chair,6,False,"Jul 6 – 12, 2025",1751760000,0,0.0
accent chair,6,False,"Jul 6 – 12, 2025",1751760000,3,0.135
custom accent chair,6,False,"Jul 6 – 12, 2025",1751760000,0,0.0
bench,6,False,"Jul 6 – 12, 2025",1751760000,55,2.4751
dining table,6,True,"Jul 13 – 19, 2025",1752364800,23,1.035
custom dining chair,6,False,"Jul 13 – 19, 2025",1752364800,0,0.0
accent chair,6,False,"Jul 13 – 19, 2025",1752364800,3,0.135
custom accent chair,6,False,"Jul 13 – 19, 2025",1752364800,0,0.0
bench,6,False,"Jul 13 – 19, 2025",1752364800,55,2.4751
dining table,6,True,"Jul 20 – 26, 2025",1752969600,21,0.945
custom dining chair,6,False,"Jul 20 – 26, 2025",1752969600,0,0.0
accent chair,6,False,"Jul 20 – 26, 2025",1752969600,3,0.135
custom accent chair,6,False,"Jul 20 – 26, 2025",1752969600,0,0.0
bench,6,False,"Jul 20 – 26, 2025",1752969600,60,2.7001
dining table,6,True,"Jul 27 – Aug 2, 2025",1753574400,22,0.99
custom dining chair,6,False,"Jul 27 – Aug 2, 2025",1753574400,0,0.0
accent chair,6,False,"Jul 27 – Aug 2, 2025",1753574400,3,0.135
custom accent chair,6,False,"Jul 27 – Aug 2, 2025",1753574400,0,0.0
bench,6,False,"Jul 27 – Aug 2, 2025",1753574400,61,2.7451
dining table,6,True,"Aug 3 – 9, 2025",1754179200,22,0.99
custom dining chair,6,False,"Aug 3 – 9, 2025",1754179200,0,0.0
accent chair,6,False,"Aug 3 – 9, 2025",1754179200,3,0.135
custom accent chair,6,False,"Aug 3 – 9, 2025",1754179200,0,0.0
bench,6,False,"Aug 3 – 9, 2025",1754179200,55,2.4751
dining table,6,True,"Aug 10 – 16, 2025",1754784000,21,0.945
custom dining chair,6,False,"Aug 10 – 16, 2025",1754784000,0,0.0
accent chair,6,False,"Aug 10 – 16, 2025",1754784000,3,0.135
custom accent chair,6,False,"Aug 10 – 16, 2025",1754784000,0,0.0
bench,6,False,"Aug 10 – 16, 2025",1754784000,52,2.3401
dining table,6,True,"Aug 17 – 23, 2025",1755388800,20,0.9
custom dining chair,6,False,"Aug 17 – 23, 2025",1755388800,0,0.0
accent chair,6,False,"Aug 17 – 23, 2025",1755388800,3,0.135
custom accent chair,6,False,"Aug 17 – 23, 2025",1755388800,0,0.0
bench,6,False,"Aug 17 – 23, 2025",1755388800,52,2.3401
dining table,6,True,"Aug 24 – 30, 2025",1755993600,21,0.945
custom dining chair,6,False,"Aug 24 – 30, 2025",1755993600,0,0.0
accent chair,6,False,"Aug 24 – 30, 2025",1755993600,3,0.135
custom accent chair,6,False,"Aug 24 – 30, 2025",1755993600,0,0.0
bench,6,False,"Aug 24 – 30, 2025",1755993600,56,2.5201
dining table,6,True,"Aug 31 – Sep 6, 2025",1756598400,23,1.035
custom dining chair,6,False,"Aug 31 – Sep 6, 2025",1756598400,0,0.0
accent chair,6,False,"Aug 31 – Sep 6, 2025",1756598400,3,0.135
custom accent chair,6,False,"Aug 31 – Sep 6, 2025",1756598400,0,0.0
bench,6,False,"Aug 31 – Sep 6, 2025",1756598400,57,2.5651
dining table,6,True,"Sep 7 – 13, 2025",1757203200,19,0.855
custom dining chair,6,False,"Sep 7 – 13, 2025",1757203200,0,0.0
accent chair,6,False,"Sep 7 – 13, 2025",1757203200,3,0.135
custom accent chair,6,False,"Sep 7 – 13, 2025",1757203200,0,0.0
bench,6,False,"Sep 7 – 13, 2025",1757203200,57,2.5651
dining table,6,True,"Sep 14 – 20, 2025",1757808000,18,0.81
custom dining chair,6,False,"Sep 14 – 20, 2025",1757808000,0,0.0
accent chair,6,False,"Sep 14 – 20, 2025",1757808000,3,0.135
custom accent chair,6,False,"Sep 14 – 20, 2025",1757808000,0,0.0
bench,6,False,"Sep 14 – 20, 2025",1757808000,57,2.5651
dining table,6,True,"Sep 21 – 27, 2025",1758412800,20,0.9
custom dining chair,6,False,"Sep 21 – 27, 2025",1758412800,0,0.0
accent chair,6,False,"Sep 21 – 27, 2025",1758412800,3,0.135
custom accent chair,6,False,"Sep 21 – 27, 2025",1758412800,0,0.0
bench,6,False,"Sep 21 – 27, 2025",1758412800,53,2.3851
dining table,6,True,"Sep 28 – Oct 4, 2025",1759017600,19,0.855
custom dining chair,6,False,"Sep 28 – Oct 4, 2025",1759017600,0,0.0
accent chair,6,False,"Sep 28 – Oct 4, 2025",1759017600,2,0.09
custom accent chair,6,False,"Sep 28 – Oct 4, 2025",1759017600,0,0.0
bench,6,False,"Sep 28 – Oct 4, 2025",1759017600,52,2.3401
dining table,6,True,"Oct 5 – 11, 2025",1759622400,19,0.855
custom dining chair,6,False,"Oct 5 – 11, 2025",1759622400,0,0.0
accent chair,6,False,"Oct 5 – 11, 2025",1759622400,2,0.09
custom accent chair,6,False,"Oct 5 – 11, 2025",1759622400,0,0.0
bench,6,False,"Oct 5 – 11, 2025",1759622400,48,2.1601
dining table,6,True,"Oct 12 – 18, 2025",1760227200,19,0.855
custom dining chair,6,False,"Oct 12 – 18, 2025",1760227200,0,0.0
accent chair,6,False,"Oct 12 – 18, 2025",1760227200,3,0.135
custom accent chair,6,False,"Oct 12 – 18, 2025",1760227200,0,0.0
bench,6,False,"Oct 12 – 18, 2025",1760227200,51,2.2951
dining table,6,True,"Oct 19 – 25, 2025",1760832000,19,0.855
custom dining chair,6,False,"Oct 19 – 25, 2025",1760832000,0,0.0
accent chair,6,False,"Oct 19 – 25, 2025",1760832000,3,0.135
custom accent chair,6,False,"Oct 19 – 25, 2025",1760832000,0,0.0
bench,6,False,"Oct 19 – 25, 2025",1760832000,51,2.2951
dining table,6,True,"Oct 26 – Nov 1, 2025",1761436800,19,0.855
custom dining chair,6,False,"Oct 26 – Nov 1, 2025",1761436800,0,0.0
accent chair,6,False,"Oct 26 – Nov 1, 2025",1761436800,3,0.135
custom accent chair,6,False,"Oct 26 – Nov 1, 2025",1761436800,0,0.0
bench,6,False,"Oct 26 – Nov 1, 2025",1761436800,52,2.3401
dining table,6,True,"Nov 2 – 8, 2025",1762041600,23,1.035
custom dining chair,6,False,"Nov 2 – 8, 2025",1762041600,0,0.0
accent chair,6,False,"Nov 2 – 8, 2025",1762041600,3,0.135
custom accent chair,6,False,"Nov 2 – 8, 2025",1762041600,0,0.0
bench,6,False,"Nov 2 – 8, 2025",1762041600,57,2.5651
dining table,6,True,"Nov 9 – 15, 2025",1762646400,24,1.08
custom dining chair,6,False,"Nov 9 – 15, 2025",1762646400,0,0.0
accent chair,6,False,"Nov 9 – 15, 2025",1762646400,3,0.135
custom accent chair,6,False,"Nov 9 – 15, 2025",1762646400,0,0.0
bench,6,False,"Nov 9 – 15, 2025",1762646400,57,2.5651
dining table,6,True,"Nov 16 – 22, 2025",1763251200,23,1.035
custom dining chair,6,False,"Nov 16 – 22, 2025",1763251200,0,0.0
accent chair,6,False,"Nov 16 – 22, 2025",1763251200,3,0.135
custom accent chair,6,False,"Nov 16 – 22, 2025",1763251200,0,0.0
bench,6,False,"Nov 16 – 22, 2025",1763251200,58,2.6101
dining table,6,True,"Nov 23 – 29, 2025",1763856000,27,1.215
custom dining chair,6,False,"Nov 23 – 29, 2025",1763856000,0,0.0
accent chair,6,False,"Nov 23 – 29, 2025",1763856000,3,0.135
custom accent chair,6,False,"Nov 23 – 29, 2025",1763856000,0,0.0
bench,6,False,"Nov 23 – 29, 2025",1763856000,56,2.5201
dining table,6,True,"Nov 30 – Dec 6, 2025",1764460800,21,0.945
custom dining chair,6,False,"Nov 30 – Dec 6, 2025",1764460800,0,0.0
accent chair,6,False,"Nov 30 – Dec 6, 2025",1764460800,3,0.135
custom accent chair,6,False,"Nov 30 – Dec 6, 2025",1764460800,0,0.0
bench,6,False,"Nov 30 – Dec 6, 2025",1764460800,60,2.7001
dining table,6,True,"Dec 7 – 13, 2025",1765065600,18,0.81
custom dining chair,6,False,"Dec 7 – 13, 2025",1765065600,0,0.0
accent chair,6,False,"Dec 7 – 13, 2025",1765065600,2,0.09
custom accent chair,6,False,"Dec 7 – 13, 2025",1765065600,0,0.0
bench,6,False,"Dec 7 – 13, 2025",1765065600,52,2.3401
dining table,6,True,"Dec 14 – 20, 2025",1765670400,16,0.72
custom dining chair,6,False,"Dec 14 – 20, 2025",1765670400,0,0.0
accent chair,6,False,"Dec 14 – 20, 2025",1765670400,2,0.09
custom accent chair,6,False,"Dec 14 – 20, 2025",1765670400,0,0.0
bench,6,False,"Dec 14 – 20, 2025",1765670400,54,2.4301
dining table,6,True,"Dec 21 – 27, 2025",1766275200,18,0.81
custom dining chair,6,False,"Dec 21 – 27, 2025",1766275200,0,0.0
accent chair,6,False,"Dec 21 – 27, 2025",1766275200,2,0.09
custom accent chair,6,False,"Dec 21 – 27, 2025",1766275200,0,0.0
bench,6,False,"Dec 21 – 27, 2025",1766275200,52,2.3401
dining table,6,True,"Dec 28, 2025 – Jan 3, 2026",1766880000,24,1.08
custom dining chair,6,False,"Dec 28, 2025 – Jan 3, 2026",1766880000,0,0.0
accent chair,6,False,"Dec 28, 2025 – Jan 3, 2026",1766880000,4,0.18
custom accent chair,6,False,"Dec 28, 2025 – Jan 3, 2026",1766880000,0,0.0
bench,6,False,"Dec 28, 2025 – Jan 3, 2026",1766880000,59,2.6551
dining table,6,True,"Jan 4 – 10, 2026",1767484800,20,0.9
custom dining chair,6,False,"Jan 4 – 10, 2026",1767484800,0,0.0
accent chair,6,False,"Jan 4 – 10, 2026",1767484800,3,0.135
custom accent chair,6,False,"Jan 4 – 10, 2026",1767484800,0,0.0
bench,6,False,"Jan 4 – 10, 2026",1767484800,61,2.7451
dining table,6,True,"Jan 11 – 17, 2026",1768089600,20,0.9
custom dining chair,6,False,"Jan 11 – 17, 2026",1768089600,0,0.0
accent chair,6,False,"Jan 11 – 17, 2026",1768089600,3,0.135
custom accent chair,6,False,"Jan 11 – 17, 2026",1768089600,0,0.0
bench,6,False,"Jan 11 – 17, 2026",1768089600,57,2.5651
dining table,6,True,"Jan 18 – 24, 2026",1768694400,19,0.855
custom dining chair,6,False,"Jan 18 – 24, 2026",1768694400,0,0.0
accent chair,6,False,"Jan 18 – 24, 2026",1768694400,3,0.135
custom accent chair,6,False,"Jan 18 – 24, 2026",1768694400,0,0.0
bench,6,False,"Jan 18 – 24, 2026",1768694400,59,2.6551
dining table,6,True,"Jan 25 – 31, 2026",1769299200,19,0.855
custom dining chair,6,False,"Jan 25 – 31, 2026",1769299200,0,0.0
accent chair,6,False,"Jan 25 – 31, 2026",1769299200,3,0.135
custom accent chair,6,False,"Jan 25 – 31, 2026",1769299200,0,0.0
bench,6,False,"Jan 25 – 31, 2026",1769299200,54,2.4301
dining table,6,True,"Feb 1 – 7, 2026",1769904000,19,0.855
custom dining chair,6,False,"Feb 1 – 7, 2026",1769904000,0,0.0
accent chair,6,False,"Feb 1 – 7, 2026",1769904000,3,0.135
custom accent chair,6,False,"Feb 1 – 7, 2026",1769904000,0,0.0
bench,6,False,"Feb 1 – 7, 2026",1769904000,61,2.7451
dining table,6,True,"Feb 8 – 14, 2026",1770508800,25,1.125
custom dining chair,6,False,"Feb 8 – 14, 2026",1770508800,0,0.0
accent chair,6,False,"Feb 8 – 14, 2026",1770508800,3,0.135
custom accent chair,6,False,"Feb 8 – 14, 2026",1770508800,0,0.0
bench,6,False,"Feb 8 – 14, 2026",1770508800,58,2.6101
dining table,6,True,"Feb 15 – 21, 2026",1771113600,27,1.215
custom dining chair,6,False,"Feb 15 – 21, 2026",1771113600,0,0.0
accent chair,6,False,"Feb 15 – 21, 2026",1771113600,4,0.18
custom accent chair,6,False,"Feb 15 – 21, 2026",1771113600,0,0.0
bench,6,False,"Feb 15 – 21, 2026",1771113600,64,2.8801
dining table,6,True,"Feb 22 – 28, 2026",1771718400,24,1.08
custom dining chair,6,False,"Feb 22 – 28, 2026",1771718400,0,0.0
accent chair,6,False,"Feb 22 – 28, 2026",1771718400,3,0.135
custom accent chair,6,False,"Feb 22 – 28, 2026",1771718400,0,0.0
bench,6,False,"Feb 22 – 28, 2026",1771718400,63,2.8351
dining table,6,True,"Mar 1 – 7, 2026",1772323200,21,0.945
custom dining chair,6,False,"Mar 1 – 7, 2026",1772323200,0,0.0
accent chair,6,False,"Mar 1 – 7, 2026",1772323200,3,0.135
custom accent chair,6,False,"Mar 1 – 7, 2026",1772323200,0,0.0
bench,6,False,"Mar 1 – 7, 2026",1772323200,62,2.7901
dining table,6,True,"Mar 8 – 14, 2026",1772928000,22,0.99
custom dining chair,6,False,"Mar 8 – 14, 2026",1772928000,0,0.0
accent chair,6,False,"Mar 8 – 14, 2026",1772928000,3,0.135
custom accent chair,6,False,"Mar 8 – 14, 2026",1772928000,0,0.0
bench,6,False,"Mar 8 – 14, 2026",1772928000,64,2.8801
dining table,6,True,"Mar 15 – 21, 2026",1773532800,24,1.08
custom dining chair,6,False,"Mar 15 – 21, 2026",1773532800,0,0.0
accent chair,6,False,"Mar 15 – 21, 2026",1773532800,4,0.18
custom accent chair,6,False,"Mar 15 – 21, 2026",1773532800,0,0.0
bench,6,False,"Mar 15 – 21, 2026",1773532800,61,2.7451
dining table,6,True,"Mar 22 – 28, 2026",1774137600,35,1.5751
custom dining chair,6,False,"Mar 22 – 28, 2026",1774137600,0,0.0
accent chair,6,False,"Mar 22 – 28, 2026",1774137600,7,0.315
custom accent chair,6,False,"Mar 22 – 28, 2026",1774137600,0,0.0
bench,6,False,"Mar 22 – 28, 2026",1774137600,71,3.1951
dining table,6,True,"Mar 29 – Apr 4, 2026",1774742400,59,2.6551
custom dining chair,6,False,"Mar 29 – Apr 4, 2026",1774742400,1,0.045
accent chair,6,False,"Mar 29 – Apr 4, 2026",1774742400,16,0.72
custom accent chair,6,False,"Mar 29 – Apr 4, 2026",1774742400,1,0.045
bench,6,False,"Mar 29 – Apr 4, 2026",1774742400,87,3.9151
dining table,6,True,"Apr 5 – 11, 2026",1775347200,75,3.3751
custom dining chair,6,False,"Apr 5 – 11, 2026",1775347200,1,0.045
accent chair,6,False,"Apr 5 – 11, 2026",1775347200,22,0.99
custom accent chair,6,False,"Apr 5 – 11, 2026",1775347200,1,0.045
bench,6,False,"Apr 5 – 11, 2026",1775347200,93,4.1852
dining table,6,True,"Apr 12 – 18, 2026",1775952000,78,3.5101
custom dining chair,6,False,"Apr 12 – 18, 2026",1775952000,1,0.045
accent chair,6,False,"Apr 12 – 18, 2026",1775952000,23,1.035
custom accent chair,6,False,"Apr 12 – 18, 2026",1775952000,1,0.045
bench,6,False,"Apr 12 – 18, 2026",1775952000,100,4.5002
dining table,6,True,"Apr 19 – 25, 2026",1776556800,70,3.1501
custom dining chair,6,False,"Apr 19 – 25, 2026",1776556800,1,0.045
accent chair,6,False,"Apr 19 – 25, 2026",1776556800,17,0.765
custom accent chair,6,False,"Apr 19 – 25, 2026",1776556800,1,0.045
bench,6,False,"Apr 19 – 25, 2026",1776556800,91,4.0952
dining table,6,True,"Apr 26 – May 2, 2026",1777161600,51,2.2951
custom dining chair,6,False,"Apr 26 – May 2, 2026",1777161600,1,0.045
accent chair,6,False,"Apr 26 – May 2, 2026",1777161600,14,0.63
custom accent chair,6,False,"Apr 26 – May 2, 2026",1777161600,1,0.045
bench,6,False,"Apr 26 – May 2, 2026",1777161600,81,3.6451
dining table,6,True,"May 3 – 9, 2026",1777766400,56,2.5201
custom dining chair,6,False,"May 3 – 9, 2026",1777766400,1,0.045
accent chair,6,False,"May 3 – 9, 2026",1777766400,14,0.63
custom accent chair,6,False,"May 3 – 9, 2026",1777766400,1,0.045
bench,6,False,"May 3 – 9, 2026",1777766400,79,3.5551
dining table,6,True,"May 10 – 16, 2026",1778371200,64,2.8801
custom dining chair,6,False,"May 10 – 16, 2026",1778371200,1,0.045
accent chair,6,False,"May 10 – 16, 2026",1778371200,17,0.765
custom accent chair,6,False,"May 10 – 16, 2026",1778371200,1,0.045
bench,6,False,"May 10 – 16, 2026",1778371200,84,3.7801
dining table,6,True,"May 17 – 23, 2026",1778976000,61,2.7451
custom dining chair,6,False,"May 17 – 23, 2026",1778976000,1,0.045
accent chair,6,False,"May 17 – 23, 2026",1778976000,16,0.72
custom accent chair,6,False,"May 17 – 23, 2026",1778976000,1,0.045
bench,6,False,"May 17 – 23, 2026",1778976000,95,4.2752
dining table,6,True,"May 24 – 30, 2026",1779580800,43,1.9351
custom dining chair,6,False,"May 24 – 30, 2026",1779580800,1,0.045
accent chair,6,False,"May 24 – 30, 2026",1779580800,9,0.405
custom accent chair,6,False,"May 24 – 30, 2026",1779580800,0,0.0
bench,6,False,"May 24 – 30, 2026",1779580800,79,3.5551
dining table,6,True,"May 31 – Jun 6, 2026",1780185600,41,1.8451
custom dining chair,6,False,"May 31 – Jun 6, 2026",1780185600,1,0.045
accent chair,6,False,"May 31 – Jun 6, 2026",1780185600,9,0.405
custom accent chair,6,False,"May 31 – Jun 6, 2026",1780185600,0,0.0
bench,6,False,"May 31 – Jun 6, 2026",1780185600,80,3.6001
dining table,6,True,"Jun 7 – 13, 2026",1780790400,47,2.1151
custom dining chair,6,False,"Jun 7 – 13, 2026",1780790400,1,0.045
accent chair,6,False,"Jun 7 – 13, 2026",1780790400,11,0.495
custom accent chair,6,False,"Jun 7 – 13, 2026",1780790400,1,0.045
bench,6,False,"Jun 7 – 13, 2026",1780790400,87,3.9151
dining table,6,True,"Jun 14 – 20, 2026",1781395200,43,1.9351
custom dining chair,6,False,"Jun 14 – 20, 2026",1781395200,1,0.045
accent chair,6,False,"Jun 14 – 20, 2026",1781395200,10,0.45
custom accent chair,6,False,"Jun 14 – 20, 2026",1781395200,1,0.045
bench,6,False,"Jun 14 – 20, 2026",1781395200,85,3.8251
dining table,6,True,"Jun 21 – 27, 2026",1782000000,42,1.8901
custom dining chair,6,False,"Jun 21 – 27, 2026",1782000000,1,0.045
accent chair,6,False,"Jun 21 – 27, 2026",1782000000,9,0.405
custom accent chair,6,False,"Jun 21 – 27, 2026",1782000000,0,0.0
bench,6,False,"Jun 21 – 27, 2026",1782000000,85,3.8251
dining table,6,True,"Jun 28 – Jul 4, 2026",1782604800,27,1.215
custom dining chair,6,False,"Jun 28 – Jul 4, 2026",1782604800,0,0.0
accent chair,6,False,"Jun 28 – Jul 4, 2026",1782604800,5,0.225
custom accent chair,6,False,"Jun 28 – Jul 4, 2026",1782604800,0,0.0
bench,6,False,"Jun 28 – Jul 4, 2026",1782604800,69,3.1051
dining table,6,True,"Jul 5 – 11, 2026",1783209600,26,1.17
custom dining chair,6,False,"Jul 5 – 11, 2026",1783209600,0,0.0
accent chair,6,False,"Jul 5 – 11, 2026",1783209600,4,0.18
custom accent chair,6,False,"Jul 5 – 11, 2026",1783209600,0,0.0
bench,6,False,"Jul 5 – 11, 2026",1783209600,68,3.0601
dining table,6,True,"Jul 12 – 18, 2026",1783814400,22,0.99
custom dining chair,6,False,"Jul 12 – 18, 2026",1783814400,0,0.0
accent chair,6,False,"Jul 12 – 18, 2026",1783814400,3,0.135
custom accent chair,6,False,"Jul 12 – 18, 2026",1783814400,0,0.0
bench,6,False,"Jul 12 – 18, 2026",1783814400,61,2.7451
dining table,6,True,"Jul 19 – 25, 2026",1784419200,21,0.945
custom dining chair,6,False,"Jul 19 – 25, 2026",1784419200,0,0.0
accent chair,6,False,"Jul 19 – 25, 2026",1784419200,3,0.135
custom accent chair,6,False,"Jul 19 – 25, 2026",1784419200,0,0.0
bench,6,False,"Jul 19 – 25, 2026",1784419200,60,2.7001
dining table,6,True,"Jul 26 – Aug 1, 2026",1785024000,22,0.99
custom dining chair,6,False,"Jul 26 – Aug 1, 2026",1785024000,0,0.0
accent chair,6,False,"Jul 26 – Aug 1, 2026",1785024000,3,0.135
custom accent chair,6,False,"Jul 26 – Aug 1, 2026",1785024000,0,0.0
bench,6,False,"Jul 26 – Aug 1, 2026",1785024000,60,2.7001
dining table,6,True,"Aug 2 – 8, 2026",1785628800,21,0.945
custom dining chair,6,False,"Aug 2 – 8, 2026",1785628800,0,0.0
accent chair,6,False,"Aug 2 – 8, 2026",1785628800,3,0.135
custom accent chair,6,False,"Aug 2 – 8, 2026",1785628800,0,0.0
bench,6,False,"Aug 2 – 8, 2026",1785628800,59,2.6551
dining table,6,True,"Aug 9 – 15, 2026",1786233600,22,0.99
custom dining chair,6,False,"Aug 9 – 15, 2026",1786233600,0,0.0
accent chair,6,False,"Aug 9 – 15, 2026",1786233600,3,0.135
custom accent chair,6,False,"Aug 9 – 15, 2026",1786233600,0,0.0
bench,6,False,"Aug 9 – 15, 2026",1786233600,59,2.6551
dining table,6,True,"Aug 16 – 22, 2026",1786838400,22,0.99
custom dining chair,6,False,"Aug 16 – 22, 2026",1786838400,0,0.0
accent chair,6,False,"Aug 16 – 22, 2026",1786838400,4,0.18
custom accent chair,6,False,"Aug 16 – 22, 2026",1786838400,0,0.0
bench,6,False,"Aug 16 – 22, 2026",1786838400,59,2.6551
dining table,6,True,"Aug 23 – 29, 2026",1787443200,21,0.945
custom dining chair,6,False,"Aug 23 – 29, 2026",1787443200,0,0.0
accent chair,6,False,"Aug 23 – 29, 2026",1787443200,3,0.135
custom accent chair,6,False,"Aug 23 – 29, 2026",1787443200,0,0.0
bench,6,False,"Aug 23 – 29, 2026",1787443200,61,2.7451
dining table,7,True,"Aug 22 – 28, 2021",1629590400,29,1.0225
custom bench,7,False,"Aug 22 – 28, 2021",1629590400,0,0.0
console table,7,False,"Aug 22 – 28, 2021",1629590400,7,0.2468
custom console table,7,False,"Aug 22 – 28, 2021",1629590400,0,0.0
custom furniture,7,False,"Aug 22 – 28, 2021",1629590400,1,0.0353
dining table,7,True,"Aug 29 – Sep 4, 2021",1630195200,28,0.9872
custom bench,7,False,"Aug 29 – Sep 4, 2021",1630195200,0,0.0
console table,7,False,"Aug 29 – Sep 4, 2021",1630195200,6,0.2115
custom console table,7,False,"Aug 29 – Sep 4, 2021",1630195200,0,0.0
custom furniture,7,False,"Aug 29 – Sep 4, 2021",1630195200,1,0.0353
dining table,7,True,"Sep 5 – 11, 2021",1630800000,31,1.093
custom bench,7,False,"Sep 5 – 11, 2021",1630800000,0,0.0
console table,7,False,"Sep 5 – 11, 2021",1630800000,7,0.2468
custom console table,7,False,"Sep 5 – 11, 2021",1630800000,0,0.0
custom furniture,7,False,"Sep 5 – 11, 2021",1630800000,1,0.0353
dining table,7,True,"Sep 12 – 18, 2021",1631404800,27,0.952
custom bench,7,False,"Sep 12 – 18, 2021",1631404800,0,0.0
console table,7,False,"Sep 12 – 18, 2021",1631404800,6,0.2115
custom console table,7,False,"Sep 12 – 18, 2021",1631404800,0,0.0
custom furniture,7,False,"Sep 12 – 18, 2021",1631404800,1,0.0353
dining table,7,True,"Sep 19 – 25, 2021",1632009600,27,0.952
custom bench,7,False,"Sep 19 – 25, 2021",1632009600,0,0.0
console table,7,False,"Sep 19 – 25, 2021",1632009600,6,0.2115
custom console table,7,False,"Sep 19 – 25, 2021",1632009600,0,0.0
custom furniture,7,False,"Sep 19 – 25, 2021",1632009600,1,0.0353
dining table,7,True,"Sep 26 – Oct 2, 2021",1632614400,29,1.0225
custom bench,7,False,"Sep 26 – Oct 2, 2021",1632614400,0,0.0
console table,7,False,"Sep 26 – Oct 2, 2021",1632614400,6,0.2115
custom console table,7,False,"Sep 26 – Oct 2, 2021",1632614400,0,0.0
custom furniture,7,False,"Sep 26 – Oct 2, 2021",1632614400,1,0.0353
dining table,7,True,"Oct 3 – 9, 2021",1633219200,28,0.9872
custom bench,7,False,"Oct 3 – 9, 2021",1633219200,0,0.0
console table,7,False,"Oct 3 – 9, 2021",1633219200,6,0.2115
custom console table,7,False,"Oct 3 – 9, 2021",1633219200,0,0.0
custom furniture,7,False,"Oct 3 – 9, 2021",1633219200,1,0.0353
dining table,7,True,"Oct 10 – 16, 2021",1633824000,29,1.0225
custom bench,7,False,"Oct 10 – 16, 2021",1633824000,0,0.0
console table,7,False,"Oct 10 – 16, 2021",1633824000,6,0.2115
custom console table,7,False,"Oct 10 – 16, 2021",1633824000,0,0.0
custom furniture,7,False,"Oct 10 – 16, 2021",1633824000,1,0.0353
dining table,7,True,"Oct 17 – 23, 2021",1634428800,28,0.9872
custom bench,7,False,"Oct 17 – 23, 2021",1634428800,0,0.0
console table,7,False,"Oct 17 – 23, 2021",1634428800,6,0.2115
custom console table,7,False,"Oct 17 – 23, 2021",1634428800,0,0.0
custom furniture,7,False,"Oct 17 – 23, 2021",1634428800,1,0.0353
dining table,7,True,"Oct 24 – 30, 2021",1635033600,27,0.952
custom bench,7,False,"Oct 24 – 30, 2021",1635033600,0,0.0
console table,7,False,"Oct 24 – 30, 2021",1635033600,6,0.2115
custom console table,7,False,"Oct 24 – 30, 2021",1635033600,0,0.0
custom furniture,7,False,"Oct 24 – 30, 2021",1635033600,1,0.0353
dining table,7,True,"Oct 31 – Nov 6, 2021",1635638400,29,1.0225
custom bench,7,False,"Oct 31 – Nov 6, 2021",1635638400,0,0.0
console table,7,False,"Oct 31 – Nov 6, 2021",1635638400,6,0.2115
custom console table,7,False,"Oct 31 – Nov 6, 2021",1635638400,0,0.0
custom furniture,7,False,"Oct 31 – Nov 6, 2021",1635638400,1,0.0353
dining table,7,True,"Nov 7 – 13, 2021",1636243200,32,1.1282
custom bench,7,False,"Nov 7 – 13, 2021",1636243200,0,0.0
console table,7,False,"Nov 7 – 13, 2021",1636243200,7,0.2468
custom console table,7,False,"Nov 7 – 13, 2021",1636243200,0,0.0
custom furniture,7,False,"Nov 7 – 13, 2021",1636243200,1,0.0353
dining table,7,True,"Nov 14 – 20, 2021",1636848000,32,1.1282
custom bench,7,False,"Nov 14 – 20, 2021",1636848000,0,0.0
console table,7,False,"Nov 14 – 20, 2021",1636848000,7,0.2468
custom console table,7,False,"Nov 14 – 20, 2021",1636848000,0,0.0
custom furniture,7,False,"Nov 14 – 20, 2021",1636848000,1,0.0353
dining table,7,True,"Nov 21 – 27, 2021",1637452800,34,1.1988
custom bench,7,False,"Nov 21 – 27, 2021",1637452800,0,0.0
console table,7,False,"Nov 21 – 27, 2021",1637452800,7,0.2468
custom console table,7,False,"Nov 21 – 27, 2021",1637452800,0,0.0
custom furniture,7,False,"Nov 21 – 27, 2021",1637452800,1,0.0353
dining table,7,True,"Nov 28 – Dec 4, 2021",1638057600,30,1.0577
custom bench,7,False,"Nov 28 – Dec 4, 2021",1638057600,0,0.0
console table,7,False,"Nov 28 – Dec 4, 2021",1638057600,7,0.2468
custom console table,7,False,"Nov 28 – Dec 4, 2021",1638057600,0,0.0
custom furniture,7,False,"Nov 28 – Dec 4, 2021",1638057600,1,0.0353
dining table,7,True,"Dec 5 – 11, 2021",1638662400,25,0.8814
custom bench,7,False,"Dec 5 – 11, 2021",1638662400,0,0.0
console table,7,False,"Dec 5 – 11, 2021",1638662400,5,0.1763
custom console table,7,False,"Dec 5 – 11, 2021",1638662400,0,0.0
custom furniture,7,False,"Dec 5 – 11, 2021",1638662400,1,0.0353
dining table,7,True,"Dec 12 – 18, 2021",1639267200,23,0.8109
custom bench,7,False,"Dec 12 – 18, 2021",1639267200,0,0.0
console table,7,False,"Dec 12 – 18, 2021",1639267200,5,0.1763
custom console table,7,False,"Dec 12 – 18, 2021",1639267200,0,0.0
custom furniture,7,False,"Dec 12 – 18, 2021",1639267200,1,0.0353
dining table,7,True,"Dec 19 – 25, 2021",1639872000,22,0.7757
custom bench,7,False,"Dec 19 – 25, 2021",1639872000,0,0.0
console table,7,False,"Dec 19 – 25, 2021",1639872000,4,0.141
custom console table,7,False,"Dec 19 – 25, 2021",1639872000,0,0.0
custom furniture,7,False,"Dec 19 – 25, 2021",1639872000,1,0.0353
dining table,7,True,"Dec 26, 2021 – Jan 1, 2022",1640476800,29,1.0225
custom bench,7,False,"Dec 26, 2021 – Jan 1, 2022",1640476800,0,0.0
console table,7,False,"Dec 26, 2021 – Jan 1, 2022",1640476800,7,0.2468
custom console table,7,False,"Dec 26, 2021 – Jan 1, 2022",1640476800,0,0.0
custom furniture,7,False,"Dec 26, 2021 – Jan 1, 2022",1640476800,1,0.0353
dining table,7,True,"Jan 2 – 8, 2022",1641081600,30,1.0577
custom bench,7,False,"Jan 2 – 8, 2022",1641081600,0,0.0
console table,7,False,"Jan 2 – 8, 2022",1641081600,8,0.2821
custom console table,7,False,"Jan 2 – 8, 2022",1641081600,0,0.0
custom furniture,7,False,"Jan 2 – 8, 2022",1641081600,1,0.0353
dining table,7,True,"Jan 9 – 15, 2022",1641686400,29,1.0225
custom bench,7,False,"Jan 9 – 15, 2022",1641686400,0,0.0
console table,7,False,"Jan 9 – 15, 2022",1641686400,8,0.2821
custom console table,7,False,"Jan 9 – 15, 2022",1641686400,0,0.0
custom furniture,7,False,"Jan 9 – 15, 2022",1641686400,1,0.0353
dining table,7,True,"Jan 16 – 22, 2022",1642291200,29,1.0225
custom bench,7,False,"Jan 16 – 22, 2022",1642291200,0,0.0
console table,7,False,"Jan 16 – 22, 2022",1642291200,7,0.2468
custom console table,7,False,"Jan 16 – 22, 2022",1642291200,0,0.0
custom furniture,7,False,"Jan 16 – 22, 2022",1642291200,1,0.0353
dining table,7,True,"Jan 23 – 29, 2022",1642896000,29,1.0225
custom bench,7,False,"Jan 23 – 29, 2022",1642896000,0,0.0
console table,7,False,"Jan 23 – 29, 2022",1642896000,7,0.2468
custom console table,7,False,"Jan 23 – 29, 2022",1642896000,0,0.0
custom furniture,7,False,"Jan 23 – 29, 2022",1642896000,1,0.0353
dining table,7,True,"Jan 30 – Feb 5, 2022",1643500800,29,1.0225
custom bench,7,False,"Jan 30 – Feb 5, 2022",1643500800,0,0.0
console table,7,False,"Jan 30 – Feb 5, 2022",1643500800,7,0.2468
custom console table,7,False,"Jan 30 – Feb 5, 2022",1643500800,0,0.0
custom furniture,7,False,"Jan 30 – Feb 5, 2022",1643500800,1,0.0353
dining table,7,True,"Feb 6 – 12, 2022",1644105600,29,1.0225
custom bench,7,False,"Feb 6 – 12, 2022",1644105600,0,0.0
console table,7,False,"Feb 6 – 12, 2022",1644105600,7,0.2468
custom console table,7,False,"Feb 6 – 12, 2022",1644105600,0,0.0
custom furniture,7,False,"Feb 6 – 12, 2022",1644105600,1,0.0353
dining table,7,True,"Feb 13 – 19, 2022",1644710400,29,1.0225
custom bench,7,False,"Feb 13 – 19, 2022",1644710400,0,0.0
console table,7,False,"Feb 13 – 19, 2022",1644710400,7,0.2468
custom console table,7,False,"Feb 13 – 19, 2022",1644710400,0,0.0
custom furniture,7,False,"Feb 13 – 19, 2022",1644710400,1,0.0353
dining table,7,True,"Feb 20 – 26, 2022",1645315200,32,1.1282
custom bench,7,False,"Feb 20 – 26, 2022",1645315200,0,0.0
console table,7,False,"Feb 20 – 26, 2022",1645315200,7,0.2468
custom console table,7,False,"Feb 20 – 26, 2022",1645315200,0,0.0
custom furniture,7,False,"Feb 20 – 26, 2022",1645315200,1,0.0353
dining table,7,True,"Feb 27 – Mar 5, 2022",1645920000,30,1.0577
custom bench,7,False,"Feb 27 – Mar 5, 2022",1645920000,0,0.0
console table,7,False,"Feb 27 – Mar 5, 2022",1645920000,7,0.2468
custom console table,7,False,"Feb 27 – Mar 5, 2022",1645920000,0,0.0
custom furniture,7,False,"Feb 27 – Mar 5, 2022",1645920000,1,0.0353
dining table,7,True,"Mar 6 – 12, 2022",1646524800,31,1.093
custom bench,7,False,"Mar 6 – 12, 2022",1646524800,0,0.0
console table,7,False,"Mar 6 – 12, 2022",1646524800,7,0.2468
custom console table,7,False,"Mar 6 – 12, 2022",1646524800,0,0.0
custom furniture,7,False,"Mar 6 – 12, 2022",1646524800,1,0.0353
dining table,7,True,"Mar 13 – 19, 2022",1647129600,31,1.093
custom bench,7,False,"Mar 13 – 19, 2022",1647129600,0,0.0
console table,7,False,"Mar 13 – 19, 2022",1647129600,6,0.2115
custom console table,7,False,"Mar 13 – 19, 2022",1647129600,0,0.0
custom furniture,7,False,"Mar 13 – 19, 2022",1647129600,1,0.0353
dining table,7,True,"Mar 20 – 26, 2022",1647734400,30,1.0577
custom bench,7,False,"Mar 20 – 26, 2022",1647734400,0,0.0
console table,7,False,"Mar 20 – 26, 2022",1647734400,7,0.2468
custom console table,7,False,"Mar 20 – 26, 2022",1647734400,0,0.0
custom furniture,7,False,"Mar 20 – 26, 2022",1647734400,1,0.0353
dining table,7,True,"Mar 27 – Apr 2, 2022",1648339200,29,1.0225
custom bench,7,False,"Mar 27 – Apr 2, 2022",1648339200,0,0.0
console table,7,False,"Mar 27 – Apr 2, 2022",1648339200,6,0.2115
custom console table,7,False,"Mar 27 – Apr 2, 2022",1648339200,0,0.0
custom furniture,7,False,"Mar 27 – Apr 2, 2022",1648339200,1,0.0353
dining table,7,True,"Apr 3 – 9, 2022",1648944000,28,0.9872
custom bench,7,False,"Apr 3 – 9, 2022",1648944000,0,0.0
console table,7,False,"Apr 3 – 9, 2022",1648944000,6,0.2115
custom console table,7,False,"Apr 3 – 9, 2022",1648944000,0,0.0
custom furniture,7,False,"Apr 3 – 9, 2022",1648944000,1,0.0353
dining table,7,True,"Apr 10 – 16, 2022",1649548800,27,0.952
custom bench,7,False,"Apr 10 – 16, 2022",1649548800,0,0.0
console table,7,False,"Apr 10 – 16, 2022",1649548800,6,0.2115
custom console table,7,False,"Apr 10 – 16, 2022",1649548800,0,0.0
custom furniture,7,False,"Apr 10 – 16, 2022",1649548800,1,0.0353
dining table,7,True,"Apr 17 – 23, 2022",1650153600,29,1.0225
custom bench,7,False,"Apr 17 – 23, 2022",1650153600,0,0.0
console table,7,False,"Apr 17 – 23, 2022",1650153600,6,0.2115
custom console table,7,False,"Apr 17 – 23, 2022",1650153600,0,0.0
custom furniture,7,False,"Apr 17 – 23, 2022",1650153600,1,0.0353
dining table,7,True,"Apr 24 – 30, 2022",1650758400,29,1.0225
custom bench,7,False,"Apr 24 – 30, 2022",1650758400,0,0.0
console table,7,False,"Apr 24 – 30, 2022",1650758400,6,0.2115
custom console table,7,False,"Apr 24 – 30, 2022",1650758400,0,0.0
custom furniture,7,False,"Apr 24 – 30, 2022",1650758400,1,0.0353
dining table,7,True,"May 1 – 7, 2022",1651363200,27,0.952
custom bench,7,False,"May 1 – 7, 2022",1651363200,0,0.0
console table,7,False,"May 1 – 7, 2022",1651363200,6,0.2115
custom console table,7,False,"May 1 – 7, 2022",1651363200,0,0.0
custom furniture,7,False,"May 1 – 7, 2022",1651363200,1,0.0353
dining table,7,True,"May 8 – 14, 2022",1651968000,27,0.952
custom bench,7,False,"May 8 – 14, 2022",1651968000,0,0.0
console table,7,False,"May 8 – 14, 2022",1651968000,6,0.2115
custom console table,7,False,"May 8 – 14, 2022",1651968000,0,0.0
custom furniture,7,False,"May 8 – 14, 2022",1651968000,1,0.0353
dining table,7,True,"May 15 – 21, 2022",1652572800,26,0.9167
custom bench,7,False,"May 15 – 21, 2022",1652572800,0,0.0
console table,7,False,"May 15 – 21, 2022",1652572800,5,0.1763
custom console table,7,False,"May 15 – 21, 2022",1652572800,0,0.0
custom furniture,7,False,"May 15 – 21, 2022",1652572800,1,0.0353
dining table,7,True,"May 22 – 28, 2022",1653177600,26,0.9167
custom bench,7,False,"May 22 – 28, 2022",1653177600,0,0.0
console table,7,False,"May 22 – 28, 2022",1653177600,5,0.1763
custom console table,7,False,"May 22 – 28, 2022",1653177600,0,0.0
custom furniture,7,False,"May 22 – 28, 2022",1653177600,1,0.0353
dining table,7,True,"May 29 – Jun 4, 2022",1653782400,28,0.9872
custom bench,7,False,"May 29 – Jun 4, 2022",1653782400,0,0.0
console table,7,False,"May 29 – Jun 4, 2022",1653782400,6,0.2115
custom console table,7,False,"May 29 – Jun 4, 2022",1653782400,0,0.0
custom furniture,7,False,"May 29 – Jun 4, 2022",1653782400,1,0.0353
dining table,7,True,"Jun 5 – 11, 2022",1654387200,26,0.9167
custom bench,7,False,"Jun 5 – 11, 2022",1654387200,0,0.0
console table,7,False,"Jun 5 – 11, 2022",1654387200,6,0.2115
custom console table,7,False,"Jun 5 – 11, 2022",1654387200,0,0.0
custom furniture,7,False,"Jun 5 – 11, 2022",1654387200,1,0.0353
dining table,7,True,"Jun 12 – 18, 2022",1654992000,25,0.8814
custom bench,7,False,"Jun 12 – 18, 2022",1654992000,0,0.0
console table,7,False,"Jun 12 – 18, 2022",1654992000,6,0.2115
custom console table,7,False,"Jun 12 – 18, 2022",1654992000,0,0.0
custom furniture,7,False,"Jun 12 – 18, 2022",1654992000,1,0.0353
dining table,7,True,"Jun 19 – 25, 2022",1655596800,26,0.9167
custom bench,7,False,"Jun 19 – 25, 2022",1655596800,0,0.0
console table,7,False,"Jun 19 – 25, 2022",1655596800,6,0.2115
custom console table,7,False,"Jun 19 – 25, 2022",1655596800,0,0.0
custom furniture,7,False,"Jun 19 – 25, 2022",1655596800,1,0.0353
dining table,7,True,"Jun 26 – Jul 2, 2022",1656201600,27,0.952
custom bench,7,False,"Jun 26 – Jul 2, 2022",1656201600,0,0.0
console table,7,False,"Jun 26 – Jul 2, 2022",1656201600,6,0.2115
custom console table,7,False,"Jun 26 – Jul 2, 2022",1656201600,0,0.0
custom furniture,7,False,"Jun 26 – Jul 2, 2022",1656201600,1,0.0353
dining table,7,True,"Jul 3 – 9, 2022",1656806400,26,0.9167
custom bench,7,False,"Jul 3 – 9, 2022",1656806400,0,0.0
console table,7,False,"Jul 3 – 9, 2022",1656806400,6,0.2115
custom console table,7,False,"Jul 3 – 9, 2022",1656806400,0,0.0
custom furniture,7,False,"Jul 3 – 9, 2022",1656806400,1,0.0353
dining table,7,True,"Jul 10 – 16, 2022",1657411200,27,0.952
custom bench,7,False,"Jul 10 – 16, 2022",1657411200,0,0.0
console table,7,False,"Jul 10 – 16, 2022",1657411200,7,0.2468
custom console table,7,False,"Jul 10 – 16, 2022",1657411200,0,0.0
custom furniture,7,False,"Jul 10 – 16, 2022",1657411200,1,0.0353
dining table,7,True,"Jul 17 – 23, 2022",1658016000,28,0.9872
custom bench,7,False,"Jul 17 – 23, 2022",1658016000,0,0.0
console table,7,False,"Jul 17 – 23, 2022",1658016000,6,0.2115
custom console table,7,False,"Jul 17 – 23, 2022",1658016000,0,0.0
custom furniture,7,False,"Jul 17 – 23, 2022",1658016000,1,0.0353
dining table,7,True,"Jul 24 – 30, 2022",1658620800,27,0.952
custom bench,7,False,"Jul 24 – 30, 2022",1658620800,0,0.0
console table,7,False,"Jul 24 – 30, 2022",1658620800,6,0.2115
custom console table,7,False,"Jul 24 – 30, 2022",1658620800,0,0.0
custom furniture,7,False,"Jul 24 – 30, 2022",1658620800,1,0.0353
dining table,7,True,"Jul 31 – Aug 6, 2022",1659225600,28,0.9872
custom bench,7,False,"Jul 31 – Aug 6, 2022",1659225600,0,0.0
console table,7,False,"Jul 31 – Aug 6, 2022",1659225600,8,0.2821
custom console table,7,False,"Jul 31 – Aug 6, 2022",1659225600,0,0.0
custom furniture,7,False,"Jul 31 – Aug 6, 2022",1659225600,1,0.0353
dining table,7,True,"Aug 7 – 13, 2022",1659830400,29,1.0225
custom bench,7,False,"Aug 7 – 13, 2022",1659830400,0,0.0
console table,7,False,"Aug 7 – 13, 2022",1659830400,6,0.2115
custom console table,7,False,"Aug 7 – 13, 2022",1659830400,0,0.0
custom furniture,7,False,"Aug 7 – 13, 2022",1659830400,1,0.0353
dining table,7,True,"Aug 14 – 20, 2022",1660435200,27,0.952
custom bench,7,False,"Aug 14 – 20, 2022",1660435200,0,0.0
console table,7,False,"Aug 14 – 20, 2022",1660435200,7,0.2468
custom console table,7,False,"Aug 14 – 20, 2022",1660435200,0,0.0
custom furniture,7,False,"Aug 14 – 20, 2022",1660435200,1,0.0353
dining table,7,True,"Aug 21 – 27, 2022",1661040000,27,0.952
custom bench,7,False,"Aug 21 – 27, 2022",1661040000,0,0.0
console table,7,False,"Aug 21 – 27, 2022",1661040000,7,0.2468
custom console table,7,False,"Aug 21 – 27, 2022",1661040000,0,0.0
custom furniture,7,False,"Aug 21 – 27, 2022",1661040000,1,0.0353
dining table,7,True,"Aug 28 – Sep 3, 2022",1661644800,27,0.952
custom bench,7,False,"Aug 28 – Sep 3, 2022",1661644800,0,0.0
console table,7,False,"Aug 28 – Sep 3, 2022",1661644800,7,0.2468
custom console table,7,False,"Aug 28 – Sep 3, 2022",1661644800,0,0.0
custom furniture,7,False,"Aug 28 – Sep 3, 2022",1661644800,1,0.0353
dining table,7,True,"Sep 4 – 10, 2022",1662249600,29,1.0225
custom bench,7,False,"Sep 4 – 10, 2022",1662249600,0,0.0
console table,7,False,"Sep 4 – 10, 2022",1662249600,7,0.2468
custom console table,7,False,"Sep 4 – 10, 2022",1662249600,0,0.0
custom furniture,7,False,"Sep 4 – 10, 2022",1662249600,1,0.0353
dining table,7,True,"Sep 11 – 17, 2022",1662854400,25,0.8814
custom bench,7,False,"Sep 11 – 17, 2022",1662854400,0,0.0
console table,7,False,"Sep 11 – 17, 2022",1662854400,6,0.2115
custom console table,7,False,"Sep 11 – 17, 2022",1662854400,0,0.0
custom furniture,7,False,"Sep 11 – 17, 2022",1662854400,1,0.0353
dining table,7,True,"Sep 18 – 24, 2022",1663459200,24,0.8462
custom bench,7,False,"Sep 18 – 24, 2022",1663459200,0,0.0
console table,7,False,"Sep 18 – 24, 2022",1663459200,6,0.2115
custom console table,7,False,"Sep 18 – 24, 2022",1663459200,0,0.0
custom furniture,7,False,"Sep 18 – 24, 2022",1663459200,1,0.0353
dining table,7,True,"Sep 25 – Oct 1, 2022",1664064000,23,0.8109
custom bench,7,False,"Sep 25 – Oct 1, 2022",1664064000,0,0.0
console table,7,False,"Sep 25 – Oct 1, 2022",1664064000,6,0.2115
custom console table,7,False,"Sep 25 – Oct 1, 2022",1664064000,0,0.0
custom furniture,7,False,"Sep 25 – Oct 1, 2022",1664064000,1,0.0353
dining table,7,True,"Oct 2 – 8, 2022",1664668800,23,0.8109
custom bench,7,False,"Oct 2 – 8, 2022",1664668800,0,0.0
console table,7,False,"Oct 2 – 8, 2022",1664668800,6,0.2115
custom console table,7,False,"Oct 2 – 8, 2022",1664668800,0,0.0
custom furniture,7,False,"Oct 2 – 8, 2022",1664668800,1,0.0353
dining table,7,True,"Oct 9 – 15, 2022",1665273600,25,0.8814
custom bench,7,False,"Oct 9 – 15, 2022",1665273600,0,0.0
console table,7,False,"Oct 9 – 15, 2022",1665273600,6,0.2115
custom console table,7,False,"Oct 9 – 15, 2022",1665273600,0,0.0
custom furniture,7,False,"Oct 9 – 15, 2022",1665273600,1,0.0353
dining table,7,True,"Oct 16 – 22, 2022",1665878400,25,0.8814
custom bench,7,False,"Oct 16 – 22, 2022",1665878400,0,0.0
console table,7,False,"Oct 16 – 22, 2022",1665878400,6,0.2115
custom console table,7,False,"Oct 16 – 22, 2022",1665878400,0,0.0
custom furniture,7,False,"Oct 16 – 22, 2022",1665878400,1,0.0353
dining table,7,True,"Oct 23 – 29, 2022",1666483200,25,0.8814
custom bench,7,False,"Oct 23 – 29, 2022",1666483200,0,0.0
console table,7,False,"Oct 23 – 29, 2022",1666483200,6,0.2115
custom console table,7,False,"Oct 23 – 29, 2022",1666483200,0,0.0
custom furniture,7,False,"Oct 23 – 29, 2022",1666483200,1,0.0353
dining table,7,True,"Oct 30 – Nov 5, 2022",1667088000,25,0.8814
custom bench,7,False,"Oct 30 – Nov 5, 2022",1667088000,0,0.0
console table,7,False,"Oct 30 – Nov 5, 2022",1667088000,6,0.2115
custom console table,7,False,"Oct 30 – Nov 5, 2022",1667088000,0,0.0
custom furniture,7,False,"Oct 30 – Nov 5, 2022",1667088000,1,0.0353
dining table,7,True,"Nov 6 – 12, 2022",1667692800,28,0.9872
custom bench,7,False,"Nov 6 – 12, 2022",1667692800,0,0.0
console table,7,False,"Nov 6 – 12, 2022",1667692800,7,0.2468
custom console table,7,False,"Nov 6 – 12, 2022",1667692800,0,0.0
custom furniture,7,False,"Nov 6 – 12, 2022",1667692800,1,0.0353
dining table,7,True,"Nov 13 – 19, 2022",1668297600,27,0.952
custom bench,7,False,"Nov 13 – 19, 2022",1668297600,0,0.0
console table,7,False,"Nov 13 – 19, 2022",1668297600,7,0.2468
custom console table,7,False,"Nov 13 – 19, 2022",1668297600,0,0.0
custom furniture,7,False,"Nov 13 – 19, 2022",1668297600,1,0.0353
dining table,7,True,"Nov 20 – 26, 2022",1668902400,32,1.1282
custom bench,7,False,"Nov 20 – 26, 2022",1668902400,0,0.0
console table,7,False,"Nov 20 – 26, 2022",1668902400,8,0.2821
custom console table,7,False,"Nov 20 – 26, 2022",1668902400,0,0.0
custom furniture,7,False,"Nov 20 – 26, 2022",1668902400,1,0.0353
dining table,7,True,"Nov 27 – Dec 3, 2022",1669507200,25,0.8814
custom bench,7,False,"Nov 27 – Dec 3, 2022",1669507200,0,0.0
console table,7,False,"Nov 27 – Dec 3, 2022",1669507200,6,0.2115
custom console table,7,False,"Nov 27 – Dec 3, 2022",1669507200,0,0.0
custom furniture,7,False,"Nov 27 – Dec 3, 2022",1669507200,1,0.0353
dining table,7,True,"Dec 4 – 10, 2022",1670112000,22,0.7757
custom bench,7,False,"Dec 4 – 10, 2022",1670112000,0,0.0
console table,7,False,"Dec 4 – 10, 2022",1670112000,5,0.1763
custom console table,7,False,"Dec 4 – 10, 2022",1670112000,0,0.0
custom furniture,7,False,"Dec 4 – 10, 2022",1670112000,1,0.0353
dining table,7,True,"Dec 11 – 17, 2022",1670716800,22,0.7757
custom bench,7,False,"Dec 11 – 17, 2022",1670716800,0,0.0
console table,7,False,"Dec 11 – 17, 2022",1670716800,5,0.1763
custom console table,7,False,"Dec 11 – 17, 2022",1670716800,0,0.0
custom furniture,7,False,"Dec 11 – 17, 2022",1670716800,1,0.0353
dining table,7,True,"Dec 18 – 24, 2022",1671321600,20,0.7052
custom bench,7,False,"Dec 18 – 24, 2022",1671321600,0,0.0
console table,7,False,"Dec 18 – 24, 2022",1671321600,4,0.141
custom console table,7,False,"Dec 18 – 24, 2022",1671321600,0,0.0
custom furniture,7,False,"Dec 18 – 24, 2022",1671321600,1,0.0353
dining table,7,True,"Dec 25 – 31, 2022",1671926400,28,0.9872
custom bench,7,False,"Dec 25 – 31, 2022",1671926400,0,0.0
console table,7,False,"Dec 25 – 31, 2022",1671926400,6,0.2115
custom console table,7,False,"Dec 25 – 31, 2022",1671926400,0,0.0
custom furniture,7,False,"Dec 25 – 31, 2022",1671926400,1,0.0353
dining table,7,True,"Jan 1 – 7, 2023",1672531200,26,0.9167
custom bench,7,False,"Jan 1 – 7, 2023",1672531200,0,0.0
console table,7,False,"Jan 1 – 7, 2023",1672531200,7,0.2468
custom console table,7,False,"Jan 1 – 7, 2023",1672531200,0,0.0
custom furniture,7,False,"Jan 1 – 7, 2023",1672531200,1,0.0353
dining table,7,True,"Jan 8 – 14, 2023",1673136000,25,0.8814
custom bench,7,False,"Jan 8 – 14, 2023",1673136000,0,0.0
console table,7,False,"Jan 8 – 14, 2023",1673136000,6,0.2115
custom console table,7,False,"Jan 8 – 14, 2023",1673136000,0,0.0
custom furniture,7,False,"Jan 8 – 14, 2023",1673136000,1,0.0353
dining table,7,True,"Jan 15 – 21, 2023",1673740800,26,0.9167
custom bench,7,False,"Jan 15 – 21, 2023",1673740800,0,0.0
console table,7,False,"Jan 15 – 21, 2023",1673740800,7,0.2468
custom console table,7,False,"Jan 15 – 21, 2023",1673740800,0,0.0
custom furniture,7,False,"Jan 15 – 21, 2023",1673740800,1,0.0353
dining table,7,True,"Jan 22 – 28, 2023",1674345600,26,0.9167
custom bench,7,False,"Jan 22 – 28, 2023",1674345600,0,0.0
console table,7,False,"Jan 22 – 28, 2023",1674345600,6,0.2115
custom console table,7,False,"Jan 22 – 28, 2023",1674345600,0,0.0
custom furniture,7,False,"Jan 22 – 28, 2023",1674345600,1,0.0353
dining table,7,True,"Jan 29 – Feb 4, 2023",1674950400,25,0.8814
custom bench,7,False,"Jan 29 – Feb 4, 2023",1674950400,0,0.0
console table,7,False,"Jan 29 – Feb 4, 2023",1674950400,6,0.2115
custom console table,7,False,"Jan 29 – Feb 4, 2023",1674950400,0,0.0
custom furniture,7,False,"Jan 29 – Feb 4, 2023",1674950400,1,0.0353
dining table,7,True,"Feb 5 – 11, 2023",1675555200,25,0.8814
custom bench,7,False,"Feb 5 – 11, 2023",1675555200,0,0.0
console table,7,False,"Feb 5 – 11, 2023",1675555200,6,0.2115
custom console table,7,False,"Feb 5 – 11, 2023",1675555200,0,0.0
custom furniture,7,False,"Feb 5 – 11, 2023",1675555200,1,0.0353
dining table,7,True,"Feb 12 – 18, 2023",1676160000,22,0.7757
custom bench,7,False,"Feb 12 – 18, 2023",1676160000,0,0.0
console table,7,False,"Feb 12 – 18, 2023",1676160000,6,0.2115
custom console table,7,False,"Feb 12 – 18, 2023",1676160000,0,0.0
custom furniture,7,False,"Feb 12 – 18, 2023",1676160000,1,0.0353
dining table,7,True,"Feb 19 – 25, 2023",1676764800,27,0.952
custom bench,7,False,"Feb 19 – 25, 2023",1676764800,0,0.0
console table,7,False,"Feb 19 – 25, 2023",1676764800,6,0.2115
custom console table,7,False,"Feb 19 – 25, 2023",1676764800,0,0.0
custom furniture,7,False,"Feb 19 – 25, 2023",1676764800,1,0.0353
dining table,7,True,"Feb 26 – Mar 4, 2023",1677369600,24,0.8462
custom bench,7,False,"Feb 26 – Mar 4, 2023",1677369600,0,0.0
console table,7,False,"Feb 26 – Mar 4, 2023",1677369600,6,0.2115
custom console table,7,False,"Feb 26 – Mar 4, 2023",1677369600,0,0.0
custom furniture,7,False,"Feb 26 – Mar 4, 2023",1677369600,1,0.0353
dining table,7,True,"Mar 5 – 11, 2023",1677974400,25,0.8814
custom bench,7,False,"Mar 5 – 11, 2023",1677974400,0,0.0
console table,7,False,"Mar 5 – 11, 2023",1677974400,6,0.2115
custom console table,7,False,"Mar 5 – 11, 2023",1677974400,0,0.0
custom furniture,7,False,"Mar 5 – 11, 2023",1677974400,1,0.0353
dining table,7,True,"Mar 12 – 18, 2023",1678579200,26,0.9167
custom bench,7,False,"Mar 12 – 18, 2023",1678579200,0,0.0
console table,7,False,"Mar 12 – 18, 2023",1678579200,6,0.2115
custom console table,7,False,"Mar 12 – 18, 2023",1678579200,0,0.0
custom furniture,7,False,"Mar 12 – 18, 2023",1678579200,1,0.0353
dining table,7,True,"Mar 19 – 25, 2023",1679184000,26,0.9167
custom bench,7,False,"Mar 19 – 25, 2023",1679184000,0,0.0
console table,7,False,"Mar 19 – 25, 2023",1679184000,6,0.2115
custom console table,7,False,"Mar 19 – 25, 2023",1679184000,0,0.0
custom furniture,7,False,"Mar 19 – 25, 2023",1679184000,1,0.0353
dining table,7,True,"Mar 26 – Apr 1, 2023",1679788800,25,0.8814
custom bench,7,False,"Mar 26 – Apr 1, 2023",1679788800,0,0.0
console table,7,False,"Mar 26 – Apr 1, 2023",1679788800,5,0.1763
custom console table,7,False,"Mar 26 – Apr 1, 2023",1679788800,0,0.0
custom furniture,7,False,"Mar 26 – Apr 1, 2023",1679788800,1,0.0353
dining table,7,True,"Apr 2 – 8, 2023",1680393600,23,0.8109
custom bench,7,False,"Apr 2 – 8, 2023",1680393600,0,0.0
console table,7,False,"Apr 2 – 8, 2023",1680393600,5,0.1763
custom console table,7,False,"Apr 2 – 8, 2023",1680393600,0,0.0
custom furniture,7,False,"Apr 2 – 8, 2023",1680393600,1,0.0353
dining table,7,True,"Apr 9 – 15, 2023",1680998400,24,0.8462
custom bench,7,False,"Apr 9 – 15, 2023",1680998400,0,0.0
console table,7,False,"Apr 9 – 15, 2023",1680998400,5,0.1763
custom console table,7,False,"Apr 9 – 15, 2023",1680998400,0,0.0
custom furniture,7,False,"Apr 9 – 15, 2023",1680998400,1,0.0353
dining table,7,True,"Apr 16 – 22, 2023",1681603200,25,0.8814
custom bench,7,False,"Apr 16 – 22, 2023",1681603200,0,0.0
console table,7,False,"Apr 16 – 22, 2023",1681603200,5,0.1763
custom console table,7,False,"Apr 16 – 22, 2023",1681603200,0,0.0
custom furniture,7,False,"Apr 16 – 22, 2023",1681603200,1,0.0353
dining table,7,True,"Apr 23 – 29, 2023",1682208000,25,0.8814
custom bench,7,False,"Apr 23 – 29, 2023",1682208000,0,0.0
console table,7,False,"Apr 23 – 29, 2023",1682208000,5,0.1763
custom console table,7,False,"Apr 23 – 29, 2023",1682208000,0,0.0
custom furniture,7,False,"Apr 23 – 29, 2023",1682208000,1,0.0353
dining table,7,True,"Apr 30 – May 6, 2023",1682812800,24,0.8462
custom bench,7,False,"Apr 30 – May 6, 2023",1682812800,0,0.0
console table,7,False,"Apr 30 – May 6, 2023",1682812800,5,0.1763
custom console table,7,False,"Apr 30 – May 6, 2023",1682812800,0,0.0
custom furniture,7,False,"Apr 30 – May 6, 2023",1682812800,1,0.0353
dining table,7,True,"May 7 – 13, 2023",1683417600,24,0.8462
custom bench,7,False,"May 7 – 13, 2023",1683417600,0,0.0
console table,7,False,"May 7 – 13, 2023",1683417600,5,0.1763
custom console table,7,False,"May 7 – 13, 2023",1683417600,0,0.0
custom furniture,7,False,"May 7 – 13, 2023",1683417600,1,0.0353
dining table,7,True,"May 14 – 20, 2023",1684022400,24,0.8462
custom bench,7,False,"May 14 – 20, 2023",1684022400,0,0.0
console table,7,False,"May 14 – 20, 2023",1684022400,5,0.1763
custom console table,7,False,"May 14 – 20, 2023",1684022400,0,0.0
custom furniture,7,False,"May 14 – 20, 2023",1684022400,1,0.0353
dining table,7,True,"May 21 – 27, 2023",1684627200,25,0.8814
custom bench,7,False,"May 21 – 27, 2023",1684627200,0,0.0
console table,7,False,"May 21 – 27, 2023",1684627200,5,0.1763
custom console table,7,False,"May 21 – 27, 2023",1684627200,0,0.0
custom furniture,7,False,"May 21 – 27, 2023",1684627200,1,0.0353
dining table,7,True,"May 28 – Jun 3, 2023",1685232000,27,0.952
custom bench,7,False,"May 28 – Jun 3, 2023",1685232000,0,0.0
console table,7,False,"May 28 – Jun 3, 2023",1685232000,5,0.1763
custom console table,7,False,"May 28 – Jun 3, 2023",1685232000,0,0.0
custom furniture,7,False,"May 28 – Jun 3, 2023",1685232000,1,0.0353
dining table,7,True,"Jun 4 – 10, 2023",1685836800,24,0.8462
custom bench,7,False,"Jun 4 – 10, 2023",1685836800,0,0.0
console table,7,False,"Jun 4 – 10, 2023",1685836800,5,0.1763
custom console table,7,False,"Jun 4 – 10, 2023",1685836800,0,0.0
custom furniture,7,False,"Jun 4 – 10, 2023",1685836800,1,0.0353
dining table,7,True,"Jun 11 – 17, 2023",1686441600,24,0.8462
custom bench,7,False,"Jun 11 – 17, 2023",1686441600,0,0.0
console table,7,False,"Jun 11 – 17, 2023",1686441600,5,0.1763
custom console table,7,False,"Jun 11 – 17, 2023",1686441600,0,0.0
custom furniture,7,False,"Jun 11 – 17, 2023",1686441600,1,0.0353
dining table,7,True,"Jun 18 – 24, 2023",1687046400,27,0.952
custom bench,7,False,"Jun 18 – 24, 2023",1687046400,0,0.0
console table,7,False,"Jun 18 – 24, 2023",1687046400,5,0.1763
custom console table,7,False,"Jun 18 – 24, 2023",1687046400,0,0.0
custom furniture,7,False,"Jun 18 – 24, 2023",1687046400,1,0.0353
dining table,7,True,"Jun 25 – Jul 1, 2023",1687651200,26,0.9167
custom bench,7,False,"Jun 25 – Jul 1, 2023",1687651200,0,0.0
console table,7,False,"Jun 25 – Jul 1, 2023",1687651200,6,0.2115
custom console table,7,False,"Jun 25 – Jul 1, 2023",1687651200,0,0.0
custom furniture,7,False,"Jun 25 – Jul 1, 2023",1687651200,1,0.0353
dining table,7,True,"Jul 2 – 8, 2023",1688256000,28,0.9872
custom bench,7,False,"Jul 2 – 8, 2023",1688256000,0,0.0
console table,7,False,"Jul 2 – 8, 2023",1688256000,6,0.2115
custom console table,7,False,"Jul 2 – 8, 2023",1688256000,0,0.0
custom furniture,7,False,"Jul 2 – 8, 2023",1688256000,1,0.0353
dining table,7,True,"Jul 9 – 15, 2023",1688860800,25,0.8814
custom bench,7,False,"Jul 9 – 15, 2023",1688860800,0,0.0
console table,7,False,"Jul 9 – 15, 2023",1688860800,6,0.2115
custom console table,7,False,"Jul 9 – 15, 2023",1688860800,0,0.0
custom furniture,7,False,"Jul 9 – 15, 2023",1688860800,1,0.0353
dining table,7,True,"Jul 16 – 22, 2023",1689465600,25,0.8814
custom bench,7,False,"Jul 16 – 22, 2023",1689465600,0,0.0
console table,7,False,"Jul 16 – 22, 2023",1689465600,5,0.1763
custom console table,7,False,"Jul 16 – 22, 2023",1689465600,0,0.0
custom furniture,7,False,"Jul 16 – 22, 2023",1689465600,1,0.0353
dining table,7,True,"Jul 23 – 29, 2023",1690070400,25,0.8814
custom bench,7,False,"Jul 23 – 29, 2023",1690070400,0,0.0
console table,7,False,"Jul 23 – 29, 2023",1690070400,5,0.1763
custom console table,7,False,"Jul 23 – 29, 2023",1690070400,0,0.0
custom furniture,7,False,"Jul 23 – 29, 2023",1690070400,1,0.0353
dining table,7,True,"Jul 30 – Aug 5, 2023",1690675200,25,0.8814
custom bench,7,False,"Jul 30 – Aug 5, 2023",1690675200,0,0.0
console table,7,False,"Jul 30 – Aug 5, 2023",1690675200,5,0.1763
custom console table,7,False,"Jul 30 – Aug 5, 2023",1690675200,0,0.0
custom furniture,7,False,"Jul 30 – Aug 5, 2023",1690675200,1,0.0353
dining table,7,True,"Aug 6 – 12, 2023",1691280000,24,0.8462
custom bench,7,False,"Aug 6 – 12, 2023",1691280000,0,0.0
console table,7,False,"Aug 6 – 12, 2023",1691280000,6,0.2115
custom console table,7,False,"Aug 6 – 12, 2023",1691280000,0,0.0
custom furniture,7,False,"Aug 6 – 12, 2023",1691280000,1,0.0353
dining table,7,True,"Aug 13 – 19, 2023",1691884800,24,0.8462
custom bench,7,False,"Aug 13 – 19, 2023",1691884800,0,0.0
console table,7,False,"Aug 13 – 19, 2023",1691884800,5,0.1763
custom console table,7,False,"Aug 13 – 19, 2023",1691884800,0,0.0
custom furniture,7,False,"Aug 13 – 19, 2023",1691884800,1,0.0353
dining table,7,True,"Aug 20 – 26, 2023",1692489600,25,0.8814
custom bench,7,False,"Aug 20 – 26, 2023",1692489600,0,0.0
console table,7,False,"Aug 20 – 26, 2023",1692489600,6,0.2115
custom console table,7,False,"Aug 20 – 26, 2023",1692489600,0,0.0
custom furniture,7,False,"Aug 20 – 26, 2023",1692489600,1,0.0353
dining table,7,True,"Aug 27 – Sep 2, 2023",1693094400,25,0.8814
custom bench,7,False,"Aug 27 – Sep 2, 2023",1693094400,0,0.0
console table,7,False,"Aug 27 – Sep 2, 2023",1693094400,6,0.2115
custom console table,7,False,"Aug 27 – Sep 2, 2023",1693094400,0,0.0
custom furniture,7,False,"Aug 27 – Sep 2, 2023",1693094400,1,0.0353
dining table,7,True,"Sep 3 – 9, 2023",1693699200,29,1.0225
custom bench,7,False,"Sep 3 – 9, 2023",1693699200,0,0.0
console table,7,False,"Sep 3 – 9, 2023",1693699200,6,0.2115
custom console table,7,False,"Sep 3 – 9, 2023",1693699200,0,0.0
custom furniture,7,False,"Sep 3 – 9, 2023",1693699200,1,0.0353
dining table,7,True,"Sep 10 – 16, 2023",1694304000,22,0.7757
custom bench,7,False,"Sep 10 – 16, 2023",1694304000,0,0.0
console table,7,False,"Sep 10 – 16, 2023",1694304000,5,0.1763
custom console table,7,False,"Sep 10 – 16, 2023",1694304000,0,0.0
custom furniture,7,False,"Sep 10 – 16, 2023",1694304000,1,0.0353
dining table,7,True,"Sep 17 – 23, 2023",1694908800,23,0.8109
custom bench,7,False,"Sep 17 – 23, 2023",1694908800,0,0.0
console table,7,False,"Sep 17 – 23, 2023",1694908800,6,0.2115
custom console table,7,False,"Sep 17 – 23, 2023",1694908800,0,0.0
custom furniture,7,False,"Sep 17 – 23, 2023",1694908800,1,0.0353
dining table,7,True,"Sep 24 – 30, 2023",1695513600,24,0.8462
custom bench,7,False,"Sep 24 – 30, 2023",1695513600,0,0.0
console table,7,False,"Sep 24 – 30, 2023",1695513600,6,0.2115
custom console table,7,False,"Sep 24 – 30, 2023",1695513600,0,0.0
custom furniture,7,False,"Sep 24 – 30, 2023",1695513600,1,0.0353
dining table,7,True,"Oct 1 – 7, 2023",1696118400,23,0.8109
custom bench,7,False,"Oct 1 – 7, 2023",1696118400,0,0.0
console table,7,False,"Oct 1 – 7, 2023",1696118400,5,0.1763
custom console table,7,False,"Oct 1 – 7, 2023",1696118400,0,0.0
custom furniture,7,False,"Oct 1 – 7, 2023",1696118400,1,0.0353
dining table,7,True,"Oct 8 – 14, 2023",1696723200,23,0.8109
custom bench,7,False,"Oct 8 – 14, 2023",1696723200,0,0.0
console table,7,False,"Oct 8 – 14, 2023",1696723200,6,0.2115
custom console table,7,False,"Oct 8 – 14, 2023",1696723200,0,0.0
custom furniture,7,False,"Oct 8 – 14, 2023",1696723200,1,0.0353
dining table,7,True,"Oct 15 – 21, 2023",1697328000,24,0.8462
custom bench,7,False,"Oct 15 – 21, 2023",1697328000,0,0.0
console table,7,False,"Oct 15 – 21, 2023",1697328000,6,0.2115
custom console table,7,False,"Oct 15 – 21, 2023",1697328000,0,0.0
custom furniture,7,False,"Oct 15 – 21, 2023",1697328000,1,0.0353
dining table,7,True,"Oct 22 – 28, 2023",1697932800,24,0.8462
custom bench,7,False,"Oct 22 – 28, 2023",1697932800,0,0.0
console table,7,False,"Oct 22 – 28, 2023",1697932800,6,0.2115
custom console table,7,False,"Oct 22 – 28, 2023",1697932800,0,0.0
custom furniture,7,False,"Oct 22 – 28, 2023",1697932800,1,0.0353
dining table,7,True,"Oct 29 – Nov 4, 2023",1698537600,24,0.8462
custom bench,7,False,"Oct 29 – Nov 4, 2023",1698537600,0,0.0
console table,7,False,"Oct 29 – Nov 4, 2023",1698537600,5,0.1763
custom console table,7,False,"Oct 29 – Nov 4, 2023",1698537600,0,0.0
custom furniture,7,False,"Oct 29 – Nov 4, 2023",1698537600,1,0.0353
dining table,7,True,"Nov 5 – 11, 2023",1699142400,27,0.952
custom bench,7,False,"Nov 5 – 11, 2023",1699142400,0,0.0
console table,7,False,"Nov 5 – 11, 2023",1699142400,6,0.2115
custom console table,7,False,"Nov 5 – 11, 2023",1699142400,0,0.0
custom furniture,7,False,"Nov 5 – 11, 2023",1699142400,1,0.0353
dining table,7,True,"Nov 12 – 18, 2023",1699747200,28,0.9872
custom bench,7,False,"Nov 12 – 18, 2023",1699747200,0,0.0
console table,7,False,"Nov 12 – 18, 2023",1699747200,7,0.2468
custom console table,7,False,"Nov 12 – 18, 2023",1699747200,0,0.0
custom furniture,7,False,"Nov 12 – 18, 2023",1699747200,1,0.0353
dining table,7,True,"Nov 19 – 25, 2023",1700352000,34,1.1988
custom bench,7,False,"Nov 19 – 25, 2023",1700352000,0,0.0
console table,7,False,"Nov 19 – 25, 2023",1700352000,7,0.2468
custom console table,7,False,"Nov 19 – 25, 2023",1700352000,0,0.0
custom furniture,7,False,"Nov 19 – 25, 2023",1700352000,1,0.0353
dining table,7,True,"Nov 26 – Dec 2, 2023",1700956800,25,0.8814
custom bench,7,False,"Nov 26 – Dec 2, 2023",1700956800,0,0.0
console table,7,False,"Nov 26 – Dec 2, 2023",1700956800,6,0.2115
custom console table,7,False,"Nov 26 – Dec 2, 2023",1700956800,0,0.0
custom furniture,7,False,"Nov 26 – Dec 2, 2023",1700956800,1,0.0353
dining table,7,True,"Dec 3 – 9, 2023",1701561600,23,0.8109
custom bench,7,False,"Dec 3 – 9, 2023",1701561600,0,0.0
console table,7,False,"Dec 3 – 9, 2023",1701561600,5,0.1763
custom console table,7,False,"Dec 3 – 9, 2023",1701561600,0,0.0
custom furniture,7,False,"Dec 3 – 9, 2023",1701561600,1,0.0353
dining table,7,True,"Dec 10 – 16, 2023",1702166400,22,0.7757
custom bench,7,False,"Dec 10 – 16, 2023",1702166400,0,0.0
console table,7,False,"Dec 10 – 16, 2023",1702166400,5,0.1763
custom console table,7,False,"Dec 10 – 16, 2023",1702166400,0,0.0
custom furniture,7,False,"Dec 10 – 16, 2023",1702166400,1,0.0353
dining table,7,True,"Dec 17 – 23, 2023",1702771200,21,0.7404
custom bench,7,False,"Dec 17 – 23, 2023",1702771200,0,0.0
console table,7,False,"Dec 17 – 23, 2023",1702771200,4,0.141
custom console table,7,False,"Dec 17 – 23, 2023",1702771200,0,0.0
custom furniture,7,False,"Dec 17 – 23, 2023",1702771200,1,0.0353
dining table,7,True,"Dec 24 – 30, 2023",1703376000,25,0.8814
custom bench,7,False,"Dec 24 – 30, 2023",1703376000,0,0.0
console table,7,False,"Dec 24 – 30, 2023",1703376000,6,0.2115
custom console table,7,False,"Dec 24 – 30, 2023",1703376000,0,0.0
custom furniture,7,False,"Dec 24 – 30, 2023",1703376000,1,0.0353
dining table,7,True,"Dec 31, 2023 – Jan 6, 2024",1703980800,28,0.9872
custom bench,7,False,"Dec 31, 2023 – Jan 6, 2024",1703980800,0,0.0
console table,7,False,"Dec 31, 2023 – Jan 6, 2024",1703980800,7,0.2468
custom console table,7,False,"Dec 31, 2023 – Jan 6, 2024",1703980800,0,0.0
custom furniture,7,False,"Dec 31, 2023 – Jan 6, 2024",1703980800,1,0.0353
dining table,7,True,"Jan 7 – 13, 2024",1704585600,24,0.8462
custom bench,7,False,"Jan 7 – 13, 2024",1704585600,0,0.0
console table,7,False,"Jan 7 – 13, 2024",1704585600,6,0.2115
custom console table,7,False,"Jan 7 – 13, 2024",1704585600,0,0.0
custom furniture,7,False,"Jan 7 – 13, 2024",1704585600,1,0.0353
dining table,7,True,"Jan 14 – 20, 2024",1705190400,25,0.8814
custom bench,7,False,"Jan 14 – 20, 2024",1705190400,0,0.0
console table,7,False,"Jan 14 – 20, 2024",1705190400,7,0.2468
custom console table,7,False,"Jan 14 – 20, 2024",1705190400,0,0.0
custom furniture,7,False,"Jan 14 – 20, 2024",1705190400,1,0.0353
dining table,7,True,"Jan 21 – 27, 2024",1705795200,25,0.8814
custom bench,7,False,"Jan 21 – 27, 2024",1705795200,0,0.0
console table,7,False,"Jan 21 – 27, 2024",1705795200,6,0.2115
custom console table,7,False,"Jan 21 – 27, 2024",1705795200,0,0.0
custom furniture,7,False,"Jan 21 – 27, 2024",1705795200,1,0.0353
dining table,7,True,"Jan 28 – Feb 3, 2024",1706400000,24,0.8462
custom bench,7,False,"Jan 28 – Feb 3, 2024",1706400000,0,0.0
console table,7,False,"Jan 28 – Feb 3, 2024",1706400000,6,0.2115
custom console table,7,False,"Jan 28 – Feb 3, 2024",1706400000,0,0.0
custom furniture,7,False,"Jan 28 – Feb 3, 2024",1706400000,1,0.0353
dining table,7,True,"Feb 4 – 10, 2024",1707004800,23,0.8109
custom bench,7,False,"Feb 4 – 10, 2024",1707004800,0,0.0
console table,7,False,"Feb 4 – 10, 2024",1707004800,6,0.2115
custom console table,7,False,"Feb 4 – 10, 2024",1707004800,0,0.0
custom furniture,7,False,"Feb 4 – 10, 2024",1707004800,1,0.0353
dining table,7,True,"Feb 11 – 17, 2024",1707609600,23,0.8109
custom bench,7,False,"Feb 11 – 17, 2024",1707609600,0,0.0
console table,7,False,"Feb 11 – 17, 2024",1707609600,5,0.1763
custom console table,7,False,"Feb 11 – 17, 2024",1707609600,0,0.0
custom furniture,7,False,"Feb 11 – 17, 2024",1707609600,1,0.0353
dining table,7,True,"Feb 18 – 24, 2024",1708214400,26,0.9167
custom bench,7,False,"Feb 18 – 24, 2024",1708214400,0,0.0
console table,7,False,"Feb 18 – 24, 2024",1708214400,6,0.2115
custom console table,7,False,"Feb 18 – 24, 2024",1708214400,0,0.0
custom furniture,7,False,"Feb 18 – 24, 2024",1708214400,1,0.0353
dining table,7,True,"Feb 25 – Mar 2, 2024",1708819200,24,0.8462
custom bench,7,False,"Feb 25 – Mar 2, 2024",1708819200,0,0.0
console table,7,False,"Feb 25 – Mar 2, 2024",1708819200,5,0.1763
custom console table,7,False,"Feb 25 – Mar 2, 2024",1708819200,0,0.0
custom furniture,7,False,"Feb 25 – Mar 2, 2024",1708819200,1,0.0353
dining table,7,True,"Mar 3 – 9, 2024",1709424000,24,0.8462
custom bench,7,False,"Mar 3 – 9, 2024",1709424000,0,0.0
console table,7,False,"Mar 3 – 9, 2024",1709424000,5,0.1763
custom console table,7,False,"Mar 3 – 9, 2024",1709424000,0,0.0
custom furniture,7,False,"Mar 3 – 9, 2024",1709424000,1,0.0353
dining table,7,True,"Mar 10 – 16, 2024",1710028800,24,0.8462
custom bench,7,False,"Mar 10 – 16, 2024",1710028800,0,0.0
console table,7,False,"Mar 10 – 16, 2024",1710028800,5,0.1763
custom console table,7,False,"Mar 10 – 16, 2024",1710028800,0,0.0
custom furniture,7,False,"Mar 10 – 16, 2024",1710028800,1,0.0353
dining table,7,True,"Mar 17 – 23, 2024",1710633600,24,0.8462
custom bench,7,False,"Mar 17 – 23, 2024",1710633600,0,0.0
console table,7,False,"Mar 17 – 23, 2024",1710633600,5,0.1763
custom console table,7,False,"Mar 17 – 23, 2024",1710633600,0,0.0
custom furniture,7,False,"Mar 17 – 23, 2024",1710633600,1,0.0353
dining table,7,True,"Mar 24 – 30, 2024",1711238400,24,0.8462
custom bench,7,False,"Mar 24 – 30, 2024",1711238400,0,0.0
console table,7,False,"Mar 24 – 30, 2024",1711238400,5,0.1763
custom console table,7,False,"Mar 24 – 30, 2024",1711238400,0,0.0
custom furniture,7,False,"Mar 24 – 30, 2024",1711238400,1,0.0353
dining table,7,True,"Mar 31 – Apr 6, 2024",1711843200,22,0.7757
custom bench,7,False,"Mar 31 – Apr 6, 2024",1711843200,0,0.0
console table,7,False,"Mar 31 – Apr 6, 2024",1711843200,5,0.1763
custom console table,7,False,"Mar 31 – Apr 6, 2024",1711843200,0,0.0
custom furniture,7,False,"Mar 31 – Apr 6, 2024",1711843200,1,0.0353
dining table,7,True,"Apr 7 – 13, 2024",1712448000,23,0.8109
custom bench,7,False,"Apr 7 – 13, 2024",1712448000,0,0.0
console table,7,False,"Apr 7 – 13, 2024",1712448000,5,0.1763
custom console table,7,False,"Apr 7 – 13, 2024",1712448000,0,0.0
custom furniture,7,False,"Apr 7 – 13, 2024",1712448000,1,0.0353
dining table,7,True,"Apr 14 – 20, 2024",1713052800,22,0.7757
custom bench,7,False,"Apr 14 – 20, 2024",1713052800,0,0.0
console table,7,False,"Apr 14 – 20, 2024",1713052800,5,0.1763
custom console table,7,False,"Apr 14 – 20, 2024",1713052800,0,0.0
custom furniture,7,False,"Apr 14 – 20, 2024",1713052800,1,0.0353
dining table,7,True,"Apr 21 – 27, 2024",1713657600,25,0.8814
custom bench,7,False,"Apr 21 – 27, 2024",1713657600,0,0.0
console table,7,False,"Apr 21 – 27, 2024",1713657600,5,0.1763
custom console table,7,False,"Apr 21 – 27, 2024",1713657600,0,0.0
custom furniture,7,False,"Apr 21 – 27, 2024",1713657600,1,0.0353
dining table,7,True,"Apr 28 – May 4, 2024",1714262400,24,0.8462
custom bench,7,False,"Apr 28 – May 4, 2024",1714262400,0,0.0
console table,7,False,"Apr 28 – May 4, 2024",1714262400,5,0.1763
custom console table,7,False,"Apr 28 – May 4, 2024",1714262400,0,0.0
custom furniture,7,False,"Apr 28 – May 4, 2024",1714262400,1,0.0353
dining table,7,True,"May 5 – 11, 2024",1714867200,23,0.8109
custom bench,7,False,"May 5 – 11, 2024",1714867200,0,0.0
console table,7,False,"May 5 – 11, 2024",1714867200,5,0.1763
custom console table,7,False,"May 5 – 11, 2024",1714867200,0,0.0
custom furniture,7,False,"May 5 – 11, 2024",1714867200,1,0.0353
dining table,7,True,"May 12 – 18, 2024",1715472000,23,0.8109
custom bench,7,False,"May 12 – 18, 2024",1715472000,0,0.0
console table,7,False,"May 12 – 18, 2024",1715472000,5,0.1763
custom console table,7,False,"May 12 – 18, 2024",1715472000,0,0.0
custom furniture,7,False,"May 12 – 18, 2024",1715472000,1,0.0353
dining table,7,True,"May 19 – 25, 2024",1716076800,24,0.8462
custom bench,7,False,"May 19 – 25, 2024",1716076800,0,0.0
console table,7,False,"May 19 – 25, 2024",1716076800,5,0.1763
custom console table,7,False,"May 19 – 25, 2024",1716076800,0,0.0
custom furniture,7,False,"May 19 – 25, 2024",1716076800,1,0.0353
dining table,7,True,"May 26 – Jun 1, 2024",1716681600,26,0.9167
custom bench,7,False,"May 26 – Jun 1, 2024",1716681600,0,0.0
console table,7,False,"May 26 – Jun 1, 2024",1716681600,5,0.1763
custom console table,7,False,"May 26 – Jun 1, 2024",1716681600,0,0.0
custom furniture,7,False,"May 26 – Jun 1, 2024",1716681600,1,0.0353
dining table,7,True,"Jun 2 – 8, 2024",1717286400,23,0.8109
custom bench,7,False,"Jun 2 – 8, 2024",1717286400,0,0.0
console table,7,False,"Jun 2 – 8, 2024",1717286400,5,0.1763
custom console table,7,False,"Jun 2 – 8, 2024",1717286400,0,0.0
custom furniture,7,False,"Jun 2 – 8, 2024",1717286400,1,0.0353
dining table,7,True,"Jun 9 – 15, 2024",1717891200,24,0.8462
custom bench,7,False,"Jun 9 – 15, 2024",1717891200,0,0.0
console table,7,False,"Jun 9 – 15, 2024",1717891200,5,0.1763
custom console table,7,False,"Jun 9 – 15, 2024",1717891200,0,0.0
custom furniture,7,False,"Jun 9 – 15, 2024",1717891200,1,0.0353
dining table,7,True,"Jun 16 – 22, 2024",1718496000,25,0.8814
custom bench,7,False,"Jun 16 – 22, 2024",1718496000,0,0.0
console table,7,False,"Jun 16 – 22, 2024",1718496000,5,0.1763
custom console table,7,False,"Jun 16 – 22, 2024",1718496000,0,0.0
custom furniture,7,False,"Jun 16 – 22, 2024",1718496000,1,0.0353
dining table,7,True,"Jun 23 – 29, 2024",1719100800,25,0.8814
custom bench,7,False,"Jun 23 – 29, 2024",1719100800,0,0.0
console table,7,False,"Jun 23 – 29, 2024",1719100800,5,0.1763
custom console table,7,False,"Jun 23 – 29, 2024",1719100800,0,0.0
custom furniture,7,False,"Jun 23 – 29, 2024",1719100800,1,0.0353
dining table,7,True,"Jun 30 – Jul 6, 2024",1719705600,28,0.9872
custom bench,7,False,"Jun 30 – Jul 6, 2024",1719705600,0,0.0
console table,7,False,"Jun 30 – Jul 6, 2024",1719705600,6,0.2115
custom console table,7,False,"Jun 30 – Jul 6, 2024",1719705600,0,0.0
custom furniture,7,False,"Jun 30 – Jul 6, 2024",1719705600,1,0.0353
dining table,7,True,"Jul 7 – 13, 2024",1720310400,25,0.8814
custom bench,7,False,"Jul 7 – 13, 2024",1720310400,0,0.0
console table,7,False,"Jul 7 – 13, 2024",1720310400,6,0.2115
custom console table,7,False,"Jul 7 – 13, 2024",1720310400,0,0.0
custom furniture,7,False,"Jul 7 – 13, 2024",1720310400,1,0.0353
dining table,7,True,"Jul 14 – 20, 2024",1720915200,23,0.8109
custom bench,7,False,"Jul 14 – 20, 2024",1720915200,0,0.0
console table,7,False,"Jul 14 – 20, 2024",1720915200,6,0.2115
custom console table,7,False,"Jul 14 – 20, 2024",1720915200,0,0.0
custom furniture,7,False,"Jul 14 – 20, 2024",1720915200,1,0.0353
dining table,7,True,"Jul 21 – 27, 2024",1721520000,25,0.8814
custom bench,7,False,"Jul 21 – 27, 2024",1721520000,0,0.0
console table,7,False,"Jul 21 – 27, 2024",1721520000,6,0.2115
custom console table,7,False,"Jul 21 – 27, 2024",1721520000,0,0.0
custom furniture,7,False,"Jul 21 – 27, 2024",1721520000,1,0.0353
dining table,7,True,"Jul 28 – Aug 3, 2024",1722124800,26,0.9167
custom bench,7,False,"Jul 28 – Aug 3, 2024",1722124800,0,0.0
console table,7,False,"Jul 28 – Aug 3, 2024",1722124800,6,0.2115
custom console table,7,False,"Jul 28 – Aug 3, 2024",1722124800,0,0.0
custom furniture,7,False,"Jul 28 – Aug 3, 2024",1722124800,1,0.0353
dining table,7,True,"Aug 4 – 10, 2024",1722729600,26,0.9167
custom bench,7,False,"Aug 4 – 10, 2024",1722729600,0,0.0
console table,7,False,"Aug 4 – 10, 2024",1722729600,6,0.2115
custom console table,7,False,"Aug 4 – 10, 2024",1722729600,0,0.0
custom furniture,7,False,"Aug 4 – 10, 2024",1722729600,1,0.0353
dining table,7,True,"Aug 11 – 17, 2024",1723334400,27,0.952
custom bench,7,False,"Aug 11 – 17, 2024",1723334400,0,0.0
console table,7,False,"Aug 11 – 17, 2024",1723334400,6,0.2115
custom console table,7,False,"Aug 11 – 17, 2024",1723334400,0,0.0
custom furniture,7,False,"Aug 11 – 17, 2024",1723334400,1,0.0353
dining table,7,True,"Aug 18 – 24, 2024",1723939200,27,0.952
custom bench,7,False,"Aug 18 – 24, 2024",1723939200,0,0.0
console table,7,False,"Aug 18 – 24, 2024",1723939200,6,0.2115
custom console table,7,False,"Aug 18 – 24, 2024",1723939200,0,0.0
custom furniture,7,False,"Aug 18 – 24, 2024",1723939200,1,0.0353
dining table,7,True,"Aug 25 – 31, 2024",1724544000,25,0.8814
custom bench,7,False,"Aug 25 – 31, 2024",1724544000,0,0.0
console table,7,False,"Aug 25 – 31, 2024",1724544000,6,0.2115
custom console table,7,False,"Aug 25 – 31, 2024",1724544000,0,0.0
custom furniture,7,False,"Aug 25 – 31, 2024",1724544000,1,0.0353
dining table,7,True,"Sep 1 – 7, 2024",1725148800,27,0.952
custom bench,7,False,"Sep 1 – 7, 2024",1725148800,0,0.0
console table,7,False,"Sep 1 – 7, 2024",1725148800,6,0.2115
custom console table,7,False,"Sep 1 – 7, 2024",1725148800,0,0.0
custom furniture,7,False,"Sep 1 – 7, 2024",1725148800,1,0.0353
dining table,7,True,"Sep 8 – 14, 2024",1725753600,24,0.8462
custom bench,7,False,"Sep 8 – 14, 2024",1725753600,0,0.0
console table,7,False,"Sep 8 – 14, 2024",1725753600,6,0.2115
custom console table,7,False,"Sep 8 – 14, 2024",1725753600,0,0.0
custom furniture,7,False,"Sep 8 – 14, 2024",1725753600,1,0.0353
dining table,7,True,"Sep 15 – 21, 2024",1726358400,23,0.8109
custom bench,7,False,"Sep 15 – 21, 2024",1726358400,0,0.0
console table,7,False,"Sep 15 – 21, 2024",1726358400,6,0.2115
custom console table,7,False,"Sep 15 – 21, 2024",1726358400,0,0.0
custom furniture,7,False,"Sep 15 – 21, 2024",1726358400,1,0.0353
dining table,7,True,"Sep 22 – 28, 2024",1726963200,23,0.8109
custom bench,7,False,"Sep 22 – 28, 2024",1726963200,0,0.0
console table,7,False,"Sep 22 – 28, 2024",1726963200,6,0.2115
custom console table,7,False,"Sep 22 – 28, 2024",1726963200,0,0.0
custom furniture,7,False,"Sep 22 – 28, 2024",1726963200,1,0.0353
dining table,7,True,"Sep 29 – Oct 5, 2024",1727568000,23,0.8109
custom bench,7,False,"Sep 29 – Oct 5, 2024",1727568000,0,0.0
console table,7,False,"Sep 29 – Oct 5, 2024",1727568000,6,0.2115
custom console table,7,False,"Sep 29 – Oct 5, 2024",1727568000,0,0.0
custom furniture,7,False,"Sep 29 – Oct 5, 2024",1727568000,1,0.0353
dining table,7,True,"Oct 6 – 12, 2024",1728172800,23,0.8109
custom bench,7,False,"Oct 6 – 12, 2024",1728172800,0,0.0
console table,7,False,"Oct 6 – 12, 2024",1728172800,6,0.2115
custom console table,7,False,"Oct 6 – 12, 2024",1728172800,0,0.0
custom furniture,7,False,"Oct 6 – 12, 2024",1728172800,1,0.0353
dining table,7,True,"Oct 13 – 19, 2024",1728777600,24,0.8462
custom bench,7,False,"Oct 13 – 19, 2024",1728777600,0,0.0
console table,7,False,"Oct 13 – 19, 2024",1728777600,6,0.2115
custom console table,7,False,"Oct 13 – 19, 2024",1728777600,0,0.0
custom furniture,7,False,"Oct 13 – 19, 2024",1728777600,1,0.0353
dining table,7,True,"Oct 20 – 26, 2024",1729382400,24,0.8462
custom bench,7,False,"Oct 20 – 26, 2024",1729382400,0,0.0
console table,7,False,"Oct 20 – 26, 2024",1729382400,5,0.1763
custom console table,7,False,"Oct 20 – 26, 2024",1729382400,0,0.0
custom furniture,7,False,"Oct 20 – 26, 2024",1729382400,1,0.0353
dining table,7,True,"Oct 27 – Nov 2, 2024",1729987200,24,0.8462
custom bench,7,False,"Oct 27 – Nov 2, 2024",1729987200,0,0.0
console table,7,False,"Oct 27 – Nov 2, 2024",1729987200,6,0.2115
custom console table,7,False,"Oct 27 – Nov 2, 2024",1729987200,0,0.0
custom furniture,7,False,"Oct 27 – Nov 2, 2024",1729987200,1,0.0353
dining table,7,True,"Nov 3 – 9, 2024",1730592000,25,0.8814
custom bench,7,False,"Nov 3 – 9, 2024",1730592000,0,0.0
console table,7,False,"Nov 3 – 9, 2024",1730592000,6,0.2115
custom console table,7,False,"Nov 3 – 9, 2024",1730592000,0,0.0
custom furniture,7,False,"Nov 3 – 9, 2024",1730592000,1,0.0353
dining table,7,True,"Nov 10 – 16, 2024",1731196800,28,0.9872
custom bench,7,False,"Nov 10 – 16, 2024",1731196800,0,0.0
console table,7,False,"Nov 10 – 16, 2024",1731196800,6,0.2115
custom console table,7,False,"Nov 10 – 16, 2024",1731196800,0,0.0
custom furniture,7,False,"Nov 10 – 16, 2024",1731196800,1,0.0353
dining table,7,True,"Nov 17 – 23, 2024",1731801600,30,1.0577
custom bench,7,False,"Nov 17 – 23, 2024",1731801600,0,0.0
console table,7,False,"Nov 17 – 23, 2024",1731801600,7,0.2468
custom console table,7,False,"Nov 17 – 23, 2024",1731801600,0,0.0
custom furniture,7,False,"Nov 17 – 23, 2024",1731801600,1,0.0353
dining table,7,True,"Nov 24 – 30, 2024",1732406400,32,1.1282
custom bench,7,False,"Nov 24 – 30, 2024",1732406400,0,0.0
console table,7,False,"Nov 24 – 30, 2024",1732406400,7,0.2468
custom console table,7,False,"Nov 24 – 30, 2024",1732406400,0,0.0
custom furniture,7,False,"Nov 24 – 30, 2024",1732406400,1,0.0353
dining table,7,True,"Dec 1 – 7, 2024",1733011200,24,0.8462
custom bench,7,False,"Dec 1 – 7, 2024",1733011200,0,0.0
console table,7,False,"Dec 1 – 7, 2024",1733011200,6,0.2115
custom console table,7,False,"Dec 1 – 7, 2024",1733011200,0,0.0
custom furniture,7,False,"Dec 1 – 7, 2024",1733011200,1,0.0353
dining table,7,True,"Dec 8 – 14, 2024",1733616000,22,0.7757
custom bench,7,False,"Dec 8 – 14, 2024",1733616000,0,0.0
console table,7,False,"Dec 8 – 14, 2024",1733616000,5,0.1763
custom console table,7,False,"Dec 8 – 14, 2024",1733616000,0,0.0
custom furniture,7,False,"Dec 8 – 14, 2024",1733616000,1,0.0353
dining table,7,True,"Dec 15 – 21, 2024",1734220800,21,0.7404
custom bench,7,False,"Dec 15 – 21, 2024",1734220800,0,0.0
console table,7,False,"Dec 15 – 21, 2024",1734220800,5,0.1763
custom console table,7,False,"Dec 15 – 21, 2024",1734220800,0,0.0
custom furniture,7,False,"Dec 15 – 21, 2024",1734220800,1,0.0353
dining table,7,True,"Dec 22 – 28, 2024",1734825600,25,0.8814
custom bench,7,False,"Dec 22 – 28, 2024",1734825600,0,0.0
console table,7,False,"Dec 22 – 28, 2024",1734825600,5,0.1763
custom console table,7,False,"Dec 22 – 28, 2024",1734825600,0,0.0
custom furniture,7,False,"Dec 22 – 28, 2024",1734825600,1,0.0353
dining table,7,True,"Dec 29, 2024 – Jan 4, 2025",1735430400,30,1.0577
custom bench,7,False,"Dec 29, 2024 – Jan 4, 2025",1735430400,0,0.0
console table,7,False,"Dec 29, 2024 – Jan 4, 2025",1735430400,7,0.2468
custom console table,7,False,"Dec 29, 2024 – Jan 4, 2025",1735430400,0,0.0
custom furniture,7,False,"Dec 29, 2024 – Jan 4, 2025",1735430400,1,0.0353
dining table,7,True,"Jan 5 – 11, 2025",1736035200,25,0.8814
custom bench,7,False,"Jan 5 – 11, 2025",1736035200,0,0.0
console table,7,False,"Jan 5 – 11, 2025",1736035200,7,0.2468
custom console table,7,False,"Jan 5 – 11, 2025",1736035200,0,0.0
custom furniture,7,False,"Jan 5 – 11, 2025",1736035200,1,0.0353
dining table,7,True,"Jan 12 – 18, 2025",1736640000,25,0.8814
custom bench,7,False,"Jan 12 – 18, 2025",1736640000,0,0.0
console table,7,False,"Jan 12 – 18, 2025",1736640000,6,0.2115
custom console table,7,False,"Jan 12 – 18, 2025",1736640000,0,0.0
custom furniture,7,False,"Jan 12 – 18, 2025",1736640000,1,0.0353
dining table,7,True,"Jan 19 – 25, 2025",1737244800,26,0.9167
custom bench,7,False,"Jan 19 – 25, 2025",1737244800,0,0.0
console table,7,False,"Jan 19 – 25, 2025",1737244800,6,0.2115
custom console table,7,False,"Jan 19 – 25, 2025",1737244800,0,0.0
custom furniture,7,False,"Jan 19 – 25, 2025",1737244800,1,0.0353
dining table,7,True,"Jan 26 – Feb 1, 2025",1737849600,23,0.8109
custom bench,7,False,"Jan 26 – Feb 1, 2025",1737849600,0,0.0
console table,7,False,"Jan 26 – Feb 1, 2025",1737849600,6,0.2115
custom console table,7,False,"Jan 26 – Feb 1, 2025",1737849600,0,0.0
custom furniture,7,False,"Jan 26 – Feb 1, 2025",1737849600,1,0.0353
dining table,7,True,"Feb 2 – 8, 2025",1738454400,24,0.8462
custom bench,7,False,"Feb 2 – 8, 2025",1738454400,0,0.0
console table,7,False,"Feb 2 – 8, 2025",1738454400,6,0.2115
custom console table,7,False,"Feb 2 – 8, 2025",1738454400,0,0.0
custom furniture,7,False,"Feb 2 – 8, 2025",1738454400,1,0.0353
dining table,7,True,"Feb 9 – 15, 2025",1739059200,22,0.7757
custom bench,7,False,"Feb 9 – 15, 2025",1739059200,0,0.0
console table,7,False,"Feb 9 – 15, 2025",1739059200,5,0.1763
custom console table,7,False,"Feb 9 – 15, 2025",1739059200,0,0.0
custom furniture,7,False,"Feb 9 – 15, 2025",1739059200,1,0.0353
dining table,7,True,"Feb 16 – 22, 2025",1739664000,25,0.8814
custom bench,7,False,"Feb 16 – 22, 2025",1739664000,0,0.0
console table,7,False,"Feb 16 – 22, 2025",1739664000,6,0.2115
custom console table,7,False,"Feb 16 – 22, 2025",1739664000,0,0.0
custom furniture,7,False,"Feb 16 – 22, 2025",1739664000,1,0.0353
dining table,7,True,"Feb 23 – Mar 1, 2025",1740268800,25,0.8814
custom bench,7,False,"Feb 23 – Mar 1, 2025",1740268800,0,0.0
console table,7,False,"Feb 23 – Mar 1, 2025",1740268800,6,0.2115
custom console table,7,False,"Feb 23 – Mar 1, 2025",1740268800,0,0.0
custom furniture,7,False,"Feb 23 – Mar 1, 2025",1740268800,1,0.0353
dining table,7,True,"Mar 2 – 8, 2025",1740873600,25,0.8814
custom bench,7,False,"Mar 2 – 8, 2025",1740873600,0,0.0
console table,7,False,"Mar 2 – 8, 2025",1740873600,5,0.1763
custom console table,7,False,"Mar 2 – 8, 2025",1740873600,0,0.0
custom furniture,7,False,"Mar 2 – 8, 2025",1740873600,1,0.0353
dining table,7,True,"Mar 9 – 15, 2025",1741478400,26,0.9167
custom bench,7,False,"Mar 9 – 15, 2025",1741478400,0,0.0
console table,7,False,"Mar 9 – 15, 2025",1741478400,5,0.1763
custom console table,7,False,"Mar 9 – 15, 2025",1741478400,0,0.0
custom furniture,7,False,"Mar 9 – 15, 2025",1741478400,1,0.0353
dining table,7,True,"Mar 16 – 22, 2025",1742083200,25,0.8814
custom bench,7,False,"Mar 16 – 22, 2025",1742083200,0,0.0
console table,7,False,"Mar 16 – 22, 2025",1742083200,5,0.1763
custom console table,7,False,"Mar 16 – 22, 2025",1742083200,0,0.0
custom furniture,7,False,"Mar 16 – 22, 2025",1742083200,1,0.0353
dining table,7,True,"Mar 23 – 29, 2025",1742688000,24,0.8462
custom bench,7,False,"Mar 23 – 29, 2025",1742688000,0,0.0
console table,7,False,"Mar 23 – 29, 2025",1742688000,5,0.1763
custom console table,7,False,"Mar 23 – 29, 2025",1742688000,0,0.0
custom furniture,7,False,"Mar 23 – 29, 2025",1742688000,1,0.0353
dining table,7,True,"Mar 30 – Apr 5, 2025",1743292800,24,0.8462
custom bench,7,False,"Mar 30 – Apr 5, 2025",1743292800,0,0.0
console table,7,False,"Mar 30 – Apr 5, 2025",1743292800,5,0.1763
custom console table,7,False,"Mar 30 – Apr 5, 2025",1743292800,0,0.0
custom furniture,7,False,"Mar 30 – Apr 5, 2025",1743292800,1,0.0353
dining table,7,True,"Apr 6 – 12, 2025",1743897600,24,0.8462
custom bench,7,False,"Apr 6 – 12, 2025",1743897600,0,0.0
console table,7,False,"Apr 6 – 12, 2025",1743897600,5,0.1763
custom console table,7,False,"Apr 6 – 12, 2025",1743897600,0,0.0
custom furniture,7,False,"Apr 6 – 12, 2025",1743897600,1,0.0353
dining table,7,True,"Apr 13 – 19, 2025",1744502400,24,0.8462
custom bench,7,False,"Apr 13 – 19, 2025",1744502400,0,0.0
console table,7,False,"Apr 13 – 19, 2025",1744502400,5,0.1763
custom console table,7,False,"Apr 13 – 19, 2025",1744502400,0,0.0
custom furniture,7,False,"Apr 13 – 19, 2025",1744502400,1,0.0353
dining table,7,True,"Apr 20 – 26, 2025",1745107200,25,0.8814
custom bench,7,False,"Apr 20 – 26, 2025",1745107200,0,0.0
console table,7,False,"Apr 20 – 26, 2025",1745107200,5,0.1763
custom console table,7,False,"Apr 20 – 26, 2025",1745107200,0,0.0
custom furniture,7,False,"Apr 20 – 26, 2025",1745107200,1,0.0353
dining table,7,True,"Apr 27 – May 3, 2025",1745712000,25,0.8814
custom bench,7,False,"Apr 27 – May 3, 2025",1745712000,0,0.0
console table,7,False,"Apr 27 – May 3, 2025",1745712000,5,0.1763
custom console table,7,False,"Apr 27 – May 3, 2025",1745712000,0,0.0
custom furniture,7,False,"Apr 27 – May 3, 2025",1745712000,1,0.0353
dining table,7,True,"May 4 – 10, 2025",1746316800,25,0.8814
custom bench,7,False,"May 4 – 10, 2025",1746316800,0,0.0
console table,7,False,"May 4 – 10, 2025",1746316800,5,0.1763
custom console table,7,False,"May 4 – 10, 2025",1746316800,0,0.0
custom furniture,7,False,"May 4 – 10, 2025",1746316800,1,0.0353
dining table,7,True,"May 11 – 17, 2025",1746921600,25,0.8814
custom bench,7,False,"May 11 – 17, 2025",1746921600,0,0.0
console table,7,False,"May 11 – 17, 2025",1746921600,5,0.1763
custom console table,7,False,"May 11 – 17, 2025",1746921600,0,0.0
custom furniture,7,False,"May 11 – 17, 2025",1746921600,1,0.0353
dining table,7,True,"May 18 – 24, 2025",1747526400,25,0.8814
custom bench,7,False,"May 18 – 24, 2025",1747526400,0,0.0
console table,7,False,"May 18 – 24, 2025",1747526400,5,0.1763
custom console table,7,False,"May 18 – 24, 2025",1747526400,0,0.0
custom furniture,7,False,"May 18 – 24, 2025",1747526400,1,0.0353
dining table,7,True,"May 25 – 31, 2025",1748131200,27,0.952
custom bench,7,False,"May 25 – 31, 2025",1748131200,0,0.0
console table,7,False,"May 25 – 31, 2025",1748131200,6,0.2115
custom console table,7,False,"May 25 – 31, 2025",1748131200,0,0.0
custom furniture,7,False,"May 25 – 31, 2025",1748131200,1,0.0353
dining table,7,True,"Jun 1 – 7, 2025",1748736000,24,0.8462
custom bench,7,False,"Jun 1 – 7, 2025",1748736000,0,0.0
console table,7,False,"Jun 1 – 7, 2025",1748736000,5,0.1763
custom console table,7,False,"Jun 1 – 7, 2025",1748736000,0,0.0
custom furniture,7,False,"Jun 1 – 7, 2025",1748736000,1,0.0353
dining table,7,True,"Jun 8 – 14, 2025",1749340800,24,0.8462
custom bench,7,False,"Jun 8 – 14, 2025",1749340800,0,0.0
console table,7,False,"Jun 8 – 14, 2025",1749340800,5,0.1763
custom console table,7,False,"Jun 8 – 14, 2025",1749340800,0,0.0
custom furniture,7,False,"Jun 8 – 14, 2025",1749340800,1,0.0353
dining table,7,True,"Jun 15 – 21, 2025",1749945600,26,0.9167
custom bench,7,False,"Jun 15 – 21, 2025",1749945600,0,0.0
console table,7,False,"Jun 15 – 21, 2025",1749945600,5,0.1763
custom console table,7,False,"Jun 15 – 21, 2025",1749945600,0,0.0
custom furniture,7,False,"Jun 15 – 21, 2025",1749945600,1,0.0353
dining table,7,True,"Jun 22 – 28, 2025",1750550400,25,0.8814
custom bench,7,False,"Jun 22 – 28, 2025",1750550400,0,0.0
console table,7,False,"Jun 22 – 28, 2025",1750550400,5,0.1763
custom console table,7,False,"Jun 22 – 28, 2025",1750550400,0,0.0
custom furniture,7,False,"Jun 22 – 28, 2025",1750550400,1,0.0353
dining table,7,True,"Jun 29 – Jul 5, 2025",1751155200,27,0.952
custom bench,7,False,"Jun 29 – Jul 5, 2025",1751155200,0,0.0
console table,7,False,"Jun 29 – Jul 5, 2025",1751155200,5,0.1763
custom console table,7,False,"Jun 29 – Jul 5, 2025",1751155200,0,0.0
custom furniture,7,False,"Jun 29 – Jul 5, 2025",1751155200,1,0.0353
dining table,7,True,"Jul 6 – 12, 2025",1751760000,28,0.9872
custom bench,7,False,"Jul 6 – 12, 2025",1751760000,0,0.0
console table,7,False,"Jul 6 – 12, 2025",1751760000,6,0.2115
custom console table,7,False,"Jul 6 – 12, 2025",1751760000,0,0.0
custom furniture,7,False,"Jul 6 – 12, 2025",1751760000,1,0.0353
dining table,7,True,"Jul 13 – 19, 2025",1752364800,29,1.0225
custom bench,7,False,"Jul 13 – 19, 2025",1752364800,0,0.0
console table,7,False,"Jul 13 – 19, 2025",1752364800,6,0.2115
custom console table,7,False,"Jul 13 – 19, 2025",1752364800,0,0.0
custom furniture,7,False,"Jul 13 – 19, 2025",1752364800,1,0.0353
dining table,7,True,"Jul 20 – 26, 2025",1752969600,27,0.952
custom bench,7,False,"Jul 20 – 26, 2025",1752969600,0,0.0
console table,7,False,"Jul 20 – 26, 2025",1752969600,7,0.2468
custom console table,7,False,"Jul 20 – 26, 2025",1752969600,0,0.0
custom furniture,7,False,"Jul 20 – 26, 2025",1752969600,1,0.0353
dining table,7,True,"Jul 27 – Aug 2, 2025",1753574400,28,0.9872
custom bench,7,False,"Jul 27 – Aug 2, 2025",1753574400,0,0.0
console table,7,False,"Jul 27 – Aug 2, 2025",1753574400,7,0.2468
custom console table,7,False,"Jul 27 – Aug 2, 2025",1753574400,0,0.0
custom furniture,7,False,"Jul 27 – Aug 2, 2025",1753574400,2,0.0705
dining table,7,True,"Aug 3 – 9, 2025",1754179200,28,0.9872
custom bench,7,False,"Aug 3 – 9, 2025",1754179200,0,0.0
console table,7,False,"Aug 3 – 9, 2025",1754179200,6,0.2115
custom console table,7,False,"Aug 3 – 9, 2025",1754179200,0,0.0
custom furniture,7,False,"Aug 3 – 9, 2025",1754179200,1,0.0353
dining table,7,True,"Aug 10 – 16, 2025",1754784000,27,0.952
custom bench,7,False,"Aug 10 – 16, 2025",1754784000,0,0.0
console table,7,False,"Aug 10 – 16, 2025",1754784000,7,0.2468
custom console table,7,False,"Aug 10 – 16, 2025",1754784000,0,0.0
custom furniture,7,False,"Aug 10 – 16, 2025",1754784000,1,0.0353
dining table,7,True,"Aug 17 – 23, 2025",1755388800,26,0.9167
custom bench,7,False,"Aug 17 – 23, 2025",1755388800,0,0.0
console table,7,False,"Aug 17 – 23, 2025",1755388800,6,0.2115
custom console table,7,False,"Aug 17 – 23, 2025",1755388800,0,0.0
custom furniture,7,False,"Aug 17 – 23, 2025",1755388800,1,0.0353
dining table,7,True,"Aug 24 – 30, 2025",1755993600,27,0.952
custom bench,7,False,"Aug 24 – 30, 2025",1755993600,0,0.0
console table,7,False,"Aug 24 – 30, 2025",1755993600,6,0.2115
custom console table,7,False,"Aug 24 – 30, 2025",1755993600,0,0.0
custom furniture,7,False,"Aug 24 – 30, 2025",1755993600,1,0.0353
dining table,7,True,"Aug 31 – Sep 6, 2025",1756598400,29,1.0225
custom bench,7,False,"Aug 31 – Sep 6, 2025",1756598400,0,0.0
console table,7,False,"Aug 31 – Sep 6, 2025",1756598400,7,0.2468
custom console table,7,False,"Aug 31 – Sep 6, 2025",1756598400,0,0.0
custom furniture,7,False,"Aug 31 – Sep 6, 2025",1756598400,1,0.0353
dining table,7,True,"Sep 7 – 13, 2025",1757203200,24,0.8462
custom bench,7,False,"Sep 7 – 13, 2025",1757203200,0,0.0
console table,7,False,"Sep 7 – 13, 2025",1757203200,6,0.2115
custom console table,7,False,"Sep 7 – 13, 2025",1757203200,0,0.0
custom furniture,7,False,"Sep 7 – 13, 2025",1757203200,1,0.0353
dining table,7,True,"Sep 14 – 20, 2025",1757808000,23,0.8109
custom bench,7,False,"Sep 14 – 20, 2025",1757808000,0,0.0
console table,7,False,"Sep 14 – 20, 2025",1757808000,5,0.1763
custom console table,7,False,"Sep 14 – 20, 2025",1757808000,0,0.0
custom furniture,7,False,"Sep 14 – 20, 2025",1757808000,1,0.0353
dining table,7,True,"Sep 21 – 27, 2025",1758412800,25,0.8814
custom bench,7,False,"Sep 21 – 27, 2025",1758412800,0,0.0
console table,7,False,"Sep 21 – 27, 2025",1758412800,6,0.2115
custom console table,7,False,"Sep 21 – 27, 2025",1758412800,0,0.0
custom furniture,7,False,"Sep 21 – 27, 2025",1758412800,1,0.0353
dining table,7,True,"Sep 28 – Oct 4, 2025",1759017600,24,0.8462
custom bench,7,False,"Sep 28 – Oct 4, 2025",1759017600,0,0.0
console table,7,False,"Sep 28 – Oct 4, 2025",1759017600,6,0.2115
custom console table,7,False,"Sep 28 – Oct 4, 2025",1759017600,0,0.0
custom furniture,7,False,"Sep 28 – Oct 4, 2025",1759017600,1,0.0353
dining table,7,True,"Oct 5 – 11, 2025",1759622400,24,0.8462
custom bench,7,False,"Oct 5 – 11, 2025",1759622400,0,0.0
console table,7,False,"Oct 5 – 11, 2025",1759622400,5,0.1763
custom console table,7,False,"Oct 5 – 11, 2025",1759622400,0,0.0
custom furniture,7,False,"Oct 5 – 11, 2025",1759622400,1,0.0353
dining table,7,True,"Oct 12 – 18, 2025",1760227200,24,0.8462
custom bench,7,False,"Oct 12 – 18, 2025",1760227200,0,0.0
console table,7,False,"Oct 12 – 18, 2025",1760227200,5,0.1763
custom console table,7,False,"Oct 12 – 18, 2025",1760227200,0,0.0
custom furniture,7,False,"Oct 12 – 18, 2025",1760227200,1,0.0353
dining table,7,True,"Oct 19 – 25, 2025",1760832000,24,0.8462
custom bench,7,False,"Oct 19 – 25, 2025",1760832000,0,0.0
console table,7,False,"Oct 19 – 25, 2025",1760832000,5,0.1763
custom console table,7,False,"Oct 19 – 25, 2025",1760832000,0,0.0
custom furniture,7,False,"Oct 19 – 25, 2025",1760832000,1,0.0353
dining table,7,True,"Oct 26 – Nov 1, 2025",1761436800,25,0.8814
custom bench,7,False,"Oct 26 – Nov 1, 2025",1761436800,0,0.0
console table,7,False,"Oct 26 – Nov 1, 2025",1761436800,6,0.2115
custom console table,7,False,"Oct 26 – Nov 1, 2025",1761436800,0,0.0
custom furniture,7,False,"Oct 26 – Nov 1, 2025",1761436800,1,0.0353
dining table,7,True,"Nov 2 – 8, 2025",1762041600,29,1.0225
custom bench,7,False,"Nov 2 – 8, 2025",1762041600,0,0.0
console table,7,False,"Nov 2 – 8, 2025",1762041600,7,0.2468
custom console table,7,False,"Nov 2 – 8, 2025",1762041600,0,0.0
custom furniture,7,False,"Nov 2 – 8, 2025",1762041600,1,0.0353
dining table,7,True,"Nov 9 – 15, 2025",1762646400,31,1.093
custom bench,7,False,"Nov 9 – 15, 2025",1762646400,0,0.0
console table,7,False,"Nov 9 – 15, 2025",1762646400,7,0.2468
custom console table,7,False,"Nov 9 – 15, 2025",1762646400,0,0.0
custom furniture,7,False,"Nov 9 – 15, 2025",1762646400,1,0.0353
dining table,7,True,"Nov 16 – 22, 2025",1763251200,29,1.0225
custom bench,7,False,"Nov 16 – 22, 2025",1763251200,0,0.0
console table,7,False,"Nov 16 – 22, 2025",1763251200,7,0.2468
custom console table,7,False,"Nov 16 – 22, 2025",1763251200,0,0.0
custom furniture,7,False,"Nov 16 – 22, 2025",1763251200,1,0.0353
dining table,7,True,"Nov 23 – 29, 2025",1763856000,34,1.1988
custom bench,7,False,"Nov 23 – 29, 2025",1763856000,0,0.0
console table,7,False,"Nov 23 – 29, 2025",1763856000,7,0.2468
custom console table,7,False,"Nov 23 – 29, 2025",1763856000,0,0.0
custom furniture,7,False,"Nov 23 – 29, 2025",1763856000,1,0.0353
dining table,7,True,"Nov 30 – Dec 6, 2025",1764460800,26,0.9167
custom bench,7,False,"Nov 30 – Dec 6, 2025",1764460800,0,0.0
console table,7,False,"Nov 30 – Dec 6, 2025",1764460800,6,0.2115
custom console table,7,False,"Nov 30 – Dec 6, 2025",1764460800,0,0.0
custom furniture,7,False,"Nov 30 – Dec 6, 2025",1764460800,1,0.0353
dining table,7,True,"Dec 7 – 13, 2025",1765065600,23,0.8109
custom bench,7,False,"Dec 7 – 13, 2025",1765065600,0,0.0
console table,7,False,"Dec 7 – 13, 2025",1765065600,5,0.1763
custom console table,7,False,"Dec 7 – 13, 2025",1765065600,0,0.0
custom furniture,7,False,"Dec 7 – 13, 2025",1765065600,1,0.0353
dining table,7,True,"Dec 14 – 20, 2025",1765670400,20,0.7052
custom bench,7,False,"Dec 14 – 20, 2025",1765670400,0,0.0
console table,7,False,"Dec 14 – 20, 2025",1765670400,5,0.1763
custom console table,7,False,"Dec 14 – 20, 2025",1765670400,0,0.0
custom furniture,7,False,"Dec 14 – 20, 2025",1765670400,1,0.0353
dining table,7,True,"Dec 21 – 27, 2025",1766275200,23,0.8109
custom bench,7,False,"Dec 21 – 27, 2025",1766275200,0,0.0
console table,7,False,"Dec 21 – 27, 2025",1766275200,6,0.2115
custom console table,7,False,"Dec 21 – 27, 2025",1766275200,0,0.0
custom furniture,7,False,"Dec 21 – 27, 2025",1766275200,2,0.0705
dining table,7,True,"Dec 28, 2025 – Jan 3, 2026",1766880000,31,1.093
custom bench,7,False,"Dec 28, 2025 – Jan 3, 2026",1766880000,0,0.0
console table,7,False,"Dec 28, 2025 – Jan 3, 2026",1766880000,8,0.2821
custom console table,7,False,"Dec 28, 2025 – Jan 3, 2026",1766880000,0,0.0
custom furniture,7,False,"Dec 28, 2025 – Jan 3, 2026",1766880000,1,0.0353
dining table,7,True,"Jan 4 – 10, 2026",1767484800,26,0.9167
custom bench,7,False,"Jan 4 – 10, 2026",1767484800,0,0.0
console table,7,False,"Jan 4 – 10, 2026",1767484800,7,0.2468
custom console table,7,False,"Jan 4 – 10, 2026",1767484800,0,0.0
custom furniture,7,False,"Jan 4 – 10, 2026",1767484800,1,0.0353
dining table,7,True,"Jan 11 – 17, 2026",1768089600,25,0.8814
custom bench,7,False,"Jan 11 – 17, 2026",1768089600,0,0.0
console table,7,False,"Jan 11 – 17, 2026",1768089600,7,0.2468
custom console table,7,False,"Jan 11 – 17, 2026",1768089600,0,0.0
custom furniture,7,False,"Jan 11 – 17, 2026",1768089600,1,0.0353
dining table,7,True,"Jan 18 – 24, 2026",1768694400,25,0.8814
custom bench,7,False,"Jan 18 – 24, 2026",1768694400,0,0.0
console table,7,False,"Jan 18 – 24, 2026",1768694400,6,0.2115
custom console table,7,False,"Jan 18 – 24, 2026",1768694400,0,0.0
custom furniture,7,False,"Jan 18 – 24, 2026",1768694400,2,0.0705
dining table,7,True,"Jan 25 – 31, 2026",1769299200,24,0.8462
custom bench,7,False,"Jan 25 – 31, 2026",1769299200,0,0.0
console table,7,False,"Jan 25 – 31, 2026",1769299200,6,0.2115
custom console table,7,False,"Jan 25 – 31, 2026",1769299200,0,0.0
custom furniture,7,False,"Jan 25 – 31, 2026",1769299200,2,0.0705
dining table,7,True,"Feb 1 – 7, 2026",1769904000,25,0.8814
custom bench,7,False,"Feb 1 – 7, 2026",1769904000,0,0.0
console table,7,False,"Feb 1 – 7, 2026",1769904000,7,0.2468
custom console table,7,False,"Feb 1 – 7, 2026",1769904000,0,0.0
custom furniture,7,False,"Feb 1 – 7, 2026",1769904000,2,0.0705
dining table,7,True,"Feb 8 – 14, 2026",1770508800,32,1.1282
custom bench,7,False,"Feb 8 – 14, 2026",1770508800,1,0.0353
console table,7,False,"Feb 8 – 14, 2026",1770508800,7,0.2468
custom console table,7,False,"Feb 8 – 14, 2026",1770508800,0,0.0
custom furniture,7,False,"Feb 8 – 14, 2026",1770508800,2,0.0705
dining table,7,True,"Feb 15 – 21, 2026",1771113600,35,1.234
custom bench,7,False,"Feb 15 – 21, 2026",1771113600,1,0.0353
console table,7,False,"Feb 15 – 21, 2026",1771113600,8,0.2821
custom console table,7,False,"Feb 15 – 21, 2026",1771113600,0,0.0
custom furniture,7,False,"Feb 15 – 21, 2026",1771113600,2,0.0705
dining table,7,True,"Feb 22 – 28, 2026",1771718400,30,1.0577
custom bench,7,False,"Feb 22 – 28, 2026",1771718400,1,0.0353
console table,7,False,"Feb 22 – 28, 2026",1771718400,7,0.2468
custom console table,7,False,"Feb 22 – 28, 2026",1771718400,0,0.0
custom furniture,7,False,"Feb 22 – 28, 2026",1771718400,2,0.0705
dining table,7,True,"Mar 1 – 7, 2026",1772323200,27,0.952
custom bench,7,False,"Mar 1 – 7, 2026",1772323200,0,0.0
console table,7,False,"Mar 1 – 7, 2026",1772323200,6,0.2115
custom console table,7,False,"Mar 1 – 7, 2026",1772323200,0,0.0
custom furniture,7,False,"Mar 1 – 7, 2026",1772323200,2,0.0705
dining table,7,True,"Mar 8 – 14, 2026",1772928000,28,0.9872
custom bench,7,False,"Mar 8 – 14, 2026",1772928000,1,0.0353
console table,7,False,"Mar 8 – 14, 2026",1772928000,7,0.2468
custom console table,7,False,"Mar 8 – 14, 2026",1772928000,0,0.0
custom furniture,7,False,"Mar 8 – 14, 2026",1772928000,2,0.0705
dining table,7,True,"Mar 15 – 21, 2026",1773532800,30,1.0577
custom bench,7,False,"Mar 15 – 21, 2026",1773532800,1,0.0353
console table,7,False,"Mar 15 – 21, 2026",1773532800,9,0.3173
custom console table,7,False,"Mar 15 – 21, 2026",1773532800,0,0.0
custom furniture,7,False,"Mar 15 – 21, 2026",1773532800,2,0.0705
dining table,7,True,"Mar 22 – 28, 2026",1774137600,45,1.5866
custom bench,7,False,"Mar 22 – 28, 2026",1774137600,1,0.0353
console table,7,False,"Mar 22 – 28, 2026",1774137600,11,0.3878
custom console table,7,False,"Mar 22 – 28, 2026",1774137600,0,0.0
custom furniture,7,False,"Mar 22 – 28, 2026",1774137600,3,0.1058
dining table,7,True,"Mar 29 – Apr 4, 2026",1774742400,75,2.6443
custom bench,7,False,"Mar 29 – Apr 4, 2026",1774742400,2,0.0705
console table,7,False,"Mar 29 – Apr 4, 2026",1774742400,24,0.8462
custom console table,7,False,"Mar 29 – Apr 4, 2026",1774742400,1,0.0353
custom furniture,7,False,"Mar 29 – Apr 4, 2026",1774742400,7,0.2468
dining table,7,True,"Apr 5 – 11, 2026",1775347200,96,3.3847
custom bench,7,False,"Apr 5 – 11, 2026",1775347200,4,0.141
console table,7,False,"Apr 5 – 11, 2026",1775347200,32,1.1282
custom console table,7,False,"Apr 5 – 11, 2026",1775347200,2,0.0705
custom furniture,7,False,"Apr 5 – 11, 2026",1775347200,9,0.3173
dining table,7,True,"Apr 12 – 18, 2026",1775952000,100,3.5258
custom bench,7,False,"Apr 12 – 18, 2026",1775952000,4,0.141
console table,7,False,"Apr 12 – 18, 2026",1775952000,36,1.2693
custom console table,7,False,"Apr 12 – 18, 2026",1775952000,2,0.0705
custom furniture,7,False,"Apr 12 – 18, 2026",1775952000,9,0.3173
dining table,7,True,"Apr 19 – 25, 2026",1776556800,89,3.1379
custom bench,7,False,"Apr 19 – 25, 2026",1776556800,3,0.1058
console table,7,False,"Apr 19 – 25, 2026",1776556800,27,0.952
custom console table,7,False,"Apr 19 – 25, 2026",1776556800,1,0.0353
custom furniture,7,False,"Apr 19 – 25, 2026",1776556800,8,0.2821
dining table,7,True,"Apr 26 – May 2, 2026",1777161600,65,2.2918
custom bench,7,False,"Apr 26 – May 2, 2026",1777161600,2,0.0705
console table,7,False,"Apr 26 – May 2, 2026",1777161600,21,0.7404
custom console table,7,False,"Apr 26 – May 2, 2026",1777161600,1,0.0353
custom furniture,7,False,"Apr 26 – May 2, 2026",1777161600,5,0.1763
dining table,7,True,"May 3 – 9, 2026",1777766400,72,2.5386
custom bench,7,False,"May 3 – 9, 2026",1777766400,2,0.0705
console table,7,False,"May 3 – 9, 2026",1777766400,20,0.7052
custom console table,7,False,"May 3 – 9, 2026",1777766400,1,0.0353
custom furniture,7,False,"May 3 – 9, 2026",1777766400,6,0.2115
dining table,7,True,"May 10 – 16, 2026",1778371200,82,2.8911
custom bench,7,False,"May 10 – 16, 2026",1778371200,3,0.1058
console table,7,False,"May 10 – 16, 2026",1778371200,26,0.9167
custom console table,7,False,"May 10 – 16, 2026",1778371200,1,0.0353
custom furniture,7,False,"May 10 – 16, 2026",1778371200,8,0.2821
dining table,7,True,"May 17 – 23, 2026",1778976000,77,2.7148
custom bench,7,False,"May 17 – 23, 2026",1778976000,4,0.141
console table,7,False,"May 17 – 23, 2026",1778976000,24,0.8462
custom console table,7,False,"May 17 – 23, 2026",1778976000,1,0.0353
custom furniture,7,False,"May 17 – 23, 2026",1778976000,8,0.2821
dining table,7,True,"May 24 – 30, 2026",1779580800,55,1.9392
custom bench,7,False,"May 24 – 30, 2026",1779580800,2,0.0705
console table,7,False,"May 24 – 30, 2026",1779580800,15,0.5289
custom console table,7,False,"May 24 – 30, 2026",1779580800,1,0.0353
custom furniture,7,False,"May 24 – 30, 2026",1779580800,5,0.1763
dining table,7,True,"May 31 – Jun 6, 2026",1780185600,52,1.8334
custom bench,7,False,"May 31 – Jun 6, 2026",1780185600,2,0.0705
console table,7,False,"May 31 – Jun 6, 2026",1780185600,15,0.5289
custom console table,7,False,"May 31 – Jun 6, 2026",1780185600,1,0.0353
custom furniture,7,False,"May 31 – Jun 6, 2026",1780185600,6,0.2115
dining table,7,True,"Jun 7 – 13, 2026",1780790400,60,2.1155
custom bench,7,False,"Jun 7 – 13, 2026",1780790400,3,0.1058
console table,7,False,"Jun 7 – 13, 2026",1780790400,19,0.6699
custom console table,7,False,"Jun 7 – 13, 2026",1780790400,1,0.0353
custom furniture,7,False,"Jun 7 – 13, 2026",1780790400,7,0.2468
dining table,7,True,"Jun 14 – 20, 2026",1781395200,54,1.9039
custom bench,7,False,"Jun 14 – 20, 2026",1781395200,3,0.1058
console table,7,False,"Jun 14 – 20, 2026",1781395200,18,0.6346
custom console table,7,False,"Jun 14 – 20, 2026",1781395200,1,0.0353
custom furniture,7,False,"Jun 14 – 20, 2026",1781395200,8,0.2821
dining table,7,True,"Jun 21 – 27, 2026",1782000000,54,1.9039
custom bench,7,False,"Jun 21 – 27, 2026",1782000000,2,0.0705
console table,7,False,"Jun 21 – 27, 2026",1782000000,17,0.5994
custom console table,7,False,"Jun 21 – 27, 2026",1782000000,1,0.0353
custom furniture,7,False,"Jun 21 – 27, 2026",1782000000,5,0.1763
dining table,7,True,"Jun 28 – Jul 4, 2026",1782604800,34,1.1988
custom bench,7,False,"Jun 28 – Jul 4, 2026",1782604800,1,0.0353
console table,7,False,"Jun 28 – Jul 4, 2026",1782604800,9,0.3173
custom console table,7,False,"Jun 28 – Jul 4, 2026",1782604800,0,0.0
custom furniture,7,False,"Jun 28 – Jul 4, 2026",1782604800,3,0.1058
dining table,7,True,"Jul 5 – 11, 2026",1783209600,33,1.1635
custom bench,7,False,"Jul 5 – 11, 2026",1783209600,1,0.0353
console table,7,False,"Jul 5 – 11, 2026",1783209600,8,0.2821
custom console table,7,False,"Jul 5 – 11, 2026",1783209600,0,0.0
custom furniture,7,False,"Jul 5 – 11, 2026",1783209600,3,0.1058
dining table,7,True,"Jul 12 – 18, 2026",1783814400,27,0.952
custom bench,7,False,"Jul 12 – 18, 2026",1783814400,0,0.0
console table,7,False,"Jul 12 – 18, 2026",1783814400,6,0.2115
custom console table,7,False,"Jul 12 – 18, 2026",1783814400,0,0.0
custom furniture,7,False,"Jul 12 – 18, 2026",1783814400,2,0.0705
dining table,7,True,"Jul 19 – 25, 2026",1784419200,26,0.9167
custom bench,7,False,"Jul 19 – 25, 2026",1784419200,0,0.0
console table,7,False,"Jul 19 – 25, 2026",1784419200,6,0.2115
custom console table,7,False,"Jul 19 – 25, 2026",1784419200,0,0.0
custom furniture,7,False,"Jul 19 – 25, 2026",1784419200,2,0.0705
dining table,7,True,"Jul 26 – Aug 1, 2026",1785024000,28,0.9872
custom bench,7,False,"Jul 26 – Aug 1, 2026",1785024000,0,0.0
console table,7,False,"Jul 26 – Aug 1, 2026",1785024000,7,0.2468
custom console table,7,False,"Jul 26 – Aug 1, 2026",1785024000,0,0.0
custom furniture,7,False,"Jul 26 – Aug 1, 2026",1785024000,2,0.0705
dining table,7,True,"Aug 2 – 8, 2026",1785628800,26,0.9167
custom bench,7,False,"Aug 2 – 8, 2026",1785628800,0,0.0
console table,7,False,"Aug 2 – 8, 2026",1785628800,7,0.2468
custom console table,7,False,"Aug 2 – 8, 2026",1785628800,0,0.0
custom furniture,7,False,"Aug 2 – 8, 2026",1785628800,1,0.0353
dining table,7,True,"Aug 9 – 15, 2026",1786233600,28,0.9872
custom bench,7,False,"Aug 9 – 15, 2026",1786233600,0,0.0
console table,7,False,"Aug 9 – 15, 2026",1786233600,7,0.2468
custom console table,7,False,"Aug 9 – 15, 2026",1786233600,0,0.0
custom furniture,7,False,"Aug 9 – 15, 2026",1786233600,1,0.0353
dining table,7,True,"Aug 16 – 22, 2026",1786838400,28,0.9872
custom bench,7,False,"Aug 16 – 22, 2026",1786838400,0,0.0
console table,7,False,"Aug 16 – 22, 2026",1786838400,7,0.2468
custom console table,7,False,"Aug 16 – 22, 2026",1786838400,0,0.0
custom furniture,7,False,"Aug 16 – 22, 2026",1786838400,1,0.0353
dining table,7,True,"Aug 23 – 29, 2026",1787443200,26,0.9167
custom bench,7,False,"Aug 23 – 29, 2026",1787443200,0,0.0
console table,7,False,"Aug 23 – 29, 2026",1787443200,6,0.2115
custom console table,7,False,"Aug 23 – 29, 2026",1787443200,0,0.0
custom furniture,7,False,"Aug 23 – 29, 2026",1787443200,1,0.0353
dining table,8,True,"Aug 22 – 28, 2021",1629590400,29,1.0225
made to order furniture,8,False,"Aug 22 – 28, 2021",1629590400,0,0.0
modular furniture,8,False,"Aug 22 – 28, 2021",1629590400,0,0.0
built in furniture,8,False,"Aug 22 – 28, 2021",1629590400,0,0.0
dining table,8,True,"Aug 29 – Sep 4, 2021",1630195200,28,0.9872
made to order furniture,8,False,"Aug 29 – Sep 4, 2021",1630195200,0,0.0
modular furniture,8,False,"Aug 29 – Sep 4, 2021",1630195200,1,0.0353
built in furniture,8,False,"Aug 29 – Sep 4, 2021",1630195200,0,0.0
dining table,8,True,"Sep 5 – 11, 2021",1630800000,31,1.093
made to order furniture,8,False,"Sep 5 – 11, 2021",1630800000,0,0.0
modular furniture,8,False,"Sep 5 – 11, 2021",1630800000,1,0.0353
built in furniture,8,False,"Sep 5 – 11, 2021",1630800000,0,0.0
dining table,8,True,"Sep 12 – 18, 2021",1631404800,27,0.952
made to order furniture,8,False,"Sep 12 – 18, 2021",1631404800,0,0.0
modular furniture,8,False,"Sep 12 – 18, 2021",1631404800,0,0.0
built in furniture,8,False,"Sep 12 – 18, 2021",1631404800,0,0.0
dining table,8,True,"Sep 19 – 25, 2021",1632009600,27,0.952
made to order furniture,8,False,"Sep 19 – 25, 2021",1632009600,0,0.0
modular furniture,8,False,"Sep 19 – 25, 2021",1632009600,0,0.0
built in furniture,8,False,"Sep 19 – 25, 2021",1632009600,0,0.0
dining table,8,True,"Sep 26 – Oct 2, 2021",1632614400,29,1.0225
made to order furniture,8,False,"Sep 26 – Oct 2, 2021",1632614400,0,0.0
modular furniture,8,False,"Sep 26 – Oct 2, 2021",1632614400,0,0.0
built in furniture,8,False,"Sep 26 – Oct 2, 2021",1632614400,0,0.0
dining table,8,True,"Oct 3 – 9, 2021",1633219200,28,0.9872
made to order furniture,8,False,"Oct 3 – 9, 2021",1633219200,0,0.0
modular furniture,8,False,"Oct 3 – 9, 2021",1633219200,0,0.0
built in furniture,8,False,"Oct 3 – 9, 2021",1633219200,0,0.0
dining table,8,True,"Oct 10 – 16, 2021",1633824000,29,1.0225
made to order furniture,8,False,"Oct 10 – 16, 2021",1633824000,0,0.0
modular furniture,8,False,"Oct 10 – 16, 2021",1633824000,0,0.0
built in furniture,8,False,"Oct 10 – 16, 2021",1633824000,0,0.0
dining table,8,True,"Oct 17 – 23, 2021",1634428800,28,0.9872
made to order furniture,8,False,"Oct 17 – 23, 2021",1634428800,0,0.0
modular furniture,8,False,"Oct 17 – 23, 2021",1634428800,0,0.0
built in furniture,8,False,"Oct 17 – 23, 2021",1634428800,0,0.0
dining table,8,True,"Oct 24 – 30, 2021",1635033600,27,0.952
made to order furniture,8,False,"Oct 24 – 30, 2021",1635033600,0,0.0
modular furniture,8,False,"Oct 24 – 30, 2021",1635033600,0,0.0
built in furniture,8,False,"Oct 24 – 30, 2021",1635033600,0,0.0
dining table,8,True,"Oct 31 – Nov 6, 2021",1635638400,29,1.0225
made to order furniture,8,False,"Oct 31 – Nov 6, 2021",1635638400,0,0.0
modular furniture,8,False,"Oct 31 – Nov 6, 2021",1635638400,0,0.0
built in furniture,8,False,"Oct 31 – Nov 6, 2021",1635638400,0,0.0
dining table,8,True,"Nov 7 – 13, 2021",1636243200,32,1.1282
made to order furniture,8,False,"Nov 7 – 13, 2021",1636243200,0,0.0
modular furniture,8,False,"Nov 7 – 13, 2021",1636243200,1,0.0353
built in furniture,8,False,"Nov 7 – 13, 2021",1636243200,0,0.0
dining table,8,True,"Nov 14 – 20, 2021",1636848000,32,1.1282
made to order furniture,8,False,"Nov 14 – 20, 2021",1636848000,0,0.0
modular furniture,8,False,"Nov 14 – 20, 2021",1636848000,0,0.0
built in furniture,8,False,"Nov 14 – 20, 2021",1636848000,0,0.0
dining table,8,True,"Nov 21 – 27, 2021",1637452800,34,1.1988
made to order furniture,8,False,"Nov 21 – 27, 2021",1637452800,0,0.0
modular furniture,8,False,"Nov 21 – 27, 2021",1637452800,1,0.0353
built in furniture,8,False,"Nov 21 – 27, 2021",1637452800,0,0.0
dining table,8,True,"Nov 28 – Dec 4, 2021",1638057600,30,1.0577
made to order furniture,8,False,"Nov 28 – Dec 4, 2021",1638057600,0,0.0
modular furniture,8,False,"Nov 28 – Dec 4, 2021",1638057600,0,0.0
built in furniture,8,False,"Nov 28 – Dec 4, 2021",1638057600,0,0.0
dining table,8,True,"Dec 5 – 11, 2021",1638662400,25,0.8814
made to order furniture,8,False,"Dec 5 – 11, 2021",1638662400,0,0.0
modular furniture,8,False,"Dec 5 – 11, 2021",1638662400,0,0.0
built in furniture,8,False,"Dec 5 – 11, 2021",1638662400,0,0.0
dining table,8,True,"Dec 12 – 18, 2021",1639267200,23,0.8109
made to order furniture,8,False,"Dec 12 – 18, 2021",1639267200,0,0.0
modular furniture,8,False,"Dec 12 – 18, 2021",1639267200,0,0.0
built in furniture,8,False,"Dec 12 – 18, 2021",1639267200,0,0.0
dining table,8,True,"Dec 19 – 25, 2021",1639872000,22,0.7757
made to order furniture,8,False,"Dec 19 – 25, 2021",1639872000,0,0.0
modular furniture,8,False,"Dec 19 – 25, 2021",1639872000,0,0.0
built in furniture,8,False,"Dec 19 – 25, 2021",1639872000,0,0.0
dining table,8,True,"Dec 26, 2021 – Jan 1, 2022",1640476800,29,1.0225
made to order furniture,8,False,"Dec 26, 2021 – Jan 1, 2022",1640476800,0,0.0
modular furniture,8,False,"Dec 26, 2021 – Jan 1, 2022",1640476800,0,0.0
built in furniture,8,False,"Dec 26, 2021 – Jan 1, 2022",1640476800,0,0.0
dining table,8,True,"Jan 2 – 8, 2022",1641081600,30,1.0577
made to order furniture,8,False,"Jan 2 – 8, 2022",1641081600,0,0.0
modular furniture,8,False,"Jan 2 – 8, 2022",1641081600,1,0.0353
built in furniture,8,False,"Jan 2 – 8, 2022",1641081600,0,0.0
dining table,8,True,"Jan 9 – 15, 2022",1641686400,29,1.0225
made to order furniture,8,False,"Jan 9 – 15, 2022",1641686400,0,0.0
modular furniture,8,False,"Jan 9 – 15, 2022",1641686400,1,0.0353
built in furniture,8,False,"Jan 9 – 15, 2022",1641686400,0,0.0
dining table,8,True,"Jan 16 – 22, 2022",1642291200,29,1.0225
made to order furniture,8,False,"Jan 16 – 22, 2022",1642291200,0,0.0
modular furniture,8,False,"Jan 16 – 22, 2022",1642291200,1,0.0353
built in furniture,8,False,"Jan 16 – 22, 2022",1642291200,0,0.0
dining table,8,True,"Jan 23 – 29, 2022",1642896000,29,1.0225
made to order furniture,8,False,"Jan 23 – 29, 2022",1642896000,0,0.0
modular furniture,8,False,"Jan 23 – 29, 2022",1642896000,1,0.0353
built in furniture,8,False,"Jan 23 – 29, 2022",1642896000,0,0.0
dining table,8,True,"Jan 30 – Feb 5, 2022",1643500800,29,1.0225
made to order furniture,8,False,"Jan 30 – Feb 5, 2022",1643500800,0,0.0
modular furniture,8,False,"Jan 30 – Feb 5, 2022",1643500800,1,0.0353
built in furniture,8,False,"Jan 30 – Feb 5, 2022",1643500800,0,0.0
dining table,8,True,"Feb 6 – 12, 2022",1644105600,29,1.0225
made to order furniture,8,False,"Feb 6 – 12, 2022",1644105600,0,0.0
modular furniture,8,False,"Feb 6 – 12, 2022",1644105600,1,0.0353
built in furniture,8,False,"Feb 6 – 12, 2022",1644105600,0,0.0
dining table,8,True,"Feb 13 – 19, 2022",1644710400,29,1.0225
made to order furniture,8,False,"Feb 13 – 19, 2022",1644710400,0,0.0
modular furniture,8,False,"Feb 13 – 19, 2022",1644710400,0,0.0
built in furniture,8,False,"Feb 13 – 19, 2022",1644710400,0,0.0
dining table,8,True,"Feb 20 – 26, 2022",1645315200,32,1.1282
made to order furniture,8,False,"Feb 20 – 26, 2022",1645315200,0,0.0
modular furniture,8,False,"Feb 20 – 26, 2022",1645315200,1,0.0353
built in furniture,8,False,"Feb 20 – 26, 2022",1645315200,0,0.0
dining table,8,True,"Feb 27 – Mar 5, 2022",1645920000,30,1.0577
made to order furniture,8,False,"Feb 27 – Mar 5, 2022",1645920000,0,0.0
modular furniture,8,False,"Feb 27 – Mar 5, 2022",1645920000,0,0.0
built in furniture,8,False,"Feb 27 – Mar 5, 2022",1645920000,0,0.0
dining table,8,True,"Mar 6 – 12, 2022",1646524800,31,1.093
made to order furniture,8,False,"Mar 6 – 12, 2022",1646524800,0,0.0
modular furniture,8,False,"Mar 6 – 12, 2022",1646524800,0,0.0
built in furniture,8,False,"Mar 6 – 12, 2022",1646524800,0,0.0
dining table,8,True,"Mar 13 – 19, 2022",1647129600,31,1.093
made to order furniture,8,False,"Mar 13 – 19, 2022",1647129600,0,0.0
modular furniture,8,False,"Mar 13 – 19, 2022",1647129600,0,0.0
built in furniture,8,False,"Mar 13 – 19, 2022",1647129600,0,0.0
dining table,8,True,"Mar 20 – 26, 2022",1647734400,30,1.0577
made to order furniture,8,False,"Mar 20 – 26, 2022",1647734400,0,0.0
modular furniture,8,False,"Mar 20 – 26, 2022",1647734400,1,0.0353
built in furniture,8,False,"Mar 20 – 26, 2022",1647734400,0,0.0
dining table,8,True,"Mar 27 – Apr 2, 2022",1648339200,29,1.0225
made to order furniture,8,False,"Mar 27 – Apr 2, 2022",1648339200,0,0.0
modular furniture,8,False,"Mar 27 – Apr 2, 2022",1648339200,0,0.0
built in furniture,8,False,"Mar 27 – Apr 2, 2022",1648339200,0,0.0
dining table,8,True,"Apr 3 – 9, 2022",1648944000,28,0.9872
made to order furniture,8,False,"Apr 3 – 9, 2022",1648944000,0,0.0
modular furniture,8,False,"Apr 3 – 9, 2022",1648944000,0,0.0
built in furniture,8,False,"Apr 3 – 9, 2022",1648944000,0,0.0
dining table,8,True,"Apr 10 – 16, 2022",1649548800,27,0.952
made to order furniture,8,False,"Apr 10 – 16, 2022",1649548800,0,0.0
modular furniture,8,False,"Apr 10 – 16, 2022",1649548800,1,0.0353
built in furniture,8,False,"Apr 10 – 16, 2022",1649548800,0,0.0
dining table,8,True,"Apr 17 – 23, 2022",1650153600,29,1.0225
made to order furniture,8,False,"Apr 17 – 23, 2022",1650153600,0,0.0
modular furniture,8,False,"Apr 17 – 23, 2022",1650153600,0,0.0
built in furniture,8,False,"Apr 17 – 23, 2022",1650153600,0,0.0
dining table,8,True,"Apr 24 – 30, 2022",1650758400,29,1.0225
made to order furniture,8,False,"Apr 24 – 30, 2022",1650758400,0,0.0
modular furniture,8,False,"Apr 24 – 30, 2022",1650758400,1,0.0353
built in furniture,8,False,"Apr 24 – 30, 2022",1650758400,0,0.0
dining table,8,True,"May 1 – 7, 2022",1651363200,27,0.952
made to order furniture,8,False,"May 1 – 7, 2022",1651363200,0,0.0
modular furniture,8,False,"May 1 – 7, 2022",1651363200,0,0.0
built in furniture,8,False,"May 1 – 7, 2022",1651363200,0,0.0
dining table,8,True,"May 8 – 14, 2022",1651968000,27,0.952
made to order furniture,8,False,"May 8 – 14, 2022",1651968000,0,0.0
modular furniture,8,False,"May 8 – 14, 2022",1651968000,1,0.0353
built in furniture,8,False,"May 8 – 14, 2022",1651968000,0,0.0
dining table,8,True,"May 15 – 21, 2022",1652572800,26,0.9167
made to order furniture,8,False,"May 15 – 21, 2022",1652572800,0,0.0
modular furniture,8,False,"May 15 – 21, 2022",1652572800,0,0.0
built in furniture,8,False,"May 15 – 21, 2022",1652572800,0,0.0
dining table,8,True,"May 22 – 28, 2022",1653177600,26,0.9167
made to order furniture,8,False,"May 22 – 28, 2022",1653177600,0,0.0
modular furniture,8,False,"May 22 – 28, 2022",1653177600,0,0.0
built in furniture,8,False,"May 22 – 28, 2022",1653177600,0,0.0
dining table,8,True,"May 29 – Jun 4, 2022",1653782400,28,0.9872
made to order furniture,8,False,"May 29 – Jun 4, 2022",1653782400,0,0.0
modular furniture,8,False,"May 29 – Jun 4, 2022",1653782400,1,0.0353
built in furniture,8,False,"May 29 – Jun 4, 2022",1653782400,0,0.0
dining table,8,True,"Jun 5 – 11, 2022",1654387200,26,0.9167
made to order furniture,8,False,"Jun 5 – 11, 2022",1654387200,0,0.0
modular furniture,8,False,"Jun 5 – 11, 2022",1654387200,0,0.0
built in furniture,8,False,"Jun 5 – 11, 2022",1654387200,0,0.0
dining table,8,True,"Jun 12 – 18, 2022",1654992000,25,0.8814
made to order furniture,8,False,"Jun 12 – 18, 2022",1654992000,0,0.0
modular furniture,8,False,"Jun 12 – 18, 2022",1654992000,0,0.0
built in furniture,8,False,"Jun 12 – 18, 2022",1654992000,0,0.0
dining table,8,True,"Jun 19 – 25, 2022",1655596800,26,0.9167
made to order furniture,8,False,"Jun 19 – 25, 2022",1655596800,0,0.0
modular furniture,8,False,"Jun 19 – 25, 2022",1655596800,0,0.0
built in furniture,8,False,"Jun 19 – 25, 2022",1655596800,0,0.0
dining table,8,True,"Jun 26 – Jul 2, 2022",1656201600,27,0.952
made to order furniture,8,False,"Jun 26 – Jul 2, 2022",1656201600,0,0.0
modular furniture,8,False,"Jun 26 – Jul 2, 2022",1656201600,1,0.0353
built in furniture,8,False,"Jun 26 – Jul 2, 2022",1656201600,0,0.0
dining table,8,True,"Jul 3 – 9, 2022",1656806400,26,0.9167
made to order furniture,8,False,"Jul 3 – 9, 2022",1656806400,0,0.0
modular furniture,8,False,"Jul 3 – 9, 2022",1656806400,1,0.0353
built in furniture,8,False,"Jul 3 – 9, 2022",1656806400,0,0.0
dining table,8,True,"Jul 10 – 16, 2022",1657411200,27,0.952
made to order furniture,8,False,"Jul 10 – 16, 2022",1657411200,0,0.0
modular furniture,8,False,"Jul 10 – 16, 2022",1657411200,0,0.0
built in furniture,8,False,"Jul 10 – 16, 2022",1657411200,0,0.0
dining table,8,True,"Jul 17 – 23, 2022",1658016000,28,0.9872
made to order furniture,8,False,"Jul 17 – 23, 2022",1658016000,0,0.0
modular furniture,8,False,"Jul 17 – 23, 2022",1658016000,0,0.0
built in furniture,8,False,"Jul 17 – 23, 2022",1658016000,0,0.0
dining table,8,True,"Jul 24 – 30, 2022",1658620800,27,0.952
made to order furniture,8,False,"Jul 24 – 30, 2022",1658620800,0,0.0
modular furniture,8,False,"Jul 24 – 30, 2022",1658620800,0,0.0
built in furniture,8,False,"Jul 24 – 30, 2022",1658620800,0,0.0
dining table,8,True,"Jul 31 – Aug 6, 2022",1659225600,28,0.9872
made to order furniture,8,False,"Jul 31 – Aug 6, 2022",1659225600,0,0.0
modular furniture,8,False,"Jul 31 – Aug 6, 2022",1659225600,1,0.0353
built in furniture,8,False,"Jul 31 – Aug 6, 2022",1659225600,0,0.0
dining table,8,True,"Aug 7 – 13, 2022",1659830400,29,1.0225
made to order furniture,8,False,"Aug 7 – 13, 2022",1659830400,0,0.0
modular furniture,8,False,"Aug 7 – 13, 2022",1659830400,1,0.0353
built in furniture,8,False,"Aug 7 – 13, 2022",1659830400,0,0.0
dining table,8,True,"Aug 14 – 20, 2022",1660435200,27,0.952
made to order furniture,8,False,"Aug 14 – 20, 2022",1660435200,0,0.0
modular furniture,8,False,"Aug 14 – 20, 2022",1660435200,0,0.0
built in furniture,8,False,"Aug 14 – 20, 2022",1660435200,0,0.0
dining table,8,True,"Aug 21 – 27, 2022",1661040000,27,0.952
made to order furniture,8,False,"Aug 21 – 27, 2022",1661040000,0,0.0
modular furniture,8,False,"Aug 21 – 27, 2022",1661040000,1,0.0353
built in furniture,8,False,"Aug 21 – 27, 2022",1661040000,0,0.0
dining table,8,True,"Aug 28 – Sep 3, 2022",1661644800,27,0.952
made to order furniture,8,False,"Aug 28 – Sep 3, 2022",1661644800,0,0.0
modular furniture,8,False,"Aug 28 – Sep 3, 2022",1661644800,0,0.0
built in furniture,8,False,"Aug 28 – Sep 3, 2022",1661644800,0,0.0
dining table,8,True,"Sep 4 – 10, 2022",1662249600,29,1.0225
made to order furniture,8,False,"Sep 4 – 10, 2022",1662249600,0,0.0
modular furniture,8,False,"Sep 4 – 10, 2022",1662249600,1,0.0353
built in furniture,8,False,"Sep 4 – 10, 2022",1662249600,0,0.0
dining table,8,True,"Sep 11 – 17, 2022",1662854400,25,0.8814
made to order furniture,8,False,"Sep 11 – 17, 2022",1662854400,0,0.0
modular furniture,8,False,"Sep 11 – 17, 2022",1662854400,0,0.0
built in furniture,8,False,"Sep 11 – 17, 2022",1662854400,0,0.0
dining table,8,True,"Sep 18 – 24, 2022",1663459200,24,0.8462
made to order furniture,8,False,"Sep 18 – 24, 2022",1663459200,0,0.0
modular furniture,8,False,"Sep 18 – 24, 2022",1663459200,0,0.0
built in furniture,8,False,"Sep 18 – 24, 2022",1663459200,0,0.0
dining table,8,True,"Sep 25 – Oct 1, 2022",1664064000,23,0.8109
made to order furniture,8,False,"Sep 25 – Oct 1, 2022",1664064000,0,0.0
modular furniture,8,False,"Sep 25 – Oct 1, 2022",1664064000,0,0.0
built in furniture,8,False,"Sep 25 – Oct 1, 2022",1664064000,0,0.0
dining table,8,True,"Oct 2 – 8, 2022",1664668800,23,0.8109
made to order furniture,8,False,"Oct 2 – 8, 2022",1664668800,0,0.0
modular furniture,8,False,"Oct 2 – 8, 2022",1664668800,0,0.0
built in furniture,8,False,"Oct 2 – 8, 2022",1664668800,0,0.0
dining table,8,True,"Oct 9 – 15, 2022",1665273600,25,0.8814
made to order furniture,8,False,"Oct 9 – 15, 2022",1665273600,0,0.0
modular furniture,8,False,"Oct 9 – 15, 2022",1665273600,0,0.0
built in furniture,8,False,"Oct 9 – 15, 2022",1665273600,0,0.0
dining table,8,True,"Oct 16 – 22, 2022",1665878400,25,0.8814
made to order furniture,8,False,"Oct 16 – 22, 2022",1665878400,0,0.0
modular furniture,8,False,"Oct 16 – 22, 2022",1665878400,0,0.0
built in furniture,8,False,"Oct 16 – 22, 2022",1665878400,0,0.0
dining table,8,True,"Oct 23 – 29, 2022",1666483200,25,0.8814
made to order furniture,8,False,"Oct 23 – 29, 2022",1666483200,0,0.0
modular furniture,8,False,"Oct 23 – 29, 2022",1666483200,0,0.0
built in furniture,8,False,"Oct 23 – 29, 2022",1666483200,0,0.0
dining table,8,True,"Oct 30 – Nov 5, 2022",1667088000,25,0.8814
made to order furniture,8,False,"Oct 30 – Nov 5, 2022",1667088000,0,0.0
modular furniture,8,False,"Oct 30 – Nov 5, 2022",1667088000,0,0.0
built in furniture,8,False,"Oct 30 – Nov 5, 2022",1667088000,0,0.0
dining table,8,True,"Nov 6 – 12, 2022",1667692800,28,0.9872
made to order furniture,8,False,"Nov 6 – 12, 2022",1667692800,0,0.0
modular furniture,8,False,"Nov 6 – 12, 2022",1667692800,0,0.0
built in furniture,8,False,"Nov 6 – 12, 2022",1667692800,0,0.0
dining table,8,True,"Nov 13 – 19, 2022",1668297600,27,0.952
made to order furniture,8,False,"Nov 13 – 19, 2022",1668297600,0,0.0
modular furniture,8,False,"Nov 13 – 19, 2022",1668297600,0,0.0
built in furniture,8,False,"Nov 13 – 19, 2022",1668297600,0,0.0
dining table,8,True,"Nov 20 – 26, 2022",1668902400,32,1.1282
made to order furniture,8,False,"Nov 20 – 26, 2022",1668902400,0,0.0
modular furniture,8,False,"Nov 20 – 26, 2022",1668902400,1,0.0353
built in furniture,8,False,"Nov 20 – 26, 2022",1668902400,0,0.0
dining table,8,True,"Nov 27 – Dec 3, 2022",1669507200,25,0.8814
made to order furniture,8,False,"Nov 27 – Dec 3, 2022",1669507200,0,0.0
modular furniture,8,False,"Nov 27 – Dec 3, 2022",1669507200,0,0.0
built in furniture,8,False,"Nov 27 – Dec 3, 2022",1669507200,0,0.0
dining table,8,True,"Dec 4 – 10, 2022",1670112000,22,0.7757
made to order furniture,8,False,"Dec 4 – 10, 2022",1670112000,0,0.0
modular furniture,8,False,"Dec 4 – 10, 2022",1670112000,0,0.0
built in furniture,8,False,"Dec 4 – 10, 2022",1670112000,0,0.0
dining table,8,True,"Dec 11 – 17, 2022",1670716800,22,0.7757
made to order furniture,8,False,"Dec 11 – 17, 2022",1670716800,0,0.0
modular furniture,8,False,"Dec 11 – 17, 2022",1670716800,0,0.0
built in furniture,8,False,"Dec 11 – 17, 2022",1670716800,0,0.0
dining table,8,True,"Dec 18 – 24, 2022",1671321600,20,0.7052
made to order furniture,8,False,"Dec 18 – 24, 2022",1671321600,0,0.0
modular furniture,8,False,"Dec 18 – 24, 2022",1671321600,0,0.0
built in furniture,8,False,"Dec 18 – 24, 2022",1671321600,0,0.0
dining table,8,True,"Dec 25 – 31, 2022",1671926400,28,0.9872
made to order furniture,8,False,"Dec 25 – 31, 2022",1671926400,0,0.0
modular furniture,8,False,"Dec 25 – 31, 2022",1671926400,1,0.0353
built in furniture,8,False,"Dec 25 – 31, 2022",1671926400,0,0.0
dining table,8,True,"Jan 1 – 7, 2023",1672531200,26,0.9167
made to order furniture,8,False,"Jan 1 – 7, 2023",1672531200,0,0.0
modular furniture,8,False,"Jan 1 – 7, 2023",1672531200,1,0.0353
built in furniture,8,False,"Jan 1 – 7, 2023",1672531200,0,0.0
dining table,8,True,"Jan 8 – 14, 2023",1673136000,25,0.8814
made to order furniture,8,False,"Jan 8 – 14, 2023",1673136000,0,0.0
modular furniture,8,False,"Jan 8 – 14, 2023",1673136000,0,0.0
built in furniture,8,False,"Jan 8 – 14, 2023",1673136000,0,0.0
dining table,8,True,"Jan 15 – 21, 2023",1673740800,26,0.9167
made to order furniture,8,False,"Jan 15 – 21, 2023",1673740800,0,0.0
modular furniture,8,False,"Jan 15 – 21, 2023",1673740800,0,0.0
built in furniture,8,False,"Jan 15 – 21, 2023",1673740800,0,0.0
dining table,8,True,"Jan 22 – 28, 2023",1674345600,26,0.9167
made to order furniture,8,False,"Jan 22 – 28, 2023",1674345600,0,0.0
modular furniture,8,False,"Jan 22 – 28, 2023",1674345600,1,0.0353
built in furniture,8,False,"Jan 22 – 28, 2023",1674345600,0,0.0
dining table,8,True,"Jan 29 – Feb 4, 2023",1674950400,25,0.8814
made to order furniture,8,False,"Jan 29 – Feb 4, 2023",1674950400,0,0.0
modular furniture,8,False,"Jan 29 – Feb 4, 2023",1674950400,0,0.0
built in furniture,8,False,"Jan 29 – Feb 4, 2023",1674950400,0,0.0
dining table,8,True,"Feb 5 – 11, 2023",1675555200,25,0.8814
made to order furniture,8,False,"Feb 5 – 11, 2023",1675555200,0,0.0
modular furniture,8,False,"Feb 5 – 11, 2023",1675555200,1,0.0353
built in furniture,8,False,"Feb 5 – 11, 2023",1675555200,0,0.0
dining table,8,True,"Feb 12 – 18, 2023",1676160000,22,0.7757
made to order furniture,8,False,"Feb 12 – 18, 2023",1676160000,0,0.0
modular furniture,8,False,"Feb 12 – 18, 2023",1676160000,1,0.0353
built in furniture,8,False,"Feb 12 – 18, 2023",1676160000,0,0.0
dining table,8,True,"Feb 19 – 25, 2023",1676764800,27,0.952
made to order furniture,8,False,"Feb 19 – 25, 2023",1676764800,0,0.0
modular furniture,8,False,"Feb 19 – 25, 2023",1676764800,1,0.0353
built in furniture,8,False,"Feb 19 – 25, 2023",1676764800,0,0.0
dining table,8,True,"Feb 26 – Mar 4, 2023",1677369600,24,0.8462
made to order furniture,8,False,"Feb 26 – Mar 4, 2023",1677369600,0,0.0
modular furniture,8,False,"Feb 26 – Mar 4, 2023",1677369600,0,0.0
built in furniture,8,False,"Feb 26 – Mar 4, 2023",1677369600,0,0.0
dining table,8,True,"Mar 5 – 11, 2023",1677974400,25,0.8814
made to order furniture,8,False,"Mar 5 – 11, 2023",1677974400,0,0.0
modular furniture,8,False,"Mar 5 – 11, 2023",1677974400,0,0.0
built in furniture,8,False,"Mar 5 – 11, 2023",1677974400,0,0.0
dining table,8,True,"Mar 12 – 18, 2023",1678579200,26,0.9167
made to order furniture,8,False,"Mar 12 – 18, 2023",1678579200,0,0.0
modular furniture,8,False,"Mar 12 – 18, 2023",1678579200,0,0.0
built in furniture,8,False,"Mar 12 – 18, 2023",1678579200,0,0.0
dining table,8,True,"Mar 19 – 25, 2023",1679184000,26,0.9167
made to order furniture,8,False,"Mar 19 – 25, 2023",1679184000,0,0.0
modular furniture,8,False,"Mar 19 – 25, 2023",1679184000,1,0.0353
built in furniture,8,False,"Mar 19 – 25, 2023",1679184000,0,0.0
dining table,8,True,"Mar 26 – Apr 1, 2023",1679788800,25,0.8814
made to order furniture,8,False,"Mar 26 – Apr 1, 2023",1679788800,0,0.0
modular furniture,8,False,"Mar 26 – Apr 1, 2023",1679788800,0,0.0
built in furniture,8,False,"Mar 26 – Apr 1, 2023",1679788800,0,0.0
dining table,8,True,"Apr 2 – 8, 2023",1680393600,23,0.8109
made to order furniture,8,False,"Apr 2 – 8, 2023",1680393600,0,0.0
modular furniture,8,False,"Apr 2 – 8, 2023",1680393600,0,0.0
built in furniture,8,False,"Apr 2 – 8, 2023",1680393600,0,0.0
dining table,8,True,"Apr 9 – 15, 2023",1680998400,24,0.8462
made to order furniture,8,False,"Apr 9 – 15, 2023",1680998400,0,0.0
modular furniture,8,False,"Apr 9 – 15, 2023",1680998400,0,0.0
built in furniture,8,False,"Apr 9 – 15, 2023",1680998400,0,0.0
dining table,8,True,"Apr 16 – 22, 2023",1681603200,25,0.8814
made to order furniture,8,False,"Apr 16 – 22, 2023",1681603200,0,0.0
modular furniture,8,False,"Apr 16 – 22, 2023",1681603200,0,0.0
built in furniture,8,False,"Apr 16 – 22, 2023",1681603200,0,0.0
dining table,8,True,"Apr 23 – 29, 2023",1682208000,25,0.8814
made to order furniture,8,False,"Apr 23 – 29, 2023",1682208000,0,0.0
modular furniture,8,False,"Apr 23 – 29, 2023",1682208000,0,0.0
built in furniture,8,False,"Apr 23 – 29, 2023",1682208000,0,0.0
dining table,8,True,"Apr 30 – May 6, 2023",1682812800,24,0.8462
made to order furniture,8,False,"Apr 30 – May 6, 2023",1682812800,0,0.0
modular furniture,8,False,"Apr 30 – May 6, 2023",1682812800,0,0.0
built in furniture,8,False,"Apr 30 – May 6, 2023",1682812800,0,0.0
dining table,8,True,"May 7 – 13, 2023",1683417600,24,0.8462
made to order furniture,8,False,"May 7 – 13, 2023",1683417600,0,0.0
modular furniture,8,False,"May 7 – 13, 2023",1683417600,0,0.0
built in furniture,8,False,"May 7 – 13, 2023",1683417600,0,0.0
dining table,8,True,"May 14 – 20, 2023",1684022400,24,0.8462
made to order furniture,8,False,"May 14 – 20, 2023",1684022400,0,0.0
modular furniture,8,False,"May 14 – 20, 2023",1684022400,0,0.0
built in furniture,8,False,"May 14 – 20, 2023",1684022400,0,0.0
dining table,8,True,"May 21 – 27, 2023",1684627200,25,0.8814
made to order furniture,8,False,"May 21 – 27, 2023",1684627200,0,0.0
modular furniture,8,False,"May 21 – 27, 2023",1684627200,1,0.0353
built in furniture,8,False,"May 21 – 27, 2023",1684627200,0,0.0
dining table,8,True,"May 28 – Jun 3, 2023",1685232000,27,0.952
made to order furniture,8,False,"May 28 – Jun 3, 2023",1685232000,0,0.0
modular furniture,8,False,"May 28 – Jun 3, 2023",1685232000,1,0.0353
built in furniture,8,False,"May 28 – Jun 3, 2023",1685232000,0,0.0
dining table,8,True,"Jun 4 – 10, 2023",1685836800,24,0.8462
made to order furniture,8,False,"Jun 4 – 10, 2023",1685836800,0,0.0
modular furniture,8,False,"Jun 4 – 10, 2023",1685836800,0,0.0
built in furniture,8,False,"Jun 4 – 10, 2023",1685836800,0,0.0
dining table,8,True,"Jun 11 – 17, 2023",1686441600,24,0.8462
made to order furniture,8,False,"Jun 11 – 17, 2023",1686441600,0,0.0
modular furniture,8,False,"Jun 11 – 17, 2023",1686441600,0,0.0
built in furniture,8,False,"Jun 11 – 17, 2023",1686441600,0,0.0
dining table,8,True,"Jun 18 – 24, 2023",1687046400,27,0.952
made to order furniture,8,False,"Jun 18 – 24, 2023",1687046400,0,0.0
modular furniture,8,False,"Jun 18 – 24, 2023",1687046400,1,0.0353
built in furniture,8,False,"Jun 18 – 24, 2023",1687046400,0,0.0
dining table,8,True,"Jun 25 – Jul 1, 2023",1687651200,26,0.9167
made to order furniture,8,False,"Jun 25 – Jul 1, 2023",1687651200,0,0.0
modular furniture,8,False,"Jun 25 – Jul 1, 2023",1687651200,1,0.0353
built in furniture,8,False,"Jun 25 – Jul 1, 2023",1687651200,0,0.0
dining table,8,True,"Jul 2 – 8, 2023",1688256000,28,0.9872
made to order furniture,8,False,"Jul 2 – 8, 2023",1688256000,0,0.0
modular furniture,8,False,"Jul 2 – 8, 2023",1688256000,1,0.0353
built in furniture,8,False,"Jul 2 – 8, 2023",1688256000,0,0.0
dining table,8,True,"Jul 9 – 15, 2023",1688860800,25,0.8814
made to order furniture,8,False,"Jul 9 – 15, 2023",1688860800,0,0.0
modular furniture,8,False,"Jul 9 – 15, 2023",1688860800,1,0.0353
built in furniture,8,False,"Jul 9 – 15, 2023",1688860800,0,0.0
dining table,8,True,"Jul 16 – 22, 2023",1689465600,25,0.8814
made to order furniture,8,False,"Jul 16 – 22, 2023",1689465600,0,0.0
modular furniture,8,False,"Jul 16 – 22, 2023",1689465600,1,0.0353
built in furniture,8,False,"Jul 16 – 22, 2023",1689465600,0,0.0
dining table,8,True,"Jul 23 – 29, 2023",1690070400,25,0.8814
made to order furniture,8,False,"Jul 23 – 29, 2023",1690070400,0,0.0
modular furniture,8,False,"Jul 23 – 29, 2023",1690070400,1,0.0353
built in furniture,8,False,"Jul 23 – 29, 2023",1690070400,0,0.0
dining table,8,True,"Jul 30 – Aug 5, 2023",1690675200,25,0.8814
made to order furniture,8,False,"Jul 30 – Aug 5, 2023",1690675200,0,0.0
modular furniture,8,False,"Jul 30 – Aug 5, 2023",1690675200,0,0.0
built in furniture,8,False,"Jul 30 – Aug 5, 2023",1690675200,0,0.0
dining table,8,True,"Aug 6 – 12, 2023",1691280000,24,0.8462
made to order furniture,8,False,"Aug 6 – 12, 2023",1691280000,0,0.0
modular furniture,8,False,"Aug 6 – 12, 2023",1691280000,1,0.0353
built in furniture,8,False,"Aug 6 – 12, 2023",1691280000,0,0.0
dining table,8,True,"Aug 13 – 19, 2023",1691884800,24,0.8462
made to order furniture,8,False,"Aug 13 – 19, 2023",1691884800,0,0.0
modular furniture,8,False,"Aug 13 – 19, 2023",1691884800,1,0.0353
built in furniture,8,False,"Aug 13 – 19, 2023",1691884800,0,0.0
dining table,8,True,"Aug 20 – 26, 2023",1692489600,25,0.8814
made to order furniture,8,False,"Aug 20 – 26, 2023",1692489600,0,0.0
modular furniture,8,False,"Aug 20 – 26, 2023",1692489600,1,0.0353
built in furniture,8,False,"Aug 20 – 26, 2023",1692489600,0,0.0
dining table,8,True,"Aug 27 – Sep 2, 2023",1693094400,25,0.8814
made to order furniture,8,False,"Aug 27 – Sep 2, 2023",1693094400,0,0.0
modular furniture,8,False,"Aug 27 – Sep 2, 2023",1693094400,1,0.0353
built in furniture,8,False,"Aug 27 – Sep 2, 2023",1693094400,0,0.0
dining table,8,True,"Sep 3 – 9, 2023",1693699200,29,1.0225
made to order furniture,8,False,"Sep 3 – 9, 2023",1693699200,0,0.0
modular furniture,8,False,"Sep 3 – 9, 2023",1693699200,1,0.0353
built in furniture,8,False,"Sep 3 – 9, 2023",1693699200,0,0.0
dining table,8,True,"Sep 10 – 16, 2023",1694304000,22,0.7757
made to order furniture,8,False,"Sep 10 – 16, 2023",1694304000,0,0.0
modular furniture,8,False,"Sep 10 – 16, 2023",1694304000,1,0.0353
built in furniture,8,False,"Sep 10 – 16, 2023",1694304000,0,0.0
dining table,8,True,"Sep 17 – 23, 2023",1694908800,23,0.8109
made to order furniture,8,False,"Sep 17 – 23, 2023",1694908800,0,0.0
modular furniture,8,False,"Sep 17 – 23, 2023",1694908800,1,0.0353
built in furniture,8,False,"Sep 17 – 23, 2023",1694908800,0,0.0
dining table,8,True,"Sep 24 – 30, 2023",1695513600,24,0.8462
made to order furniture,8,False,"Sep 24 – 30, 2023",1695513600,0,0.0
modular furniture,8,False,"Sep 24 – 30, 2023",1695513600,0,0.0
built in furniture,8,False,"Sep 24 – 30, 2023",1695513600,0,0.0
dining table,8,True,"Oct 1 – 7, 2023",1696118400,23,0.8109
made to order furniture,8,False,"Oct 1 – 7, 2023",1696118400,0,0.0
modular furniture,8,False,"Oct 1 – 7, 2023",1696118400,0,0.0
built in furniture,8,False,"Oct 1 – 7, 2023",1696118400,0,0.0
dining table,8,True,"Oct 8 – 14, 2023",1696723200,23,0.8109
made to order furniture,8,False,"Oct 8 – 14, 2023",1696723200,0,0.0
modular furniture,8,False,"Oct 8 – 14, 2023",1696723200,0,0.0
built in furniture,8,False,"Oct 8 – 14, 2023",1696723200,0,0.0
dining table,8,True,"Oct 15 – 21, 2023",1697328000,24,0.8462
made to order furniture,8,False,"Oct 15 – 21, 2023",1697328000,0,0.0
modular furniture,8,False,"Oct 15 – 21, 2023",1697328000,0,0.0
built in furniture,8,False,"Oct 15 – 21, 2023",1697328000,0,0.0
dining table,8,True,"Oct 22 – 28, 2023",1697932800,24,0.8462
made to order furniture,8,False,"Oct 22 – 28, 2023",1697932800,0,0.0
modular furniture,8,False,"Oct 22 – 28, 2023",1697932800,1,0.0353
built in furniture,8,False,"Oct 22 – 28, 2023",1697932800,0,0.0
dining table,8,True,"Oct 29 – Nov 4, 2023",1698537600,24,0.8462
made to order furniture,8,False,"Oct 29 – Nov 4, 2023",1698537600,0,0.0
modular furniture,8,False,"Oct 29 – Nov 4, 2023",1698537600,1,0.0353
built in furniture,8,False,"Oct 29 – Nov 4, 2023",1698537600,0,0.0
dining table,8,True,"Nov 5 – 11, 2023",1699142400,27,0.952
made to order furniture,8,False,"Nov 5 – 11, 2023",1699142400,0,0.0
modular furniture,8,False,"Nov 5 – 11, 2023",1699142400,1,0.0353
built in furniture,8,False,"Nov 5 – 11, 2023",1699142400,0,0.0
dining table,8,True,"Nov 12 – 18, 2023",1699747200,28,0.9872
made to order furniture,8,False,"Nov 12 – 18, 2023",1699747200,0,0.0
modular furniture,8,False,"Nov 12 – 18, 2023",1699747200,1,0.0353
built in furniture,8,False,"Nov 12 – 18, 2023",1699747200,0,0.0
dining table,8,True,"Nov 19 – 25, 2023",1700352000,34,1.1988
made to order furniture,8,False,"Nov 19 – 25, 2023",1700352000,0,0.0
modular furniture,8,False,"Nov 19 – 25, 2023",1700352000,1,0.0353
built in furniture,8,False,"Nov 19 – 25, 2023",1700352000,0,0.0
dining table,8,True,"Nov 26 – Dec 2, 2023",1700956800,25,0.8814
made to order furniture,8,False,"Nov 26 – Dec 2, 2023",1700956800,0,0.0
modular furniture,8,False,"Nov 26 – Dec 2, 2023",1700956800,0,0.0
built in furniture,8,False,"Nov 26 – Dec 2, 2023",1700956800,0,0.0
dining table,8,True,"Dec 3 – 9, 2023",1701561600,23,0.8109
made to order furniture,8,False,"Dec 3 – 9, 2023",1701561600,0,0.0
modular furniture,8,False,"Dec 3 – 9, 2023",1701561600,0,0.0
built in furniture,8,False,"Dec 3 – 9, 2023",1701561600,0,0.0
dining table,8,True,"Dec 10 – 16, 2023",1702166400,22,0.7757
made to order furniture,8,False,"Dec 10 – 16, 2023",1702166400,0,0.0
modular furniture,8,False,"Dec 10 – 16, 2023",1702166400,0,0.0
built in furniture,8,False,"Dec 10 – 16, 2023",1702166400,0,0.0
dining table,8,True,"Dec 17 – 23, 2023",1702771200,21,0.7404
made to order furniture,8,False,"Dec 17 – 23, 2023",1702771200,0,0.0
modular furniture,8,False,"Dec 17 – 23, 2023",1702771200,0,0.0
built in furniture,8,False,"Dec 17 – 23, 2023",1702771200,0,0.0
dining table,8,True,"Dec 24 – 30, 2023",1703376000,25,0.8814
made to order furniture,8,False,"Dec 24 – 30, 2023",1703376000,0,0.0
modular furniture,8,False,"Dec 24 – 30, 2023",1703376000,1,0.0353
built in furniture,8,False,"Dec 24 – 30, 2023",1703376000,0,0.0
dining table,8,True,"Dec 31, 2023 – Jan 6, 2024",1703980800,28,0.9872
made to order furniture,8,False,"Dec 31, 2023 – Jan 6, 2024",1703980800,0,0.0
modular furniture,8,False,"Dec 31, 2023 – Jan 6, 2024",1703980800,1,0.0353
built in furniture,8,False,"Dec 31, 2023 – Jan 6, 2024",1703980800,0,0.0
dining table,8,True,"Jan 7 – 13, 2024",1704585600,24,0.8462
made to order furniture,8,False,"Jan 7 – 13, 2024",1704585600,0,0.0
modular furniture,8,False,"Jan 7 – 13, 2024",1704585600,1,0.0353
built in furniture,8,False,"Jan 7 – 13, 2024",1704585600,0,0.0
dining table,8,True,"Jan 14 – 20, 2024",1705190400,25,0.8814
made to order furniture,8,False,"Jan 14 – 20, 2024",1705190400,0,0.0
modular furniture,8,False,"Jan 14 – 20, 2024",1705190400,1,0.0353
built in furniture,8,False,"Jan 14 – 20, 2024",1705190400,0,0.0
dining table,8,True,"Jan 21 – 27, 2024",1705795200,25,0.8814
made to order furniture,8,False,"Jan 21 – 27, 2024",1705795200,0,0.0
modular furniture,8,False,"Jan 21 – 27, 2024",1705795200,1,0.0353
built in furniture,8,False,"Jan 21 – 27, 2024",1705795200,0,0.0
dining table,8,True,"Jan 28 – Feb 3, 2024",1706400000,24,0.8462
made to order furniture,8,False,"Jan 28 – Feb 3, 2024",1706400000,0,0.0
modular furniture,8,False,"Jan 28 – Feb 3, 2024",1706400000,1,0.0353
built in furniture,8,False,"Jan 28 – Feb 3, 2024",1706400000,0,0.0
dining table,8,True,"Feb 4 – 10, 2024",1707004800,23,0.8109
made to order furniture,8,False,"Feb 4 – 10, 2024",1707004800,0,0.0
modular furniture,8,False,"Feb 4 – 10, 2024",1707004800,1,0.0353
built in furniture,8,False,"Feb 4 – 10, 2024",1707004800,0,0.0
dining table,8,True,"Feb 11 – 17, 2024",1707609600,23,0.8109
made to order furniture,8,False,"Feb 11 – 17, 2024",1707609600,0,0.0
modular furniture,8,False,"Feb 11 – 17, 2024",1707609600,1,0.0353
built in furniture,8,False,"Feb 11 – 17, 2024",1707609600,0,0.0
dining table,8,True,"Feb 18 – 24, 2024",1708214400,26,0.9167
made to order furniture,8,False,"Feb 18 – 24, 2024",1708214400,0,0.0
modular furniture,8,False,"Feb 18 – 24, 2024",1708214400,1,0.0353
built in furniture,8,False,"Feb 18 – 24, 2024",1708214400,0,0.0
dining table,8,True,"Feb 25 – Mar 2, 2024",1708819200,24,0.8462
made to order furniture,8,False,"Feb 25 – Mar 2, 2024",1708819200,0,0.0
modular furniture,8,False,"Feb 25 – Mar 2, 2024",1708819200,1,0.0353
built in furniture,8,False,"Feb 25 – Mar 2, 2024",1708819200,0,0.0
dining table,8,True,"Mar 3 – 9, 2024",1709424000,24,0.8462
made to order furniture,8,False,"Mar 3 – 9, 2024",1709424000,0,0.0
modular furniture,8,False,"Mar 3 – 9, 2024",1709424000,1,0.0353
built in furniture,8,False,"Mar 3 – 9, 2024",1709424000,0,0.0
dining table,8,True,"Mar 10 – 16, 2024",1710028800,24,0.8462
made to order furniture,8,False,"Mar 10 – 16, 2024",1710028800,0,0.0
modular furniture,8,False,"Mar 10 – 16, 2024",1710028800,0,0.0
built in furniture,8,False,"Mar 10 – 16, 2024",1710028800,0,0.0
dining table,8,True,"Mar 17 – 23, 2024",1710633600,24,0.8462
made to order furniture,8,False,"Mar 17 – 23, 2024",1710633600,0,0.0
modular furniture,8,False,"Mar 17 – 23, 2024",1710633600,1,0.0353
built in furniture,8,False,"Mar 17 – 23, 2024",1710633600,0,0.0
dining table,8,True,"Mar 24 – 30, 2024",1711238400,24,0.8462
made to order furniture,8,False,"Mar 24 – 30, 2024",1711238400,0,0.0
modular furniture,8,False,"Mar 24 – 30, 2024",1711238400,0,0.0
built in furniture,8,False,"Mar 24 – 30, 2024",1711238400,0,0.0
dining table,8,True,"Mar 31 – Apr 6, 2024",1711843200,22,0.7757
made to order furniture,8,False,"Mar 31 – Apr 6, 2024",1711843200,0,0.0
modular furniture,8,False,"Mar 31 – Apr 6, 2024",1711843200,0,0.0
built in furniture,8,False,"Mar 31 – Apr 6, 2024",1711843200,0,0.0
dining table,8,True,"Apr 7 – 13, 2024",1712448000,23,0.8109
made to order furniture,8,False,"Apr 7 – 13, 2024",1712448000,0,0.0
modular furniture,8,False,"Apr 7 – 13, 2024",1712448000,0,0.0
built in furniture,8,False,"Apr 7 – 13, 2024",1712448000,0,0.0
dining table,8,True,"Apr 14 – 20, 2024",1713052800,22,0.7757
made to order furniture,8,False,"Apr 14 – 20, 2024",1713052800,0,0.0
modular furniture,8,False,"Apr 14 – 20, 2024",1713052800,0,0.0
built in furniture,8,False,"Apr 14 – 20, 2024",1713052800,0,0.0
dining table,8,True,"Apr 21 – 27, 2024",1713657600,25,0.8814
made to order furniture,8,False,"Apr 21 – 27, 2024",1713657600,0,0.0
modular furniture,8,False,"Apr 21 – 27, 2024",1713657600,1,0.0353
built in furniture,8,False,"Apr 21 – 27, 2024",1713657600,0,0.0
dining table,8,True,"Apr 28 – May 4, 2024",1714262400,24,0.8462
made to order furniture,8,False,"Apr 28 – May 4, 2024",1714262400,0,0.0
modular furniture,8,False,"Apr 28 – May 4, 2024",1714262400,1,0.0353
built in furniture,8,False,"Apr 28 – May 4, 2024",1714262400,0,0.0
dining table,8,True,"May 5 – 11, 2024",1714867200,23,0.8109
made to order furniture,8,False,"May 5 – 11, 2024",1714867200,0,0.0
modular furniture,8,False,"May 5 – 11, 2024",1714867200,1,0.0353
built in furniture,8,False,"May 5 – 11, 2024",1714867200,0,0.0
dining table,8,True,"May 12 – 18, 2024",1715472000,23,0.8109
made to order furniture,8,False,"May 12 – 18, 2024",1715472000,0,0.0
modular furniture,8,False,"May 12 – 18, 2024",1715472000,0,0.0
built in furniture,8,False,"May 12 – 18, 2024",1715472000,0,0.0
dining table,8,True,"May 19 – 25, 2024",1716076800,24,0.8462
made to order furniture,8,False,"May 19 – 25, 2024",1716076800,0,0.0
modular furniture,8,False,"May 19 – 25, 2024",1716076800,1,0.0353
built in furniture,8,False,"May 19 – 25, 2024",1716076800,0,0.0
dining table,8,True,"May 26 – Jun 1, 2024",1716681600,26,0.9167
made to order furniture,8,False,"May 26 – Jun 1, 2024",1716681600,0,0.0
modular furniture,8,False,"May 26 – Jun 1, 2024",1716681600,1,0.0353
built in furniture,8,False,"May 26 – Jun 1, 2024",1716681600,0,0.0
dining table,8,True,"Jun 2 – 8, 2024",1717286400,23,0.8109
made to order furniture,8,False,"Jun 2 – 8, 2024",1717286400,0,0.0
modular furniture,8,False,"Jun 2 – 8, 2024",1717286400,0,0.0
built in furniture,8,False,"Jun 2 – 8, 2024",1717286400,0,0.0
dining table,8,True,"Jun 9 – 15, 2024",1717891200,24,0.8462
made to order furniture,8,False,"Jun 9 – 15, 2024",1717891200,0,0.0
modular furniture,8,False,"Jun 9 – 15, 2024",1717891200,1,0.0353
built in furniture,8,False,"Jun 9 – 15, 2024",1717891200,0,0.0
dining table,8,True,"Jun 16 – 22, 2024",1718496000,25,0.8814
made to order furniture,8,False,"Jun 16 – 22, 2024",1718496000,0,0.0
modular furniture,8,False,"Jun 16 – 22, 2024",1718496000,1,0.0353
built in furniture,8,False,"Jun 16 – 22, 2024",1718496000,0,0.0
dining table,8,True,"Jun 23 – 29, 2024",1719100800,25,0.8814
made to order furniture,8,False,"Jun 23 – 29, 2024",1719100800,0,0.0
modular furniture,8,False,"Jun 23 – 29, 2024",1719100800,1,0.0353
built in furniture,8,False,"Jun 23 – 29, 2024",1719100800,0,0.0
dining table,8,True,"Jun 30 – Jul 6, 2024",1719705600,28,0.9872
made to order furniture,8,False,"Jun 30 – Jul 6, 2024",1719705600,0,0.0
modular furniture,8,False,"Jun 30 – Jul 6, 2024",1719705600,1,0.0353
built in furniture,8,False,"Jun 30 – Jul 6, 2024",1719705600,0,0.0
dining table,8,True,"Jul 7 – 13, 2024",1720310400,25,0.8814
made to order furniture,8,False,"Jul 7 – 13, 2024",1720310400,0,0.0
modular furniture,8,False,"Jul 7 – 13, 2024",1720310400,1,0.0353
built in furniture,8,False,"Jul 7 – 13, 2024",1720310400,0,0.0
dining table,8,True,"Jul 14 – 20, 2024",1720915200,23,0.8109
made to order furniture,8,False,"Jul 14 – 20, 2024",1720915200,0,0.0
modular furniture,8,False,"Jul 14 – 20, 2024",1720915200,1,0.0353
built in furniture,8,False,"Jul 14 – 20, 2024",1720915200,0,0.0
dining table,8,True,"Jul 21 – 27, 2024",1721520000,25,0.8814
made to order furniture,8,False,"Jul 21 – 27, 2024",1721520000,0,0.0
modular furniture,8,False,"Jul 21 – 27, 2024",1721520000,1,0.0353
built in furniture,8,False,"Jul 21 – 27, 2024",1721520000,0,0.0
dining table,8,True,"Jul 28 – Aug 3, 2024",1722124800,26,0.9167
made to order furniture,8,False,"Jul 28 – Aug 3, 2024",1722124800,0,0.0
modular furniture,8,False,"Jul 28 – Aug 3, 2024",1722124800,1,0.0353
built in furniture,8,False,"Jul 28 – Aug 3, 2024",1722124800,0,0.0
dining table,8,True,"Aug 4 – 10, 2024",1722729600,26,0.9167
made to order furniture,8,False,"Aug 4 – 10, 2024",1722729600,0,0.0
modular furniture,8,False,"Aug 4 – 10, 2024",1722729600,1,0.0353
built in furniture,8,False,"Aug 4 – 10, 2024",1722729600,0,0.0
dining table,8,True,"Aug 11 – 17, 2024",1723334400,27,0.952
made to order furniture,8,False,"Aug 11 – 17, 2024",1723334400,0,0.0
modular furniture,8,False,"Aug 11 – 17, 2024",1723334400,1,0.0353
built in furniture,8,False,"Aug 11 – 17, 2024",1723334400,0,0.0
dining table,8,True,"Aug 18 – 24, 2024",1723939200,27,0.952
made to order furniture,8,False,"Aug 18 – 24, 2024",1723939200,0,0.0
modular furniture,8,False,"Aug 18 – 24, 2024",1723939200,1,0.0353
built in furniture,8,False,"Aug 18 – 24, 2024",1723939200,0,0.0
dining table,8,True,"Aug 25 – 31, 2024",1724544000,25,0.8814
made to order furniture,8,False,"Aug 25 – 31, 2024",1724544000,0,0.0
modular furniture,8,False,"Aug 25 – 31, 2024",1724544000,1,0.0353
built in furniture,8,False,"Aug 25 – 31, 2024",1724544000,0,0.0
dining table,8,True,"Sep 1 – 7, 2024",1725148800,27,0.952
made to order furniture,8,False,"Sep 1 – 7, 2024",1725148800,0,0.0
modular furniture,8,False,"Sep 1 – 7, 2024",1725148800,1,0.0353
built in furniture,8,False,"Sep 1 – 7, 2024",1725148800,0,0.0
dining table,8,True,"Sep 8 – 14, 2024",1725753600,24,0.8462
made to order furniture,8,False,"Sep 8 – 14, 2024",1725753600,0,0.0
modular furniture,8,False,"Sep 8 – 14, 2024",1725753600,1,0.0353
built in furniture,8,False,"Sep 8 – 14, 2024",1725753600,0,0.0
dining table,8,True,"Sep 15 – 21, 2024",1726358400,23,0.8109
made to order furniture,8,False,"Sep 15 – 21, 2024",1726358400,0,0.0
modular furniture,8,False,"Sep 15 – 21, 2024",1726358400,1,0.0353
built in furniture,8,False,"Sep 15 – 21, 2024",1726358400,0,0.0
dining table,8,True,"Sep 22 – 28, 2024",1726963200,23,0.8109
made to order furniture,8,False,"Sep 22 – 28, 2024",1726963200,0,0.0
modular furniture,8,False,"Sep 22 – 28, 2024",1726963200,1,0.0353
built in furniture,8,False,"Sep 22 – 28, 2024",1726963200,0,0.0
dining table,8,True,"Sep 29 – Oct 5, 2024",1727568000,23,0.8109
made to order furniture,8,False,"Sep 29 – Oct 5, 2024",1727568000,0,0.0
modular furniture,8,False,"Sep 29 – Oct 5, 2024",1727568000,1,0.0353
built in furniture,8,False,"Sep 29 – Oct 5, 2024",1727568000,0,0.0
dining table,8,True,"Oct 6 – 12, 2024",1728172800,23,0.8109
made to order furniture,8,False,"Oct 6 – 12, 2024",1728172800,0,0.0
modular furniture,8,False,"Oct 6 – 12, 2024",1728172800,1,0.0353
built in furniture,8,False,"Oct 6 – 12, 2024",1728172800,0,0.0
dining table,8,True,"Oct 13 – 19, 2024",1728777600,24,0.8462
made to order furniture,8,False,"Oct 13 – 19, 2024",1728777600,0,0.0
modular furniture,8,False,"Oct 13 – 19, 2024",1728777600,0,0.0
built in furniture,8,False,"Oct 13 – 19, 2024",1728777600,0,0.0
dining table,8,True,"Oct 20 – 26, 2024",1729382400,24,0.8462
made to order furniture,8,False,"Oct 20 – 26, 2024",1729382400,0,0.0
modular furniture,8,False,"Oct 20 – 26, 2024",1729382400,1,0.0353
built in furniture,8,False,"Oct 20 – 26, 2024",1729382400,0,0.0
dining table,8,True,"Oct 27 – Nov 2, 2024",1729987200,24,0.8462
made to order furniture,8,False,"Oct 27 – Nov 2, 2024",1729987200,0,0.0
modular furniture,8,False,"Oct 27 – Nov 2, 2024",1729987200,1,0.0353
built in furniture,8,False,"Oct 27 – Nov 2, 2024",1729987200,0,0.0
dining table,8,True,"Nov 3 – 9, 2024",1730592000,25,0.8814
made to order furniture,8,False,"Nov 3 – 9, 2024",1730592000,0,0.0
modular furniture,8,False,"Nov 3 – 9, 2024",1730592000,1,0.0353
built in furniture,8,False,"Nov 3 – 9, 2024",1730592000,0,0.0
dining table,8,True,"Nov 10 – 16, 2024",1731196800,28,0.9872
made to order furniture,8,False,"Nov 10 – 16, 2024",1731196800,0,0.0
modular furniture,8,False,"Nov 10 – 16, 2024",1731196800,1,0.0353
built in furniture,8,False,"Nov 10 – 16, 2024",1731196800,0,0.0
dining table,8,True,"Nov 17 – 23, 2024",1731801600,30,1.0577
made to order furniture,8,False,"Nov 17 – 23, 2024",1731801600,0,0.0
modular furniture,8,False,"Nov 17 – 23, 2024",1731801600,1,0.0353
built in furniture,8,False,"Nov 17 – 23, 2024",1731801600,0,0.0
dining table,8,True,"Nov 24 – 30, 2024",1732406400,32,1.1282
made to order furniture,8,False,"Nov 24 – 30, 2024",1732406400,0,0.0
modular furniture,8,False,"Nov 24 – 30, 2024",1732406400,1,0.0353
built in furniture,8,False,"Nov 24 – 30, 2024",1732406400,0,0.0
dining table,8,True,"Dec 1 – 7, 2024",1733011200,24,0.8462
made to order furniture,8,False,"Dec 1 – 7, 2024",1733011200,0,0.0
modular furniture,8,False,"Dec 1 – 7, 2024",1733011200,1,0.0353
built in furniture,8,False,"Dec 1 – 7, 2024",1733011200,0,0.0
dining table,8,True,"Dec 8 – 14, 2024",1733616000,22,0.7757
made to order furniture,8,False,"Dec 8 – 14, 2024",1733616000,0,0.0
modular furniture,8,False,"Dec 8 – 14, 2024",1733616000,1,0.0353
built in furniture,8,False,"Dec 8 – 14, 2024",1733616000,0,0.0
dining table,8,True,"Dec 15 – 21, 2024",1734220800,21,0.7404
made to order furniture,8,False,"Dec 15 – 21, 2024",1734220800,0,0.0
modular furniture,8,False,"Dec 15 – 21, 2024",1734220800,1,0.0353
built in furniture,8,False,"Dec 15 – 21, 2024",1734220800,0,0.0
dining table,8,True,"Dec 22 – 28, 2024",1734825600,25,0.8814
made to order furniture,8,False,"Dec 22 – 28, 2024",1734825600,0,0.0
modular furniture,8,False,"Dec 22 – 28, 2024",1734825600,1,0.0353
built in furniture,8,False,"Dec 22 – 28, 2024",1734825600,0,0.0
dining table,8,True,"Dec 29, 2024 – Jan 4, 2025",1735430400,30,1.0577
made to order furniture,8,False,"Dec 29, 2024 – Jan 4, 2025",1735430400,0,0.0
modular furniture,8,False,"Dec 29, 2024 – Jan 4, 2025",1735430400,1,0.0353
built in furniture,8,False,"Dec 29, 2024 – Jan 4, 2025",1735430400,0,0.0
dining table,8,True,"Jan 5 – 11, 2025",1736035200,25,0.8814
made to order furniture,8,False,"Jan 5 – 11, 2025",1736035200,0,0.0
modular furniture,8,False,"Jan 5 – 11, 2025",1736035200,1,0.0353
built in furniture,8,False,"Jan 5 – 11, 2025",1736035200,0,0.0
dining table,8,True,"Jan 12 – 18, 2025",1736640000,25,0.8814
made to order furniture,8,False,"Jan 12 – 18, 2025",1736640000,0,0.0
modular furniture,8,False,"Jan 12 – 18, 2025",1736640000,1,0.0353
built in furniture,8,False,"Jan 12 – 18, 2025",1736640000,0,0.0
dining table,8,True,"Jan 19 – 25, 2025",1737244800,26,0.9167
made to order furniture,8,False,"Jan 19 – 25, 2025",1737244800,0,0.0
modular furniture,8,False,"Jan 19 – 25, 2025",1737244800,1,0.0353
built in furniture,8,False,"Jan 19 – 25, 2025",1737244800,0,0.0
dining table,8,True,"Jan 26 – Feb 1, 2025",1737849600,23,0.8109
made to order furniture,8,False,"Jan 26 – Feb 1, 2025",1737849600,0,0.0
modular furniture,8,False,"Jan 26 – Feb 1, 2025",1737849600,1,0.0353
built in furniture,8,False,"Jan 26 – Feb 1, 2025",1737849600,0,0.0
dining table,8,True,"Feb 2 – 8, 2025",1738454400,24,0.8462
made to order furniture,8,False,"Feb 2 – 8, 2025",1738454400,0,0.0
modular furniture,8,False,"Feb 2 – 8, 2025",1738454400,1,0.0353
built in furniture,8,False,"Feb 2 – 8, 2025",1738454400,0,0.0
dining table,8,True,"Feb 9 – 15, 2025",1739059200,22,0.7757
made to order furniture,8,False,"Feb 9 – 15, 2025",1739059200,0,0.0
modular furniture,8,False,"Feb 9 – 15, 2025",1739059200,1,0.0353
built in furniture,8,False,"Feb 9 – 15, 2025",1739059200,0,0.0
dining table,8,True,"Feb 16 – 22, 2025",1739664000,25,0.8814
made to order furniture,8,False,"Feb 16 – 22, 2025",1739664000,0,0.0
modular furniture,8,False,"Feb 16 – 22, 2025",1739664000,1,0.0353
built in furniture,8,False,"Feb 16 – 22, 2025",1739664000,0,0.0
dining table,8,True,"Feb 23 – Mar 1, 2025",1740268800,25,0.8814
made to order furniture,8,False,"Feb 23 – Mar 1, 2025",1740268800,0,0.0
modular furniture,8,False,"Feb 23 – Mar 1, 2025",1740268800,1,0.0353
built in furniture,8,False,"Feb 23 – Mar 1, 2025",1740268800,0,0.0
dining table,8,True,"Mar 2 – 8, 2025",1740873600,25,0.8814
made to order furniture,8,False,"Mar 2 – 8, 2025",1740873600,0,0.0
modular furniture,8,False,"Mar 2 – 8, 2025",1740873600,1,0.0353
built in furniture,8,False,"Mar 2 – 8, 2025",1740873600,0,0.0
dining table,8,True,"Mar 9 – 15, 2025",1741478400,26,0.9167
made to order furniture,8,False,"Mar 9 – 15, 2025",1741478400,0,0.0
modular furniture,8,False,"Mar 9 – 15, 2025",1741478400,1,0.0353
built in furniture,8,False,"Mar 9 – 15, 2025",1741478400,0,0.0
dining table,8,True,"Mar 16 – 22, 2025",1742083200,25,0.8814
made to order furniture,8,False,"Mar 16 – 22, 2025",1742083200,0,0.0
modular furniture,8,False,"Mar 16 – 22, 2025",1742083200,1,0.0353
built in furniture,8,False,"Mar 16 – 22, 2025",1742083200,0,0.0
dining table,8,True,"Mar 23 – 29, 2025",1742688000,24,0.8462
made to order furniture,8,False,"Mar 23 – 29, 2025",1742688000,0,0.0
modular furniture,8,False,"Mar 23 – 29, 2025",1742688000,1,0.0353
built in furniture,8,False,"Mar 23 – 29, 2025",1742688000,0,0.0
dining table,8,True,"Mar 30 – Apr 5, 2025",1743292800,24,0.8462
made to order furniture,8,False,"Mar 30 – Apr 5, 2025",1743292800,0,0.0
modular furniture,8,False,"Mar 30 – Apr 5, 2025",1743292800,1,0.0353
built in furniture,8,False,"Mar 30 – Apr 5, 2025",1743292800,0,0.0
dining table,8,True,"Apr 6 – 12, 2025",1743897600,24,0.8462
made to order furniture,8,False,"Apr 6 – 12, 2025",1743897600,0,0.0
modular furniture,8,False,"Apr 6 – 12, 2025",1743897600,1,0.0353
built in furniture,8,False,"Apr 6 – 12, 2025",1743897600,0,0.0
dining table,8,True,"Apr 13 – 19, 2025",1744502400,24,0.8462
made to order furniture,8,False,"Apr 13 – 19, 2025",1744502400,0,0.0
modular furniture,8,False,"Apr 13 – 19, 2025",1744502400,1,0.0353
built in furniture,8,False,"Apr 13 – 19, 2025",1744502400,0,0.0
dining table,8,True,"Apr 20 – 26, 2025",1745107200,25,0.8814
made to order furniture,8,False,"Apr 20 – 26, 2025",1745107200,0,0.0
modular furniture,8,False,"Apr 20 – 26, 2025",1745107200,1,0.0353
built in furniture,8,False,"Apr 20 – 26, 2025",1745107200,0,0.0
dining table,8,True,"Apr 27 – May 3, 2025",1745712000,25,0.8814
made to order furniture,8,False,"Apr 27 – May 3, 2025",1745712000,0,0.0
modular furniture,8,False,"Apr 27 – May 3, 2025",1745712000,1,0.0353
built in furniture,8,False,"Apr 27 – May 3, 2025",1745712000,0,0.0
dining table,8,True,"May 4 – 10, 2025",1746316800,25,0.8814
made to order furniture,8,False,"May 4 – 10, 2025",1746316800,0,0.0
modular furniture,8,False,"May 4 – 10, 2025",1746316800,1,0.0353
built in furniture,8,False,"May 4 – 10, 2025",1746316800,0,0.0
dining table,8,True,"May 11 – 17, 2025",1746921600,25,0.8814
made to order furniture,8,False,"May 11 – 17, 2025",1746921600,0,0.0
modular furniture,8,False,"May 11 – 17, 2025",1746921600,1,0.0353
built in furniture,8,False,"May 11 – 17, 2025",1746921600,0,0.0
dining table,8,True,"May 18 – 24, 2025",1747526400,25,0.8814
made to order furniture,8,False,"May 18 – 24, 2025",1747526400,0,0.0
modular furniture,8,False,"May 18 – 24, 2025",1747526400,1,0.0353
built in furniture,8,False,"May 18 – 24, 2025",1747526400,0,0.0
dining table,8,True,"May 25 – 31, 2025",1748131200,27,0.952
made to order furniture,8,False,"May 25 – 31, 2025",1748131200,0,0.0
modular furniture,8,False,"May 25 – 31, 2025",1748131200,1,0.0353
built in furniture,8,False,"May 25 – 31, 2025",1748131200,0,0.0
dining table,8,True,"Jun 1 – 7, 2025",1748736000,24,0.8462
made to order furniture,8,False,"Jun 1 – 7, 2025",1748736000,0,0.0
modular furniture,8,False,"Jun 1 – 7, 2025",1748736000,1,0.0353
built in furniture,8,False,"Jun 1 – 7, 2025",1748736000,0,0.0
dining table,8,True,"Jun 8 – 14, 2025",1749340800,24,0.8462
made to order furniture,8,False,"Jun 8 – 14, 2025",1749340800,0,0.0
modular furniture,8,False,"Jun 8 – 14, 2025",1749340800,1,0.0353
built in furniture,8,False,"Jun 8 – 14, 2025",1749340800,0,0.0
dining table,8,True,"Jun 15 – 21, 2025",1749945600,26,0.9167
made to order furniture,8,False,"Jun 15 – 21, 2025",1749945600,0,0.0
modular furniture,8,False,"Jun 15 – 21, 2025",1749945600,1,0.0353
built in furniture,8,False,"Jun 15 – 21, 2025",1749945600,0,0.0
dining table,8,True,"Jun 22 – 28, 2025",1750550400,25,0.8814
made to order furniture,8,False,"Jun 22 – 28, 2025",1750550400,0,0.0
modular furniture,8,False,"Jun 22 – 28, 2025",1750550400,1,0.0353
built in furniture,8,False,"Jun 22 – 28, 2025",1750550400,0,0.0
dining table,8,True,"Jun 29 – Jul 5, 2025",1751155200,27,0.952
made to order furniture,8,False,"Jun 29 – Jul 5, 2025",1751155200,0,0.0
modular furniture,8,False,"Jun 29 – Jul 5, 2025",1751155200,1,0.0353
built in furniture,8,False,"Jun 29 – Jul 5, 2025",1751155200,0,0.0
dining table,8,True,"Jul 6 – 12, 2025",1751760000,28,0.9872
made to order furniture,8,False,"Jul 6 – 12, 2025",1751760000,0,0.0
modular furniture,8,False,"Jul 6 – 12, 2025",1751760000,1,0.0353
built in furniture,8,False,"Jul 6 – 12, 2025",1751760000,0,0.0
dining table,8,True,"Jul 13 – 19, 2025",1752364800,29,1.0225
made to order furniture,8,False,"Jul 13 – 19, 2025",1752364800,0,0.0
modular furniture,8,False,"Jul 13 – 19, 2025",1752364800,1,0.0353
built in furniture,8,False,"Jul 13 – 19, 2025",1752364800,0,0.0
dining table,8,True,"Jul 20 – 26, 2025",1752969600,27,0.952
made to order furniture,8,False,"Jul 20 – 26, 2025",1752969600,0,0.0
modular furniture,8,False,"Jul 20 – 26, 2025",1752969600,1,0.0353
built in furniture,8,False,"Jul 20 – 26, 2025",1752969600,0,0.0
dining table,8,True,"Jul 27 – Aug 2, 2025",1753574400,28,0.9872
made to order furniture,8,False,"Jul 27 – Aug 2, 2025",1753574400,0,0.0
modular furniture,8,False,"Jul 27 – Aug 2, 2025",1753574400,1,0.0353
built in furniture,8,False,"Jul 27 – Aug 2, 2025",1753574400,0,0.0
dining table,8,True,"Aug 3 – 9, 2025",1754179200,28,0.9872
made to order furniture,8,False,"Aug 3 – 9, 2025",1754179200,0,0.0
modular furniture,8,False,"Aug 3 – 9, 2025",1754179200,1,0.0353
built in furniture,8,False,"Aug 3 – 9, 2025",1754179200,0,0.0
dining table,8,True,"Aug 10 – 16, 2025",1754784000,27,0.952
made to order furniture,8,False,"Aug 10 – 16, 2025",1754784000,0,0.0
modular furniture,8,False,"Aug 10 – 16, 2025",1754784000,1,0.0353
built in furniture,8,False,"Aug 10 – 16, 2025",1754784000,0,0.0
dining table,8,True,"Aug 17 – 23, 2025",1755388800,26,0.9167
made to order furniture,8,False,"Aug 17 – 23, 2025",1755388800,0,0.0
modular furniture,8,False,"Aug 17 – 23, 2025",1755388800,1,0.0353
built in furniture,8,False,"Aug 17 – 23, 2025",1755388800,0,0.0
dining table,8,True,"Aug 24 – 30, 2025",1755993600,27,0.952
made to order furniture,8,False,"Aug 24 – 30, 2025",1755993600,0,0.0
modular furniture,8,False,"Aug 24 – 30, 2025",1755993600,1,0.0353
built in furniture,8,False,"Aug 24 – 30, 2025",1755993600,0,0.0
dining table,8,True,"Aug 31 – Sep 6, 2025",1756598400,29,1.0225
made to order furniture,8,False,"Aug 31 – Sep 6, 2025",1756598400,0,0.0
modular furniture,8,False,"Aug 31 – Sep 6, 2025",1756598400,1,0.0353
built in furniture,8,False,"Aug 31 – Sep 6, 2025",1756598400,0,0.0
dining table,8,True,"Sep 7 – 13, 2025",1757203200,24,0.8462
made to order furniture,8,False,"Sep 7 – 13, 2025",1757203200,0,0.0
modular furniture,8,False,"Sep 7 – 13, 2025",1757203200,1,0.0353
built in furniture,8,False,"Sep 7 – 13, 2025",1757203200,0,0.0
dining table,8,True,"Sep 14 – 20, 2025",1757808000,23,0.8109
made to order furniture,8,False,"Sep 14 – 20, 2025",1757808000,0,0.0
modular furniture,8,False,"Sep 14 – 20, 2025",1757808000,1,0.0353
built in furniture,8,False,"Sep 14 – 20, 2025",1757808000,0,0.0
dining table,8,True,"Sep 21 – 27, 2025",1758412800,25,0.8814
made to order furniture,8,False,"Sep 21 – 27, 2025",1758412800,0,0.0
modular furniture,8,False,"Sep 21 – 27, 2025",1758412800,1,0.0353
built in furniture,8,False,"Sep 21 – 27, 2025",1758412800,0,0.0
dining table,8,True,"Sep 28 – Oct 4, 2025",1759017600,24,0.8462
made to order furniture,8,False,"Sep 28 – Oct 4, 2025",1759017600,0,0.0
modular furniture,8,False,"Sep 28 – Oct 4, 2025",1759017600,1,0.0353
built in furniture,8,False,"Sep 28 – Oct 4, 2025",1759017600,0,0.0
dining table,8,True,"Oct 5 – 11, 2025",1759622400,24,0.8462
made to order furniture,8,False,"Oct 5 – 11, 2025",1759622400,0,0.0
modular furniture,8,False,"Oct 5 – 11, 2025",1759622400,1,0.0353
built in furniture,8,False,"Oct 5 – 11, 2025",1759622400,0,0.0
dining table,8,True,"Oct 12 – 18, 2025",1760227200,24,0.8462
made to order furniture,8,False,"Oct 12 – 18, 2025",1760227200,0,0.0
modular furniture,8,False,"Oct 12 – 18, 2025",1760227200,1,0.0353
built in furniture,8,False,"Oct 12 – 18, 2025",1760227200,0,0.0
dining table,8,True,"Oct 19 – 25, 2025",1760832000,24,0.8462
made to order furniture,8,False,"Oct 19 – 25, 2025",1760832000,0,0.0
modular furniture,8,False,"Oct 19 – 25, 2025",1760832000,1,0.0353
built in furniture,8,False,"Oct 19 – 25, 2025",1760832000,0,0.0
dining table,8,True,"Oct 26 – Nov 1, 2025",1761436800,25,0.8814
made to order furniture,8,False,"Oct 26 – Nov 1, 2025",1761436800,0,0.0
modular furniture,8,False,"Oct 26 – Nov 1, 2025",1761436800,1,0.0353
built in furniture,8,False,"Oct 26 – Nov 1, 2025",1761436800,0,0.0
dining table,8,True,"Nov 2 – 8, 2025",1762041600,29,1.0225
made to order furniture,8,False,"Nov 2 – 8, 2025",1762041600,0,0.0
modular furniture,8,False,"Nov 2 – 8, 2025",1762041600,1,0.0353
built in furniture,8,False,"Nov 2 – 8, 2025",1762041600,0,0.0
dining table,8,True,"Nov 9 – 15, 2025",1762646400,31,1.093
made to order furniture,8,False,"Nov 9 – 15, 2025",1762646400,0,0.0
modular furniture,8,False,"Nov 9 – 15, 2025",1762646400,1,0.0353
built in furniture,8,False,"Nov 9 – 15, 2025",1762646400,0,0.0
dining table,8,True,"Nov 16 – 22, 2025",1763251200,29,1.0225
made to order furniture,8,False,"Nov 16 – 22, 2025",1763251200,0,0.0
modular furniture,8,False,"Nov 16 – 22, 2025",1763251200,1,0.0353
built in furniture,8,False,"Nov 16 – 22, 2025",1763251200,0,0.0
dining table,8,True,"Nov 23 – 29, 2025",1763856000,34,1.1988
made to order furniture,8,False,"Nov 23 – 29, 2025",1763856000,0,0.0
modular furniture,8,False,"Nov 23 – 29, 2025",1763856000,1,0.0353
built in furniture,8,False,"Nov 23 – 29, 2025",1763856000,0,0.0
dining table,8,True,"Nov 30 – Dec 6, 2025",1764460800,26,0.9167
made to order furniture,8,False,"Nov 30 – Dec 6, 2025",1764460800,0,0.0
modular furniture,8,False,"Nov 30 – Dec 6, 2025",1764460800,1,0.0353
built in furniture,8,False,"Nov 30 – Dec 6, 2025",1764460800,0,0.0
dining table,8,True,"Dec 7 – 13, 2025",1765065600,23,0.8109
made to order furniture,8,False,"Dec 7 – 13, 2025",1765065600,0,0.0
modular furniture,8,False,"Dec 7 – 13, 2025",1765065600,1,0.0353
built in furniture,8,False,"Dec 7 – 13, 2025",1765065600,0,0.0
dining table,8,True,"Dec 14 – 20, 2025",1765670400,20,0.7052
made to order furniture,8,False,"Dec 14 – 20, 2025",1765670400,0,0.0
modular furniture,8,False,"Dec 14 – 20, 2025",1765670400,1,0.0353
built in furniture,8,False,"Dec 14 – 20, 2025",1765670400,0,0.0
dining table,8,True,"Dec 21 – 27, 2025",1766275200,23,0.8109
made to order furniture,8,False,"Dec 21 – 27, 2025",1766275200,0,0.0
modular furniture,8,False,"Dec 21 – 27, 2025",1766275200,1,0.0353
built in furniture,8,False,"Dec 21 – 27, 2025",1766275200,0,0.0
dining table,8,True,"Dec 28, 2025 – Jan 3, 2026",1766880000,31,1.093
made to order furniture,8,False,"Dec 28, 2025 – Jan 3, 2026",1766880000,0,0.0
modular furniture,8,False,"Dec 28, 2025 – Jan 3, 2026",1766880000,1,0.0353
built in furniture,8,False,"Dec 28, 2025 – Jan 3, 2026",1766880000,0,0.0
dining table,8,True,"Jan 4 – 10, 2026",1767484800,26,0.9167
made to order furniture,8,False,"Jan 4 – 10, 2026",1767484800,0,0.0
modular furniture,8,False,"Jan 4 – 10, 2026",1767484800,1,0.0353
built in furniture,8,False,"Jan 4 – 10, 2026",1767484800,0,0.0
dining table,8,True,"Jan 11 – 17, 2026",1768089600,25,0.8814
made to order furniture,8,False,"Jan 11 – 17, 2026",1768089600,0,0.0
modular furniture,8,False,"Jan 11 – 17, 2026",1768089600,1,0.0353
built in furniture,8,False,"Jan 11 – 17, 2026",1768089600,0,0.0
dining table,8,True,"Jan 18 – 24, 2026",1768694400,25,0.8814
made to order furniture,8,False,"Jan 18 – 24, 2026",1768694400,0,0.0
modular furniture,8,False,"Jan 18 – 24, 2026",1768694400,1,0.0353
built in furniture,8,False,"Jan 18 – 24, 2026",1768694400,0,0.0
dining table,8,True,"Jan 25 – 31, 2026",1769299200,24,0.8462
made to order furniture,8,False,"Jan 25 – 31, 2026",1769299200,0,0.0
modular furniture,8,False,"Jan 25 – 31, 2026",1769299200,1,0.0353
built in furniture,8,False,"Jan 25 – 31, 2026",1769299200,0,0.0
dining table,8,True,"Feb 1 – 7, 2026",1769904000,25,0.8814
made to order furniture,8,False,"Feb 1 – 7, 2026",1769904000,0,0.0
modular furniture,8,False,"Feb 1 – 7, 2026",1769904000,1,0.0353
built in furniture,8,False,"Feb 1 – 7, 2026",1769904000,0,0.0
dining table,8,True,"Feb 8 – 14, 2026",1770508800,32,1.1282
made to order furniture,8,False,"Feb 8 – 14, 2026",1770508800,0,0.0
modular furniture,8,False,"Feb 8 – 14, 2026",1770508800,1,0.0353
built in furniture,8,False,"Feb 8 – 14, 2026",1770508800,0,0.0
dining table,8,True,"Feb 15 – 21, 2026",1771113600,35,1.234
made to order furniture,8,False,"Feb 15 – 21, 2026",1771113600,0,0.0
modular furniture,8,False,"Feb 15 – 21, 2026",1771113600,1,0.0353
built in furniture,8,False,"Feb 15 – 21, 2026",1771113600,0,0.0
dining table,8,True,"Feb 22 – 28, 2026",1771718400,30,1.0577
made to order furniture,8,False,"Feb 22 – 28, 2026",1771718400,0,0.0
modular furniture,8,False,"Feb 22 – 28, 2026",1771718400,1,0.0353
built in furniture,8,False,"Feb 22 – 28, 2026",1771718400,0,0.0
dining table,8,True,"Mar 1 – 7, 2026",1772323200,27,0.952
made to order furniture,8,False,"Mar 1 – 7, 2026",1772323200,0,0.0
modular furniture,8,False,"Mar 1 – 7, 2026",1772323200,1,0.0353
built in furniture,8,False,"Mar 1 – 7, 2026",1772323200,0,0.0
dining table,8,True,"Mar 8 – 14, 2026",1772928000,28,0.9872
made to order furniture,8,False,"Mar 8 – 14, 2026",1772928000,0,0.0
modular furniture,8,False,"Mar 8 – 14, 2026",1772928000,1,0.0353
built in furniture,8,False,"Mar 8 – 14, 2026",1772928000,0,0.0
dining table,8,True,"Mar 15 – 21, 2026",1773532800,30,1.0577
made to order furniture,8,False,"Mar 15 – 21, 2026",1773532800,0,0.0
modular furniture,8,False,"Mar 15 – 21, 2026",1773532800,1,0.0353
built in furniture,8,False,"Mar 15 – 21, 2026",1773532800,0,0.0
dining table,8,True,"Mar 22 – 28, 2026",1774137600,45,1.5866
made to order furniture,8,False,"Mar 22 – 28, 2026",1774137600,0,0.0
modular furniture,8,False,"Mar 22 – 28, 2026",1774137600,2,0.0705
built in furniture,8,False,"Mar 22 – 28, 2026",1774137600,0,0.0
dining table,8,True,"Mar 29 – Apr 4, 2026",1774742400,75,2.6443
made to order furniture,8,False,"Mar 29 – Apr 4, 2026",1774742400,0,0.0
modular furniture,8,False,"Mar 29 – Apr 4, 2026",1774742400,3,0.1058
built in furniture,8,False,"Mar 29 – Apr 4, 2026",1774742400,1,0.0353
dining table,8,True,"Apr 5 – 11, 2026",1775347200,96,3.3847
made to order furniture,8,False,"Apr 5 – 11, 2026",1775347200,0,0.0
modular furniture,8,False,"Apr 5 – 11, 2026",1775347200,5,0.1763
built in furniture,8,False,"Apr 5 – 11, 2026",1775347200,1,0.0353
dining table,8,True,"Apr 12 – 18, 2026",1775952000,100,3.5258
made to order furniture,8,False,"Apr 12 – 18, 2026",1775952000,0,0.0
modular furniture,8,False,"Apr 12 – 18, 2026",1775952000,6,0.2115
built in furniture,8,False,"Apr 12 – 18, 2026",1775952000,1,0.0353
dining table,8,True,"Apr 19 – 25, 2026",1776556800,89,3.1379
made to order furniture,8,False,"Apr 19 – 25, 2026",1776556800,0,0.0
modular furniture,8,False,"Apr 19 – 25, 2026",1776556800,4,0.141
built in furniture,8,False,"Apr 19 – 25, 2026",1776556800,1,0.0353
dining table,8,True,"Apr 26 – May 2, 2026",1777161600,65,2.2918
made to order furniture,8,False,"Apr 26 – May 2, 2026",1777161600,0,0.0
modular furniture,8,False,"Apr 26 – May 2, 2026",1777161600,3,0.1058
built in furniture,8,False,"Apr 26 – May 2, 2026",1777161600,1,0.0353
dining table,8,True,"May 3 – 9, 2026",1777766400,72,2.5386
made to order furniture,8,False,"May 3 – 9, 2026",1777766400,0,0.0
modular furniture,8,False,"May 3 – 9, 2026",1777766400,3,0.1058
built in furniture,8,False,"May 3 – 9, 2026",1777766400,1,0.0353
dining table,8,True,"May 10 – 16, 2026",1778371200,82,2.8911
made to order furniture,8,False,"May 10 – 16, 2026",1778371200,0,0.0
modular furniture,8,False,"May 10 – 16, 2026",1778371200,4,0.141
built in furniture,8,False,"May 10 – 16, 2026",1778371200,1,0.0353
dining table,8,True,"May 17 – 23, 2026",1778976000,77,2.7148
made to order furniture,8,False,"May 17 – 23, 2026",1778976000,0,0.0
modular furniture,8,False,"May 17 – 23, 2026",1778976000,5,0.1763
built in furniture,8,False,"May 17 – 23, 2026",1778976000,1,0.0353
dining table,8,True,"May 24 – 30, 2026",1779580800,55,1.9392
made to order furniture,8,False,"May 24 – 30, 2026",1779580800,0,0.0
modular furniture,8,False,"May 24 – 30, 2026",1779580800,3,0.1058
built in furniture,8,False,"May 24 – 30, 2026",1779580800,1,0.0353
dining table,8,True,"May 31 – Jun 6, 2026",1780185600,52,1.8334
made to order furniture,8,False,"May 31 – Jun 6, 2026",1780185600,0,0.0
modular furniture,8,False,"May 31 – Jun 6, 2026",1780185600,3,0.1058
built in furniture,8,False,"May 31 – Jun 6, 2026",1780185600,0,0.0
dining table,8,True,"Jun 7 – 13, 2026",1780790400,60,2.1155
made to order furniture,8,False,"Jun 7 – 13, 2026",1780790400,0,0.0
modular furniture,8,False,"Jun 7 – 13, 2026",1780790400,4,0.141
built in furniture,8,False,"Jun 7 – 13, 2026",1780790400,1,0.0353
dining table,8,True,"Jun 14 – 20, 2026",1781395200,54,1.9039
made to order furniture,8,False,"Jun 14 – 20, 2026",1781395200,0,0.0
modular furniture,8,False,"Jun 14 – 20, 2026",1781395200,3,0.1058
built in furniture,8,False,"Jun 14 – 20, 2026",1781395200,1,0.0353
dining table,8,True,"Jun 21 – 27, 2026",1782000000,54,1.9039
made to order furniture,8,False,"Jun 21 – 27, 2026",1782000000,0,0.0
modular furniture,8,False,"Jun 21 – 27, 2026",1782000000,3,0.1058
built in furniture,8,False,"Jun 21 – 27, 2026",1782000000,1,0.0353
dining table,8,True,"Jun 28 – Jul 4, 2026",1782604800,34,1.1988
made to order furniture,8,False,"Jun 28 – Jul 4, 2026",1782604800,0,0.0
modular furniture,8,False,"Jun 28 – Jul 4, 2026",1782604800,1,0.0353
built in furniture,8,False,"Jun 28 – Jul 4, 2026",1782604800,0,0.0
dining table,8,True,"Jul 5 – 11, 2026",1783209600,33,1.1635
made to order furniture,8,False,"Jul 5 – 11, 2026",1783209600,0,0.0
modular furniture,8,False,"Jul 5 – 11, 2026",1783209600,1,0.0353
built in furniture,8,False,"Jul 5 – 11, 2026",1783209600,0,0.0
dining table,8,True,"Jul 12 – 18, 2026",1783814400,27,0.952
made to order furniture,8,False,"Jul 12 – 18, 2026",1783814400,0,0.0
modular furniture,8,False,"Jul 12 – 18, 2026",1783814400,1,0.0353
built in furniture,8,False,"Jul 12 – 18, 2026",1783814400,0,0.0
dining table,8,True,"Jul 19 – 25, 2026",1784419200,26,0.9167
made to order furniture,8,False,"Jul 19 – 25, 2026",1784419200,0,0.0
modular furniture,8,False,"Jul 19 – 25, 2026",1784419200,1,0.0353
built in furniture,8,False,"Jul 19 – 25, 2026",1784419200,0,0.0
dining table,8,True,"Jul 26 – Aug 1, 2026",1785024000,28,0.9872
made to order furniture,8,False,"Jul 26 – Aug 1, 2026",1785024000,0,0.0
modular furniture,8,False,"Jul 26 – Aug 1, 2026",1785024000,1,0.0353
built in furniture,8,False,"Jul 26 – Aug 1, 2026",1785024000,0,0.0
dining table,8,True,"Aug 2 – 8, 2026",1785628800,26,0.9167
made to order furniture,8,False,"Aug 2 – 8, 2026",1785628800,0,0.0
modular furniture,8,False,"Aug 2 – 8, 2026",1785628800,1,0.0353
built in furniture,8,False,"Aug 2 – 8, 2026",1785628800,0,0.0
dining table,8,True,"Aug 9 – 15, 2026",1786233600,28,0.9872
made to order furniture,8,False,"Aug 9 – 15, 2026",1786233600,0,0.0
modular furniture,8,False,"Aug 9 – 15, 2026",1786233600,1,0.0353
built in furniture,8,False,"Aug 9 – 15, 2026",1786233600,0,0.0
dining table,8,True,"Aug 16 – 22, 2026",1786838400,28,0.9872
made to order furniture,8,False,"Aug 16 – 22, 2026",1786838400,0,0.0
modular furniture,8,False,"Aug 16 – 22, 2026",1786838400,1,0.0353
built in furniture,8,False,"Aug 16 – 22, 2026",1786838400,0,0.0
dining table,8,True,"Aug 23 – 29, 2026",1787443200,26,0.9167
made to order furniture,8,False,"Aug 23 – 29, 2026",1787443200,0,0.0
modular furniture,8,False,"Aug 23 – 29, 2026",1787443200,1,0.0353
built in furniture,8,False,"Aug 23 – 29, 2026",1787443200,0,0.0
